"Country","NUTS1_ID","NUTS2 code+name","NUTS2_ID","NUTS2_name","Fund","Year","Programming_Period","EU_Payment_annual","Modelled_annual_expenditure","Standard_Deviation_of_annual_expenditure","Standard_Error_of_modelled_annual_expenditure"
"DE","DE1","DE11 Stuttgart","DE11","Stuttgart","ERDF","2007","2007-2013","1,017,013","1,747,638","64,295","2,033"
"DE","DE1","DE11 Stuttgart","DE11","Stuttgart","ERDF","2008","2007-2013","1,525,519","1,403,749","10,715","338"
"DE","DE1","DE11 Stuttgart","DE11","Stuttgart","ERDF","2009","2007-2013","1,271,266","2,587,224","555,796","17,575"
"DE","DE1","DE11 Stuttgart","DE11","Stuttgart","ERDF","2010","2007-2013","3,453,592","3,741,652","990,754","31,330"
"DE","DE1","DE11 Stuttgart","DE11","Stuttgart","ERDF","2011","2007-2013","2,385,830","5,872,090","796,818","25,197"
"DE","DE1","DE11 Stuttgart","DE11","Stuttgart","ERDF","2012","2007-2013","8,297,210","8,979,739","514,255","16,262"
"DE","DE1","DE11 Stuttgart","DE11","Stuttgart","ERDF","2013","2007-2013","8,624,592","8,888,822","446,060","14,105"
"DE","DE1","DE11 Stuttgart","DE11","Stuttgart","ERDF","2014","2007-2013","8,448,906","9,382,990","1,362,777","43,094"
"DE","DE1","DE11 Stuttgart","DE11","Stuttgart","ERDF","2015","2007-2013","12,368,627","8,246,755","667,044","21,093"
"DE","DE1","DE11 Stuttgart","DE11","Stuttgart","ERDF","2016","2007-2013","915,571","0","0","0"
"DE","DE1","DE11 Stuttgart","DE11","Stuttgart","ERDF","2017","2007-2013","2,542,533","0","0","0"
"DE","DE1","DE11 Stuttgart","DE11","Stuttgart","ESF","2007","2007-2013","3,271,562","4,337,556","234,302","7,409"
"DE","DE1","DE11 Stuttgart","DE11","Stuttgart","ESF","2008","2007-2013","4,907,343","9,489,344","1,007,112","31,847"
"DE","DE1","DE11 Stuttgart","DE11","Stuttgart","ESF","2009","2007-2013","26,000,763","25,423,956","126,780","4,009"
"DE","DE1","DE11 Stuttgart","DE11","Stuttgart","ESF","2010","2007-2013","23,345,411","20,255,847","679,078","21,474"
"DE","DE1","DE11 Stuttgart","DE11","Stuttgart","ESF","2011","2007-2013","9,122,483","12,095,995","653,570","20,667"
"DE","DE1","DE11 Stuttgart","DE11","Stuttgart","ESF","2012","2007-2013","22,811,166","29,099,637","1,382,190","43,708"
"DE","DE1","DE11 Stuttgart","DE11","Stuttgart","ESF","2013","2007-2013","51,760,391","43,044,347","1,915,765","60,581"
"DE","DE1","DE11 Stuttgart","DE11","Stuttgart","ESF","2014","2007-2013","11,635,734","10,954,713","149,686","4,733"
"DE","DE1","DE11 Stuttgart","DE11","Stuttgart","ESF","2015","2007-2013","0","6,654,085","405,865","12,834"
"DE","DE1","DE11 Stuttgart","DE11","Stuttgart","ESF","2017","2007-2013","4,284,410","0","0","0"
"DE","DE1","DE11 Stuttgart","DE11","Stuttgart","ESF","2020","2007-2013","4,216,216","0","0","0"
"DE","DE1","DE12 Karlsruhe","DE12","Karlsruhe","ERDF","2007","2007-2013","655,190","1,125,880","41,421","1,309"
"DE","DE1","DE12 Karlsruhe","DE12","Karlsruhe","ERDF","2008","2007-2013","982,785","904,337","6,903","218"
"DE","DE1","DE12 Karlsruhe","DE12","Karlsruhe","ERDF","2009","2007-2013","818,988","1,666,767","358,060","11,322"
"DE","DE1","DE12 Karlsruhe","DE12","Karlsruhe","ERDF","2010","2007-2013","2,224,907","2,410,484","638,273","20,183"
"DE","DE1","DE12 Karlsruhe","DE12","Karlsruhe","ERDF","2011","2007-2013","1,537,023","3,782,976","513,334","16,233"
"DE","DE1","DE12 Karlsruhe","DE12","Karlsruhe","ERDF","2012","2007-2013","5,345,311","5,785,016","331,298","10,476"
"DE","DE1","DE12 Karlsruhe","DE12","Karlsruhe","ERDF","2013","2007-2013","5,556,220","5,726,445","287,365","9,087"
"DE","DE1","DE12 Karlsruhe","DE12","Karlsruhe","ERDF","2014","2007-2013","5,443,038","6,044,803","877,941","27,762"
"DE","DE1","DE12 Karlsruhe","DE12","Karlsruhe","ERDF","2015","2007-2013","7,968,240","5,312,806","429,729","13,589"
"DE","DE1","DE12 Karlsruhe","DE12","Karlsruhe","ERDF","2016","2007-2013","589,838","0","0","0"
"DE","DE1","DE12 Karlsruhe","DE12","Karlsruhe","ERDF","2017","2007-2013","1,637,976","0","0","0"
"DE","DE1","DE12 Karlsruhe","DE12","Karlsruhe","ESF","2007","2007-2013","2,780,013","3,680,976","199,445","6,307"
"DE","DE1","DE12 Karlsruhe","DE12","Karlsruhe","ESF","2008","2007-2013","4,170,019","8,070,626","863,473","27,305"
"DE","DE1","DE12 Karlsruhe","DE12","Karlsruhe","ESF","2009","2007-2013","22,223,591","21,716,566","112,239","3,549"
"DE","DE1","DE12 Karlsruhe","DE12","Karlsruhe","ESF","2010","2007-2013","19,876,875","17,232,648","585,349","18,510"
"DE","DE1","DE12 Karlsruhe","DE12","Karlsruhe","ESF","2011","2007-2013","7,638,335","10,186,358","564,053","17,836"
"DE","DE1","DE12 Karlsruhe","DE12","Karlsruhe","ESF","2012","2007-2013","19,431,609","24,749,635","1,177,245","37,227"
"DE","DE1","DE12 Karlsruhe","DE12","Karlsruhe","ESF","2013","2007-2013","44,045,562","36,634,177","1,640,650","51,881"
"DE","DE1","DE12 Karlsruhe","DE12","Karlsruhe","ESF","2014","2007-2013","9,742,702","9,190,921","122,147","3,862"
"DE","DE1","DE12 Karlsruhe","DE12","Karlsruhe","ESF","2015","2007-2013","0","5,635,638","343,830","10,872"
"DE","DE1","DE12 Karlsruhe","DE12","Karlsruhe","ESF","2017","2007-2013","3,689,137","0","0","0"
"DE","DE1","DE12 Karlsruhe","DE12","Karlsruhe","ESF","2020","2007-2013","3,499,702","0","0","0"
"DE","DE1","DE13 Freiburg","DE13","Freiburg","ERDF","2007","2007-2013","597,615","1,026,943","37,781","1,194"
"DE","DE1","DE13 Freiburg","DE13","Freiburg","ERDF","2008","2007-2013","896,422","824,868","6,296","199"
"DE","DE1","DE13 Freiburg","DE13","Freiburg","ERDF","2009","2007-2013","747,018","1,520,299","326,596","10,327"
"DE","DE1","DE13 Freiburg","DE13","Freiburg","ERDF","2010","2007-2013","2,029,392","2,198,661","582,185","18,410"
"DE","DE1","DE13 Freiburg","DE13","Freiburg","ERDF","2011","2007-2013","1,401,956","3,450,545","468,224","14,806"
"DE","DE1","DE13 Freiburg","DE13","Freiburg","ERDF","2012","2007-2013","4,875,589","5,276,654","302,185","9,555"
"DE","DE1","DE13 Freiburg","DE13","Freiburg","ERDF","2013","2007-2013","5,067,963","5,223,230","262,113","8,288"
"DE","DE1","DE13 Freiburg","DE13","Freiburg","ERDF","2014","2007-2013","4,964,728","5,513,612","800,792","25,323"
"DE","DE1","DE13 Freiburg","DE13","Freiburg","ERDF","2015","2007-2013","7,268,026","4,845,940","391,967","12,395"
"DE","DE1","DE13 Freiburg","DE13","Freiburg","ERDF","2016","2007-2013","538,005","0","0","0"
"DE","DE1","DE13 Freiburg","DE13","Freiburg","ERDF","2017","2007-2013","1,494,037","0","0","0"
"DE","DE1","DE13 Freiburg","DE13","Freiburg","ESF","2007","2007-2013","2,021,459","2,675,817","145,079","4,587"
"DE","DE1","DE13 Freiburg","DE13","Freiburg","ESF","2008","2007-2013","3,032,188","5,869,559","629,080","19,893"
"DE","DE1","DE13 Freiburg","DE13","Freiburg","ESF","2009","2007-2013","16,180,089","15,808,766","82,326","2,603"
"DE","DE1","DE13 Freiburg","DE13","Freiburg","ESF","2010","2007-2013","14,459,442","12,533,776","426,944","13,501"
"DE","DE1","DE13 Freiburg","DE13","Freiburg","ESF","2011","2007-2013","5,536,227","7,392,319","411,518","13,013"
"DE","DE1","DE13 Freiburg","DE13","Freiburg","ESF","2012","2007-2013","14,137,046","17,999,951","856,454","27,083"
"DE","DE1","DE13 Freiburg","DE13","Freiburg","ESF","2013","2007-2013","32,037,099","26,647,255","1,194,995","37,789"
"DE","DE1","DE13 Freiburg","DE13","Freiburg","ESF","2014","2007-2013","7,061,462","6,664,464","88,019","2,783"
"DE","DE1","DE13 Freiburg","DE13","Freiburg","ESF","2015","2007-2013","0","4,094,943","249,846","7,900"
"DE","DE1","DE13 Freiburg","DE13","Freiburg","ESF","2017","2007-2013","2,690,166","0","0","0"
"DE","DE1","DE13 Freiburg","DE13","Freiburg","ESF","2020","2007-2013","2,531,670","0","0","0"
"DE","DE1","DE14 Tübingen","DE14","Tübingen","ERDF","2007","2007-2013","598,182","1,027,918","37,817","1,195"
"DE","DE1","DE14 Tübingen","DE14","Tübingen","ERDF","2008","2007-2013","897,273","825,651","6,302","199"
"DE","DE1","DE14 Tübingen","DE14","Tübingen","ERDF","2009","2007-2013","747,728","1,521,742","326,906","10,337"
"DE","DE1","DE14 Tübingen","DE14","Tübingen","ERDF","2010","2007-2013","2,031,319","2,200,749","582,738","18,427"
"DE","DE1","DE14 Tübingen","DE14","Tübingen","ERDF","2011","2007-2013","1,403,288","3,453,821","468,669","14,820"
"DE","DE1","DE14 Tübingen","DE14","Tübingen","ERDF","2012","2007-2013","4,880,218","5,281,665","302,472","9,565"
"DE","DE1","DE14 Tübingen","DE14","Tübingen","ERDF","2013","2007-2013","5,072,776","5,228,191","262,362","8,296"
"DE","DE1","DE14 Tübingen","DE14","Tübingen","ERDF","2014","2007-2013","4,969,442","5,518,848","801,552","25,347"
"DE","DE1","DE14 Tübingen","DE14","Tübingen","ERDF","2015","2007-2013","7,274,928","4,850,542","392,339","12,406"
"DE","DE1","DE14 Tübingen","DE14","Tübingen","ERDF","2016","2007-2013","538,516","0","0","0"
"DE","DE1","DE14 Tübingen","DE14","Tübingen","ERDF","2017","2007-2013","1,495,456","0","0","0"
"DE","DE1","DE14 Tübingen","DE14","Tübingen","ESF","2007","2007-2013","1,969,138","2,604,986","141,437","4,472"
"DE","DE1","DE14 Tübingen","DE14","Tübingen","ESF","2008","2007-2013","2,953,708","5,719,826","615,291","19,457"
"DE","DE1","DE14 Tübingen","DE14","Tübingen","ESF","2009","2007-2013","15,803,173","15,436,064","81,659","2,582"
"DE","DE1","DE14 Tübingen","DE14","Tübingen","ESF","2010","2007-2013","14,097,841","12,216,023","418,588","13,236"
"DE","DE1","DE14 Tübingen","DE14","Tübingen","ESF","2011","2007-2013","5,356,220","7,171,039","403,685","12,765"
"DE","DE1","DE14 Tübingen","DE14","Tübingen","ESF","2012","2007-2013","13,786,607","17,541,234","835,173","26,410"
"DE","DE1","DE14 Tübingen","DE14","Tübingen","ESF","2013","2007-2013","31,227,996","25,976,212","1,168,198","36,941"
"DE","DE1","DE14 Tübingen","DE14","Tübingen","ESF","2014","2007-2013","6,831,863","6,453,768","84,102","2,659"
"DE","DE1","DE14 Tübingen","DE14","Tübingen","ESF","2015","2007-2013","0","3,982,890","243,038","7,685"
"DE","DE1","DE14 Tübingen","DE14","Tübingen","ESF","2017","2007-2013","2,636,213","0","0","0"
"DE","DE1","DE14 Tübingen","DE14","Tübingen","ESF","2020","2007-2013","2,439,285","0","0","0"
"DE","DE2","DE21 Oberbayern","DE21","Oberbayern","ERDF","2007","2007-2013","867,418","1,500,035","72,054","2,278"
"DE","DE2","DE21 Oberbayern","DE21","Oberbayern","ERDF","2008","2007-2013","1,753,437","1,852,751","11,311","357"
"DE","DE2","DE21 Oberbayern","DE21","Oberbayern","ERDF","2009","2007-2013","2,028,709","2,973,928","107,660","3,404"
"DE","DE2","DE21 Oberbayern","DE21","Oberbayern","ERDF","2010","2007-2013","4,648,589","5,154,784","57,655","1,823"
"DE","DE2","DE21 Oberbayern","DE21","Oberbayern","ERDF","2011","2007-2013","6,051,618","5,966,879","571,278","18,065"
"DE","DE2","DE21 Oberbayern","DE21","Oberbayern","ERDF","2012","2007-2013","4,705,915","6,051,101","320,212","10,125"
"DE","DE2","DE21 Oberbayern","DE21","Oberbayern","ERDF","2013","2007-2013","7,674,783","7,131,645","245,392","7,759"
"DE","DE2","DE21 Oberbayern","DE21","Oberbayern","ERDF","2014","2007-2013","5,446,485","6,223,675","685,067","21,663"
"DE","DE2","DE21 Oberbayern","DE21","Oberbayern","ERDF","2015","2007-2013","8,025,404","6,516,103","418,905","13,246"
"DE","DE2","DE21 Oberbayern","DE21","Oberbayern","ERDF","2018","2007-2013","2,168,545","0","0","0"
"DE","DE2","DE21 Oberbayern","DE21","Oberbayern","ESF","2007","2007-2013","2,532,623","3,669,450","163,322","5,164"
"DE","DE2","DE21 Oberbayern","DE21","Oberbayern","ESF","2008","2007-2013","3,798,935","6,142,883","336,743","10,648"
"DE","DE2","DE21 Oberbayern","DE21","Oberbayern","ESF","2009","2007-2013","11,631,710","13,391,885","252,875","7,996"
"DE","DE2","DE21 Oberbayern","DE21","Oberbayern","ESF","2010","2007-2013","17,513,690","15,945,978","225,225","7,122"
"DE","DE2","DE21 Oberbayern","DE21","Oberbayern","ESF","2011","2007-2013","12,274,862","14,180,271","273,741","8,656"
"DE","DE2","DE21 Oberbayern","DE21","Oberbayern","ESF","2012","2007-2013","18,642,170","22,403,768","1,002,273","31,694"
"DE","DE2","DE21 Oberbayern","DE21","Oberbayern","ESF","2013","2007-2013","28,422,545","24,761,424","548,502","17,345"
"DE","DE2","DE21 Oberbayern","DE21","Oberbayern","ESF","2014","2007-2013","16,696,033","15,103,628","726,440","22,972"
"DE","DE2","DE21 Oberbayern","DE21","Oberbayern","ESF","2015","2007-2013","7,050,827","9,569,873","587,119","18,566"
"DE","DE2","DE21 Oberbayern","DE21","Oberbayern","ESF","2017","2007-2013","3,049,665","0","0","0"
"DE","DE2","DE21 Oberbayern","DE21","Oberbayern","ESF","2020","2007-2013","3,556,096","0","0","0"
"DE","DE2","DE22 Niederbayern","DE22","Niederbayern","ERDF","2007","2007-2013","2,373,851","4,105,128","197,191","6,235"
"DE","DE2","DE22 Niederbayern","DE22","Niederbayern","ERDF","2008","2007-2013","4,798,608","5,070,401","30,957","978"
"DE","DE2","DE22 Niederbayern","DE22","Niederbayern","ERDF","2009","2007-2013","5,551,942","8,138,712","294,631","9,317"
"DE","DE2","DE22 Niederbayern","DE22","Niederbayern","ERDF","2010","2007-2013","12,721,736","14,107,032","157,784","4,989"
"DE","DE2","DE22 Niederbayern","DE22","Niederbayern","ERDF","2011","2007-2013","16,561,387","16,329,481","1,563,409","49,439"
"DE","DE2","DE22 Niederbayern","DE22","Niederbayern","ERDF","2012","2007-2013","12,878,618","16,559,971","876,320","27,711"
"DE","DE2","DE22 Niederbayern","DE22","Niederbayern","ERDF","2013","2007-2013","21,003,480","19,517,082","671,563","21,236"
"DE","DE2","DE22 Niederbayern","DE22","Niederbayern","ERDF","2014","2007-2013","14,905,327","17,032,254","1,874,815","59,286"
"DE","DE2","DE22 Niederbayern","DE22","Niederbayern","ERDF","2015","2007-2013","21,963,022","17,832,537","1,146,412","36,252"
"DE","DE2","DE22 Niederbayern","DE22","Niederbayern","ERDF","2018","2007-2013","5,934,630","0","0","0"
"DE","DE2","DE22 Niederbayern","DE22","Niederbayern","ESF","2007","2007-2013","1,516,862","2,195,185","97,930","3,096"
"DE","DE2","DE22 Niederbayern","DE22","Niederbayern","ESF","2008","2007-2013","2,275,293","3,670,935","201,490","6,371"
"DE","DE2","DE22 Niederbayern","DE22","Niederbayern","ESF","2009","2007-2013","6,956,679","7,992,657","149,565","4,729"
"DE","DE2","DE22 Niederbayern","DE22","Niederbayern","ESF","2010","2007-2013","10,431,650","9,534,269","129,555","4,096"
"DE","DE2","DE22 Niederbayern","DE22","Niederbayern","ESF","2011","2007-2013","7,421,575","8,503,046","156,132","4,937"
"DE","DE2","DE22 Niederbayern","DE22","Niederbayern","ESF","2012","2007-2013","11,049,141","13,391,480","609,286","19,267"
"DE","DE2","DE22 Niederbayern","DE22","Niederbayern","ESF","2013","2007-2013","17,225,016","14,983,256","341,229","10,790"
"DE","DE2","DE22 Niederbayern","DE22","Niederbayern","ESF","2014","2007-2013","10,060,390","9,031,851","426,013","13,471"
"DE","DE2","DE22 Niederbayern","DE22","Niederbayern","ESF","2015","2007-2013","4,030,406","5,570,422","341,592","10,802"
"DE","DE2","DE22 Niederbayern","DE22","Niederbayern","ESF","2017","2007-2013","1,743,255","0","0","0"
"DE","DE2","DE22 Niederbayern","DE22","Niederbayern","ESF","2020","2007-2013","2,162,834","0","0","0"
"DE","DE2","DE23 Oberpfalz","DE23","Oberpfalz","ERDF","2007","2007-2013","3,226,964","5,580,424","268,058","8,476"
"DE","DE2","DE23 Oberpfalz","DE23","Oberpfalz","ERDF","2008","2007-2013","6,523,126","6,892,596","42,082","1,330"
"DE","DE2","DE23 Oberpfalz","DE23","Oberpfalz","ERDF","2009","2007-2013","7,547,194","11,063,593","400,516","12,665"
"DE","DE2","DE23 Oberpfalz","DE23","Oberpfalz","ERDF","2010","2007-2013","17,293,660","19,176,802","214,489","6,782"
"DE","DE2","DE23 Oberpfalz","DE23","Oberpfalz","ERDF","2011","2007-2013","22,513,198","22,197,950","2,125,265","67,206"
"DE","DE2","DE23 Oberpfalz","DE23","Oberpfalz","ERDF","2012","2007-2013","17,506,920","22,511,273","1,191,251","37,670"
"DE","DE2","DE23 Oberpfalz","DE23","Oberpfalz","ERDF","2013","2007-2013","28,551,684","26,531,107","912,908","28,868"
"DE","DE2","DE23 Oberpfalz","DE23","Oberpfalz","ERDF","2014","2007-2013","20,261,986","23,153,285","2,548,584","80,593"
"DE","DE2","DE23 Oberpfalz","DE23","Oberpfalz","ERDF","2015","2007-2013","29,856,064","24,241,171","1,558,408","49,281"
"DE","DE2","DE23 Oberpfalz","DE23","Oberpfalz","ERDF","2018","2007-2013","8,067,410","0","0","0"
"DE","DE2","DE23 Oberpfalz","DE23","Oberpfalz","ESF","2007","2007-2013","1,495,170","2,163,574","96,539","3,052"
"DE","DE2","DE23 Oberpfalz","DE23","Oberpfalz","ESF","2008","2007-2013","2,242,755","3,617,734","198,591","6,280"
"DE","DE2","DE23 Oberpfalz","DE23","Oberpfalz","ESF","2009","2007-2013","6,856,347","7,875,947","147,263","4,656"
"DE","DE2","DE23 Oberpfalz","DE23","Oberpfalz","ESF","2010","2007-2013","10,277,507","9,396,518","127,243","4,023"
"DE","DE2","DE23 Oberpfalz","DE23","Oberpfalz","ESF","2011","2007-2013","7,321,443","8,382,335","153,227","4,845"
"DE","DE2","DE23 Oberpfalz","DE23","Oberpfalz","ESF","2012","2007-2013","10,881,150","13,197,641","601,356","19,016"
"DE","DE2","DE23 Oberpfalz","DE23","Oberpfalz","ESF","2013","2007-2013","16,996,047","14,782,154","337,460","10,671"
"DE","DE2","DE23 Oberpfalz","DE23","Oberpfalz","ESF","2014","2007-2013","9,921,736","8,901,505","419,171","13,255"
"DE","DE2","DE23 Oberpfalz","DE23","Oberpfalz","ESF","2015","2007-2013","3,956,225","5,476,882","335,842","10,620"
"DE","DE2","DE23 Oberpfalz","DE23","Oberpfalz","ESF","2017","2007-2013","1,711,170","0","0","0"
"DE","DE2","DE23 Oberpfalz","DE23","Oberpfalz","ESF","2020","2007-2013","2,134,739","0","0","0"
"DE","DE2","DE24 Oberfranken","DE24","Oberfranken","ERDF","2007","2007-2013","2,407,071","4,162,575","199,951","6,323"
"DE","DE2","DE24 Oberfranken","DE24","Oberfranken","ERDF","2008","2007-2013","4,865,759","5,141,356","31,390","992"
"DE","DE2","DE24 Oberfranken","DE24","Oberfranken","ERDF","2009","2007-2013","5,629,637","8,252,605","298,754","9,447"
"DE","DE2","DE24 Oberfranken","DE24","Oberfranken","ERDF","2010","2007-2013","12,899,764","14,304,446","159,992","5,059"
"DE","DE2","DE24 Oberfranken","DE24","Oberfranken","ERDF","2011","2007-2013","16,793,146","16,557,995","1,585,287","50,131"
"DE","DE2","DE24 Oberfranken","DE24","Oberfranken","ERDF","2012","2007-2013","13,058,840","16,791,710","888,583","28,099"
"DE","DE2","DE24 Oberfranken","DE24","Oberfranken","ERDF","2013","2007-2013","21,297,402","19,790,204","680,960","21,533"
"DE","DE2","DE24 Oberfranken","DE24","Oberfranken","ERDF","2014","2007-2013","15,113,911","17,270,602","1,901,051","60,116"
"DE","DE2","DE24 Oberfranken","DE24","Oberfranken","ERDF","2015","2007-2013","22,270,370","18,082,084","1,162,454","36,760"
"DE","DE2","DE24 Oberfranken","DE24","Oberfranken","ERDF","2018","2007-2013","6,017,679","0","0","0"
"DE","DE2","DE24 Oberfranken","DE24","Oberfranken","ESF","2007","2007-2013","2,181,192","3,156,515","140,823","4,453"
"DE","DE2","DE24 Oberfranken","DE24","Oberfranken","ESF","2008","2007-2013","3,271,788","5,278,408","289,729","9,162"
"DE","DE2","DE24 Oberfranken","DE24","Oberfranken","ESF","2009","2007-2013","10,003,136","11,492,254","215,008","6,799"
"DE","DE2","DE24 Oberfranken","DE24","Oberfranken","ESF","2010","2007-2013","14,998,487","13,709,409","186,125","5,885"
"DE","DE2","DE24 Oberfranken","DE24","Oberfranken","ESF","2011","2007-2013","10,674,186","12,227,400","224,263","7,091"
"DE","DE2","DE24 Oberfranken","DE24","Oberfranken","ESF","2012","2007-2013","15,884,551","19,255,594","876,422","27,714"
"DE","DE2","DE24 Oberfranken","DE24","Oberfranken","ESF","2013","2007-2013","24,775,399","21,550,271","491,087","15,529"
"DE","DE2","DE24 Oberfranken","DE24","Oberfranken","ESF","2014","2007-2013","14,468,412","12,987,031","612,312","19,363"
"DE","DE2","DE24 Oberfranken","DE24","Oberfranken","ESF","2015","2007-2013","5,789,427","8,004,905","490,875","15,522"
"DE","DE2","DE24 Oberfranken","DE24","Oberfranken","ESF","2017","2007-2013","2,504,077","0","0","0"
"DE","DE2","DE24 Oberfranken","DE24","Oberfranken","ESF","2020","2007-2013","3,111,130","0","0","0"
"DE","DE2","DE25 Mittelfranken","DE25","Mittelfranken","ERDF","2007","2007-2013","876,007","1,514,890","72,768","2,301"
"DE","DE2","DE25 Mittelfranken","DE25","Mittelfranken","ERDF","2008","2007-2013","1,770,800","1,871,098","11,423","361"
"DE","DE2","DE25 Mittelfranken","DE25","Mittelfranken","ERDF","2009","2007-2013","2,048,799","3,003,378","108,726","3,438"
"DE","DE2","DE25 Mittelfranken","DE25","Mittelfranken","ERDF","2010","2007-2013","4,694,623","5,205,831","58,226","1,841"
"DE","DE2","DE25 Mittelfranken","DE25","Mittelfranken","ERDF","2011","2007-2013","6,111,546","6,025,967","576,935","18,244"
"DE","DE2","DE25 Mittelfranken","DE25","Mittelfranken","ERDF","2012","2007-2013","4,752,517","6,111,024","323,383","10,226"
"DE","DE2","DE25 Mittelfranken","DE25","Mittelfranken","ERDF","2013","2007-2013","7,750,784","7,202,268","247,822","7,836"
"DE","DE2","DE25 Mittelfranken","DE25","Mittelfranken","ERDF","2014","2007-2013","5,500,420","6,285,307","691,851","21,878"
"DE","DE2","DE25 Mittelfranken","DE25","Mittelfranken","ERDF","2015","2007-2013","8,104,877","6,580,630","423,053","13,378"
"DE","DE2","DE25 Mittelfranken","DE25","Mittelfranken","ERDF","2018","2007-2013","2,190,019","0","0","0"
"DE","DE2","DE25 Mittelfranken","DE25","Mittelfranken","ESF","2007","2007-2013","2,180,431","3,156,680","140,718","4,449"
"DE","DE2","DE25 Mittelfranken","DE25","Mittelfranken","ESF","2008","2007-2013","3,270,647","5,280,635","289,724","9,161"
"DE","DE2","DE25 Mittelfranken","DE25","Mittelfranken","ESF","2009","2007-2013","10,004,545","11,502,161","215,870","6,826"
"DE","DE2","DE25 Mittelfranken","DE25","Mittelfranken","ESF","2010","2007-2013","15,021,885","13,712,718","188,706","5,967"
"DE","DE2","DE25 Mittelfranken","DE25","Mittelfranken","ESF","2011","2007-2013","10,635,890","12,218,076","228,060","7,211"
"DE","DE2","DE25 Mittelfranken","DE25","Mittelfranken","ESF","2012","2007-2013","15,936,559","19,262,275","871,624","27,563"
"DE","DE2","DE25 Mittelfranken","DE25","Mittelfranken","ESF","2013","2007-2013","24,666,746","21,466,937","484,551","15,322"
"DE","DE2","DE25 Mittelfranken","DE25","Mittelfranken","ESF","2014","2007-2013","14,433,327","12,989,405","616,481","19,494"
"DE","DE2","DE25 Mittelfranken","DE25","Mittelfranken","ESF","2015","2007-2013","5,882,767","8,082,067","495,685","15,674"
"DE","DE2","DE25 Mittelfranken","DE25","Mittelfranken","ESF","2017","2007-2013","2,544,449","0","0","0"
"DE","DE2","DE25 Mittelfranken","DE25","Mittelfranken","ESF","2020","2007-2013","3,093,708","0","0","0"
"DE","DE2","DE26 Unterfranken","DE26","Unterfranken","ERDF","2007","2007-2013","1,081,928","1,870,991","89,873","2,842"
"DE","DE2","DE26 Unterfranken","DE26","Unterfranken","ERDF","2008","2007-2013","2,187,058","2,310,933","14,109","446"
"DE","DE2","DE26 Unterfranken","DE26","Unterfranken","ERDF","2009","2007-2013","2,530,404","3,709,374","134,284","4,246"
"DE","DE2","DE26 Unterfranken","DE26","Unterfranken","ERDF","2010","2007-2013","5,798,176","6,429,551","71,913","2,274"
"DE","DE2","DE26 Unterfranken","DE26","Unterfranken","ERDF","2011","2007-2013","7,548,171","7,442,475","712,553","22,532"
"DE","DE2","DE26 Unterfranken","DE26","Unterfranken","ERDF","2012","2007-2013","5,869,677","7,547,525","399,399","12,630"
"DE","DE2","DE26 Unterfranken","DE26","Unterfranken","ERDF","2013","2007-2013","9,572,740","8,895,285","306,077","9,679"
"DE","DE2","DE26 Unterfranken","DE26","Unterfranken","ERDF","2014","2007-2013","6,793,389","7,762,776","854,483","27,021"
"DE","DE2","DE26 Unterfranken","DE26","Unterfranken","ERDF","2015","2007-2013","10,010,068","8,127,520","522,499","16,522"
"DE","DE2","DE26 Unterfranken","DE26","Unterfranken","ERDF","2018","2007-2013","2,704,821","0","0","0"
"DE","DE2","DE26 Unterfranken","DE26","Unterfranken","ESF","2007","2007-2013","1,678,102","2,429,278","108,307","3,424"
"DE","DE2","DE26 Unterfranken","DE26","Unterfranken","ESF","2008","2007-2013","2,517,153","4,063,551","222,965","7,050"
"DE","DE2","DE26 Unterfranken","DE26","Unterfranken","ESF","2009","2007-2013","7,699,056","8,850,480","166,016","5,249"
"DE","DE2","DE26 Unterfranken","DE26","Unterfranken","ESF","2010","2007-2013","11,557,421","10,552,527","144,889","4,581"
"DE","DE2","DE26 Unterfranken","DE26","Unterfranken","ESF","2011","2007-2013","8,190,070","9,403,920","175,017","5,534"
"DE","DE2","DE26 Unterfranken","DE26","Unterfranken","ESF","2012","2007-2013","12,257,622","14,822,889","671,399","21,231"
"DE","DE2","DE26 Unterfranken","DE26","Unterfranken","ESF","2013","2007-2013","18,996,973","16,531,197","373,741","11,818"
"DE","DE2","DE26 Unterfranken","DE26","Unterfranken","ESF","2014","2007-2013","11,112,063","9,995,997","473,881","14,985"
"DE","DE2","DE26 Unterfranken","DE26","Unterfranken","ESF","2015","2007-2013","4,515,126","6,209,752","380,843","12,043"
"DE","DE2","DE26 Unterfranken","DE26","Unterfranken","ESF","2017","2007-2013","1,952,909","0","0","0"
"DE","DE2","DE26 Unterfranken","DE26","Unterfranken","ESF","2020","2007-2013","2,383,096","0","0","0"
"DE","DE2","DE27 Schwaben","DE27","Schwaben","ERDF","2007","2007-2013","685,441","1,185,341","56,938","1,800"
"DE","DE2","DE27 Schwaben","DE27","Schwaben","ERDF","2008","2007-2013","1,385,581","1,464,060","8,938","282"
"DE","DE2","DE27 Schwaben","DE27","Schwaben","ERDF","2009","2007-2013","1,603,103","2,350,024","85,073","2,690"
"DE","DE2","DE27 Schwaben","DE27","Schwaben","ERDF","2010","2007-2013","3,673,356","4,073,355","45,559","1,440"
"DE","DE2","DE27 Schwaben","DE27","Schwaben","ERDF","2011","2007-2013","4,782,042","4,715,079","451,428","14,275"
"DE","DE2","DE27 Schwaben","DE27","Schwaben","ERDF","2012","2007-2013","3,718,655","4,781,632","253,034","8,001"
"DE","DE2","DE27 Schwaben","DE27","Schwaben","ERDF","2013","2007-2013","6,064,680","5,635,488","193,911","6,132"
"DE","DE2","DE27 Schwaben","DE27","Schwaben","ERDF","2014","2007-2013","4,303,860","4,918,002","541,346","17,118"
"DE","DE2","DE27 Schwaben","DE27","Schwaben","ERDF","2015","2007-2013","6,341,744","5,149,081","331,022","10,467"
"DE","DE2","DE27 Schwaben","DE27","Schwaben","ERDF","2018","2007-2013","1,713,603","0","0","0"
"DE","DE2","DE27 Schwaben","DE27","Schwaben","ESF","2007","2007-2013","1,711,660","2,478,026","110,465","3,493"
"DE","DE2","DE27 Schwaben","DE27","Schwaben","ESF","2008","2007-2013","2,567,490","4,145,354","227,436","7,192"
"DE","DE2","DE27 Schwaben","DE27","Schwaben","ESF","2009","2007-2013","7,853,671","9,029,323","169,461","5,358"
"DE","DE2","DE27 Schwaben","DE27","Schwaben","ESF","2010","2007-2013","11,792,355","10,764,627","148,138","4,684"
"DE","DE2","DE27 Schwaben","DE27","Schwaben","ESF","2011","2007-2013","8,349,247","9,591,306","179,033","5,661"
"DE","DE2","DE27 Schwaben","DE27","Schwaben","ESF","2012","2007-2013","12,510,410","15,121,089","684,229","21,637"
"DE","DE2","DE27 Schwaben","DE27","Schwaben","ESF","2013","2007-2013","19,363,546","16,851,687","380,371","12,028"
"DE","DE2","DE27 Schwaben","DE27","Schwaben","ESF","2014","2007-2013","11,330,276","10,196,818","483,948","15,303"
"DE","DE2","DE27 Schwaben","DE27","Schwaben","ESF","2015","2007-2013","4,618,119","6,344,577","389,122","12,305"
"DE","DE2","DE27 Schwaben","DE27","Schwaben","ESF","2017","2007-2013","1,997,456","0","0","0"
"DE","DE2","DE27 Schwaben","DE27","Schwaben","ESF","2020","2007-2013","2,428,576","0","0","0"
"DE","DE3","DE30 Berlin","DE30","Berlin","ERDF","2007","2007-2013","17,511,796","27,473,089","1,072,877","33,927"
"DE","DE3","DE30 Berlin","DE30","Berlin","ERDF","2008","2007-2013","26,267,694","24,607,478","178,812","5,654"
"DE","DE3","DE30 Berlin","DE30","Berlin","ERDF","2009","2007-2013","21,889,746","48,224,850","2,836,412","89,695"
"DE","DE3","DE30 Berlin","DE30","Berlin","ERDF","2010","2007-2013","91,334,792","61,715,308","3,190,155","100,881"
"DE","DE3","DE30 Berlin","DE30","Berlin","ERDF","2011","2007-2013","13,228,917","107,994,262","17,794,690","562,717"
"DE","DE3","DE30 Berlin","DE30","Berlin","ERDF","2012","2007-2013","236,110,240","222,675,514","8,411,452","265,993"
"DE","DE3","DE30 Berlin","DE30","Berlin","ERDF","2013","2007-2013","188,189,568","164,359,464","4,024,600","127,269"
"DE","DE3","DE30 Berlin","DE30","Berlin","ERDF","2014","2007-2013","128,764,288","120,047,775","9,978,975","315,562"
"DE","DE3","DE30 Berlin","DE30","Berlin","ERDF","2015","2007-2013","108,513,296","88,070,476","5,794,584","183,240"
"DE","DE3","DE30 Berlin","DE30","Berlin","ERDF","2017","2007-2013","33,357,884","0","0","0"
"DE","DE3","DE30 Berlin","DE30","Berlin","ESF","2007","2007-2013","10,616,047","15,413,812","683,202","21,604"
"DE","DE3","DE30 Berlin","DE30","Berlin","ESF","2008","2007-2013","15,924,070","32,835,990","2,408,259","76,155"
"DE","DE3","DE30 Berlin","DE30","Berlin","ESF","2009","2007-2013","72,055,755","57,483,139","2,075,142","65,621"
"DE","DE3","DE30 Berlin","DE30","Berlin","ESF","2010","2007-2013","23,688,364","46,600,474","3,262,687","103,175"
"DE","DE3","DE30 Berlin","DE30","Berlin","ESF","2011","2007-2013","99,735,040","87,427,250","1,752,631","55,423"
"DE","DE3","DE30 Berlin","DE30","Berlin","ESF","2012","2007-2013","58,884,741","83,826,613","3,852,720","121,833"
"DE","DE3","DE30 Berlin","DE30","Berlin","ESF","2013","2007-2013","136,805,226","106,898,021","4,960,274","156,857"
"DE","DE3","DE30 Berlin","DE30","Berlin","ESF","2014","2007-2013","29,104,507","40,310,355","4,336,336","137,127"
"DE","DE3","DE30 Berlin","DE30","Berlin","ESF","2015","2007-2013","31,285,232","55,615,485","3,415,026","107,992"
"DE","DE3","DE30 Berlin","DE30","Berlin","ESF","2016","2007-2013","21,009,788","0","0","0"
"DE","DE3","DE30 Berlin","DE30","Berlin","ESF","2017","2007-2013","16,798,801","0","0","0"
"DE","DE3","DE30 Berlin","DE30","Berlin","ESF","2020","2007-2013","10,503,567","0","0","0"
"DE","DE4","DE40 Brandenburg","DE40","Brandenburg","ERDF","2007","2007-2013","34,160,427","48,266,794","2,261,805","71,524"
"DE","DE4","DE40 Brandenburg","DE40","Brandenburg","ERDF","2008","2007-2013","51,240,640","95,009,496","7,017,870","221,924"
"DE","DE4","DE40 Brandenburg","DE40","Brandenburg","ERDF","2009","2007-2013","210,228,712","186,612,119","3,786,669","119,744"
"DE","DE4","DE40 Brandenburg","DE40","Brandenburg","ERDF","2010","2007-2013","124,442,680","169,065,374","7,154,774","226,253"
"DE","DE4","DE40 Brandenburg","DE40","Brandenburg","ERDF","2011","2007-2013","286,532,272","245,062,620","6,649,217","210,266"
"DE","DE4","DE40 Brandenburg","DE40","Brandenburg","ERDF","2012","2007-2013","135,895,944","203,245,376","16,346,266","516,914"
"DE","DE4","DE40 Brandenburg","DE40","Brandenburg","ERDF","2013","2007-2013","336,606,912","313,539,949","4,654,101","147,175"
"DE","DE4","DE40 Brandenburg","DE40","Brandenburg","ERDF","2014","2007-2013","262,912,136","236,965,597","10,309,760","326,023"
"DE","DE4","DE40 Brandenburg","DE40","Brandenburg","ERDF","2015","2007-2013","140,147,968","146,752,641","8,938,535","282,661"
"DE","DE4","DE40 Brandenburg","DE40","Brandenburg","ERDF","2016","2007-2013","40,452,478","0","0","0"
"DE","DE4","DE40 Brandenburg","DE40","Brandenburg","ERDF","2018","2007-2013","21,899,801","0","0","0"
"DE","DE4","DE40 Brandenburg","DE40","Brandenburg","ESF","2007","2007-2013","18,090,949","27,309,807","1,127,870","35,666"
"DE","DE4","DE40 Brandenburg","DE40","Brandenburg","ESF","2008","2007-2013","27,136,423","52,713,031","3,129,140","98,952"
"DE","DE4","DE40 Brandenburg","DE40","Brandenburg","ESF","2009","2007-2013","102,423,150","82,988,688","2,377,687","75,189"
"DE","DE4","DE40 Brandenburg","DE40","Brandenburg","ESF","2010","2007-2013","45,216,307","73,338,386","3,440,563","108,800"
"DE","DE4","DE40 Brandenburg","DE40","Brandenburg","ESF","2011","2007-2013","127,995,826","139,864,340","12,838,483","405,988"
"DE","DE4","DE40 Brandenburg","DE40","Brandenburg","ESF","2012","2007-2013","136,606,525","158,036,491","7,429,464","234,940"
"DE","DE4","DE40 Brandenburg","DE40","Brandenburg","ESF","2013","2007-2013","192,294,712","163,936,128","4,309,598","136,281"
"DE","DE4","DE40 Brandenburg","DE40","Brandenburg","ESF","2014","2007-2013","104,836,251","106,759,578","9,312,859","294,498"
"DE","DE4","DE40 Brandenburg","DE40","Brandenburg","ESF","2015","2007-2013","109,465,675","97,851,947","6,159,561","194,782"
"DE","DE4","DE40 Brandenburg","DE40","Brandenburg","ESF","2016","2007-2013","7,520,843","0","0","0"
"DE","DE4","DE40 Brandenburg","DE40","Brandenburg","ESF","2018","2007-2013","18,451,133","0","0","0"
"DE","DE4","DE40 Brandenburg","DE40","Brandenburg","ESF","2020","2007-2013","12,760,603","0","0","0"
"DE","DE5","DE50 Bremen","DE50","Bremen","ERDF","2007","2007-2013","2,840,132","3,936,917","192,270","6,080"
"DE","DE5","DE50 Bremen","DE50","Bremen","ERDF","2008","2007-2013","4,260,199","5,878,265","283,652","8,969"
"DE","DE5","DE50 Bremen","DE50","Bremen","ERDF","2009","2007-2013","10,545,188","16,863,506","1,107,623","35,026"
"DE","DE5","DE50 Bremen","DE50","Bremen","ERDF","2010","2007-2013","35,087,176","32,536,101","447,212","14,142"
"DE","DE5","DE50 Bremen","DE50","Bremen","ERDF","2011","2007-2013","25,178,142","23,334,185","323,251","10,222"
"DE","DE5","DE50 Bremen","DE50","Bremen","ERDF","2012","2007-2013","18,015,736","16,789,540","214,956","6,797"
"DE","DE5","DE50 Bremen","DE50","Bremen","ERDF","2013","2007-2013","13,252,873","11,253,191","1,471,524","46,533"
"DE","DE5","DE50 Bremen","DE50","Bremen","ERDF","2014","2007-2013","0","7,039,073","1,885,187","59,614"
"DE","DE5","DE50 Bremen","DE50","Bremen","ERDF","2015","2007-2013","0","24,375,846","1,481,548","46,850"
"DE","DE5","DE50 Bremen","DE50","Bremen","ERDF","2017","2007-2013","32,827,182","0","0","0"
"DE","DE5","DE50 Bremen","DE50","Bremen","ESF","2007","2007-2013","3,327,312","4,891,415","211,700","6,694"
"DE","DE5","DE50 Bremen","DE50","Bremen","ESF","2008","2007-2013","4,990,968","10,987,728","811,656","25,666"
"DE","DE5","DE50 Bremen","DE50","Bremen","ESF","2009","2007-2013","24,126,305","25,271,705","155,028","4,902"
"DE","DE5","DE50 Bremen","DE50","Bremen","ESF","2010","2007-2013","27,781,213","21,912,562","794,317","25,118"
"DE","DE5","DE50 Bremen","DE50","Bremen","ESF","2011","2007-2013","9,054,666","8,969,698","11,500","363"
"DE","DE5","DE50 Bremen","DE50","Bremen","ESF","2012","2007-2013","8,783,539","20,804,250","1,791,115","56,640"
"DE","DE5","DE50 Bremen","DE50","Bremen","ESF","2013","2007-2013","44,790,956","35,869,541","1,399,429","44,253"
"DE","DE5","DE50 Bremen","DE50","Bremen","ESF","2014","2007-2013","14,064,593","16,856,524","1,501,121","47,469"
"DE","DE5","DE50 Bremen","DE50","Bremen","ESF","2015","2007-2013","0","18,938,253","1,169,941","36,996"
"DE","DE5","DE50 Bremen","DE50","Bremen","ESF","2018","2007-2013","23,535,516","0","0","0"
"DE","DE5","DE50 Bremen","DE50","Bremen","ESF","2020","2007-2013","4,046,608","0","0","0"
"DE","DE6","DE60 Hamburg","DE60","Hamburg","ERDF","2007","2007-2013","705,375","1,226,242","45,124","1,426"
"DE","DE6","DE60 Hamburg","DE60","Hamburg","ERDF","2008","2007-2013","1,058,063","971,252","7,520","237"
"DE","DE6","DE60 Hamburg","DE60","Hamburg","ERDF","2009","2007-2013","881,719","1,396,211","536,309","16,959"
"DE","DE6","DE60 Hamburg","DE60","Hamburg","ERDF","2010","2007-2013","1,386,210","3,656,148","403,977","12,774"
"DE","DE6","DE60 Hamburg","DE60","Hamburg","ERDF","2011","2007-2013","5,616,339","4,351,530","706,377","22,337"
"DE","DE6","DE60 Hamburg","DE60","Hamburg","ERDF","2012","2007-2013","1,321,602","4,074,027","531,259","16,799"
"DE","DE6","DE60 Hamburg","DE60","Hamburg","ERDF","2013","2007-2013","5,564,042","6,645,012","392,823","12,422"
"DE","DE6","DE60 Hamburg","DE60","Hamburg","ERDF","2014","2007-2013","8,450,824","7,407,777","856,257","27,077"
"DE","DE6","DE60 Hamburg","DE60","Hamburg","ERDF","2015","2007-2013","4,361,575","4,892,765","410,987","12,996"
"DE","DE6","DE60 Hamburg","DE60","Hamburg","ERDF","2016","2007-2013","3,417,881","0","0","0"
"DE","DE6","DE60 Hamburg","DE60","Hamburg","ERDF","2017","2007-2013","1,857,334","0","0","0"
"DE","DE6","DE60 Hamburg","DE60","Hamburg","ESF","2007","2007-2013","3,279,635","4,740,558","211,987","6,703"
"DE","DE6","DE60 Hamburg","DE60","Hamburg","ESF","2008","2007-2013","4,919,452","8,396,474","504,534","15,954"
"DE","DE6","DE60 Hamburg","DE60","Hamburg","ESF","2009","2007-2013","16,627,834","17,942,864","190,817","6,034"
"DE","DE6","DE60 Hamburg","DE60","Hamburg","ESF","2010","2007-2013","21,056,010","21,471,716","60,321","1,907"
"DE","DE6","DE60 Hamburg","DE60","Hamburg","ESF","2011","2007-2013","22,455,839","18,244,375","611,105","19,324"
"DE","DE6","DE60 Hamburg","DE60","Hamburg","ESF","2012","2007-2013","8,274,324","19,808,322","2,424,823","76,679"
"DE","DE6","DE60 Hamburg","DE60","Hamburg","ESF","2013","2007-2013","41,279,297","38,127,442","1,354,282","42,826"
"DE","DE6","DE60 Hamburg","DE60","Hamburg","ESF","2014","2007-2013","34,915,721","26,892,080","1,259,204","39,819"
"DE","DE6","DE60 Hamburg","DE60","Hamburg","ESF","2015","2007-2013","1,048,116","6,665,812","408,575","12,920"
"DE","DE6","DE60 Hamburg","DE60","Hamburg","ESF","2017","2007-2013","4,557,644","0","0","0"
"DE","DE6","DE60 Hamburg","DE60","Hamburg","ESF","2020","2007-2013","3,875,768","0","0","0"
"DE","DE7","DE71 Darmstadt","DE71","Darmstadt","ERDF","2007","2007-2013","1,358,655","1,823,184","95,787","3,029"
"DE","DE7","DE71 Darmstadt","DE71","Darmstadt","ERDF","2008","2007-2013","2,037,983","3,087,999","216,517","6,846"
"DE","DE7","DE71 Darmstadt","DE71","Darmstadt","ERDF","2009","2007-2013","6,644,619","8,176,646","315,909","9,989"
"DE","DE7","DE71 Darmstadt","DE71","Darmstadt","ERDF","2010","2007-2013","13,365,939","13,288,288","16,011","506"
"DE","DE7","DE71 Darmstadt","DE71","Darmstadt","ERDF","2011","2007-2013","13,025,272","11,008,200","415,927","13,152"
"DE","DE7","DE71 Darmstadt","DE71","Darmstadt","ERDF","2012","2007-2013","4,175,966","5,581,337","289,792","9,164"
"DE","DE7","DE71 Darmstadt","DE71","Darmstadt","ERDF","2013","2007-2013","10,341,617","9,522,161","168,974","5,343"
"DE","DE7","DE71 Darmstadt","DE71","Darmstadt","ERDF","2014","2007-2013","6,746,497","7,541,932","164,021","5,186"
"DE","DE7","DE71 Darmstadt","DE71","Darmstadt","ERDF","2015","2007-2013","6,839,596","7,903,033","481,115","15,214"
"DE","DE7","DE71 Darmstadt","DE71","Darmstadt","ERDF","2017","2007-2013","3,396,639","0","0","0"
"DE","DE7","DE71 Darmstadt","DE71","Darmstadt","ESF","2007","2007-2013","3,415,340","4,271,222","264,540","8,365"
"DE","DE7","DE71 Darmstadt","DE71","Darmstadt","ESF","2008","2007-2013","5,123,010","8,372,940","1,004,505","31,765"
"DE","DE7","DE71 Darmstadt","DE71","Darmstadt","ESF","2009","2007-2013","24,575,944","25,119,429","167,983","5,312"
"DE","DE7","DE71 Darmstadt","DE71","Darmstadt","ESF","2010","2007-2013","27,829,055","27,975,366","45,222","1,430"
"DE","DE7","DE71 Darmstadt","DE71","Darmstadt","ESF","2011","2007-2013","28,704,822","28,056,800","200,293","6,333"
"DE","DE7","DE71 Darmstadt","DE71","Darmstadt","ESF","2012","2007-2013","24,825,992","26,154,417","410,596","12,984"
"DE","DE7","DE71 Darmstadt","DE71","Darmstadt","ESF","2013","2007-2013","32,777,478","29,427,220","1,035,515","32,745"
"DE","DE7","DE71 Darmstadt","DE71","Darmstadt","ESF","2014","2007-2013","12,724,015","12,081,206","198,682","6,282"
"DE","DE7","DE71 Darmstadt","DE71","Darmstadt","ESF","2015","2007-2013","0","7,393,439","458,356","14,494"
"DE","DE7","DE71 Darmstadt","DE71","Darmstadt","ESF","2017","2007-2013","4,279,606","0","0","0"
"DE","DE7","DE71 Darmstadt","DE71","Darmstadt","ESF","2020","2007-2013","4,596,777","0","0","0"
"DE","DE7","DE72 Gießen","DE72","Gießen","ERDF","2007","2007-2013","1,277,110","1,713,759","90,038","2,847"
"DE","DE7","DE72 Gießen","DE72","Gießen","ERDF","2008","2007-2013","1,915,666","2,902,661","203,522","6,435"
"DE","DE7","DE72 Gießen","DE72","Gießen","ERDF","2009","2007-2013","6,245,816","7,685,894","296,949","9,390"
"DE","DE7","DE72 Gießen","DE72","Gießen","ERDF","2010","2007-2013","12,563,732","12,490,742","15,050","475"
"DE","DE7","DE72 Gießen","DE72","Gießen","ERDF","2011","2007-2013","12,243,510","10,347,500","390,964","12,363"
"DE","DE7","DE72 Gießen","DE72","Gießen","ERDF","2012","2007-2013","3,925,329","5,246,351","272,399","8,614"
"DE","DE7","DE72 Gießen","DE72","Gießen","ERDF","2013","2007-2013","9,720,925","8,950,652","158,833","5,022"
"DE","DE7","DE72 Gießen","DE72","Gießen","ERDF","2014","2007-2013","6,341,580","7,089,274","154,177","4,875"
"DE","DE7","DE72 Gießen","DE72","Gießen","ERDF","2015","2007-2013","6,429,091","7,428,702","452,239","14,301"
"DE","DE7","DE72 Gießen","DE72","Gießen","ERDF","2017","2007-2013","3,192,777","0","0","0"
"DE","DE7","DE72 Gießen","DE72","Gießen","ESF","2007","2007-2013","2,005,493","2,514,750","154,781","4,894"
"DE","DE7","DE72 Gießen","DE72","Gießen","ESF","2008","2007-2013","3,008,239","4,919,669","580,950","18,371"
"DE","DE7","DE72 Gießen","DE72","Gießen","ESF","2009","2007-2013","14,299,274","14,628,153","99,957","3,160"
"DE","DE7","DE72 Gießen","DE72","Gießen","ESF","2010","2007-2013","16,241,995","16,325,154","25,275","799"
"DE","DE7","DE72 Gießen","DE72","Gießen","ESF","2011","2007-2013","16,733,227","16,355,449","114,819","3,630"
"DE","DE7","DE72 Gießen","DE72","Gießen","ESF","2012","2007-2013","14,501,651","15,341,895","255,379","8,075"
"DE","DE7","DE72 Gießen","DE72","Gießen","ESF","2013","2007-2013","19,465,069","17,465,128","607,851","19,221"
"DE","DE7","DE72 Gießen","DE72","Gießen","ESF","2014","2007-2013","7,651,194","7,228,073","128,601","4,066"
"DE","DE7","DE72 Gießen","DE72","Gießen","ESF","2015","2007-2013","0","4,279,642","265,070","8,382"
"DE","DE7","DE72 Gießen","DE72","Gießen","ESF","2017","2007-2013","2,452,868","0","0","0"
"DE","DE7","DE72 Gießen","DE72","Gießen","ESF","2020","2007-2013","2,698,904","0","0","0"
"DE","DE7","DE73 Kassel","DE73","Kassel","ERDF","2007","2007-2013","2,633,317","3,533,656","185,653","5,870"
"DE","DE7","DE73 Kassel","DE73","Kassel","ERDF","2008","2007-2013","3,949,975","5,985,093","419,649","13,270"
"DE","DE7","DE73 Kassel","DE73","Kassel","ERDF","2009","2007-2013","12,878,456","15,847,798","612,289","19,362"
"DE","DE7","DE73 Kassel","DE73","Kassel","ERDF","2010","2007-2013","25,905,572","25,755,072","31,033","981"
"DE","DE7","DE73 Kassel","DE73","Kassel","ERDF","2011","2007-2013","25,245,298","21,335,854","806,141","25,492"
"DE","DE7","DE73 Kassel","DE73","Kassel","ERDF","2012","2007-2013","8,093,767","10,817,626","561,670","17,761"
"DE","DE7","DE73 Kassel","DE73","Kassel","ERDF","2013","2007-2013","20,043,898","18,455,646","327,503","10,356"
"DE","DE7","DE73 Kassel","DE73","Kassel","ERDF","2014","2007-2013","13,075,914","14,617,609","317,903","10,052"
"DE","DE7","DE73 Kassel","DE73","Kassel","ERDF","2015","2007-2013","13,256,354","15,317,485","932,486","29,487"
"DE","DE7","DE73 Kassel","DE73","Kassel","ERDF","2017","2007-2013","6,583,293","0","0","0"
"DE","DE7","DE73 Kassel","DE73","Kassel","ESF","2007","2007-2013","2,122,955","2,661,177","163,918","5,183"
"DE","DE7","DE73 Kassel","DE73","Kassel","ESF","2008","2007-2013","3,184,432","5,207,450","616,120","19,483"
"DE","DE7","DE73 Kassel","DE73","Kassel","ESF","2009","2007-2013","15,153,772","15,500,648","105,642","3,340"
"DE","DE7","DE73 Kassel","DE73","Kassel","ESF","2010","2007-2013","17,206,089","17,294,480","26,919","851"
"DE","DE7","DE73 Kassel","DE73","Kassel","ESF","2011","2007-2013","17,729,061","17,328,792","121,903","3,854"
"DE","DE7","DE73 Kassel","DE73","Kassel","ESF","2012","2007-2013","15,360,840","16,242,461","268,502","8,490"
"DE","DE7","DE73 Kassel","DE73","Kassel","ESF","2013","2007-2013","20,577,020","18,464,167","643,480","20,348"
"DE","DE7","DE73 Kassel","DE73","Kassel","ESF","2014","2007-2013","8,076,163","7,634,209","134,599","4,256"
"DE","DE7","DE73 Kassel","DE73","Kassel","ESF","2015","2007-2013","0","4,538,255","281,120","8,889"
"DE","DE7","DE73 Kassel","DE73","Kassel","ESF","2017","2007-2013","2,604,285","0","0","0"
"DE","DE7","DE73 Kassel","DE73","Kassel","ESF","2020","2007-2013","2,857,022","0","0","0"
"DE","DE8","DE80 Mecklenburg-Vorpommern","DE80","Mecklenburg-Vorpommern","ERDF","2007","2007-2013","30,730,388","39,129,740","2,323,037","73,460"
"DE","DE8","DE80 Mecklenburg-Vorpommern","DE80","Mecklenburg-Vorpommern","ERDF","2008","2007-2013","46,095,580","116,569,103","19,491,104","616,362"
"DE","DE8","DE80 Mecklenburg-Vorpommern","DE80","Mecklenburg-Vorpommern","ERDF","2009","2007-2013","432,853,696","360,469,439","20,019,562","633,074"
"DE","DE8","DE80 Mecklenburg-Vorpommern","DE80","Mecklenburg-Vorpommern","ERDF","2010","2007-2013","35,609,492","78,202,006","11,779,958","372,514"
"DE","DE8","DE80 Mecklenburg-Vorpommern","DE80","Mecklenburg-Vorpommern","ERDF","2011","2007-2013","269,356,864","259,810,715","2,640,211","83,490"
"DE","DE8","DE80 Mecklenburg-Vorpommern","DE80","Mecklenburg-Vorpommern","ERDF","2012","2007-2013","216,967,680","217,076,091","29,983","948"
"DE","DE8","DE80 Mecklenburg-Vorpommern","DE80","Mecklenburg-Vorpommern","ERDF","2013","2007-2013","217,562,640","186,904,724","8,479,164","268,134"
"DE","DE8","DE80 Mecklenburg-Vorpommern","DE80","Mecklenburg-Vorpommern","ERDF","2014","2007-2013","49,312,252","83,699,781","9,510,676","300,754"
"DE","DE8","DE80 Mecklenburg-Vorpommern","DE80","Mecklenburg-Vorpommern","ERDF","2015","2007-2013","24,686,408","194,657,717","11,995,822","379,341"
"DE","DE8","DE80 Mecklenburg-Vorpommern","DE80","Mecklenburg-Vorpommern","ERDF","2016","2007-2013","136,518,352","0","0","0"
"DE","DE8","DE80 Mecklenburg-Vorpommern","DE80","Mecklenburg-Vorpommern","ERDF","2017","2007-2013","62,621,024","0","0","0"
"DE","DE8","DE80 Mecklenburg-Vorpommern","DE80","Mecklenburg-Vorpommern","ERDF","2018","2007-2013","14,204,945","0","0","0"
"DE","DE8","DE80 Mecklenburg-Vorpommern","DE80","Mecklenburg-Vorpommern","ESF","2007","2007-2013","11,892,382","18,069,894","738,438","23,351"
"DE","DE8","DE80 Mecklenburg-Vorpommern","DE80","Mecklenburg-Vorpommern","ESF","2008","2007-2013","17,838,573","33,355,251","1,854,809","58,654"
"DE","DE8","DE80 Mecklenburg-Vorpommern","DE80","Mecklenburg-Vorpommern","ESF","2009","2007-2013","62,645,511","71,688,413","1,080,956","34,182"
"DE","DE8","DE80 Mecklenburg-Vorpommern","DE80","Mecklenburg-Vorpommern","ESF","2010","2007-2013","88,758,365","67,007,813","2,599,984","82,218"
"DE","DE8","DE80 Mecklenburg-Vorpommern","DE80","Mecklenburg-Vorpommern","ESF","2011","2007-2013","25,950,098","55,387,577","7,380,128","233,380"
"DE","DE8","DE80 Mecklenburg-Vorpommern","DE80","Mecklenburg-Vorpommern","ESF","2012","2007-2013","97,806,645","99,555,015","2,713,525","85,809"
"DE","DE8","DE80 Mecklenburg-Vorpommern","DE80","Mecklenburg-Vorpommern","ESF","2013","2007-2013","97,265,444","85,618,164","4,044,861","127,909"
"DE","DE8","DE80 Mecklenburg-Vorpommern","DE80","Mecklenburg-Vorpommern","ESF","2014","2007-2013","49,513,553","65,716,397","8,489,418","268,458"
"DE","DE8","DE80 Mecklenburg-Vorpommern","DE80","Mecklenburg-Vorpommern","ESF","2015","2007-2013","70,092,869","84,431,306","5,346,622","169,075"
"DE","DE8","DE80 Mecklenburg-Vorpommern","DE80","Mecklenburg-Vorpommern","ESF","2017","2007-2013","51,236,283","0","0","0"
"DE","DE8","DE80 Mecklenburg-Vorpommern","DE80","Mecklenburg-Vorpommern","ESF","2020","2007-2013","7,830,106","0","0","0"
"DE","DE9","DE91 Braunschweig","DE91","Braunschweig","ERDF","2007","2007-2013","4,258,464","5,792,937","295,044","9,330"
"DE","DE9","DE91 Braunschweig","DE91","Braunschweig","ERDF","2008","2007-2013","6,387,696","11,173,974","920,294","29,102"
"DE","DE9","DE91 Braunschweig","DE91","Braunschweig","ERDF","2009","2007-2013","26,311,996","29,235,286","562,083","17,774"
"DE","DE9","DE91 Braunschweig","DE91","Braunschweig","ERDF","2010","2007-2013","38,481,056","38,290,052","36,725","1,161"
"DE","DE9","DE91 Braunschweig","DE91","Braunschweig","ERDF","2011","2007-2013","37,685,948","37,958,735","52,450","1,658"
"DE","DE9","DE91 Braunschweig","DE91","Braunschweig","ERDF","2012","2007-2013","38,821,508","29,495,681","1,793,147","56,704"
"DE","DE9","DE91 Braunschweig","DE91","Braunschweig","ERDF","2013","2007-2013","0","8,683,169","1,669,578","52,796"
"DE","DE9","DE91 Braunschweig","DE91","Braunschweig","ERDF","2014","2007-2013","36,146,260","35,135,453","194,355","6,146"
"DE","DE9","DE91 Braunschweig","DE91","Braunschweig","ERDF","2015","2007-2013","0","24,266,116","1,475,223","46,650"
"DE","DE9","DE91 Braunschweig","DE91","Braunschweig","ERDF","2017","2007-2013","31,938,480","0","0","0"
"DE","DE9","DE91 Braunschweig","DE91","Braunschweig","ESF","2007","2007-2013","2,898,456","4,330,219","182,018","5,755"
"DE","DE9","DE91 Braunschweig","DE91","Braunschweig","ESF","2008","2007-2013","4,347,684","8,245,318","495,502","15,669"
"DE","DE9","DE91 Braunschweig","DE91","Braunschweig","ESF","2009","2007-2013","16,183,219","17,118,195","118,862","3,758"
"DE","DE9","DE91 Braunschweig","DE91","Braunschweig","ESF","2010","2007-2013","19,022,364","15,531,382","443,805","14,034"
"DE","DE9","DE91 Braunschweig","DE91","Braunschweig","ESF","2011","2007-2013","8,421,665","14,394,676","2,195,685","69,433"
"DE","DE9","DE91 Braunschweig","DE91","Braunschweig","ESF","2012","2007-2013","22,173,252","25,860,104","1,267,984","40,097"
"DE","DE9","DE91 Braunschweig","DE91","Braunschweig","ESF","2013","2007-2013","32,651,137","27,302,380","766,575","24,241"
"DE","DE9","DE91 Braunschweig","DE91","Braunschweig","ESF","2014","2007-2013","16,041,537","16,039,696","1,310,504","41,441"
"DE","DE9","DE91 Braunschweig","DE91","Braunschweig","ESF","2015","2007-2013","5,129,744","14,424,498","900,410","28,473"
"DE","DE9","DE91 Braunschweig","DE91","Braunschweig","ESF","2016","2007-2013","8,905,573","0","0","0"
"DE","DE9","DE91 Braunschweig","DE91","Braunschweig","ESF","2018","2007-2013","3,650,832","0","0","0"
"DE","DE9","DE91 Braunschweig","DE91","Braunschweig","ESF","2020","2007-2013","3,821,003","0","0","0"
"DE","DE9","DE92 Hannover","DE92","Hannover","ERDF","2007","2007-2013","4,258,464","4,897,302","368,582","11,655"
"DE","DE9","DE92 Hannover","DE92","Hannover","ERDF","2008","2007-2013","6,387,696","8,380,340","1,149,671","36,355"
"DE","DE9","DE92 Hannover","DE92","Hannover","ERDF","2009","2007-2013","26,312,000","27,529,035","702,178","22,204"
"DE","DE9","DE92 Hannover","DE92","Hannover","ERDF","2010","2007-2013","38,481,052","38,401,533","45,878","1,450"
"DE","DE9","DE92 Hannover","DE92","Hannover","ERDF","2011","2007-2013","37,685,952","37,799,519","65,523","2,072"
"DE","DE9","DE92 Hannover","DE92","Hannover","ERDF","2012","2007-2013","38,821,504","34,938,936","2,240,077","70,837"
"DE","DE9","DE92 Hannover","DE92","Hannover","ERDF","2013","2007-2013","0","3,615,013","2,085,710","65,955"
"DE","DE9","DE92 Hannover","DE92","Hannover","ERDF","2014","2007-2013","36,146,256","32,531,242","2,085,710","65,955"
"DE","DE9","DE92 Hannover","DE92","Hannover","ESF","2007","2007-2013","3,248,385","4,853,866","203,966","6,449"
"DE","DE9","DE92 Hannover","DE92","Hannover","ESF","2008","2007-2013","4,872,577","9,246,233","555,646","17,571"
"DE","DE9","DE92 Hannover","DE92","Hannover","ESF","2009","2007-2013","18,146,465","19,193,097","132,968","4,204"
"DE","DE9","DE92 Hannover","DE92","Hannover","ESF","2010","2007-2013","21,322,957","17,398,972","498,518","15,764"
"DE","DE9","DE92 Hannover","DE92","Hannover","ESF","2011","2007-2013","9,413,803","16,123,919","2,460,904","77,820"
"DE","DE9","DE92 Hannover","DE92","Hannover","ESF","2012","2007-2013","24,866,641","28,988,120","1,419,091","44,875"
"DE","DE9","DE92 Hannover","DE92","Hannover","ESF","2013","2007-2013","36,569,096","30,578,952","858,742","27,155"
"DE","DE9","DE92 Hannover","DE92","Hannover","ESF","2014","2007-2013","17,962,088","17,978,474","1,472,752","46,572"
"DE","DE9","DE92 Hannover","DE92","Hannover","ESF","2015","2007-2013","5,763,816","16,197,544","1,011,221","31,977"
"DE","DE9","DE92 Hannover","DE92","Hannover","ESF","2016","2007-2013","10,006,362","0","0","0"
"DE","DE9","DE92 Hannover","DE92","Hannover","ESF","2018","2007-2013","4,102,099","0","0","0"
"DE","DE9","DE92 Hannover","DE92","Hannover","ESF","2020","2007-2013","4,284,887","0","0","0"
"DE","DE9","DE93 Lüneburg","DE93","Lüneburg","ERDF","2007","2007-2013","13,820,801","18,566,565","973,009","30,769"
"DE","DE9","DE93 Lüneburg","DE93","Lüneburg","ERDF","2008","2007-2013","20,731,202","43,869,715","4,744,017","150,019"
"DE","DE9","DE93 Lüneburg","DE93","Lüneburg","ERDF","2009","2007-2013","121,808,536","109,866,266","2,448,486","77,427"
"DE","DE9","DE93 Lüneburg","DE93","Lüneburg","ERDF","2010","2007-2013","69,640,416","71,096,785","298,594","9,442"
"DE","DE9","DE93 Lüneburg","DE93","Lüneburg","ERDF","2011","2007-2013","76,002,360","85,392,242","1,925,178","60,879"
"DE","DE9","DE93 Lüneburg","DE93","Lüneburg","ERDF","2012","2007-2013","117,020,736","112,925,653","839,602","26,550"
"DE","DE9","DE93 Lüneburg","DE93","Lüneburg","ERDF","2013","2007-2013","99,131,944","96,125,083","616,487","19,495"
"DE","DE9","DE93 Lüneburg","DE93","Lüneburg","ERDF","2014","2007-2013","85,996,896","86,200,692","41,783","1,321"
"DE","DE9","DE93 Lüneburg","DE93","Lüneburg","ERDF","2015","2007-2013","52,335,148","66,997,039","4,078,007","128,957"
"DE","DE9","DE93 Lüneburg","DE93","Lüneburg","ERDF","2017","2007-2013","29,450,002","0","0","0"
"DE","DE9","DE93 Lüneburg","DE93","Lüneburg","ERDF","2018","2007-2013","5,102,001","0","0","0"
"DE","DE9","DE93 Lüneburg","DE93","Lüneburg","ESF","2007","2007-2013","5,719,984","8,570,226","358,448","11,335"
"DE","DE9","DE93 Lüneburg","DE93","Lüneburg","ESF","2008","2007-2013","8,579,977","17,534,692","1,126,150","35,611"
"DE","DE9","DE93 Lüneburg","DE93","Lüneburg","ESF","2009","2007-2013","35,536,024","34,507,343","129,367","4,090"
"DE","DE9","DE93 Lüneburg","DE93","Lüneburg","ESF","2010","2007-2013","32,439,423","25,361,010","890,185","28,150"
"DE","DE9","DE93 Lüneburg","DE93","Lüneburg","ESF","2011","2007-2013","11,131,540","29,195,575","4,088,017","129,274"
"DE","DE9","DE93 Lüneburg","DE93","Lüneburg","ESF","2012","2007-2013","58,330,265","57,106,634","1,705,868","53,944"
"DE","DE9","DE93 Lüneburg","DE93","Lüneburg","ESF","2013","2007-2013","51,539,990","45,600,795","1,261,400","39,888"
"DE","DE9","DE93 Lüneburg","DE93","Lüneburg","ESF","2014","2007-2013","30,689,800","33,402,731","3,220,326","101,835"
"DE","DE9","DE93 Lüneburg","DE93","Lüneburg","ESF","2015","2007-2013","34,691,571","34,801,675","2,177,167","68,848"
"DE","DE9","DE93 Lüneburg","DE93","Lüneburg","ESF","2016","2007-2013","6,319,367","0","0","0"
"DE","DE9","DE93 Lüneburg","DE93","Lüneburg","ESF","2018","2007-2013","7,720,629","0","0","0"
"DE","DE9","DE93 Lüneburg","DE93","Lüneburg","ESF","2020","2007-2013","3,382,107","0","0","0"
"DE","DE9","DE94 Weser-Ems","DE94","Weser-Ems","ERDF","2007","2007-2013","4,258,464","4,897,302","368,582","11,655"
"DE","DE9","DE94 Weser-Ems","DE94","Weser-Ems","ERDF","2008","2007-2013","6,387,696","8,380,340","1,149,671","36,355"
"DE","DE9","DE94 Weser-Ems","DE94","Weser-Ems","ERDF","2009","2007-2013","26,311,998","27,529,034","702,178","22,204"
"DE","DE9","DE94 Weser-Ems","DE94","Weser-Ems","ERDF","2010","2007-2013","38,481,052","38,401,532","45,879","1,450"
"DE","DE9","DE94 Weser-Ems","DE94","Weser-Ems","ERDF","2011","2007-2013","37,685,944","37,799,511","65,523","2,072"
"DE","DE9","DE94 Weser-Ems","DE94","Weser-Ems","ERDF","2012","2007-2013","38,821,500","34,938,932","2,240,077","70,837"
"DE","DE9","DE94 Weser-Ems","DE94","Weser-Ems","ERDF","2013","2007-2013","0","3,615,013","2,085,710","65,955"
"DE","DE9","DE94 Weser-Ems","DE94","Weser-Ems","ERDF","2014","2007-2013","36,146,256","32,531,242","2,085,710","65,955"
"DE","DE9","DE94 Weser-Ems","DE94","Weser-Ems","ESF","2007","2007-2013","3,236,211","4,836,896","203,164","6,424"
"DE","DE9","DE94 Weser-Ems","DE94","Weser-Ems","ESF","2008","2007-2013","4,854,316","9,219,321","554,020","17,519"
"DE","DE9","DE94 Weser-Ems","DE94","Weser-Ems","ESF","2009","2007-2013","18,091,849","19,132,822","132,123","4,178"
"DE","DE9","DE94 Weser-Ems","DE94","Weser-Ems","ESF","2010","2007-2013","21,248,757","17,323,118","498,255","15,756"
"DE","DE9","DE94 Weser-Ems","DE94","Weser-Ems","ESF","2011","2007-2013","9,343,668","16,051,302","2,451,870","77,534"
"DE","DE9","DE94 Weser-Ems","DE94","Weser-Ems","ESF","2012","2007-2013","24,796,712","28,887,871","1,410,972","44,618"
"DE","DE9","DE94 Weser-Ems","DE94","Weser-Ems","ESF","2013","2007-2013","36,398,055","30,436,559","855,012","27,037"
"DE","DE9","DE94 Weser-Ems","DE94","Weser-Ems","ESF","2014","2007-2013","17,871,914","17,914,407","1,472,955","46,578"
"DE","DE9","DE94 Weser-Ems","DE94","Weser-Ems","ESF","2015","2007-2013","5,763,122","16,181,549","1,010,413","31,952"
"DE","DE9","DE94 Weser-Ems","DE94","Weser-Ems","ESF","2016","2007-2013","10,005,157","0","0","0"
"DE","DE9","DE94 Weser-Ems","DE94","Weser-Ems","ESF","2018","2007-2013","4,101,606","0","0","0"
"DE","DE9","DE94 Weser-Ems","DE94","Weser-Ems","ESF","2020","2007-2013","4,272,477","0","0","0"
"DE","DEA","DEA1 Düsseldorf","DEA1","Düsseldorf","ERDF","2007","2007-2013","5,607,148","8,708,373","344,565","10,896"
"DE","DEA","DEA1 Düsseldorf","DEA1","Düsseldorf","ERDF","2008","2007-2013","8,410,723","12,148,068","415,242","13,131"
"DE","DEA","DEA1 Düsseldorf","DEA1","Düsseldorf","ERDF","2009","2007-2013","18,546,644","25,086,252","726,591","22,976"
"DE","DEA","DEA1 Düsseldorf","DEA1","Düsseldorf","ERDF","2010","2007-2013","36,282,484","34,275,152","223,027","7,052"
"DE","DEA","DEA1 Düsseldorf","DEA1","Düsseldorf","ERDF","2011","2007-2013","30,838,472","28,361,536","3,679,825","116,366"
"DE","DEA","DEA1 Düsseldorf","DEA1","Düsseldorf","ERDF","2012","2007-2013","17,136,460","29,697,246","2,645,348","83,653"
"DE","DEA","DEA1 Düsseldorf","DEA1","Düsseldorf","ERDF","2013","2007-2013","43,923,704","44,699,373","1,182,011","37,378"
"DE","DEA","DEA1 Düsseldorf","DEA1","Düsseldorf","ERDF","2014","2007-2013","44,347,616","45,224,246","4,268,619","134,985"
"DE","DEA","DEA1 Düsseldorf","DEA1","Düsseldorf","ERDF","2015","2007-2013","37,388,096","39,560,672","2,567,331","81,186"
"DE","DEA","DEA1 Düsseldorf","DEA1","Düsseldorf","ERDF","2016","2007-2013","23,858,212","0","0","0"
"DE","DEA","DEA1 Düsseldorf","DEA1","Düsseldorf","ERDF","2018","2007-2013","1,332,679","0","0","0"
"DE","DEA","DEA1 Düsseldorf","DEA1","Düsseldorf","ERDF","2020","2007-2013","88,683","0","0","0"
"DE","DEA","DEA1 Düsseldorf","DEA1","Düsseldorf","ESF","2007","2007-2013","5,986,128","9,282,202","368,067","11,639"
"DE","DEA","DEA1 Düsseldorf","DEA1","Düsseldorf","ESF","2008","2007-2013","8,979,192","15,309,413","706,886","22,353"
"DE","DEA","DEA1 Düsseldorf","DEA1","Düsseldorf","ESF","2009","2007-2013","26,224,034","32,494,902","700,259","22,144"
"DE","DEA","DEA1 Düsseldorf","DEA1","Düsseldorf","ESF","2010","2007-2013","43,307,186","40,839,853","275,523","8,712"
"DE","DEA","DEA1 Düsseldorf","DEA1","Düsseldorf","ESF","2011","2007-2013","36,585,657","31,666,251","4,423,978","139,898"
"DE","DEA","DEA1 Düsseldorf","DEA1","Düsseldorf","ESF","2012","2007-2013","14,792,724","31,974,955","3,184,991","100,718"
"DE","DEA","DEA1 Düsseldorf","DEA1","Düsseldorf","ESF","2013","2007-2013","55,056,015","52,339,139","1,146,314","36,249"
"DE","DEA","DEA1 Düsseldorf","DEA1","Düsseldorf","ESF","2014","2007-2013","47,954,427","46,097,928","3,906,655","123,539"
"DE","DEA","DEA1 Düsseldorf","DEA1","Düsseldorf","ESF","2015","2007-2013","23,943,737","36,414,043","2,358,360","74,577"
"DE","DEA","DEA1 Düsseldorf","DEA1","Düsseldorf","ESF","2016","2007-2013","18,067,933","0","0","0"
"DE","DEA","DEA1 Düsseldorf","DEA1","Düsseldorf","ESF","2017","2007-2013","8,455,198","0","0","0"
"DE","DEA","DEA1 Düsseldorf","DEA1","Düsseldorf","ESF","2020","2007-2013","7,066,454","0","0","0"
"DE","DEA","DEA2 Köln","DEA2","Köln","ERDF","2007","2007-2013","7,695,012","11,951,002","472,867","14,953"
"DE","DEA","DEA2 Köln","DEA2","Köln","ERDF","2008","2007-2013","11,542,521","16,671,494","569,860","18,020"
"DE","DEA","DEA2 Köln","DEA2","Köln","ERDF","2009","2007-2013","25,452,628","34,427,309","997,143","31,532"
"DE","DEA","DEA2 Köln","DEA2","Köln","ERDF","2010","2007-2013","49,792,544","47,037,768","306,072","9,678"
"DE","DEA","DEA2 Köln","DEA2","Köln","ERDF","2011","2007-2013","42,321,416","38,922,173","5,050,035","159,696"
"DE","DEA","DEA2 Köln","DEA2","Köln","ERDF","2012","2007-2013","23,517,352","40,755,242","3,630,363","114,802"
"DE","DEA","DEA2 Köln","DEA2","Köln","ERDF","2013","2007-2013","60,279,032","61,343,524","1,622,142","51,296"
"DE","DEA","DEA2 Köln","DEA2","Köln","ERDF","2014","2007-2013","60,860,784","62,063,835","5,858,072","185,248"
"DE","DEA","DEA2 Köln","DEA2","Köln","ERDF","2015","2007-2013","51,309,832","54,291,388","3,523,297","111,416"
"DE","DEA","DEA2 Köln","DEA2","Köln","ERDF","2016","2007-2013","32,742,000","0","0","0"
"DE","DEA","DEA2 Köln","DEA2","Köln","ERDF","2018","2007-2013","1,828,913","0","0","0"
"DE","DEA","DEA2 Köln","DEA2","Köln","ERDF","2020","2007-2013","121,706","0","0","0"
"DE","DEA","DEA2 Köln","DEA2","Köln","ESF","2007","2007-2013","4,849,786","7,524,809","298,129","9,427"
"DE","DEA","DEA2 Köln","DEA2","Köln","ESF","2008","2007-2013","7,274,679","12,411,008","572,440","18,102"
"DE","DEA","DEA2 Köln","DEA2","Köln","ESF","2009","2007-2013","21,242,840","26,352,427","569,460","18,007"
"DE","DEA","DEA2 Köln","DEA2","Köln","ESF","2010","2007-2013","35,138,277","33,120,937","224,831","7,109"
"DE","DEA","DEA2 Köln","DEA2","Köln","ESF","2011","2007-2013","29,652,155","25,593,590","3,578,889","113,174"
"DE","DEA","DEA2 Köln","DEA2","Köln","ESF","2012","2007-2013","11,840,002","25,771,974","2,578,050","81,525"
"DE","DEA","DEA2 Köln","DEA2","Köln","ESF","2013","2007-2013","44,381,936","42,287,587","928,531","29,362"
"DE","DEA","DEA2 Köln","DEA2","Köln","ESF","2014","2007-2013","38,875,682","37,439,239","3,189,649","100,865"
"DE","DEA","DEA2 Köln","DEA2","Köln","ESF","2015","2007-2013","19,578,765","29,654,577","1,922,080","60,781"
"DE","DEA","DEA2 Köln","DEA2","Köln","ESF","2016","2007-2013","14,774,127","0","0","0"
"DE","DEA","DEA2 Köln","DEA2","Köln","ESF","2017","2007-2013","6,913,805","0","0","0"
"DE","DEA","DEA2 Köln","DEA2","Köln","ESF","2020","2007-2013","5,634,093","0","0","0"
"DE","DEA","DEA3 Münster","DEA3","Münster","ERDF","2007","2007-2013","3,265,270","5,071,239","200,654","6,345"
"DE","DEA","DEA3 Münster","DEA3","Münster","ERDF","2008","2007-2013","4,897,905","7,074,312","241,812","7,646"
"DE","DEA","DEA3 Münster","DEA3","Münster","ERDF","2009","2007-2013","10,800,462","14,608,741","423,123","13,380"
"DE","DEA","DEA3 Münster","DEA3","Münster","ERDF","2010","2007-2013","21,128,762","19,959,811","129,877","4,107"
"DE","DEA","DEA3 Münster","DEA3","Münster","ERDF","2011","2007-2013","17,958,494","16,516,073","2,142,911","67,764"
"DE","DEA","DEA3 Münster","DEA3","Münster","ERDF","2012","2007-2013","9,979,255","17,293,910","1,540,493","48,714"
"DE","DEA","DEA3 Münster","DEA3","Münster","ERDF","2013","2007-2013","25,578,552","26,030,256","688,333","21,767"
"DE","DEA","DEA3 Münster","DEA3","Münster","ERDF","2014","2007-2013","25,825,416","26,335,912","2,485,790","78,607"
"DE","DEA","DEA3 Münster","DEA3","Münster","ERDF","2015","2007-2013","21,772,602","23,037,782","1,495,061","47,277"
"DE","DEA","DEA3 Münster","DEA3","Münster","ERDF","2016","2007-2013","13,893,605","0","0","0"
"DE","DEA","DEA3 Münster","DEA3","Münster","ERDF","2018","2007-2013","776,073","0","0","0"
"DE","DEA","DEA3 Münster","DEA3","Münster","ERDF","2020","2007-2013","51,644","0","0","0"
"DE","DEA","DEA3 Münster","DEA3","Münster","ESF","2007","2007-2013","3,701,337","5,751,519","227,408","7,191"
"DE","DEA","DEA3 Münster","DEA3","Münster","ESF","2008","2007-2013","5,552,005","9,486,444","436,412","13,800"
"DE","DEA","DEA3 Münster","DEA3","Münster","ESF","2009","2007-2013","16,206,679","20,160,585","438,572","13,868"
"DE","DEA","DEA3 Münster","DEA3","Münster","ESF","2010","2007-2013","26,914,071","25,340,149","174,581","5,520"
"DE","DEA","DEA3 Münster","DEA3","Münster","ESF","2011","2007-2013","22,651,805","19,418,010","2,721,494","86,061"
"DE","DEA","DEA3 Münster","DEA3","Münster","ESF","2012","2007-2013","8,767,638","19,421,546","1,963,692","62,097"
"DE","DEA","DEA3 Münster","DEA3","Münster","ESF","2013","2007-2013","33,458,260","32,059,403","709,589","22,439"
"DE","DEA","DEA3 Münster","DEA3","Münster","ESF","2014","2007-2013","29,715,086","28,745,190","2,480,293","78,433"
"DE","DEA","DEA3 Münster","DEA3","Münster","ESF","2015","2007-2013","15,277,183","22,915,195","1,488,115","47,058"
"DE","DEA","DEA3 Münster","DEA3","Münster","ESF","2016","2007-2013","11,528,155","0","0","0"
"DE","DEA","DEA3 Münster","DEA3","Münster","ESF","2017","2007-2013","5,394,797","0","0","0"
"DE","DEA","DEA3 Münster","DEA3","Münster","ESF","2020","2007-2013","4,131,024","0","0","0"
"DE","DEA","DEA4 Detmold","DEA4","Detmold","ERDF","2007","2007-2013","1,995,948","3,099,876","122,653","3,878"
"DE","DEA","DEA4 Detmold","DEA4","Detmold","ERDF","2008","2007-2013","2,993,923","4,324,287","147,811","4,674"
"DE","DEA","DEA4 Detmold","DEA4","Detmold","ERDF","2009","2007-2013","6,601,956","8,929,828","258,641","8,178"
"DE","DEA","DEA4 Detmold","DEA4","Detmold","ERDF","2010","2007-2013","12,915,296","12,200,756","79,389","2,510"
"DE","DEA","DEA4 Detmold","DEA4","Detmold","ERDF","2011","2007-2013","10,977,419","10,095,715","1,309,888","41,422"
"DE","DEA","DEA4 Detmold","DEA4","Detmold","ERDF","2012","2007-2013","6,099,980","10,571,179","941,651","29,777"
"DE","DEA","DEA4 Detmold","DEA4","Detmold","ERDF","2013","2007-2013","15,635,300","15,911,411","420,754","13,305"
"DE","DEA","DEA4 Detmold","DEA4","Detmold","ERDF","2014","2007-2013","15,786,200","16,098,249","1,519,479","48,050"
"DE","DEA","DEA4 Detmold","DEA4","Detmold","ERDF","2015","2007-2013","13,308,852","14,082,214","913,880","28,899"
"DE","DEA","DEA4 Detmold","DEA4","Detmold","ERDF","2016","2007-2013","8,492,689","0","0","0"
"DE","DEA","DEA4 Detmold","DEA4","Detmold","ERDF","2018","2007-2013","474,387","0","0","0"
"DE","DEA","DEA4 Detmold","DEA4","Detmold","ERDF","2020","2007-2013","31,568","0","0","0"
"DE","DEA","DEA4 Detmold","DEA4","Detmold","ESF","2007","2007-2013","3,704,485","5,759,979","227,553","7,195"
"DE","DEA","DEA4 Detmold","DEA4","Detmold","ESF","2008","2007-2013","5,556,727","9,500,475","436,592","13,806"
"DE","DEA","DEA4 Detmold","DEA4","Detmold","ESF","2009","2007-2013","16,218,074","20,197,915","440,587","13,932"
"DE","DEA","DEA4 Detmold","DEA4","Detmold","ESF","2010","2007-2013","26,976,993","25,387,464","175,968","5,564"
"DE","DEA","DEA4 Detmold","DEA4","Detmold","ESF","2011","2007-2013","22,679,932","19,386,642","2,719,677","86,003"
"DE","DEA","DEA4 Detmold","DEA4","Detmold","ESF","2012","2007-2013","8,663,877","19,335,516","1,963,963","62,105"
"DE","DEA","DEA4 Detmold","DEA4","Detmold","ESF","2013","2007-2013","33,315,358","31,998,440","711,110","22,487"
"DE","DEA","DEA4 Detmold","DEA4","Detmold","ESF","2014","2007-2013","29,759,126","28,841,061","2,501,557","79,106"
"DE","DEA","DEA4 Detmold","DEA4","Detmold","ESF","2015","2007-2013","15,428,782","23,051,354","1,498,160","47,376"
"DE","DEA","DEA4 Detmold","DEA4","Detmold","ESF","2016","2007-2013","11,642,552","0","0","0"
"DE","DEA","DEA4 Detmold","DEA4","Detmold","ESF","2017","2007-2013","5,448,331","0","0","0"
"DE","DEA","DEA4 Detmold","DEA4","Detmold","ESF","2020","2007-2013","4,064,607","0","0","0"
"DE","DEA","DEA5 Arnsberg","DEA5","Arnsberg","ERDF","2007","2007-2013","7,105,236","11,035,030","436,624","13,807"
"DE","DEA","DEA5 Arnsberg","DEA5","Arnsberg","ERDF","2008","2007-2013","10,657,856","15,393,724","526,184","16,639"
"DE","DEA","DEA5 Arnsberg","DEA5","Arnsberg","ERDF","2009","2007-2013","23,501,838","31,788,665","920,718","29,115"
"DE","DEA","DEA5 Arnsberg","DEA5","Arnsberg","ERDF","2010","2007-2013","45,976,248","43,432,609","282,614","8,937"
"DE","DEA","DEA5 Arnsberg","DEA5","Arnsberg","ERDF","2011","2007-2013","39,077,736","35,939,024","4,662,981","147,456"
"DE","DEA","DEA5 Arnsberg","DEA5","Arnsberg","ERDF","2012","2007-2013","21,714,888","37,631,598","3,352,118","106,003"
"DE","DEA","DEA5 Arnsberg","DEA5","Arnsberg","ERDF","2013","2007-2013","55,659,004","56,641,913","1,497,814","47,365"
"DE","DEA","DEA5 Arnsberg","DEA5","Arnsberg","ERDF","2014","2007-2013","56,196,180","57,307,022","5,409,086","171,050"
"DE","DEA","DEA5 Arnsberg","DEA5","Arnsberg","ERDF","2015","2007-2013","47,377,244","50,130,281","3,253,257","102,877"
"DE","DEA","DEA5 Arnsberg","DEA5","Arnsberg","ERDF","2016","2007-2013","30,232,524","0","0","0"
"DE","DEA","DEA5 Arnsberg","DEA5","Arnsberg","ERDF","2018","2007-2013","1,688,737","0","0","0"
"DE","DEA","DEA5 Arnsberg","DEA5","Arnsberg","ERDF","2020","2007-2013","112,378","0","0","0"
"DE","DEA","DEA5 Arnsberg","DEA5","Arnsberg","ESF","2007","2007-2013","5,578,748","8,658,375","342,904","10,843"
"DE","DEA","DEA5 Arnsberg","DEA5","Arnsberg","ESF","2008","2007-2013","8,368,122","14,280,712","658,343","20,818"
"DE","DEA","DEA5 Arnsberg","DEA5","Arnsberg","ESF","2009","2007-2013","24,434,115","30,327,604","656,216","20,751"
"DE","DEA","DEA5 Arnsberg","DEA5","Arnsberg","ESF","2010","2007-2013","40,448,203","38,117,607","259,502","8,206"
"DE","DEA","DEA5 Arnsberg","DEA5","Arnsberg","ESF","2011","2007-2013","34,115,389","29,406,920","4,113,933","130,094"
"DE","DEA","DEA5 Arnsberg","DEA5","Arnsberg","ESF","2012","2007-2013","13,540,847","29,573,115","2,964,337","93,740"
"DE","DEA","DEA5 Arnsberg","DEA5","Arnsberg","ESF","2013","2007-2013","50,931,480","48,580,669","1,068,158","33,778"
"DE","DEA","DEA5 Arnsberg","DEA5","Arnsberg","ESF","2014","2007-2013","44,732,303","43,116,901","3,682,514","116,451"
"DE","DEA","DEA5 Arnsberg","DEA5","Arnsberg","ESF","2015","2007-2013","22,619,816","34,195,100","2,217,199","70,114"
"DE","DEA","DEA5 Arnsberg","DEA5","Arnsberg","ESF","2016","2007-2013","17,068,902","0","0","0"
"DE","DEA","DEA5 Arnsberg","DEA5","Arnsberg","ESF","2017","2007-2013","7,987,684","0","0","0"
"DE","DEA","DEA5 Arnsberg","DEA5","Arnsberg","ESF","2020","2007-2013","6,431,394","0","0","0"
"DE","DEB","DEB1 Koblenz","DEB1","Koblenz","ERDF","2007","2007-2013","1,423,266","2,130,016","89,264","2,822"
"DE","DEB","DEB1 Koblenz","DEB1","Koblenz","ERDF","2008","2007-2013","2,134,900","3,516,418","174,490","5,517"
"DE","DEB","DEB1 Koblenz","DEB1","Koblenz","ERDF","2009","2007-2013","6,308,098","7,383,902","135,877","4,296"
"DE","DEB","DEB1 Koblenz","DEB1","Koblenz","ERDF","2010","2007-2013","9,557,816","8,055,041","189,805","6,002"
"DE","DEB","DEB1 Koblenz","DEB1","Koblenz","ERDF","2011","2007-2013","5,018,338","7,704,787","864,529","27,338"
"DE","DEB","DEB1 Koblenz","DEB1","Koblenz","ERDF","2012","2007-2013","11,448,998","12,120,572","314,535","9,946"
"DE","DEB","DEB1 Koblenz","DEB1","Koblenz","ERDF","2013","2007-2013","13,108,831","11,148,375","631,229","19,961"
"DE","DEB","DEB1 Koblenz","DEB1","Koblenz","ERDF","2014","2007-2013","4,830,858","7,509,750","1,113,693","35,218"
"DE","DEB","DEB1 Koblenz","DEB1","Koblenz","ERDF","2015","2007-2013","13,700,213","11,594,471","724,698","22,916"
"DE","DEB","DEB1 Koblenz","DEB1","Koblenz","ERDF","2016","2007-2013","73,850","0","0","0"
"DE","DEB","DEB1 Koblenz","DEB1","Koblenz","ERDF","2017","2007-2013","3,558,166","0","0","0"
"DE","DEB","DEB1 Koblenz","DEB1","Koblenz","ESF","2007","2007-2013","1,902,138","2,598,877","131,068","4,144"
"DE","DEB","DEB1 Koblenz","DEB1","Koblenz","ESF","2008","2007-2013","2,853,208","5,039,725","411,320","13,007"
"DE","DEB","DEB1 Koblenz","DEB1","Koblenz","ESF","2009","2007-2013","11,807,191","11,454,004","66,440","2,101"
"DE","DEB","DEB1 Koblenz","DEB1","Koblenz","ESF","2010","2007-2013","10,360,861","11,041,700","128,077","4,050"
"DE","DEB","DEB1 Koblenz","DEB1","Koblenz","ESF","2011","2007-2013","13,148,957","13,462,280","58,941","1,863"
"DE","DEB","DEB1 Koblenz","DEB1","Koblenz","ESF","2012","2007-2013","14,432,041","16,323,838","355,878","11,253"
"DE","DEB","DEB1 Koblenz","DEB1","Koblenz","ESF","2013","2007-2013","22,179,117","19,749,626","457,028","14,452"
"DE","DEB","DEB1 Koblenz","DEB1","Koblenz","ESF","2014","2007-2013","12,230,136","10,445,797","335,663","10,614"
"DE","DEB","DEB1 Koblenz","DEB1","Koblenz","ESF","2015","2007-2013","0","3,720,913","226,153","7,151"
"DE","DEB","DEB1 Koblenz","DEB1","Koblenz","ESF","2017","2007-2013","2,037,292","0","0","0"
"DE","DEB","DEB1 Koblenz","DEB1","Koblenz","ESF","2020","2007-2013","2,885,820","0","0","0"
"DE","DEB","DEB2 Trier","DEB2","Trier","ERDF","2007","2007-2013","668,741","1,000,817","41,942","1,326"
"DE","DEB","DEB2 Trier","DEB2","Trier","ERDF","2008","2007-2013","1,003,112","1,652,237","81,986","2,592"
"DE","DEB","DEB2 Trier","DEB2","Trier","ERDF","2009","2007-2013","2,963,946","3,469,428","63,843","2,018"
"DE","DEB","DEB2 Trier","DEB2","Trier","ERDF","2010","2007-2013","4,490,870","3,784,771","89,182","2,820"
"DE","DEB","DEB2 Trier","DEB2","Trier","ERDF","2011","2007-2013","2,357,935","3,620,199","406,210","12,845"
"DE","DEB","DEB2 Trier","DEB2","Trier","ERDF","2012","2007-2013","5,379,468","5,695,016","147,788","4,673"
"DE","DEB","DEB2 Trier","DEB2","Trier","ERDF","2013","2007-2013","6,159,363","5,238,216","296,591","9,379"
"DE","DEB","DEB2 Trier","DEB2","Trier","ERDF","2014","2007-2013","2,269,845","3,528,559","523,284","16,547"
"DE","DEB","DEB2 Trier","DEB2","Trier","ERDF","2015","2007-2013","6,437,233","5,447,821","340,509","10,767"
"DE","DEB","DEB2 Trier","DEB2","Trier","ERDF","2016","2007-2013","34,699","0","0","0"
"DE","DEB","DEB2 Trier","DEB2","Trier","ERDF","2017","2007-2013","1,671,853","0","0","0"
"DE","DEB","DEB2 Trier","DEB2","Trier","ESF","2007","2007-2013","1,073,130","1,469,466","73,741","2,331"
"DE","DEB","DEB2 Trier","DEB2","Trier","ESF","2008","2007-2013","1,609,695","2,826,739","226,439","7,160"
"DE","DEB","DEB2 Trier","DEB2","Trier","ESF","2009","2007-2013","6,552,646","6,388,106","30,613","968"
"DE","DEB","DEB2 Trier","DEB2","Trier","ESF","2010","2007-2013","5,884,375","6,245,964","67,276","2,127"
"DE","DEB","DEB2 Trier","DEB2","Trier","ESF","2011","2007-2013","7,352,947","7,518,246","30,755","972"
"DE","DEB","DEB2 Trier","DEB2","Trier","ESF","2012","2007-2013","8,024,300","9,167,222","212,648","6,724"
"DE","DEB","DEB2 Trier","DEB2","Trier","ESF","2013","2007-2013","12,666,208","11,262,254","261,215","8,260"
"DE","DEB","DEB2 Trier","DEB2","Trier","ESF","2014","2007-2013","6,964,135","5,927,416","192,888","6,099"
"DE","DEB","DEB2 Trier","DEB2","Trier","ESF","2015","2007-2013","0","2,075,585","126,142","3,988"
"DE","DEB","DEB2 Trier","DEB2","Trier","ESF","2017","2007-2013","1,083,187","0","0","0"
"DE","DEB","DEB2 Trier","DEB2","Trier","ESF","2020","2007-2013","1,670,374","0","0","0"
"DE","DEB","DEB3 Rheinhessen-Pfalz","DEB3","Rheinhessen-Pfalz","ERDF","2007","2007-2013","2,260,267","3,382,644","141,760","4,482"
"DE","DEB","DEB3 Rheinhessen-Pfalz","DEB3","Rheinhessen-Pfalz","ERDF","2008","2007-2013","3,390,400","5,584,368","277,105","8,762"
"DE","DEB","DEB3 Rheinhessen-Pfalz","DEB3","Rheinhessen-Pfalz","ERDF","2009","2007-2013","10,017,789","11,726,256","215,785","6,823"
"DE","DEB","DEB3 Rheinhessen-Pfalz","DEB3","Rheinhessen-Pfalz","ERDF","2010","2007-2013","15,178,612","12,792,081","301,426","9,531"
"DE","DEB","DEB3 Rheinhessen-Pfalz","DEB3","Rheinhessen-Pfalz","ERDF","2011","2007-2013","7,969,543","12,235,848","1,372,945","43,416"
"DE","DEB","DEB3 Rheinhessen-Pfalz","DEB3","Rheinhessen-Pfalz","ERDF","2012","2007-2013","18,181,968","19,248,484","499,508","15,795"
"DE","DEB","DEB3 Rheinhessen-Pfalz","DEB3","Rheinhessen-Pfalz","ERDF","2013","2007-2013","20,817,922","17,704,554","1,002,444","31,700"
"DE","DEB","DEB3 Rheinhessen-Pfalz","DEB3","Rheinhessen-Pfalz","ERDF","2014","2007-2013","7,671,808","11,926,113","1,768,638","55,929"
"DE","DEB","DEB3 Rheinhessen-Pfalz","DEB3","Rheinhessen-Pfalz","ERDF","2015","2007-2013","21,757,086","18,412,992","1,150,881","36,394"
"DE","DEB","DEB3 Rheinhessen-Pfalz","DEB3","Rheinhessen-Pfalz","ERDF","2016","2007-2013","117,280","0","0","0"
"DE","DEB","DEB3 Rheinhessen-Pfalz","DEB3","Rheinhessen-Pfalz","ERDF","2017","2007-2013","5,650,667","0","0","0"
"DE","DEB","DEB3 Rheinhessen-Pfalz","DEB3","Rheinhessen-Pfalz","ESF","2007","2007-2013","2,363,427","3,227,341","162,966","5,153"
"DE","DEB","DEB3 Rheinhessen-Pfalz","DEB3","Rheinhessen-Pfalz","ESF","2008","2007-2013","3,545,141","6,270,875","514,176","16,259"
"DE","DEB","DEB3 Rheinhessen-Pfalz","DEB3","Rheinhessen-Pfalz","ESF","2009","2007-2013","14,730,416","14,272,652","86,351","2,730"
"DE","DEB","DEB3 Rheinhessen-Pfalz","DEB3","Rheinhessen-Pfalz","ESF","2010","2007-2013","12,851,944","13,710,160","161,891","5,119"
"DE","DEB","DEB3 Rheinhessen-Pfalz","DEB3","Rheinhessen-Pfalz","ESF","2011","2007-2013","16,373,706","16,769,261","74,616","2,359"
"DE","DEB","DEB3 Rheinhessen-Pfalz","DEB3","Rheinhessen-Pfalz","ESF","2012","2007-2013","17,996,896","20,306,186","435,619","13,775"
"DE","DEB","DEB3 Rheinhessen-Pfalz","DEB3","Rheinhessen-Pfalz","ESF","2013","2007-2013","27,473,258","24,472,809","565,997","17,898"
"DE","DEB","DEB3 Rheinhessen-Pfalz","DEB3","Rheinhessen-Pfalz","ESF","2014","2007-2013","15,160,668","12,960,037","415,121","13,127"
"DE","DEB","DEB3 Rheinhessen-Pfalz","DEB3","Rheinhessen-Pfalz","ESF","2015","2007-2013","0","4,636,332","281,799","8,911"
"DE","DEB","DEB3 Rheinhessen-Pfalz","DEB3","Rheinhessen-Pfalz","ESF","2017","2007-2013","2,567,833","0","0","0"
"DE","DEB","DEB3 Rheinhessen-Pfalz","DEB3","Rheinhessen-Pfalz","ESF","2020","2007-2013","3,562,364","0","0","0"
"DE","DEC","DEC0 Saarland","DEC0","Saarland","ERDF","2007","2007-2013","3,950,249","7,433,560","285,178","9,018"
"DE","DEC","DEC0 Saarland","DEC0","Saarland","ERDF","2008","2007-2013","5,925,373","5,622,539","623,410","19,713"
"DE","DEC","DEC0 Saarland","DEC0","Saarland","ERDF","2009","2007-2013","4,937,811","3,251,834","1,738,078","54,962"
"DE","DEC","DEC0 Saarland","DEC0","Saarland","ERDF","2010","2007-2013","0","3,842,712","3,867,933","122,314"
"DE","DEC","DEC0 Saarland","DEC0","Saarland","ERDF","2011","2007-2013","0","10,861,308","7,751,410","245,121"
"DE","DEC","DEC0 Saarland","DEC0","Saarland","ERDF","2012","2007-2013","0","37,184,510","6,592,581","208,475"
"DE","DEC","DEC0 Saarland","DEC0","Saarland","ERDF","2013","2007-2013","68,510,272","50,818,811","2,594,538","82,046"
"DE","DEC","DEC0 Saarland","DEC0","Saarland","ERDF","2014","2007-2013","39,169,184","37,913,772","5,962,883","188,562"
"DE","DEC","DEC0 Saarland","DEC0","Saarland","ERDF","2015","2007-2013","37,210,176","24,142,320","2,819,286","89,153"
"DE","DEC","DEC0 Saarland","DEC0","Saarland","ERDF","2016","2007-2013","21,368,304","0","0","0"
"DE","DEC","DEC0 Saarland","DEC0","Saarland","ESF","2007","2007-2013","2,871,639","3,849,473","202,727","6,410"
"DE","DEC","DEC0 Saarland","DEC0","Saarland","ESF","2008","2007-2013","4,307,459","9,613,698","1,100,103","34,788"
"DE","DEC","DEC0 Saarland","DEC0","Saarland","ESF","2009","2007-2013","27,681,991","22,973,728","976,129","30,867"
"DE","DEC","DEC0 Saarland","DEC0","Saarland","ESF","2010","2007-2013","6,941,606","9,361,933","501,788","15,867"
"DE","DEC","DEC0 Saarland","DEC0","Saarland","ESF","2011","2007-2013","17,603,394","18,355,552","155,939","4,931"
"DE","DEC","DEC0 Saarland","DEC0","Saarland","ESF","2012","2007-2013","20,916,730","25,161,040","879,941","27,826"
"DE","DEC","DEC0 Saarland","DEC0","Saarland","ESF","2013","2007-2013","39,613,357","34,016,027","1,160,452","36,696"
"DE","DEC","DEC0 Saarland","DEC0","Saarland","ESF","2014","2007-2013","14,956,541","13,225,820","358,817","11,346"
"DE","DEC","DEC0 Saarland","DEC0","Saarland","ESF","2015","2007-2013","0","5,667,980","345,099","10,913"
"DE","DEC","DEC0 Saarland","DEC0","Saarland","ESF","2017","2007-2013","4,324,516","0","0","0"
"DE","DEC","DEC0 Saarland","DEC0","Saarland","ESF","2020","2007-2013","3,008,018","0","0","0"
"DE","DED","DED2 Dresden","DED2","Dresden","ERDF","2007","2007-2013","28,873,244","42,244,287","1,844,882","58,340"
"DE","DED","DED2 Dresden","DED2","Dresden","ERDF","2008","2007-2013","43,309,860","69,379,875","3,597,035","113,748"
"DE","DED","DED2 Dresden","DED2","Dresden","ERDF","2009","2007-2013","127,752,688","141,205,580","1,856,175","58,697"
"DE","DED","DED2 Dresden","DED2","Dresden","ERDF","2010","2007-2013","171,327,664","170,428,820","124,018","3,921"
"DE","DED","DED2 Dresden","DED2","Dresden","ERDF","2011","2007-2013","168,416,240","167,613,759","110,722","3,501"
"DE","DED","DED2 Dresden","DED2","Dresden","ERDF","2012","2007-2013","165,816,944","185,362,716","18,004,233","569,343"
"DE","DED","DED2 Dresden","DED2","Dresden","ERDF","2013","2007-2013","171,931,488","216,375,011","10,230,735","323,524"
"DE","DED","DED2 Dresden","DED2","Dresden","ERDF","2014","2007-2013","342,307,424","283,990,047","12,532,398","396,309"
"DE","DED","DED2 Dresden","DED2","Dresden","ERDF","2015","2007-2013","151,743,504","127,324,191","7,845,940","248,110"
"DE","DED","DED2 Dresden","DED2","Dresden","ERDF","2018","2007-2013","6,908,859","0","0","0"
"DE","DED","DED2 Dresden","DED2","Dresden","ERDF","2019","2007-2013","25,536,376","0","0","0"
"DE","DED","DED2 Dresden","DED2","Dresden","ESF","2007","2007-2013","9,019,044","12,732,415","597,740","18,902"
"DE","DED","DED2 Dresden","DED2","Dresden","ESF","2008","2007-2013","13,528,566","23,496,619","1,604,554","50,740"
"DE","DED","DED2 Dresden","DED2","Dresden","ESF","2009","2007-2013","49,844,209","50,244,614","64,453","2,038"
"DE","DED","DED2 Dresden","DED2","Dresden","ESF","2010","2007-2013","51,302,965","53,370,515","332,812","10,524"
"DE","DED","DED2 Dresden","DED2","Dresden","ESF","2011","2007-2013","58,835,468","61,648,744","452,852","14,320"
"DE","DED","DED2 Dresden","DED2","Dresden","ESF","2012","2007-2013","69,084,804","78,886,106","2,956,786","93,501"
"DE","DED","DED2 Dresden","DED2","Dresden","ESF","2013","2007-2013","95,804,687","83,957,084","1,934,947","61,188"
"DE","DED","DED2 Dresden","DED2","Dresden","ESF","2014","2007-2013","53,789,971","49,751,498","2,272,849","71,873"
"DE","DED","DED2 Dresden","DED2","Dresden","ESF","2015","2007-2013","33,488,017","34,038,855","2,072,948","65,552"
"DE","DED","DED2 Dresden","DED2","Dresden","ESF","2018","2007-2013","6,969,824","0","0","0"
"DE","DED","DED2 Dresden","DED2","Dresden","ESF","2020","2007-2013","6,458,893","0","0","0"
"DE","DED","DED4 Chemnitz","DED4","Chemnitz","ERDF","2007","2007-2013","25,526,602","37,312,456","1,632,457","51,622"
"DE","DED","DED4 Chemnitz","DED4","Chemnitz","ERDF","2008","2007-2013","38,289,900","61,668,836","3,238,214","102,401"
"DE","DED","DED4 Chemnitz","DED4","Chemnitz","ERDF","2009","2007-2013","114,243,424","125,584,256","1,570,817","49,673"
"DE","DED","DED4 Chemnitz","DED4","Chemnitz","ERDF","2010","2007-2013","151,087,536","151,364,241","38,326","1,211"
"DE","DED","DED4 Chemnitz","DED4","Chemnitz","ERDF","2011","2007-2013","151,986,496","148,865,768","432,251","13,668"
"DE","DED","DED4 Chemnitz","DED4","Chemnitz","ERDF","2012","2007-2013","141,847,872","159,512,381","16,068,146","508,119"
"DE","DED","DED4 Chemnitz","DED4","Chemnitz","ERDF","2013","2007-2013","148,061,776","189,355,315","9,379,477","296,605"
"DE","DED","DED4 Chemnitz","DED4","Chemnitz","ERDF","2014","2007-2013","306,271,232","253,610,448","11,157,342","352,826"
"DE","DED","DED4 Chemnitz","DED4","Chemnitz","ERDF","2015","2007-2013","135,198,816","112,347,570","6,919,798","218,823"
"DE","DED","DED4 Chemnitz","DED4","Chemnitz","ERDF","2018","2007-2013","3,517,739","0","0","0"
"DE","DED","DED4 Chemnitz","DED4","Chemnitz","ERDF","2019","2007-2013","23,589,882","0","0","0"
"DE","DED","DED4 Chemnitz","DED4","Chemnitz","ESF","2007","2007-2013","8,871,485","12,523,709","587,981","18,593"
"DE","DED","DED4 Chemnitz","DED4","Chemnitz","ESF","2008","2007-2013","13,307,228","23,112,257","1,578,538","49,917"
"DE","DED","DED4 Chemnitz","DED4","Chemnitz","ESF","2009","2007-2013","49,032,795","49,429,594","63,881","2,020"
"DE","DED","DED4 Chemnitz","DED4","Chemnitz","ESF","2010","2007-2013","50,478,570","52,509,419","326,952","10,339"
"DE","DED","DED4 Chemnitz","DED4","Chemnitz","ESF","2011","2007-2013","57,878,167","60,646,587","445,695","14,094"
"DE","DED","DED4 Chemnitz","DED4","Chemnitz","ESF","2012","2007-2013","67,965,174","77,607,860","2,907,448","91,941"
"DE","DED","DED4 Chemnitz","DED4","Chemnitz","ESF","2013","2007-2013","94,262,358","82,596,882","1,905,231","60,248"
"DE","DED","DED4 Chemnitz","DED4","Chemnitz","ESF","2014","2007-2013","52,884,009","48,918,403","2,235,014","70,677"
"DE","DED","DED4 Chemnitz","DED4","Chemnitz","ESF","2015","2007-2013","32,915,587","33,480,950","2,038,961","64,477"
"DE","DED","DED4 Chemnitz","DED4","Chemnitz","ESF","2018","2007-2013","6,850,685","0","0","0"
"DE","DED","DED4 Chemnitz","DED4","Chemnitz","ESF","2020","2007-2013","6,379,603","0","0","0"
"DE","DED","DED5 Leipzig","DED5","Leipzig","ERDF","2007","2007-2013","15,452,177","22,688,753","984,179","31,122"
"DE","DED","DED5 Leipzig","DED5","Leipzig","ERDF","2008","2007-2013","23,178,266","36,356,750","1,792,283","56,676"
"DE","DED","DED5 Leipzig","DED5","Leipzig","ERDF","2009","2007-2013","65,388,060","73,873,710","1,154,054","36,494"
"DE","DED","DED5 Leipzig","DED5","Leipzig","ERDF","2010","2007-2013","92,567,024","89,590,311","404,835","12,802"
"DE","DED","DED5 Leipzig","DED5","Leipzig","ERDF","2011","2007-2013","83,032,816","88,220,534","705,533","22,310"
"DE","DED","DED5 Leipzig","DED5","Leipzig","ERDF","2012","2007-2013","99,648,728","109,211,575","9,283,243","293,561"
"DE","DED","DED5 Leipzig","DED5","Leipzig","ERDF","2013","2007-2013","101,065,248","120,182,420","4,712,721","149,029"
"DE","DED","DED5 Leipzig","DED5","Leipzig","ERDF","2014","2007-2013","174,833,904","146,200,391","6,545,411","206,984"
"DE","DED","DED5 Leipzig","DED5","Leipzig","ERDF","2015","2007-2013","78,812,200","68,639,463","4,237,542","134,002"
"DE","DED","DED5 Leipzig","DED5","Leipzig","ERDF","2018","2007-2013","9,646,476","0","0","0"
"DE","DED","DED5 Leipzig","DED5","Leipzig","ERDF","2019","2007-2013","11,339,012","0","0","0"
"DE","DED","DED5 Leipzig","DED5","Leipzig","ESF","2007","2007-2013","7,930,766","11,193,588","525,744","16,625"
"DE","DED","DED5 Leipzig","DED5","Leipzig","ESF","2008","2007-2013","11,896,149","20,661,798","1,412,425","44,664"
"DE","DED","DED5 Leipzig","DED5","Leipzig","ESF","2009","2007-2013","43,855,432","44,226,038","59,716","1,888"
"DE","DED","DED5 Leipzig","DED5","Leipzig","ESF","2010","2007-2013","45,206,650","47,006,658","290,038","9,171"
"DE","DED","DED5 Leipzig","DED5","Leipzig","ESF","2011","2007-2013","51,769,422","54,250,607","399,797","12,642"
"DE","DED","DED5 Leipzig","DED5","Leipzig","ESF","2012","2007-2013","60,815,743","69,445,320","2,593,969","82,028"
"DE","DED","DED5 Leipzig","DED5","Leipzig","ESF","2013","2007-2013","84,402,454","73,910,820","1,713,706","54,192"
"DE","DED","DED5 Leipzig","DED5","Leipzig","ESF","2014","2007-2013","47,136,400","43,627,945","1,994,518","63,072"
"DE","DED","DED5 Leipzig","DED5","Leipzig","ESF","2015","2007-2013","29,292,824","29,925,261","1,822,362","57,628"
"DE","DED","DED5 Leipzig","DED5","Leipzig","ESF","2018","2007-2013","6,096,684","0","0","0"
"DE","DED","DED5 Leipzig","DED5","Leipzig","ESF","2020","2007-2013","5,845,509","0","0","0"
"DE","DEE","DEE0 Sachsen-Anhalt","DEE0","Sachsen-Anhalt","ERDF","2007","2007-2013","42,668,780","56,305,939","3,074,889","97,236"
"DE","DEE","DEE0 Sachsen-Anhalt","DEE0","Sachsen-Anhalt","ERDF","2008","2007-2013","64,003,172","136,493,983","16,345,135","516,878"
"DE","DEE","DEE0 Sachsen-Anhalt","DEE0","Sachsen-Anhalt","ERDF","2009","2007-2013","404,223,712","362,987,580","9,297,870","294,024"
"DE","DEE","DEE0 Sachsen-Anhalt","DEE0","Sachsen-Anhalt","ERDF","2010","2007-2013","210,690,512","243,081,037","7,303,374","230,952"
"DE","DEE","DEE0 Sachsen-Anhalt","DEE0","Sachsen-Anhalt","ERDF","2011","2007-2013","362,708,704","325,217,608","8,453,444","267,321"
"DE","DEE","DEE0 Sachsen-Anhalt","DEE0","Sachsen-Anhalt","ERDF","2012","2007-2013","186,752,048","199,066,365","2,776,616","87,804"
"DE","DEE","DEE0 Sachsen-Anhalt","DEE0","Sachsen-Anhalt","ERDF","2013","2007-2013","244,546,736","206,301,294","8,623,533","272,700"
"DE","DEE","DEE0 Sachsen-Anhalt","DEE0","Sachsen-Anhalt","ERDF","2014","2007-2013","65,049,716","148,393,415","18,792,230","594,262"
"DE","DEE","DEE0 Sachsen-Anhalt","DEE0","Sachsen-Anhalt","ERDF","2015","2007-2013","387,365,632","359,002,178","21,917,399","693,089"
"DE","DEE","DEE0 Sachsen-Anhalt","DEE0","Sachsen-Anhalt","ERDF","2016","2007-2013","58,758,056","0","0","0"
"DE","DEE","DEE0 Sachsen-Anhalt","DEE0","Sachsen-Anhalt","ERDF","2018","2007-2013","10,082,337","0","0","0"
"DE","DEE","DEE0 Sachsen-Anhalt","DEE0","Sachsen-Anhalt","ESF","2007","2007-2013","16,909,406","24,142,964","1,106,897","35,003"
"DE","DEE","DEE0 Sachsen-Anhalt","DEE0","Sachsen-Anhalt","ESF","2008","2007-2013","25,364,109","47,129,812","3,330,644","105,324"
"DE","DEE","DEE0 Sachsen-Anhalt","DEE0","Sachsen-Anhalt","ESF","2009","2007-2013","101,684,448","104,860,883","486,066","15,370"
"DE","DEE","DEE0 Sachsen-Anhalt","DEE0","Sachsen-Anhalt","ESF","2010","2007-2013","112,822,457","99,572,886","2,027,483","64,114"
"DE","DEE","DEE0 Sachsen-Anhalt","DEE0","Sachsen-Anhalt","ESF","2011","2007-2013","66,363,505","83,983,428","2,696,246","85,262"
"DE","DEE","DEE0 Sachsen-Anhalt","DEE0","Sachsen-Anhalt","ESF","2012","2007-2013","128,146,873","130,448,025","4,995,240","157,963"
"DE","DEE","DEE0 Sachsen-Anhalt","DEE0","Sachsen-Anhalt","ESF","2013","2007-2013","118,914,220","115,556,268","1,154,016","36,493"
"DE","DEE","DEE0 Sachsen-Anhalt","DEE0","Sachsen-Anhalt","ESF","2014","2007-2013","103,542,677","103,721,873","6,016,788","190,267"
"DE","DEE","DEE0 Sachsen-Anhalt","DEE0","Sachsen-Anhalt","ESF","2015","2007-2013","98,303,102","89,401,158","5,458,078","172,599"
"DE","DEE","DEE0 Sachsen-Anhalt","DEE0","Sachsen-Anhalt","ESF","2016","2007-2013","17,981,529","0","0","0"
"DE","DEE","DEE0 Sachsen-Anhalt","DEE0","Sachsen-Anhalt","ESF","2020","2007-2013","8,784,971","0","0","0"
"DE","DEF","DEF0 Schleswig-Holstein","DEF0","Schleswig-Holstein","ERDF","2007","2007-2013","7,477,775","12,947,511","988,669","31,264"
"DE","DEF","DEF0 Schleswig-Holstein","DEF0","Schleswig-Holstein","ERDF","2008","2007-2013","21,738,822","26,219,482","809,891","25,611"
"DE","DEF","DEF0 Schleswig-Holstein","DEF0","Schleswig-Holstein","ERDF","2009","2007-2013","39,546,680","39,965,051","75,621","2,391"
"DE","DEF","DEF0 Schleswig-Holstein","DEF0","Schleswig-Holstein","ERDF","2010","2007-2013","41,209,448","46,045,850","874,192","27,644"
"DE","DEF","DEF0 Schleswig-Holstein","DEF0","Schleswig-Holstein","ERDF","2011","2007-2013","60,431,160","53,717,605","1,213,492","38,374"
"DE","DEF","DEF0 Schleswig-Holstein","DEF0","Schleswig-Holstein","ERDF","2012","2007-2013","33,748,928","40,679,629","2,017,287","63,792"
"DE","DEF","DEF0 Schleswig-Holstein","DEF0","Schleswig-Holstein","ERDF","2013","2007-2013","55,118,632","51,725,430","1,339,279","42,351"
"DE","DEF","DEF0 Schleswig-Holstein","DEF0","Schleswig-Holstein","ERDF","2014","2007-2013","36,955,588","41,267,261","2,873,175","90,857"
"DE","DEF","DEF0 Schleswig-Holstein","DEF0","Schleswig-Holstein","ERDF","2015","2007-2013","48,418,284","48,603,756","2,953,640","93,402"
"DE","DEF","DEF0 Schleswig-Holstein","DEF0","Schleswig-Holstein","ERDF","2016","2007-2013","10,549,019","0","0","0"
"DE","DEF","DEF0 Schleswig-Holstein","DEF0","Schleswig-Holstein","ERDF","2017","2007-2013","5,977,244","0","0","0"
"DE","DEF","DEF0 Schleswig-Holstein","DEF0","Schleswig-Holstein","ESF","2007","2007-2013","3,732,160","4,994,229","264,077","8,350"
"DE","DEF","DEF0 Schleswig-Holstein","DEF0","Schleswig-Holstein","ESF","2008","2007-2013","5,598,241","11,097,943","1,150,768","36,390"
"DE","DEF","DEF0 Schleswig-Holstein","DEF0","Schleswig-Holstein","ESF","2009","2007-2013","29,993,635","25,605,522","918,177","29,035"
"DE","DEF","DEF0 Schleswig-Holstein","DEF0","Schleswig-Holstein","ESF","2010","2007-2013","10,528,991","16,038,966","1,152,917","36,458"
"DE","DEF","DEF0 Schleswig-Holstein","DEF0","Schleswig-Holstein","ESF","2011","2007-2013","34,969,953","32,622,695","491,144","15,531"
"DE","DEF","DEF0 Schleswig-Holstein","DEF0","Schleswig-Holstein","ESF","2012","2007-2013","24,558,067","29,266,365","985,173","31,153"
"DE","DEF","DEF0 Schleswig-Holstein","DEF0","Schleswig-Holstein","ESF","2013","2007-2013","45,442,979","39,743,856","1,192,495","37,710"
"DE","DEF","DEF0 Schleswig-Holstein","DEF0","Schleswig-Holstein","ESF","2014","2007-2013","20,163,001","17,794,187","495,655","15,673"
"DE","DEF","DEF0 Schleswig-Holstein","DEF0","Schleswig-Holstein","ESF","2015","2007-2013","0","7,478,758","455,464","14,403"
"DE","DEF","DEF0 Schleswig-Holstein","DEF0","Schleswig-Holstein","ESF","2017","2007-2013","5,000,586","0","0","0"
"DE","DEF","DEF0 Schleswig-Holstein","DEF0","Schleswig-Holstein","ESF","2020","2007-2013","4,654,908","0","0","0"
"DE","DEG","DEG0 Thüringen","DEG0","Thüringen","ERDF","2007","2007-2013","35,989,432","46,727,551","2,650,186","83,806"
"DE","DEG","DEG0 Thüringen","DEG0","Thüringen","ERDF","2008","2007-2013","53,984,148","83,956,034","7,397,113","233,917"
"DE","DEG","DEG0 Thüringen","DEG0","Thüringen","ERDF","2009","2007-2013","204,662,928","215,438,394","2,659,403","84,097"
"DE","DEG","DEG0 Thüringen","DEG0","Thüringen","ERDF","2010","2007-2013","258,834,832","270,197,675","2,804,369","88,681"
"DE","DEG","DEG0 Thüringen","DEG0","Thüringen","ERDF","2011","2007-2013","315,959,680","322,560,206","1,629,021","51,514"
"DE","DEG","DEG0 Thüringen","DEG0","Thüringen","ERDF","2012","2007-2013","349,142,752","332,957,169","3,994,629","126,321"
"DE","DEG","DEG0 Thüringen","DEG0","Thüringen","ERDF","2013","2007-2013","267,772,368","246,431,709","5,266,911","166,554"
"DE","DEG","DEG0 Thüringen","DEG0","Thüringen","ERDF","2014","2007-2013","160,485,680","158,925,038","385,169","12,180"
"DE","DEG","DEG0 Thüringen","DEG0","Thüringen","ERDF","2015","2007-2013","62,666,232","122,277,848","7,493,383","236,961"
"DE","DEG","DEG0 Thüringen","DEG0","Thüringen","ERDF","2018","2007-2013","89,973,576","0","0","0"
"DE","DEG","DEG0 Thüringen","DEG0","Thüringen","ESF","2007","2007-2013","15,928,037","31,558,133","2,991,838","94,610"
"DE","DEG","DEG0 Thüringen","DEG0","Thüringen","ESF","2008","2007-2013","64,845,987","76,495,064","2,229,810","70,512"
"DE","DEG","DEG0 Thüringen","DEG0","Thüringen","ESF","2009","2007-2013","113,175,563","115,735,165","489,946","15,493"
"DE","DEG","DEG0 Thüringen","DEG0","Thüringen","ESF","2010","2007-2013","123,794,813","99,866,532","4,580,237","144,839"
"DE","DEG","DEG0 Thüringen","DEG0","Thüringen","ESF","2011","2007-2013","24,521,399","48,713,414","4,630,720","146,436"
"DE","DEG","DEG0 Thüringen","DEG0","Thüringen","ESF","2012","2007-2013","124,888,992","122,622,836","433,776","13,717"
"DE","DEG","DEG0 Thüringen","DEG0","Thüringen","ESF","2013","2007-2013","115,487,187","108,972,487","1,247,012","39,434"
"DE","DEG","DEG0 Thüringen","DEG0","Thüringen","ESF","2014","2007-2013","88,459,063","98,828,137","1,984,798","62,764"
"DE","DEG","DEG0 Thüringen","DEG0","Thüringen","ESF","2015","2007-2013","83,416,993","99,787,448","6,066,088","191,826"
"DE","DEG","DEG0 Thüringen","DEG0","Thüringen","ESF","2016","2007-2013","9,286,245","0","0","0"
"DE","DEG","DEG0 Thüringen","DEG0","Thüringen","ESF","2017","2007-2013","31,450,455","0","0","0"
"DE","DEG","DEG0 Thüringen","DEG0","Thüringen","ESF","2020","2007-2013","7,324,480","0","0","0"
"DK","DK0","DK01 Hovedstaden","DK01","Hovedstaden","ERDF","2007","2007-2013","1,194,717","1,859,911","73,356","2,319"
"DK","DK0","DK01 Hovedstaden","DK01","Hovedstaden","ERDF","2008","2007-2013","1,792,076","1,954,040","17,861","564"
"DK","DK0","DK01 Hovedstaden","DK01","Hovedstaden","ERDF","2009","2007-2013","2,228,417","3,137,682","100,272","3,170"
"DK","DK0","DK01 Hovedstaden","DK01","Hovedstaden","ERDF","2010","2007-2013","4,678,038","8,667,376","439,940","13,912"
"DK","DK0","DK01 Hovedstaden","DK01","Hovedstaden","ERDF","2011","2007-2013","15,425,586","11,879,697","596,596","18,866"
"DK","DK0","DK01 Hovedstaden","DK01","Hovedstaden","ERDF","2012","2007-2013","5,021,670","4,734,422","1,125,451","35,589"
"DK","DK0","DK01 Hovedstaden","DK01","Hovedstaden","ERDF","2013","2007-2013","0","5,834,854","926,809","29,308"
"DK","DK0","DK01 Hovedstaden","DK01","Hovedstaden","ERDF","2014","2007-2013","17,891,864","14,434,330","876,501","27,717"
"DK","DK0","DK01 Hovedstaden","DK01","Hovedstaden","ERDF","2015","2007-2013","8,516,726","7,233,575","470,885","14,890"
"DK","DK0","DK01 Hovedstaden","DK01","Hovedstaden","ERDF","2017","2007-2013","2,986,794","0","0","0"
"DK","DK0","DK01 Hovedstaden","DK01","Hovedstaden","ESF","2007","2007-2013","1,437,949","2,314,696","87,909","2,779"
"DK","DK0","DK01 Hovedstaden","DK01","Hovedstaden","ESF","2008","2007-2013","2,156,924","4,015,396","186,344","5,892"
"DK","DK0","DK01 Hovedstaden","DK01","Hovedstaden","ESF","2009","2007-2013","6,729,036","6,476,876","25,283","799"
"DK","DK0","DK01 Hovedstaden","DK01","Hovedstaden","ESF","2010","2007-2013","6,108,687","7,372,811","771,864","24,408"
"DK","DK0","DK01 Hovedstaden","DK01","Hovedstaden","ESF","2011","2007-2013","8,143,188","7,701,520","1,266,784","40,059"
"DK","DK0","DK01 Hovedstaden","DK01","Hovedstaden","ESF","2012","2007-2013","3,980,163","8,559,557","984,710","31,139"
"DK","DK0","DK01 Hovedstaden","DK01","Hovedstaden","ESF","2013","2007-2013","13,169,547","13,673,098","659,628","20,859"
"DK","DK0","DK01 Hovedstaden","DK01","Hovedstaden","ESF","2014","2007-2013","16,399,482","13,609,269","1,072,012","33,900"
"DK","DK0","DK01 Hovedstaden","DK01","Hovedstaden","ESF","2015","2007-2013","10,177,631","8,174,257","561,324","17,750"
"DK","DK0","DK01 Hovedstaden","DK01","Hovedstaden","ESF","2017","2007-2013","3,594,874","0","0","0"
"DK","DK0","DK02 Sjælland","DK02","Sjælland","ERDF","2007","2007-2013","669,537","1,042,321","41,110","1,300"
"DK","DK0","DK02 Sjælland","DK02","Sjælland","ERDF","2008","2007-2013","1,004,306","1,095,073","10,009","316"
"DK","DK0","DK02 Sjælland","DK02","Sjælland","ERDF","2009","2007-2013","1,248,838","1,758,403","56,194","1,777"
"DK","DK0","DK02 Sjælland","DK02","Sjælland","ERDF","2010","2007-2013","2,621,641","4,857,325","246,548","7,796"
"DK","DK0","DK02 Sjælland","DK02","Sjælland","ERDF","2011","2007-2013","8,644,725","6,657,557","334,341","10,572"
"DK","DK0","DK02 Sjælland","DK02","Sjælland","ERDF","2012","2007-2013","2,814,218","2,653,240","630,719","19,945"
"DK","DK0","DK02 Sjælland","DK02","Sjælland","ERDF","2013","2007-2013","0","3,269,938","519,397","16,424"
"DK","DK0","DK02 Sjælland","DK02","Sjælland","ERDF","2014","2007-2013","10,026,863","8,089,210","491,204","15,533"
"DK","DK0","DK02 Sjælland","DK02","Sjælland","ERDF","2015","2007-2013","4,772,898","4,053,802","263,890","8,344"
"DK","DK0","DK02 Sjælland","DK02","Sjælland","ERDF","2017","2007-2013","1,673,843","0","0","0"
"DK","DK0","DK02 Sjælland","DK02","Sjælland","ESF","2007","2007-2013","859,792","1,384,024","52,563","1,662"
"DK","DK0","DK02 Sjælland","DK02","Sjælland","ESF","2008","2007-2013","1,289,688","2,400,923","111,421","3,523"
"DK","DK0","DK02 Sjælland","DK02","Sjælland","ESF","2009","2007-2013","4,023,488","3,872,714","15,117","478"
"DK","DK0","DK02 Sjælland","DK02","Sjælland","ESF","2010","2007-2013","3,652,563","4,408,420","461,520","14,594"
"DK","DK0","DK02 Sjælland","DK02","Sjælland","ESF","2011","2007-2013","4,869,051","4,604,965","757,447","23,952"
"DK","DK0","DK02 Sjælland","DK02","Sjælland","ESF","2012","2007-2013","2,379,856","5,118,011","588,787","18,619"
"DK","DK0","DK02 Sjælland","DK02","Sjælland","ESF","2013","2007-2013","7,874,459","8,175,547","394,411","12,472"
"DK","DK0","DK02 Sjælland","DK02","Sjælland","ESF","2014","2007-2013","9,805,732","8,137,382","640,987","20,269"
"DK","DK0","DK02 Sjælland","DK02","Sjælland","ESF","2015","2007-2013","6,085,505","4,887,628","335,632","10,613"
"DK","DK0","DK02 Sjælland","DK02","Sjælland","ESF","2017","2007-2013","2,149,480","0","0","0"
"DK","DK0","DK03 Syddanmark","DK03","Syddanmark","ERDF","2007","2007-2013","1,077,882","1,678,024","66,183","2,092"
"DK","DK0","DK03 Syddanmark","DK03","Syddanmark","ERDF","2008","2007-2013","1,616,823","1,762,948","16,114","509"
"DK","DK0","DK03 Syddanmark","DK03","Syddanmark","ERDF","2009","2007-2013","2,010,493","2,830,838","90,466","2,860"
"DK","DK0","DK03 Syddanmark","DK03","Syddanmark","ERDF","2010","2007-2013","4,220,557","7,819,765","396,916","12,551"
"DK","DK0","DK03 Syddanmark","DK03","Syddanmark","ERDF","2011","2007-2013","13,917,066","10,717,942","538,253","17,021"
"DK","DK0","DK03 Syddanmark","DK03","Syddanmark","ERDF","2012","2007-2013","4,530,585","4,271,428","1,015,389","32,109"
"DK","DK0","DK03 Syddanmark","DK03","Syddanmark","ERDF","2013","2007-2013","0","5,264,245","836,173","26,442"
"DK","DK0","DK03 Syddanmark","DK03","Syddanmark","ERDF","2014","2007-2013","16,142,160","13,022,749","790,785","25,006"
"DK","DK0","DK03 Syddanmark","DK03","Syddanmark","ERDF","2015","2007-2013","7,683,848","6,526,180","424,835","13,434"
"DK","DK0","DK03 Syddanmark","DK03","Syddanmark","ERDF","2017","2007-2013","2,694,706","0","0","0"
"DK","DK0","DK03 Syddanmark","DK03","Syddanmark","ESF","2007","2007-2013","980,859","1,578,909","59,965","1,896"
"DK","DK0","DK03 Syddanmark","DK03","Syddanmark","ESF","2008","2007-2013","1,471,289","2,738,997","127,110","4,019"
"DK","DK0","DK03 Syddanmark","DK03","Syddanmark","ESF","2009","2007-2013","4,590,036","4,418,032","17,246","545"
"DK","DK0","DK03 Syddanmark","DK03","Syddanmark","ESF","2010","2007-2013","4,166,881","5,029,171","526,507","16,649"
"DK","DK0","DK03 Syddanmark","DK03","Syddanmark","ESF","2011","2007-2013","5,554,663","5,253,391","864,104","27,325"
"DK","DK0","DK03 Syddanmark","DK03","Syddanmark","ESF","2012","2007-2013","2,714,964","5,838,678","671,694","21,240"
"DK","DK0","DK03 Syddanmark","DK03","Syddanmark","ESF","2013","2007-2013","8,983,263","9,326,747","449,948","14,228"
"DK","DK0","DK03 Syddanmark","DK03","Syddanmark","ESF","2014","2007-2013","11,186,478","9,283,208","731,245","23,124"
"DK","DK0","DK03 Syddanmark","DK03","Syddanmark","ESF","2015","2007-2013","6,942,406","5,575,856","382,892","12,108"
"DK","DK0","DK03 Syddanmark","DK03","Syddanmark","ESF","2017","2007-2013","2,452,149","0","0","0"
"DK","DK0","DK04 Midtjylland","DK04","Midtjylland","ERDF","2007","2007-2013","870,153","1,354,636","53,428","1,689"
"DK","DK0","DK04 Midtjylland","DK04","Midtjylland","ERDF","2008","2007-2013","1,305,230","1,423,194","13,008","411"
"DK","DK0","DK04 Midtjylland","DK04","Midtjylland","ERDF","2009","2007-2013","1,623,032","2,285,280","73,032","2,309"
"DK","DK0","DK04 Midtjylland","DK04","Midtjylland","ERDF","2010","2007-2013","3,407,174","6,312,744","320,423","10,132"
"DK","DK0","DK04 Midtjylland","DK04","Midtjylland","ERDF","2011","2007-2013","11,234,977","8,652,386","434,521","13,740"
"DK","DK0","DK04 Midtjylland","DK04","Midtjylland","ERDF","2012","2007-2013","3,657,453","3,448,240","819,704","25,921"
"DK","DK0","DK04 Midtjylland","DK04","Midtjylland","ERDF","2013","2007-2013","0","4,249,722","675,026","21,346"
"DK","DK0","DK04 Midtjylland","DK04","Midtjylland","ERDF","2014","2007-2013","13,031,252","10,513,012","638,385","20,187"
"DK","DK0","DK04 Midtjylland","DK04","Midtjylland","ERDF","2015","2007-2013","6,203,021","5,268,458","342,961","10,845"
"DK","DK0","DK04 Midtjylland","DK04","Midtjylland","ERDF","2017","2007-2013","2,175,383","0","0","0"
"DK","DK0","DK04 Midtjylland","DK04","Midtjylland","ESF","2007","2007-2013","973,037","1,566,317","59,486","1,881"
"DK","DK0","DK04 Midtjylland","DK04","Midtjylland","ESF","2008","2007-2013","1,459,555","2,717,153","126,096","3,987"
"DK","DK0","DK04 Midtjylland","DK04","Midtjylland","ESF","2009","2007-2013","4,553,428","4,382,796","17,108","541"
"DK","DK0","DK04 Midtjylland","DK04","Midtjylland","ESF","2010","2007-2013","4,133,648","4,989,061","522,308","16,516"
"DK","DK0","DK04 Midtjylland","DK04","Midtjylland","ESF","2011","2007-2013","5,510,362","5,211,492","857,212","27,107"
"DK","DK0","DK04 Midtjylland","DK04","Midtjylland","ESF","2012","2007-2013","2,693,311","5,792,112","666,337","21,071"
"DK","DK0","DK04 Midtjylland","DK04","Midtjylland","ESF","2013","2007-2013","8,911,617","9,252,362","446,360","14,115"
"DK","DK0","DK04 Midtjylland","DK04","Midtjylland","ESF","2014","2007-2013","11,097,261","9,209,170","725,413","22,939"
"DK","DK0","DK04 Midtjylland","DK04","Midtjylland","ESF","2015","2007-2013","6,887,037","5,531,386","379,838","12,011"
"DK","DK0","DK04 Midtjylland","DK04","Midtjylland","ESF","2017","2007-2013","2,432,592","0","0","0"
"DK","DK0","DK05 Nordjylland","DK05","Nordjylland","ERDF","2007","2007-2013","1,283,481","1,998,096","78,807","2,492"
"DK","DK0","DK05 Nordjylland","DK05","Nordjylland","ERDF","2008","2007-2013","1,925,221","2,099,218","19,188","606"
"DK","DK0","DK05 Nordjylland","DK05","Nordjylland","ERDF","2009","2007-2013","2,393,981","3,370,800","107,722","3,406"
"DK","DK0","DK05 Nordjylland","DK05","Nordjylland","ERDF","2010","2007-2013","5,025,599","9,311,331","472,626","14,945"
"DK","DK0","DK05 Nordjylland","DK05","Nordjylland","ERDF","2011","2007-2013","16,571,652","12,762,316","640,921","20,267"
"DK","DK0","DK05 Nordjylland","DK05","Nordjylland","ERDF","2012","2007-2013","5,394,763","5,086,173","1,209,068","38,234"
"DK","DK0","DK05 Nordjylland","DK05","Nordjylland","ERDF","2013","2007-2013","0","6,268,362","995,667","31,485"
"DK","DK0","DK05 Nordjylland","DK05","Nordjylland","ERDF","2014","2007-2013","19,221,164","15,506,748","941,622","29,776"
"DK","DK0","DK05 Nordjylland","DK05","Nordjylland","ERDF","2015","2007-2013","9,149,488","7,771,004","505,870","15,997"
"DK","DK0","DK05 Nordjylland","DK05","Nordjylland","ERDF","2017","2007-2013","3,208,702","0","0","0"
"DK","DK0","DK05 Nordjylland","DK05","Nordjylland","ESF","2007","2007-2013","844,133","1,358,818","51,606","1,631"
"DK","DK0","DK05 Nordjylland","DK05","Nordjylland","ESF","2008","2007-2013","1,266,200","2,357,196","109,391","3,459"
"DK","DK0","DK05 Nordjylland","DK05","Nordjylland","ESF","2009","2007-2013","3,950,210","3,802,183","14,842","469"
"DK","DK0","DK05 Nordjylland","DK05","Nordjylland","ESF","2010","2007-2013","3,586,041","4,328,132","453,115","14,328"
"DK","DK0","DK05 Nordjylland","DK05","Nordjylland","ESF","2011","2007-2013","4,780,374","4,521,097","743,652","23,516"
"DK","DK0","DK05 Nordjylland","DK05","Nordjylland","ESF","2012","2007-2013","2,336,513","5,024,799","578,063","18,279"
"DK","DK0","DK05 Nordjylland","DK05","Nordjylland","ESF","2013","2007-2013","7,731,045","8,026,649","387,228","12,245"
"DK","DK0","DK05 Nordjylland","DK05","Nordjylland","ESF","2014","2007-2013","9,627,145","7,989,180","629,313","19,900"
"DK","DK0","DK05 Nordjylland","DK05","Nordjylland","ESF","2015","2007-2013","5,974,672","4,798,612","329,519","10,420"
"DK","DK0","DK05 Nordjylland","DK05","Nordjylland","ESF","2017","2007-2013","2,110,333","0","0","0"
"EE","EE0","EE00 Eesti","EE00","Eesti","CF","2007","2007-2013","28,793,282","37,548,459","2,293,142","72,515"
"EE","EE0","EE00 Eesti","EE00","Eesti","CF","2008","2007-2013","46,069,252","53,847,222","2,037,193","64,421"
"EE","EE0","EE00 Eesti","EE00","Eesti","CF","2009","2007-2013","86,996,496","91,305,841","1,128,697","35,692"
"EE","EE0","EE00 Eesti","EE00","Eesti","CF","2010","2007-2013","109,672,032","97,862,812","3,093,052","97,810"
"EE","EE0","EE00 Eesti","EE00","Eesti","CF","2011","2007-2013","47,532,584","96,181,397","12,742,020","402,938"
"EE","EE0","EE00 Eesti","EE00","Eesti","CF","2012","2007-2013","303,519,904","307,163,710","954,379","30,180"
"EE","EE0","EE00 Eesti","EE00","Eesti","CF","2013","2007-2013","322,693,408","288,807,314","8,875,392","280,664"
"EE","EE0","EE00 Eesti","EE00","Eesti","CF","2014","2007-2013","144,386,688","128,742,468","4,097,509","129,574"
"EE","EE0","EE00 Eesti","EE00","Eesti","CF","2015","2007-2013","4,481,120","50,272,103","3,089,479","97,697"
"EE","EE0","EE00 Eesti","EE00","Eesti","CF","2019","2007-2013","57,586,564","0","0","0"
"EE","EE0","EE00 Eesti","EE00","Eesti","ERDF","2007","2007-2013","37,204,220","47,290,066","2,819,087","89,147"
"EE","EE0","EE00 Eesti","EE00","Eesti","ERDF","2008","2007-2013","55,806,328","105,829,392","13,981,912","442,146"
"EE","EE0","EE00 Eesti","EE00","Eesti","ERDF","2009","2007-2013","332,590,592","333,740,615","321,442","10,164"
"EE","EE0","EE00 Eesti","EE00","Eesti","ERDF","2010","2007-2013","338,953,824","307,191,672","8,877,817","280,741"
"EE","EE0","EE00 Eesti","EE00","Eesti","ERDF","2011","2007-2013","163,209,616","178,846,731","4,370,719","138,214"
"EE","EE0","EE00 Eesti","EE00","Eesti","ERDF","2012","2007-2013","249,731,856","257,308,401","2,117,714","66,968"
"EE","EE0","EE00 Eesti","EE00","Eesti","ERDF","2013","2007-2013","291,653,888","277,222,237","4,033,780","127,559"
"EE","EE0","EE00 Eesti","EE00","Eesti","ERDF","2014","2007-2013","211,801,648","205,920,217","1,643,914","51,985"
"EE","EE0","EE00 Eesti","EE00","Eesti","ERDF","2015","2007-2013","86,248,360","146,861,549","9,055,364","286,355"
"EE","EE0","EE00 Eesti","EE00","Eesti","ERDF","2019","2007-2013","93,010,552","0","0","0"
"EE","EE0","EE00 Eesti","EE00","Eesti","ESF","2007","2007-2013","7,830,346","9,664,987","617,346","19,522"
"EE","EE0","EE00 Eesti","EE00","Eesti","ESF","2008","2007-2013","11,745,519","18,505,582","2,274,725","71,933"
"EE","EE0","EE00 Eesti","EE00","Eesti","ESF","2009","2007-2013","55,023,992","58,814,473","1,275,477","40,334"
"EE","EE0","EE00 Eesti","EE00","Eesti","ESF","2010","2007-2013","79,290,962","71,328,955","2,679,173","84,722"
"EE","EE0","EE00 Eesti","EE00","Eesti","ESF","2011","2007-2013","28,317,542","40,375,047","4,057,287","128,302"
"EE","EE0","EE00 Eesti","EE00","Eesti","ESF","2012","2007-2013","105,510,673","99,064,803","2,169,001","68,589"
"EE","EE0","EE00 Eesti","EE00","Eesti","ESF","2013","2007-2013","64,243,686","57,329,536","2,326,574","73,572"
"EE","EE0","EE00 Eesti","EE00","Eesti","ESF","2014","2007-2013","19,978,738","19,915,810","21,175","669"
"EE","EE0","EE00 Eesti","EE00","Eesti","ESF","2015","2007-2013","0","16,518,131","1,028,911","32,537"
"EE","EE0","EE00 Eesti","EE00","Eesti","ESF","2020","2007-2013","19,575,866","0","0","0"
"FI","FI1","FI19 Länsi-Suomi","FI19","Länsi-Suomi","ERDF","2007","2007-2013","3,187,517","4,658,651","203,868","6,446"
"FI","FI1","FI19 Länsi-Suomi","FI19","Länsi-Suomi","ERDF","2008","2007-2013","4,781,275","8,676,634","539,815","17,070"
"FI","FI1","FI19 Länsi-Suomi","FI19","Länsi-Suomi","ERDF","2009","2007-2013","17,441,422","16,316,362","155,909","4,930"
"FI","FI1","FI19 Länsi-Suomi","FI19","Länsi-Suomi","ERDF","2010","2007-2013","13,784,913","16,227,124","338,439","10,702"
"FI","FI1","FI19 Länsi-Suomi","FI19","Länsi-Suomi","ERDF","2011","2007-2013","21,722,246","19,811,558","264,781","8,373"
"FI","FI1","FI19 Länsi-Suomi","FI19","Länsi-Suomi","ERDF","2012","2007-2013","15,512,399","22,828,677","1,628,420","51,495"
"FI","FI1","FI19 Länsi-Suomi","FI19","Länsi-Suomi","ERDF","2013","2007-2013","35,194,796","31,842,721","469,499","14,846"
"FI","FI1","FI19 Länsi-Suomi","FI19","Länsi-Suomi","ERDF","2014","2007-2013","24,513,520","22,926,308","1,224,540","38,723"
"FI","FI1","FI19 Länsi-Suomi","FI19","Länsi-Suomi","ERDF","2015","2007-2013","15,268,973","16,087,814","990,833","31,332"
"FI","FI1","FI19 Länsi-Suomi","FI19","Länsi-Suomi","ERDF","2017","2007-2013","7,968,792","0","0","0"
"FI","FI1","FI19 Länsi-Suomi","FI19","Länsi-Suomi","ESF","2007","2007-2013","3,040,257","4,320,661","200,017","6,325"
"FI","FI1","FI19 Länsi-Suomi","FI19","Länsi-Suomi","ESF","2008","2007-2013","4,560,386","8,068,142","547,960","17,328"
"FI","FI1","FI19 Länsi-Suomi","FI19","Länsi-Suomi","ESF","2009","2007-2013","17,053,880","14,798,890","352,260","11,139"
"FI","FI1","FI19 Länsi-Suomi","FI19","Länsi-Suomi","ESF","2010","2007-2013","9,022,334","13,998,255","777,308","24,580"
"FI","FI1","FI19 Länsi-Suomi","FI19","Länsi-Suomi","ESF","2011","2007-2013","26,744,959","27,278,839","83,399","2,637"
"FI","FI1","FI19 Länsi-Suomi","FI19","Länsi-Suomi","ESF","2012","2007-2013","28,646,469","30,035,898","977,365","30,907"
"FI","FI1","FI19 Länsi-Suomi","FI19","Länsi-Suomi","ESF","2013","2007-2013","30,238,102","27,038,331","613,907","19,413"
"FI","FI1","FI19 Länsi-Suomi","FI19","Länsi-Suomi","ESF","2014","2007-2013","20,090,529","17,400,038","732,305","23,157"
"FI","FI1","FI19 Länsi-Suomi","FI19","Länsi-Suomi","ESF","2015","2007-2013","5,015,316","9,073,819","553,331","17,497"
"FI","FI1","FI19 Länsi-Suomi","FI19","Länsi-Suomi","ESF","2017","2007-2013","7,600,643","0","0","0"
"FI","FI1","FI1B Helsinki-Uusimaa","FI1B","Helsinki-Uusimaa","ERDF","2007","2007-2013","1,380,631","2,022,442","88,120","2,786"
"FI","FI1","FI1B Helsinki-Uusimaa","FI1B","Helsinki-Uusimaa","ERDF","2008","2007-2013","2,070,946","3,078,120","138,283","4,372"
"FI","FI1","FI1B Helsinki-Uusimaa","FI1B","Helsinki-Uusimaa","ERDF","2009","2007-2013","5,320,813","6,002,744","93,628","2,960"
"FI","FI1","FI1B Helsinki-Uusimaa","FI1B","Helsinki-Uusimaa","ERDF","2010","2007-2013","7,521,213","7,979,370","62,904","1,989"
"FI","FI1","FI1B Helsinki-Uusimaa","FI1B","Helsinki-Uusimaa","ERDF","2011","2007-2013","8,999,557","8,185,567","111,759","3,534"
"FI","FI1","FI1B Helsinki-Uusimaa","FI1B","Helsinki-Uusimaa","ERDF","2012","2007-2013","6,373,043","10,644,984","879,828","27,822"
"FI","FI1","FI1B Helsinki-Uusimaa","FI1B","Helsinki-Uusimaa","ERDF","2013","2007-2013","18,065,158","16,049,778","408,736","12,925"
"FI","FI1","FI1B Helsinki-Uusimaa","FI1B","Helsinki-Uusimaa","ERDF","2014","2007-2013","12,521,726","10,390,812","459,946","14,544"
"FI","FI1","FI1B Helsinki-Uusimaa","FI1B","Helsinki-Uusimaa","ERDF","2015","2007-2013","3,326,892","4,677,738","288,427","9,120"
"FI","FI1","FI1B Helsinki-Uusimaa","FI1B","Helsinki-Uusimaa","ERDF","2017","2007-2013","3,451,578","0","0","0"
"FI","FI1","FI1B Helsinki-Uusimaa","FI1B","Helsinki-Uusimaa","ESF","2007","2007-2013","1,763,152","2,505,704","115,996","3,668"
"FI","FI1","FI1B Helsinki-Uusimaa","FI1B","Helsinki-Uusimaa","ESF","2008","2007-2013","2,644,728","4,679,000","317,781","10,049"
"FI","FI1","FI1B Helsinki-Uusimaa","FI1B","Helsinki-Uusimaa","ESF","2009","2007-2013","9,890,146","8,582,398","204,288","6,460"
"FI","FI1","FI1B Helsinki-Uusimaa","FI1B","Helsinki-Uusimaa","ESF","2010","2007-2013","5,232,369","8,118,081","450,788","14,255"
"FI","FI1","FI1B Helsinki-Uusimaa","FI1B","Helsinki-Uusimaa","ESF","2011","2007-2013","15,510,344","15,819,960","48,366","1,529"
"FI","FI1","FI1B Helsinki-Uusimaa","FI1B","Helsinki-Uusimaa","ESF","2012","2007-2013","16,613,096","17,418,876","566,808","17,924"
"FI","FI1","FI1B Helsinki-Uusimaa","FI1B","Helsinki-Uusimaa","ESF","2013","2007-2013","17,536,141","15,680,481","356,026","11,258"
"FI","FI1","FI1B Helsinki-Uusimaa","FI1B","Helsinki-Uusimaa","ESF","2014","2007-2013","11,651,205","10,090,895","424,689","13,429"
"FI","FI1","FI1B Helsinki-Uusimaa","FI1B","Helsinki-Uusimaa","ESF","2015","2007-2013","2,908,558","5,262,228","320,896","10,147"
"FI","FI1","FI1B Helsinki-Uusimaa","FI1B","Helsinki-Uusimaa","ESF","2017","2007-2013","4,407,881","0","0","0"
"FI","FI1","FI1C Etelä-Suomi","FI1C","Etelä-Suomi","ERDF","2007","2007-2013","1,380,631","2,022,442","88,120","2,786"
"FI","FI1","FI1C Etelä-Suomi","FI1C","Etelä-Suomi","ERDF","2008","2007-2013","2,070,946","3,078,120","138,283","4,372"
"FI","FI1","FI1C Etelä-Suomi","FI1C","Etelä-Suomi","ERDF","2009","2007-2013","5,320,813","6,002,744","93,628","2,960"
"FI","FI1","FI1C Etelä-Suomi","FI1C","Etelä-Suomi","ERDF","2010","2007-2013","7,521,213","7,979,370","62,904","1,989"
"FI","FI1","FI1C Etelä-Suomi","FI1C","Etelä-Suomi","ERDF","2011","2007-2013","8,999,557","8,185,567","111,759","3,534"
"FI","FI1","FI1C Etelä-Suomi","FI1C","Etelä-Suomi","ERDF","2012","2007-2013","6,373,043","10,644,984","879,828","27,822"
"FI","FI1","FI1C Etelä-Suomi","FI1C","Etelä-Suomi","ERDF","2013","2007-2013","18,065,158","16,049,778","408,736","12,925"
"FI","FI1","FI1C Etelä-Suomi","FI1C","Etelä-Suomi","ERDF","2014","2007-2013","12,521,726","10,390,812","459,946","14,544"
"FI","FI1","FI1C Etelä-Suomi","FI1C","Etelä-Suomi","ERDF","2015","2007-2013","3,326,892","4,677,738","288,427","9,120"
"FI","FI1","FI1C Etelä-Suomi","FI1C","Etelä-Suomi","ERDF","2017","2007-2013","3,451,578","0","0","0"
"FI","FI1","FI1C Etelä-Suomi","FI1C","Etelä-Suomi","ESF","2007","2007-2013","1,763,152","2,505,704","115,996","3,668"
"FI","FI1","FI1C Etelä-Suomi","FI1C","Etelä-Suomi","ESF","2008","2007-2013","2,644,728","4,679,000","317,781","10,049"
"FI","FI1","FI1C Etelä-Suomi","FI1C","Etelä-Suomi","ESF","2009","2007-2013","9,890,146","8,582,398","204,288","6,460"
"FI","FI1","FI1C Etelä-Suomi","FI1C","Etelä-Suomi","ESF","2010","2007-2013","5,232,369","8,118,081","450,788","14,255"
"FI","FI1","FI1C Etelä-Suomi","FI1C","Etelä-Suomi","ESF","2011","2007-2013","15,510,344","15,819,960","48,366","1,529"
"FI","FI1","FI1C Etelä-Suomi","FI1C","Etelä-Suomi","ESF","2012","2007-2013","16,613,096","17,418,876","566,808","17,924"
"FI","FI1","FI1C Etelä-Suomi","FI1C","Etelä-Suomi","ESF","2013","2007-2013","17,536,141","15,680,481","356,026","11,258"
"FI","FI1","FI1C Etelä-Suomi","FI1C","Etelä-Suomi","ESF","2014","2007-2013","11,651,205","10,090,895","424,689","13,429"
"FI","FI1","FI1C Etelä-Suomi","FI1C","Etelä-Suomi","ESF","2015","2007-2013","2,908,558","5,262,228","320,896","10,147"
"FI","FI1","FI1C Etelä-Suomi","FI1C","Etelä-Suomi","ESF","2017","2007-2013","4,407,881","0","0","0"
"FI","FI1","FI1D Pohjois- ja Itä-Suomi","FI1D","Pohjois- ja Itä-Suomi","ERDF","2007","2007-2013","13,536,749","18,608,305","925,742","29,274"
"FI","FI1","FI1D Pohjois- ja Itä-Suomi","FI1D","Pohjois- ja Itä-Suomi","ERDF","2008","2007-2013","20,305,124","36,762,177","3,004,008","94,995"
"FI","FI1","FI1D Pohjois- ja Itä-Suomi","FI1D","Pohjois- ja Itä-Suomi","ERDF","2009","2007-2013","86,194,660","85,077,132","203,989","6,450"
"FI","FI1","FI1D Pohjois- ja Itä-Suomi","FI1D","Pohjois- ja Itä-Suomi","ERDF","2010","2007-2013","81,720,384","84,352,142","480,391","15,191"
"FI","FI1","FI1D Pohjois- ja Itä-Suomi","FI1D","Pohjois- ja Itä-Suomi","ERDF","2011","2007-2013","92,257,224","88,229,927","735,127","23,246"
"FI","FI1","FI1D Pohjois- ja Itä-Suomi","FI1D","Pohjois- ja Itä-Suomi","ERDF","2012","2007-2013","76,133,032","91,939,681","2,885,285","91,240"
"FI","FI1","FI1D Pohjois- ja Itä-Suomi","FI1D","Pohjois- ja Itä-Suomi","ERDF","2013","2007-2013","139,418,528","125,514,146","2,538,053","80,260"
"FI","FI1","FI1D Pohjois- ja Itä-Suomi","FI1D","Pohjois- ja Itä-Suomi","ERDF","2014","2007-2013","83,749,192","82,507,091","226,728","7,169"
"FI","FI1","FI1D Pohjois- ja Itä-Suomi","FI1D","Pohjois- ja Itä-Suomi","ERDF","2015","2007-2013","49,680,723","59,100,449","3,591,529","113,574"
"FI","FI1","FI1D Pohjois- ja Itä-Suomi","FI1D","Pohjois- ja Itä-Suomi","ERDF","2017","2007-2013","26,270,574","0","0","0"
"FI","FI1","FI1D Pohjois- ja Itä-Suomi","FI1D","Pohjois- ja Itä-Suomi","ERDF","2019","2007-2013","2,824,864","0","0","0"
"FI","FI1","FI1D Pohjois- ja Itä-Suomi","FI1D","Pohjois- ja Itä-Suomi","ESF","2007","2007-2013","5,742,207","8,160,537","377,776","11,946"
"FI","FI1","FI1D Pohjois- ja Itä-Suomi","FI1D","Pohjois- ja Itä-Suomi","ESF","2008","2007-2013","8,613,311","15,238,494","1,034,946","32,727"
"FI","FI1","FI1D Pohjois- ja Itä-Suomi","FI1D","Pohjois- ja Itä-Suomi","ESF","2009","2007-2013","32,210,074","27,951,020","665,323","21,039"
"FI","FI1","FI1D Pohjois- ja Itä-Suomi","FI1D","Pohjois- ja Itä-Suomi","ESF","2010","2007-2013","17,040,698","26,438,841","1,468,121","46,426"
"FI","FI1","FI1D Pohjois- ja Itä-Suomi","FI1D","Pohjois- ja Itä-Suomi","ESF","2011","2007-2013","50,513,847","51,522,199","157,518","4,981"
"FI","FI1","FI1D Pohjois- ja Itä-Suomi","FI1D","Pohjois- ja Itä-Suomi","ESF","2012","2007-2013","54,105,273","56,729,523","1,845,973","58,374"
"FI","FI1","FI1D Pohjois- ja Itä-Suomi","FI1D","Pohjois- ja Itä-Suomi","ESF","2013","2007-2013","57,111,429","51,067,945","1,159,501","36,666"
"FI","FI1","FI1D Pohjois- ja Itä-Suomi","FI1D","Pohjois- ja Itä-Suomi","ESF","2014","2007-2013","37,945,464","32,863,870","1,383,123","43,738"
"FI","FI1","FI1D Pohjois- ja Itä-Suomi","FI1D","Pohjois- ja Itä-Suomi","ESF","2015","2007-2013","9,472,549","17,137,941","1,045,091","33,048"
"FI","FI1","FI1D Pohjois- ja Itä-Suomi","FI1D","Pohjois- ja Itä-Suomi","ESF","2017","2007-2013","14,355,518","0","0","0"
"FI","FI2","FI20 Åland","FI20","Åland","ERDF","2007","2007-2013","62,511","103,236","3,845","121"
"FI","FI2","FI20 Åland","FI20","Åland","ERDF","2008","2007-2013","93,766","139,560","4,324","136"
"FI","FI2","FI20 Åland","FI20","Åland","ERDF","2009","2007-2013","199,201","267,091","6,411","202"
"FI","FI2","FI20 Åland","FI20","Åland","ERDF","2010","2007-2013","355,510","349,521","20,812","658"
"FI","FI2","FI20 Åland","FI20","Åland","ERDF","2011","2007-2013","314,202","235,771","58,831","1,860"
"FI","FI2","FI20 Åland","FI20","Åland","ERDF","2012","2007-2013","0","266,094","37,492","1,185"
"FI","FI2","FI20 Åland","FI20","Åland","ERDF","2013","2007-2013","543,895","543,971","24,997","790"
"FI","FI2","FI20 Åland","FI20","Åland","ERDF","2014","2007-2013","485,596","556,541","75,346","2,382"
"FI","FI2","FI20 Åland","FI20","Åland","ERDF","2015","2007-2013","560,568","530,208","38,445","1,215"
"FI","FI2","FI20 Åland","FI20","Åland","ERDF","2016","2007-2013","354,020","0","0","0"
"FI","FI2","FI20 Åland","FI20","Åland","ERDF","2017","2007-2013","22,725","0","0","0"
"FI","FI2","FI20 Åland","FI20","Åland","ESF","2007","2007-2013","62,511","71,888","5,410","171"
"FI","FI2","FI20 Åland","FI20","Åland","ESF","2008","2007-2013","93,766","143,760","28,844","912"
"FI","FI2","FI20 Åland","FI20","Åland","ESF","2009","2007-2013","593,649","563,146","17,598","556"
"FI","FI2","FI20 Åland","FI20","Åland","ESF","2010","2007-2013","288,654","350,378","35,611","1,126"
"FI","FI2","FI20 Åland","FI20","Åland","ESF","2011","2007-2013","905,824","815,232","52,267","1,652"
"FI","FI2","FI20 Åland","FI20","Åland","ESF","2012","2007-2013","0","100,388","57,920","1,831"
"FI","FI2","FI20 Åland","FI20","Åland","ESF","2013","2007-2013","1,003,781","905,501","56,703","1,793"
"FI","FI2","FI20 Åland","FI20","Åland","ESF","2014","2007-2013","21,086","23,299","1,276","40"
"FI","FI2","FI20 Åland","FI20","Åland","ESF","2015","2007-2013","0","38,892","2,493","78"
"FI","FI2","FI20 Åland","FI20","Åland","ESF","2017","2007-2013","43,214","0","0","0"
"LT","LT0","LT00 Lietuva","LT00","Lietuva","CF","2007","2007-2013","57,630,896","68,026,398","5,208,674","164,712"
"LT","LT0","LT00 Lietuva","LT00","Lietuva","CF","2008","2007-2013","92,209,416","109,480,482","8,653,680","273,653"
"LT","LT0","LT00 Lietuva","LT00","Lietuva","CF","2009","2007-2013","245,405,952","254,169,180","4,390,822","138,849"
"LT","LT0","LT00 Lietuva","LT00","Lietuva","CF","2010","2007-2013","323,136,896","326,986,527","1,928,860","60,995"
"LT","LT0","LT00 Lietuva","LT00","Lietuva","CF","2011","2007-2013","357,283,616","357,025,296","129,431","4,092"
"LT","LT0","LT00 Lietuva","LT00","Lietuva","CF","2012","2007-2013","354,992,288","355,582,843","295,898","9,357"
"LT","LT0","LT00 Lietuva","LT00","Lietuva","CF","2013","2007-2013","360,230,592","364,610,860","2,194,736","69,403"
"LT","LT0","LT00 Lietuva","LT00","Lietuva","CF","2014","2007-2013","399,084,128","367,086,573","16,032,399","506,988"
"LT","LT0","LT00 Lietuva","LT00","Lietuva","CF","2015","2007-2013","0","102,267,404","6,510,843","205,890"
"LT","LT0","LT00 Lietuva","LT00","Lietuva","CF","2018","2007-2013","115,261,784","0","0","0"
"LT","LT0","LT00 Lietuva","LT00","Lietuva","ERDF","2007","2007-2013","68,839,000","87,003,855","5,256,469","166,224"
"LT","LT0","LT00 Lietuva","LT00","Lietuva","ERDF","2008","2007-2013","103,258,512","216,179,314","32,676,546","1,033,323"
"LT","LT0","LT00 Lietuva","LT00","Lietuva","ERDF","2009","2007-2013","745,159,232","678,685,859","19,235,784","608,288"
"LT","LT0","LT00 Lietuva","LT00","Lietuva","ERDF","2010","2007-2013","367,289,920","373,778,090","1,877,519","59,372"
"LT","LT0","LT00 Lietuva","LT00","Lietuva","ERDF","2011","2007-2013","404,172,064","423,071,988","5,469,180","172,950"
"LT","LT0","LT00 Lietuva","LT00","Lietuva","ERDF","2012","2007-2013","511,609,088","515,775,258","1,205,589","38,124"
"LT","LT0","LT00 Lietuva","LT00","Lietuva","ERDF","2013","2007-2013","535,291,776","519,934,811","4,443,933","140,529"
"LT","LT0","LT00 Lietuva","LT00","Lietuva","ERDF","2014","2007-2013","447,994,784","414,630,679","9,654,764","305,310"
"LT","LT0","LT00 Lietuva","LT00","Lietuva","ERDF","2015","2007-2013","86,238,312","212,890,333","13,150,822","415,865"
"LT","LT0","LT00 Lietuva","LT00","Lietuva","ERDF","2018","2007-2013","172,097,504","0","0","0"
"LT","LT0","LT00 Lietuva","LT00","Lietuva","ESF","2007","2007-2013","20,566,134","27,942,141","1,427,142","45,130"
"LT","LT0","LT00 Lietuva","LT00","Lietuva","ESF","2008","2007-2013","30,849,201","41,957,881","2,149,355","67,968"
"LT","LT0","LT00 Lietuva","LT00","Lietuva","ESF","2009","2007-2013","77,309,826","102,195,531","4,814,994","152,263"
"LT","LT0","LT00 Lietuva","LT00","Lietuva","ESF","2010","2007-2013","181,391,089","180,182,271","233,887","7,396"
"LT","LT0","LT00 Lietuva","LT00","Lietuva","ESF","2011","2007-2013","176,335,363","169,413,614","1,339,250","42,350"
"LT","LT0","LT00 Lietuva","LT00","Lietuva","ESF","2012","2007-2013","147,386,035","154,462,690","1,369,222","43,298"
"LT","LT0","LT00 Lietuva","LT00","Lietuva","ESF","2013","2007-2013","176,983,235","174,374,014","504,843","15,964"
"LT","LT0","LT00 Lietuva","LT00","Lietuva","ESF","2014","2007-2013","166,070,503","138,490,938","5,336,214","168,745"
"LT","LT0","LT00 Lietuva","LT00","Lietuva","ESF","2015","2007-2013","0","38,594,821","2,346,518","74,203"
"LT","LT0","LT00 Lietuva","LT00","Lietuva","ESF","2017","2007-2013","50,722,512","0","0","0"
"LV","LV0","LV00 Latvija","LV00","Latvija","CF","2007","2007-2013","38,494,412","56,097,275","2,686,014","84,939"
"LV","LV0","LV00 Latvija","LV00","Latvija","CF","2008","2007-2013","61,591,056","71,567,397","1,522,286","48,138"
"LV","LV0","LV00 Latvija","LV00","Latvija","CF","2009","2007-2013","96,497,504","116,799,429","3,097,863","97,963"
"LV","LV0","LV00 Latvija","LV00","Latvija","CF","2010","2007-2013","167,532,368","157,005,602","1,606,275","50,794"
"LV","LV0","LV00 Latvija","LV00","Latvija","CF","2011","2007-2013","130,700,032","154,653,174","3,655,001","115,581"
"LV","LV0","LV00 Latvija","LV00","Latvija","CF","2012","2007-2013","214,510,224","227,220,803","15,745,888","497,928"
"LV","LV0","LV00 Latvija","LV00","Latvija","CF","2013","2007-2013","204,852,432","237,826,388","5,140,407","162,553"
"LV","LV0","LV00 Latvija","LV00","Latvija","CF","2014","2007-2013","323,953,376","303,172,161","14,897,455","471,098"
"LV","LV0","LV00 Latvija","LV00","Latvija","CF","2015","2007-2013","224,656,192","215,434,186","13,154,879","415,993"
"LV","LV0","LV00 Latvija","LV00","Latvija","CF","2018","2007-2013","76,988,824","0","0","0"
"LV","LV0","LV00 Latvija","LV00","Latvija","ERDF","2007","2007-2013","48,800,344","73,765,051","3,039,857","96,128"
"LV","LV0","LV00 Latvija","LV00","Latvija","ERDF","2008","2007-2013","73,200,512","145,970,023","8,860,867","280,205"
"LV","LV0","LV00 Latvija","LV00","Latvija","ERDF","2009","2007-2013","286,572,352","236,318,240","6,119,252","193,507"
"LV","LV0","LV00 Latvija","LV00","Latvija","ERDF","2010","2007-2013","139,219,264","179,684,779","4,927,332","155,815"
"LV","LV0","LV00 Latvija","LV00","Latvija","ERDF","2011","2007-2013","257,870,624","320,731,782","27,722,854","876,673"
"LV","LV0","LV00 Latvija","LV00","Latvija","ERDF","2012","2007-2013","387,390,880","389,992,449","18,239,150","576,772"
"LV","LV0","LV00 Latvija","LV00","Latvija","ERDF","2013","2007-2013","327,225,920","349,635,187","9,031,356","285,596"
"LV","LV0","LV00 Latvija","LV00","Latvija","ERDF","2014","2007-2013","388,684,288","382,912,992","31,452,478","994,614"
"LV","LV0","LV00 Latvija","LV00","Latvija","ERDF","2015","2007-2013","378,224,640","328,556,676","20,705,895","654,777"
"LV","LV0","LV00 Latvija","LV00","Latvija","ERDF","2018","2007-2013","120,378,360","0","0","0"
"LV","LV0","LV00 Latvija","LV00","Latvija","ESF","2007","2007-2013","11,013,074","12,993,621","922,074","29,158"
"LV","LV0","LV00 Latvija","LV00","Latvija","ESF","2008","2007-2013","16,519,611","19,561,736","1,416,308","44,787"
"LV","LV0","LV00 Latvija","LV00","Latvija","ESF","2009","2007-2013","41,893,776","55,719,432","6,436,746","203,547"
"LV","LV0","LV00 Latvija","LV00","Latvija","ESF","2010","2007-2013","157,212,663","153,165,860","1,884,051","59,578"
"LV","LV0","LV00 Latvija","LV00","Latvija","ESF","2011","2007-2013","123,458,546","122,117,720","624,242","19,740"
"LV","LV0","LV00 Latvija","LV00","Latvija","ESF","2012","2007-2013","112,274,801","109,793,215","1,155,340","36,535"
"LV","LV0","LV00 Latvija","LV00","Latvija","ESF","2013","2007-2013","91,576,056","80,596,944","5,111,494","161,639"
"LV","LV0","LV00 Latvija","LV00","Latvija","ESF","2014","2007-2013","0","3,495,434","1,627,352","51,461"
"LV","LV0","LV00 Latvija","LV00","Latvija","ESF","2015","2007-2013","0","25,659,751","1,627,352","51,461"
"LV","LV0","LV00 Latvija","LV00","Latvija","ESF","2017","2007-2013","29,155,185","0","0","0"
"PL","PL1","PL11 Łódzkie","PL11","Łódzkie","CF","2007","2007-2013","45,219,844","66,823,136","3,112,606","98,429"
"PL","PL1","PL11 Łódzkie","PL11","Łódzkie","CF","2008","2007-2013","72,351,752","89,363,590","2,451,069","77,509"
"PL","PL1","PL11 Łódzkie","PL11","Łódzkie","CF","2009","2007-2013","129,326,232","123,057,691","903,172","28,560"
"PL","PL1","PL11 Łódzkie","PL11","Łódzkie","CF","2010","2007-2013","108,332,216","137,952,426","4,267,685","134,956"
"PL","PL1","PL11 Łódzkie","PL11","Łódzkie","CF","2011","2007-2013","207,533,488","221,663,303","2,035,826","64,378"
"PL","PL1","PL11 Łódzkie","PL11","Łódzkie","CF","2012","2007-2013","254,855,760","280,758,663","18,842,686","595,858"
"PL","PL1","PL11 Łódzkie","PL11","Łódzkie","CF","2013","2007-2013","280,313,152","305,866,306","3,691,216","116,726"
"PL","PL1","PL11 Łódzkie","PL11","Łódzkie","CF","2014","2007-2013","366,829,984","347,134,360","18,403,507","581,969"
"PL","PL1","PL11 Łódzkie","PL11","Łódzkie","CF","2015","2007-2013","269,925,504","253,367,821","15,540,065","491,420"
"PL","PL1","PL11 Łódzkie","PL11","Łódzkie","CF","2017","2007-2013","91,299,368","0","0","0"
"PL","PL1","PL11 Łódzkie","PL11","Łódzkie","ERDF","2007","2007-2013","40,056,780","56,849,696","2,639,215","83,459"
"PL","PL1","PL11 Łódzkie","PL11","Łódzkie","ERDF","2008","2007-2013","60,085,172","92,082,363","5,028,755","159,023"
"PL","PL1","PL11 Łódzkie","PL11","Łódzkie","ERDF","2009","2007-2013","174,571,344","191,612,818","2,678,278","84,694"
"PL","PL1","PL11 Łódzkie","PL11","Łódzkie","ERDF","2010","2007-2013","235,545,856","258,602,356","3,623,614","114,588"
"PL","PL1","PL11 Łódzkie","PL11","Łódzkie","ERDF","2011","2007-2013","318,042,176","321,676,136","571,121","18,060"
"PL","PL1","PL11 Łódzkie","PL11","Łódzkie","ERDF","2012","2007-2013","331,044,512","361,100,894","16,360,399","517,361"
"PL","PL1","PL11 Łódzkie","PL11","Łódzkie","ERDF","2013","2007-2013","383,180,224","363,128,141","6,514,921","206,019"
"PL","PL1","PL11 Łódzkie","PL11","Łódzkie","ERDF","2014","2007-2013","331,580,416","288,028,788","12,105,971","382,824"
"PL","PL1","PL11 Łódzkie","PL11","Łódzkie","ERDF","2015","2007-2013","104,818,752","152,037,228","9,268,608","293,099"
"PL","PL1","PL11 Łódzkie","PL11","Łódzkie","ERDF","2016","2007-2013","1,945,079","0","0","0"
"PL","PL1","PL11 Łódzkie","PL11","Łódzkie","ERDF","2017","2007-2013","24,861,042","0","0","0"
"PL","PL1","PL11 Łódzkie","PL11","Łódzkie","ERDF","2018","2007-2013","79,387,072","0","0","0"
"PL","PL1","PL11 Łódzkie","PL11","Łódzkie","ESF","2007","2007-2013","13,217,290","19,344,295","844,287","26,698"
"PL","PL1","PL11 Łódzkie","PL11","Łódzkie","ESF","2008","2007-2013","19,825,935","33,507,639","1,885,307","59,618"
"PL","PL1","PL11 Łódzkie","PL11","Łódzkie","ESF","2009","2007-2013","64,097,579","64,628,020","73,093","2,311"
"PL","PL1","PL11 Łódzkie","PL11","Łódzkie","ESF","2010","2007-2013","65,813,995","79,808,909","1,928,466","60,983"
"PL","PL1","PL11 Łódzkie","PL11","Łódzkie","ESF","2011","2007-2013","111,099,130","111,635,442","73,902","2,337"
"PL","PL1","PL11 Łódzkie","PL11","Łódzkie","ESF","2012","2007-2013","112,834,542","115,184,771","5,437,138","171,937"
"PL","PL1","PL11 Łódzkie","PL11","Łódzkie","ESF","2013","2007-2013","103,010,589","102,523,033","898,256","28,405"
"PL","PL1","PL11 Łódzkie","PL11","Łódzkie","ESF","2014","2007-2013","104,309,169","94,492,075","4,734,086","149,704"
"PL","PL1","PL11 Łódzkie","PL11","Łódzkie","ESF","2015","2007-2013","53,030,221","60,179,448","3,708,956","117,287"
"PL","PL1","PL11 Łódzkie","PL11","Łódzkie","ESF","2017","2007-2013","34,065,181","0","0","0"
"PL","PL1","PL12 Mazowieckie","PL12","Mazowieckie","CF","2007","2007-2013","102,711,344","151,780,578","7,069,904","223,570"
"PL","PL1","PL12 Mazowieckie","PL12","Mazowieckie","CF","2008","2007-2013","164,338,144","202,978,455","5,567,303","176,053"
"PL","PL1","PL12 Mazowieckie","PL12","Mazowieckie","CF","2009","2007-2013","293,748,704","279,510,475","2,051,446","64,872"
"PL","PL1","PL12 Mazowieckie","PL12","Mazowieckie","CF","2010","2007-2013","246,063,344","313,342,033","9,693,526","306,536"
"PL","PL1","PL12 Mazowieckie","PL12","Mazowieckie","CF","2011","2007-2013","471,386,912","503,481,059","4,624,131","146,227"
"PL","PL1","PL12 Mazowieckie","PL12","Mazowieckie","CF","2012","2007-2013","578,873,664","637,708,942","42,798,857","1,353,418"
"PL","PL1","PL12 Mazowieckie","PL12","Mazowieckie","CF","2013","2007-2013","636,697,024","694,737,886","8,384,145","265,129"
"PL","PL1","PL12 Mazowieckie","PL12","Mazowieckie","CF","2014","2007-2013","833,209,408","788,473,215","41,801,316","1,321,873"
"PL","PL1","PL12 Mazowieckie","PL12","Mazowieckie","CF","2015","2007-2013","613,102,784","575,494,008","35,297,357","1,116,200"
"PL","PL1","PL12 Mazowieckie","PL12","Mazowieckie","CF","2017","2007-2013","207,375,328","0","0","0"
"PL","PL1","PL12 Mazowieckie","PL12","Mazowieckie","ERDF","2007","2007-2013","102,848,408","154,923,093","6,421,192","203,055"
"PL","PL1","PL12 Mazowieckie","PL12","Mazowieckie","ERDF","2008","2007-2013","154,272,608","221,294,527","8,264,295","261,339"
"PL","PL1","PL12 Mazowieckie","PL12","Mazowieckie","ERDF","2009","2007-2013","352,826,784","450,403,181","12,031,887","380,481"
"PL","PL1","PL12 Mazowieckie","PL12","Mazowieckie","ERDF","2010","2007-2013","641,899,392","620,028,131","2,696,887","85,283"
"PL","PL1","PL12 Mazowieckie","PL12","Mazowieckie","ERDF","2011","2007-2013","577,105,216","692,917,474","70,313,649","2,223,512"
"PL","PL1","PL12 Mazowieckie","PL12","Mazowieckie","ERDF","2012","2007-2013","777,191,360","861,392,120","45,252,384","1,431,006"
"PL","PL1","PL12 Mazowieckie","PL12","Mazowieckie","ERDF","2013","2007-2013","891,871,040","885,841,317","22,022,764","696,420"
"PL","PL1","PL12 Mazowieckie","PL12","Mazowieckie","ERDF","2014","2007-2013","926,001,216","836,806,930","56,505,271","1,786,853"
"PL","PL1","PL12 Mazowieckie","PL12","Mazowieckie","ERDF","2015","2007-2013","599,034,752","587,954,624","36,941,744","1,168,200"
"PL","PL1","PL12 Mazowieckie","PL12","Mazowieckie","ERDF","2016","2007-2013","23,159,930","0","0","0"
"PL","PL1","PL12 Mazowieckie","PL12","Mazowieckie","ERDF","2017","2007-2013","72,380,536","0","0","0"
"PL","PL1","PL12 Mazowieckie","PL12","Mazowieckie","ERDF","2018","2007-2013","99,540,024","0","0","0"
"PL","PL1","PL12 Mazowieckie","PL12","Mazowieckie","ERDF","2019","2007-2013","93,430,136","0","0","0"
"PL","PL1","PL12 Mazowieckie","PL12","Mazowieckie","ESF","2007","2007-2013","16,210,546","23,725,105","1,035,488","32,745"
"PL","PL1","PL12 Mazowieckie","PL12","Mazowieckie","ESF","2008","2007-2013","24,315,820","41,095,953","2,312,263","73,120"
"PL","PL1","PL12 Mazowieckie","PL12","Mazowieckie","ESF","2009","2007-2013","78,613,449","79,264,017","89,646","2,834"
"PL","PL1","PL12 Mazowieckie","PL12","Mazowieckie","ESF","2010","2007-2013","80,718,574","97,882,848","2,365,197","74,794"
"PL","PL1","PL12 Mazowieckie","PL12","Mazowieckie","ESF","2011","2007-2013","136,259,215","136,916,983","90,638","2,866"
"PL","PL1","PL12 Mazowieckie","PL12","Mazowieckie","ESF","2012","2007-2013","138,387,638","141,270,112","6,668,460","210,875"
"PL","PL1","PL12 Mazowieckie","PL12","Mazowieckie","ESF","2013","2007-2013","126,338,901","125,740,931","1,101,680","34,838"
"PL","PL1","PL12 Mazowieckie","PL12","Mazowieckie","ESF","2014","2007-2013","127,931,564","115,891,240","5,806,192","183,607"
"PL","PL1","PL12 Mazowieckie","PL12","Mazowieckie","ESF","2015","2007-2013","65,039,720","73,807,998","4,548,906","143,849"
"PL","PL1","PL12 Mazowieckie","PL12","Mazowieckie","ESF","2017","2007-2013","41,779,759","0","0","0"
"PL","PL2","PL21 Małopolskie","PL21","Małopolskie","CF","2007","2007-2013","34,609,940","51,144,464","2,382,297","75,334"
"PL","PL2","PL21 Małopolskie","PL21","Małopolskie","CF","2008","2007-2013","55,375,904","68,396,263","1,875,975","59,323"
"PL","PL2","PL21 Małopolskie","PL21","Małopolskie","CF","2009","2007-2013","98,982,488","94,184,732","691,261","21,859"
"PL","PL2","PL21 Małopolskie","PL21","Małopolskie","CF","2010","2007-2013","82,914,288","105,584,728","3,266,361","103,291"
"PL","PL2","PL21 Małopolskie","PL21","Małopolskie","CF","2011","2007-2013","158,840,032","169,654,576","1,558,161","49,273"
"PL","PL2","PL21 Małopolskie","PL21","Małopolskie","CF","2012","2007-2013","195,059,104","214,884,417","14,421,637","456,052"
"PL","PL2","PL21 Małopolskie","PL21","Małopolskie","CF","2013","2007-2013","214,543,424","234,101,058","2,825,148","89,339"
"PL","PL2","PL21 Małopolskie","PL21","Małopolskie","CF","2014","2007-2013","280,760,864","265,686,420","14,085,503","445,422"
"PL","PL2","PL21 Małopolskie","PL21","Małopolskie","CF","2015","2007-2013","206,593,056","193,920,286","11,893,909","376,118"
"PL","PL2","PL21 Małopolskie","PL21","Małopolskie","CF","2017","2007-2013","69,877,848","0","0","0"
"PL","PL2","PL21 Małopolskie","PL21","Małopolskie","ERDF","2007","2007-2013","52,665,012","75,661,220","3,425,209","108,314"
"PL","PL2","PL21 Małopolskie","PL21","Małopolskie","ERDF","2008","2007-2013","78,997,512","119,465,697","6,027,603","190,609"
"PL","PL2","PL21 Małopolskie","PL21","Małopolskie","ERDF","2009","2007-2013","218,015,472","248,041,874","4,472,333","141,427"
"PL","PL2","PL21 Małopolskie","PL21","Małopolskie","ERDF","2010","2007-2013","321,163,392","354,445,782","4,957,302","156,763"
"PL","PL2","PL21 Małopolskie","PL21","Małopolskie","ERDF","2011","2007-2013","435,496,416","417,988,062","2,607,811","82,466"
"PL","PL2","PL21 Małopolskie","PL21","Małopolskie","ERDF","2012","2007-2013","375,351,008","431,721,676","25,137,694","794,923"
"PL","PL2","PL21 Małopolskie","PL21","Małopolskie","ERDF","2013","2007-2013","488,452,576","478,085,779","8,719,653","275,739"
"PL","PL2","PL21 Małopolskie","PL21","Małopolskie","ERDF","2014","2007-2013","482,036,096","416,224,916","18,024,003","569,969"
"PL","PL2","PL21 Małopolskie","PL21","Małopolskie","ERDF","2015","2007-2013","165,706,560","217,850,612","13,324,404","421,354"
"PL","PL2","PL21 Małopolskie","PL21","Małopolskie","ERDF","2016","2007-2013","3,637,665","0","0","0"
"PL","PL2","PL21 Małopolskie","PL21","Małopolskie","ERDF","2017","2007-2013","19,361,202","0","0","0"
"PL","PL2","PL21 Małopolskie","PL21","Małopolskie","ERDF","2018","2007-2013","118,602,712","0","0","0"
"PL","PL2","PL21 Małopolskie","PL21","Małopolskie","ESF","2007","2007-2013","12,552,506","18,371,344","801,822","25,355"
"PL","PL2","PL21 Małopolskie","PL21","Małopolskie","ESF","2008","2007-2013","18,828,759","31,822,321","1,790,482","56,620"
"PL","PL2","PL21 Małopolskie","PL21","Małopolskie","ESF","2009","2007-2013","60,873,693","61,377,455","69,417","2,195"
"PL","PL2","PL21 Małopolskie","PL21","Małopolskie","ESF","2010","2007-2013","62,503,779","75,794,797","1,831,471","57,916"
"PL","PL2","PL21 Małopolskie","PL21","Małopolskie","ESF","2011","2007-2013","105,511,229","106,020,566","70,185","2,219"
"PL","PL2","PL21 Małopolskie","PL21","Małopolskie","ESF","2012","2007-2013","107,159,356","109,391,376","5,163,668","163,289"
"PL","PL2","PL21 Małopolskie","PL21","Małopolskie","ESF","2013","2007-2013","97,829,513","97,366,480","853,077","26,976"
"PL","PL2","PL21 Małopolskie","PL21","Małopolskie","ESF","2014","2007-2013","99,062,779","89,739,451","4,495,978","142,175"
"PL","PL2","PL21 Małopolskie","PL21","Małopolskie","ESF","2015","2007-2013","50,362,985","57,152,631","3,522,409","111,388"
"PL","PL2","PL21 Małopolskie","PL21","Małopolskie","ESF","2017","2007-2013","32,351,821","0","0","0"
"PL","PL2","PL22 Śląskie","PL22","Śląskie","CF","2007","2007-2013","62,465,528","92,307,760","4,299,674","135,967"
"PL","PL2","PL22 Śląskie","PL22","Śląskie","CF","2008","2007-2013","99,944,848","123,444,562","3,385,843","107,069"
"PL","PL2","PL22 Śląskie","PL22","Śląskie","CF","2009","2007-2013","178,647,920","169,988,715","1,247,619","39,453"
"PL","PL2","PL22 Śląskie","PL22","Śląskie","CF","2010","2007-2013","149,647,312","190,563,912","5,895,271","186,424"
"PL","PL2","PL22 Śląskie","PL22","Śląskie","CF","2011","2007-2013","286,681,408","306,199,968","2,812,238","88,930"
"PL","PL2","PL22 Śląskie","PL22","Śląskie","CF","2012","2007-2013","352,051,168","387,832,769","26,028,802","823,103"
"PL","PL2","PL22 Śląskie","PL22","Śląskie","CF","2013","2007-2013","387,217,344","422,515,823","5,098,952","161,243"
"PL","PL2","PL22 Śląskie","PL22","Śląskie","CF","2014","2007-2013","506,729,504","479,522,468","25,422,130","803,918"
"PL","PL2","PL22 Śląskie","PL22","Śląskie","CF","2015","2007-2013","372,868,128","349,995,770","21,466,645","678,834"
"PL","PL2","PL22 Śląskie","PL22","Śląskie","CF","2017","2007-2013","126,118,592","0","0","0"
"PL","PL2","PL22 Śląskie","PL22","Śląskie","ERDF","2007","2007-2013","65,501,924","95,836,262","4,185,276","132,350"
"PL","PL2","PL22 Śląskie","PL22","Śląskie","ERDF","2008","2007-2013","98,252,888","130,025,507","4,383,718","138,625"
"PL","PL2","PL22 Śląskie","PL22","Śląskie","ERDF","2009","2007-2013","201,164,368","274,218,510","10,079,396","318,738"
"PL","PL2","PL22 Śląskie","PL22","Śląskie","ERDF","2010","2007-2013","437,786,656","433,092,366","647,678","20,481"
"PL","PL2","PL22 Śląskie","PL22","Śląskie","ERDF","2011","2007-2013","422,581,856","467,182,352","6,153,601","194,593"
"PL","PL2","PL22 Śląskie","PL22","Śląskie","ERDF","2012","2007-2013","567,042,816","601,611,652","31,110,362","983,796"
"PL","PL2","PL22 Śląskie","PL22","Śląskie","ERDF","2013","2007-2013","580,237,952","574,430,275","9,280,545","293,476"
"PL","PL2","PL22 Śląskie","PL22","Śląskie","ERDF","2014","2007-2013","591,142,336","514,915,075","23,958,094","757,621"
"PL","PL2","PL22 Śląskie","PL22","Śląskie","ERDF","2015","2007-2013","241,088,048","285,698,963","17,605,341","556,729"
"PL","PL2","PL22 Śląskie","PL22","Śląskie","ERDF","2016","2007-2013","3,374,650","0","0","0"
"PL","PL2","PL22 Śląskie","PL22","Śląskie","ERDF","2017","2007-2013","34,516,624","0","0","0"
"PL","PL2","PL22 Śląskie","PL22","Śląskie","ERDF","2018","2007-2013","134,320,848","0","0","0"
"PL","PL2","PL22 Śląskie","PL22","Śląskie","ESF","2007","2007-2013","18,526,091","27,114,044","1,183,400","37,422"
"PL","PL2","PL22 Śląskie","PL22","Śląskie","ESF","2008","2007-2013","27,789,137","46,966,177","2,642,552","83,564"
"PL","PL2","PL22 Śląskie","PL22","Śląskie","ESF","2009","2007-2013","89,842,743","90,586,239","102,452","3,239"
"PL","PL2","PL22 Śląskie","PL22","Śląskie","ESF","2010","2007-2013","92,248,568","111,864,619","2,703,046","85,477"
"PL","PL2","PL22 Śląskie","PL22","Śląskie","ESF","2011","2007-2013","155,722,739","156,474,463","103,585","3,275"
"PL","PL2","PL22 Śląskie","PL22","Śląskie","ESF","2012","2007-2013","158,155,190","161,449,401","7,620,996","240,997"
"PL","PL2","PL22 Śląskie","PL22","Śląskie","ESF","2013","2007-2013","144,385,388","143,702,003","1,259,046","39,814"
"PL","PL2","PL22 Śląskie","PL22","Śląskie","ESF","2014","2007-2013","146,205,551","132,445,364","6,635,559","209,834"
"PL","PL2","PL22 Śląskie","PL22","Śląskie","ESF","2015","2007-2013","74,330,116","84,350,872","5,198,680","164,396"
"PL","PL2","PL22 Śląskie","PL22","Śląskie","ESF","2017","2007-2013","47,747,659","0","0","0"
"PL","PL3","PL31 Lubelskie","PL31","Lubelskie","CF","2007","2007-2013","23,049,520","34,061,180","1,586,562","50,171"
"PL","PL3","PL31 Lubelskie","PL31","Lubelskie","CF","2008","2007-2013","36,879,232","45,550,531","1,249,362","39,508"
"PL","PL3","PL31 Lubelskie","PL31","Lubelskie","CF","2009","2007-2013","65,920,344","62,725,133","460,366","14,558"
"PL","PL3","PL31 Lubelskie","PL31","Lubelskie","CF","2010","2007-2013","55,219,240","70,317,297","2,175,330","68,790"
"PL","PL3","PL31 Lubelskie","PL31","Lubelskie","CF","2011","2007-2013","105,784,256","112,986,521","1,037,703","32,815"
"PL","PL3","PL31 Lubelskie","PL31","Lubelskie","CF","2012","2007-2013","129,905,416","143,108,683","9,604,521","303,721"
"PL","PL3","PL31 Lubelskie","PL31","Lubelskie","CF","2013","2007-2013","142,881,600","155,906,597","1,881,492","59,498"
"PL","PL3","PL31 Lubelskie","PL31","Lubelskie","CF","2014","2007-2013","186,981,104","176,941,820","9,380,662","296,642"
"PL","PL3","PL31 Lubelskie","PL31","Lubelskie","CF","2015","2007-2013","137,586,816","129,146,999","7,921,103","250,487"
"PL","PL3","PL31 Lubelskie","PL31","Lubelskie","CF","2017","2007-2013","46,537,236","0","0","0"
"PL","PL3","PL31 Lubelskie","PL31","Lubelskie","ERDF","2007","2007-2013","46,892,232","67,203,907","3,057,463","96,685"
"PL","PL3","PL31 Lubelskie","PL31","Lubelskie","ERDF","2008","2007-2013","70,338,344","91,817,846","3,233,253","102,244"
"PL","PL3","PL31 Lubelskie","PL31","Lubelskie","ERDF","2009","2007-2013","144,720,816","206,307,658","9,270,508","293,159"
"PL","PL3","PL31 Lubelskie","PL31","Lubelskie","ERDF","2010","2007-2013","357,993,056","354,460,466","531,751","16,815"
"PL","PL3","PL31 Lubelskie","PL31","Lubelskie","ERDF","2011","2007-2013","345,759,872","366,096,374","3,061,201","96,803"
"PL","PL3","PL31 Lubelskie","PL31","Lubelskie","ERDF","2012","2007-2013","416,184,192","425,400,514","17,742,583","561,069"
"PL","PL3","PL31 Lubelskie","PL31","Lubelskie","ERDF","2013","2007-2013","387,423,968","377,590,961","3,209,759","101,501"
"PL","PL3","PL31 Lubelskie","PL31","Lubelskie","ERDF","2014","2007-2013","363,123,232","331,566,757","15,602,564","493,396"
"PL","PL3","PL31 Lubelskie","PL31","Lubelskie","ERDF","2015","2007-2013","168,850,992","216,761,332","13,247,733","418,930"
"PL","PL3","PL31 Lubelskie","PL31","Lubelskie","ERDF","2016","2007-2013","14,065,635","0","0","0"
"PL","PL3","PL31 Lubelskie","PL31","Lubelskie","ERDF","2017","2007-2013","12,886,153","0","0","0"
"PL","PL3","PL31 Lubelskie","PL31","Lubelskie","ERDF","2018","2007-2013","108,967,328","0","0","0"
"PL","PL3","PL31 Lubelskie","PL31","Lubelskie","ESF","2007","2007-2013","10,442,114","15,282,659","667,015","21,092"
"PL","PL3","PL31 Lubelskie","PL31","Lubelskie","ESF","2008","2007-2013","15,663,171","26,472,188","1,489,457","47,100"
"PL","PL3","PL31 Lubelskie","PL31","Lubelskie","ESF","2009","2007-2013","50,639,292","51,058,359","57,746","1,826"
"PL","PL3","PL31 Lubelskie","PL31","Lubelskie","ESF","2010","2007-2013","51,995,320","63,051,783","1,523,555","48,179"
"PL","PL3","PL31 Lubelskie","PL31","Lubelskie","ESF","2011","2007-2013","87,772,135","88,195,839","58,385","1,846"
"PL","PL3","PL31 Lubelskie","PL31","Lubelskie","ESF","2012","2007-2013","89,143,170","90,999,931","4,295,526","135,836"
"PL","PL3","PL31 Lubelskie","PL31","Lubelskie","ESF","2013","2007-2013","81,381,908","80,996,723","709,653","22,441"
"PL","PL3","PL31 Lubelskie","PL31","Lubelskie","ESF","2014","2007-2013","82,407,832","74,651,990","3,740,091","118,272"
"PL","PL3","PL31 Lubelskie","PL31","Lubelskie","ESF","2015","2007-2013","41,895,699","47,543,834","2,930,203","92,661"
"PL","PL3","PL31 Lubelskie","PL31","Lubelskie","ESF","2017","2007-2013","26,912,665","0","0","0"
"PL","PL3","PL32 Podkarpackie","PL32","Podkarpackie","CF","2007","2007-2013","37,143,956","54,889,080","2,556,720","80,850"
"PL","PL3","PL32 Podkarpackie","PL32","Podkarpackie","CF","2008","2007-2013","59,430,328","73,403,994","2,013,328","63,667"
"PL","PL3","PL32 Podkarpackie","PL32","Podkarpackie","CF","2009","2007-2013","106,229,640","101,080,604","741,873","23,460"
"PL","PL3","PL32 Podkarpackie","PL32","Podkarpackie","CF","2010","2007-2013","88,984,968","113,315,259","3,505,513","110,854"
"PL","PL3","PL32 Podkarpackie","PL32","Podkarpackie","CF","2011","2007-2013","170,469,728","182,076,072","1,672,244","52,881"
"PL","PL3","PL32 Podkarpackie","PL32","Podkarpackie","CF","2012","2007-2013","209,340,624","230,617,495","15,477,541","489,442"
"PL","PL3","PL32 Podkarpackie","PL32","Podkarpackie","CF","2013","2007-2013","230,251,568","251,241,142","3,031,995","95,880"
"PL","PL3","PL32 Podkarpackie","PL32","Podkarpackie","CF","2014","2007-2013","301,317,216","285,139,060","15,116,794","478,035"
"PL","PL3","PL32 Podkarpackie","PL32","Podkarpackie","CF","2015","2007-2013","221,719,056","208,118,430","12,764,738","403,656"
"PL","PL3","PL32 Podkarpackie","PL32","Podkarpackie","CF","2017","2007-2013","74,994,056","0","0","0"
"PL","PL3","PL32 Podkarpackie","PL32","Podkarpackie","ERDF","2007","2007-2013","52,172,196","75,130,856","3,384,962","107,041"
"PL","PL3","PL32 Podkarpackie","PL32","Podkarpackie","ERDF","2008","2007-2013","78,258,304","104,280,909","3,836,702","121,327"
"PL","PL3","PL32 Podkarpackie","PL32","Podkarpackie","ERDF","2009","2007-2013","166,960,560","226,279,866","8,745,877","276,568"
"PL","PL3","PL32 Podkarpackie","PL32","Podkarpackie","ERDF","2010","2007-2013","369,160,000","404,039,651","5,142,561","162,622"
"PL","PL3","PL32 Podkarpackie","PL32","Podkarpackie","ERDF","2011","2007-2013","488,052,928","457,534,082","4,499,615","142,290"
"PL","PL3","PL32 Podkarpackie","PL32","Podkarpackie","ERDF","2012","2007-2013","384,024,512","394,271,266","28,000,226","885,444"
"PL","PL3","PL32 Podkarpackie","PL32","Podkarpackie","ERDF","2013","2007-2013","324,494,752","382,639,094","15,215,469","481,155"
"PL","PL3","PL32 Podkarpackie","PL32","Podkarpackie","ERDF","2014","2007-2013","565,298,368","475,277,364","20,332,508","642,970"
"PL","PL3","PL32 Podkarpackie","PL32","Podkarpackie","ERDF","2015","2007-2013","160,305,200","219,264,008","13,421,432","424,422"
"PL","PL3","PL32 Podkarpackie","PL32","Podkarpackie","ERDF","2016","2007-2013","13,061,413","0","0","0"
"PL","PL3","PL32 Podkarpackie","PL32","Podkarpackie","ERDF","2017","2007-2013","20,464,316","0","0","0"
"PL","PL3","PL32 Podkarpackie","PL32","Podkarpackie","ERDF","2018","2007-2013","116,464,552","0","0","0"
"PL","PL3","PL32 Podkarpackie","PL32","Podkarpackie","ESF","2007","2007-2013","10,633,399","15,562,615","679,234","21,479"
"PL","PL3","PL32 Podkarpackie","PL32","Podkarpackie","ESF","2008","2007-2013","15,950,098","26,957,121","1,516,742","47,963"
"PL","PL3","PL32 Podkarpackie","PL32","Podkarpackie","ESF","2009","2007-2013","51,566,933","51,993,676","58,804","1,859"
"PL","PL3","PL32 Podkarpackie","PL32","Podkarpackie","ESF","2010","2007-2013","52,947,801","64,206,803","1,551,464","49,061"
"PL","PL3","PL32 Podkarpackie","PL32","Podkarpackie","ESF","2011","2007-2013","89,379,997","89,811,463","59,455","1,880"
"PL","PL3","PL32 Podkarpackie","PL32","Podkarpackie","ESF","2012","2007-2013","90,776,147","92,666,922","4,374,214","138,324"
"PL","PL3","PL32 Podkarpackie","PL32","Podkarpackie","ESF","2013","2007-2013","82,872,711","82,480,469","722,653","22,852"
"PL","PL3","PL32 Podkarpackie","PL32","Podkarpackie","ESF","2014","2007-2013","83,917,427","76,019,509","3,808,604","120,438"
"PL","PL3","PL32 Podkarpackie","PL32","Podkarpackie","ESF","2015","2007-2013","42,663,169","48,414,770","2,983,880","94,358"
"PL","PL3","PL32 Podkarpackie","PL32","Podkarpackie","ESF","2017","2007-2013","27,405,667","0","0","0"
"PL","PL3","PL33 Świętokrzyskie","PL33","Świętokrzyskie","CF","2007","2007-2013","12,573,376","18,580,170","865,460","27,368"
"PL","PL3","PL33 Świętokrzyskie","PL33","Świętokrzyskie","CF","2008","2007-2013","20,117,402","24,847,542","681,519","21,551"
"PL","PL3","PL33 Świętokrzyskie","PL33","Świętokrzyskie","CF","2009","2007-2013","35,959,152","34,216,184","251,127","7,941"
"PL","PL3","PL33 Świętokrzyskie","PL33","Świętokrzyskie","CF","2010","2007-2013","30,121,766","38,357,665","1,186,630","37,524"
"PL","PL3","PL33 Świętokrzyskie","PL33","Świętokrzyskie","CF","2011","2007-2013","57,704,680","61,633,475","566,061","17,900"
"PL","PL3","PL33 Świętokrzyskie","PL33","Świętokrzyskie","CF","2012","2007-2013","70,862,640","78,064,938","5,239,208","165,678"
"PL","PL3","PL33 Świętokrzyskie","PL33","Świętokrzyskie","CF","2013","2007-2013","77,941,056","85,046,111","1,026,342","32,455"
"PL","PL3","PL33 Świętokrzyskie","PL33","Świętokrzyskie","CF","2014","2007-2013","101,997,064","96,520,696","5,117,094","161,816"
"PL","PL3","PL33 Świętokrzyskie","PL33","Świętokrzyskie","CF","2015","2007-2013","75,052,776","70,448,912","4,320,914","136,639"
"PL","PL3","PL33 Świętokrzyskie","PL33","Świętokrzyskie","CF","2017","2007-2013","25,385,786","0","0","0"
"PL","PL3","PL33 Świętokrzyskie","PL33","Świętokrzyskie","ERDF","2007","2007-2013","12,615,267","25,160,663","2,597,786","82,149"
"PL","PL3","PL33 Świętokrzyskie","PL33","Świętokrzyskie","ERDF","2008","2007-2013","55,213,264","68,554,316","2,762,543","87,359"
"PL","PL3","PL33 Świętokrzyskie","PL33","Świętokrzyskie","ERDF","2009","2007-2013","113,928,272","139,670,039","5,330,370","168,561"
"PL","PL3","PL33 Świętokrzyskie","PL33","Świętokrzyskie","ERDF","2010","2007-2013","227,219,792","245,404,221","3,765,465","119,074"
"PL","PL3","PL33 Świętokrzyskie","PL33","Świętokrzyskie","ERDF","2011","2007-2013","307,250,880","282,424,892","5,140,738","162,564"
"PL","PL3","PL33 Świętokrzyskie","PL33","Świętokrzyskie","ERDF","2012","2007-2013","197,989,776","204,425,054","1,332,558","42,139"
"PL","PL3","PL33 Świętokrzyskie","PL33","Świętokrzyskie","ERDF","2013","2007-2013","226,311,936","206,894,550","4,020,774","127,148"
"PL","PL3","PL33 Świętokrzyskie","PL33","Świętokrzyskie","ERDF","2014","2007-2013","140,854,512","142,533,690","347,708","10,995"
"PL","PL3","PL33 Świętokrzyskie","PL33","Świętokrzyskie","ERDF","2015","2007-2013","70,167,824","114,560,977","6,974,918","220,566"
"PL","PL3","PL33 Świętokrzyskie","PL33","Świętokrzyskie","ERDF","2016","2007-2013","6,599,867","0","0","0"
"PL","PL3","PL33 Świętokrzyskie","PL33","Świętokrzyskie","ERDF","2017","2007-2013","7,082,394","0","0","0"
"PL","PL3","PL33 Świętokrzyskie","PL33","Świętokrzyskie","ERDF","2018","2007-2013","64,394,620","0","0","0"
"PL","PL3","PL33 Świętokrzyskie","PL33","Świętokrzyskie","ESF","2007","2007-2013","10,429,491","15,264,184","666,209","21,067"
"PL","PL3","PL33 Świętokrzyskie","PL33","Świętokrzyskie","ESF","2008","2007-2013","15,644,237","26,440,187","1,487,657","47,043"
"PL","PL3","PL33 Świętokrzyskie","PL33","Świętokrzyskie","ESF","2009","2007-2013","50,578,077","50,996,637","57,676","1,823"
"PL","PL3","PL33 Świętokrzyskie","PL33","Świętokrzyskie","ESF","2010","2007-2013","51,932,466","62,975,564","1,521,713","48,120"
"PL","PL3","PL33 Świętokrzyskie","PL33","Świętokrzyskie","ESF","2011","2007-2013","87,666,032","88,089,224","58,314","1,844"
"PL","PL3","PL33 Świętokrzyskie","PL33","Świętokrzyskie","ESF","2012","2007-2013","89,035,410","90,889,927","4,290,333","135,672"
"PL","PL3","PL33 Świętokrzyskie","PL33","Świętokrzyskie","ESF","2013","2007-2013","81,283,531","80,898,810","708,795","22,414"
"PL","PL3","PL33 Świętokrzyskie","PL33","Świętokrzyskie","ESF","2014","2007-2013","82,308,214","74,561,747","3,735,570","118,129"
"PL","PL3","PL33 Świętokrzyskie","PL33","Świętokrzyskie","ESF","2015","2007-2013","41,845,053","47,486,361","2,926,661","92,549"
"PL","PL3","PL33 Świętokrzyskie","PL33","Świętokrzyskie","ESF","2017","2007-2013","26,880,132","0","0","0"
"PL","PL3","PL34 Podlaskie","PL34","Podlaskie","CF","2007","2007-2013","9,167,661","13,547,411","631,035","19,955"
"PL","PL3","PL34 Podlaskie","PL34","Podlaskie","CF","2008","2007-2013","14,668,257","18,117,158","496,918","15,713"
"PL","PL3","PL34 Podlaskie","PL34","Podlaskie","CF","2009","2007-2013","26,218,998","24,948,142","183,105","5,790"
"PL","PL3","PL34 Podlaskie","PL34","Podlaskie","CF","2010","2007-2013","21,962,766","27,967,831","865,211","27,360"
"PL","PL3","PL34 Podlaskie","PL34","Podlaskie","CF","2011","2007-2013","42,074,376","44,938,986","412,733","13,051"
"PL","PL3","PL34 Podlaskie","PL34","Podlaskie","CF","2012","2007-2013","51,668,264","56,919,700","3,820,078","120,801"
"PL","PL3","PL34 Podlaskie","PL34","Podlaskie","CF","2013","2007-2013","56,829,384","62,009,912","748,340","23,664"
"PL","PL3","PL34 Podlaskie","PL34","Podlaskie","CF","2014","2007-2013","74,369,408","70,376,407","3,731,041","117,985"
"PL","PL3","PL34 Podlaskie","PL34","Podlaskie","CF","2015","2007-2013","54,723,440","51,366,611","3,150,520","99,628"
"PL","PL3","PL34 Podlaskie","PL34","Podlaskie","CF","2017","2007-2013","18,509,608","0","0","0"
"PL","PL3","PL34 Podlaskie","PL34","Podlaskie","ERDF","2007","2007-2013","26,896,804","39,332,786","1,719,383","54,371"
"PL","PL3","PL34 Podlaskie","PL34","Podlaskie","ERDF","2008","2007-2013","40,345,204","61,574,448","2,935,129","92,816"
"PL","PL3","PL34 Podlaskie","PL34","Podlaskie","ERDF","2009","2007-2013","109,217,784","135,122,085","3,581,497","113,256"
"PL","PL3","PL34 Podlaskie","PL34","Podlaskie","ERDF","2010","2007-2013","193,257,328","196,679,821","473,189","14,963"
"PL","PL3","PL34 Podlaskie","PL34","Podlaskie","ERDF","2011","2007-2013","204,360,688","193,833,117","1,455,529","46,027"
"PL","PL3","PL34 Podlaskie","PL34","Podlaskie","ERDF","2012","2007-2013","170,206,816","193,013,002","12,892,410","407,693"
"PL","PL3","PL34 Podlaskie","PL34","Podlaskie","ERDF","2013","2007-2013","203,985,408","214,526,958","1,643,229","51,963"
"PL","PL3","PL34 Podlaskie","PL34","Podlaskie","ERDF","2014","2007-2013","240,649,936","224,467,651","11,942,620","377,658"
"PL","PL3","PL34 Podlaskie","PL34","Podlaskie","ERDF","2015","2007-2013","146,584,720","156,265,608","9,626,946","304,430"
"PL","PL3","PL34 Podlaskie","PL34","Podlaskie","ERDF","2016","2007-2013","8,574,870","0","0","0"
"PL","PL3","PL34 Podlaskie","PL34","Podlaskie","ERDF","2017","2007-2013","5,287,939","0","0","0"
"PL","PL3","PL34 Podlaskie","PL34","Podlaskie","ERDF","2018","2007-2013","65,447,984","0","0","0"
"PL","PL3","PL34 Podlaskie","PL34","Podlaskie","ESF","2007","2007-2013","7,144,164","10,455,912","456,351","14,431"
"PL","PL3","PL34 Podlaskie","PL34","Podlaskie","ESF","2008","2007-2013","10,716,246","18,111,434","1,019,039","32,224"
"PL","PL3","PL34 Podlaskie","PL34","Podlaskie","ESF","2009","2007-2013","34,645,803","34,932,515","39,508","1,249"
"PL","PL3","PL34 Podlaskie","PL34","Podlaskie","ESF","2010","2007-2013","35,573,554","43,138,037","1,042,368","32,962"
"PL","PL3","PL34 Podlaskie","PL34","Podlaskie","ESF","2011","2007-2013","60,050,920","60,340,805","39,945","1,263"
"PL","PL3","PL34 Podlaskie","PL34","Podlaskie","ESF","2012","2007-2013","60,988,939","62,259,276","2,938,863","92,935"
"PL","PL3","PL34 Podlaskie","PL34","Podlaskie","ESF","2013","2007-2013","55,678,929","55,415,397","485,522","15,353"
"PL","PL3","PL34 Podlaskie","PL34","Podlaskie","ESF","2014","2007-2013","56,380,833","51,074,531","2,558,852","80,918"
"PL","PL3","PL34 Podlaskie","PL34","Podlaskie","ESF","2015","2007-2013","28,663,712","32,527,988","2,004,752","63,395"
"PL","PL3","PL34 Podlaskie","PL34","Podlaskie","ESF","2017","2007-2013","18,412,794","0","0","0"
"PL","PL4","PL41 Wielkopolskie","PL41","Wielkopolskie","CF","2007","2007-2013","32,104,400","47,441,931","2,209,834","69,881"
"PL","PL4","PL41 Wielkopolskie","PL41","Wielkopolskie","CF","2008","2007-2013","51,367,040","63,444,813","1,740,167","55,028"
"PL","PL4","PL41 Wielkopolskie","PL41","Wielkopolskie","CF","2009","2007-2013","91,816,800","87,366,365","641,219","20,277"
"PL","PL4","PL41 Wielkopolskie","PL41","Wielkopolskie","CF","2010","2007-2013","76,911,816","97,941,062","3,029,897","95,813"
"PL","PL4","PL41 Wielkopolskie","PL41","Wielkopolskie","CF","2011","2007-2013","147,341,024","157,372,663","1,445,360","45,706"
"PL","PL4","PL41 Wielkopolskie","PL41","Wielkopolskie","CF","2012","2007-2013","180,938,064","199,328,162","13,377,604","423,037"
"PL","PL4","PL41 Wielkopolskie","PL41","Wielkopolskie","CF","2013","2007-2013","199,011,872","217,153,660","2,620,626","82,871"
"PL","PL4","PL41 Wielkopolskie","PL41","Wielkopolskie","CF","2014","2007-2013","260,435,600","246,452,442","13,065,804","413,177"
"PL","PL4","PL41 Wielkopolskie","PL41","Wielkopolskie","CF","2015","2007-2013","191,637,040","179,881,697","11,032,866","348,889"
"PL","PL4","PL41 Wielkopolskie","PL41","Wielkopolskie","CF","2017","2007-2013","64,819,144","0","0","0"
"PL","PL4","PL41 Wielkopolskie","PL41","Wielkopolskie","ERDF","2007","2007-2013","46,756,240","63,261,240","3,261,736","103,145"
"PL","PL4","PL41 Wielkopolskie","PL41","Wielkopolskie","ERDF","2008","2007-2013","70,134,368","119,784,117","9,811,837","310,277"
"PL","PL4","PL41 Wielkopolskie","PL41","Wielkopolskie","ERDF","2009","2007-2013","281,110,048","283,016,080","376,672","11,911"
"PL","PL4","PL41 Wielkopolskie","PL41","Wielkopolskie","ERDF","2010","2007-2013","289,209,312","323,173,730","6,712,085","212,254"
"PL","PL4","PL41 Wielkopolskie","PL41","Wielkopolskie","ERDF","2011","2007-2013","433,533,632","423,891,881","1,905,413","60,254"
"PL","PL4","PL41 Wielkopolskie","PL41","Wielkopolskie","ERDF","2012","2007-2013","392,563,136","388,232,026","855,918","27,066"
"PL","PL4","PL41 Wielkopolskie","PL41","Wielkopolskie","ERDF","2013","2007-2013","374,159,040","359,393,725","2,917,937","92,273"
"PL","PL4","PL41 Wielkopolskie","PL41","Wielkopolskie","ERDF","2014","2007-2013","311,417,088","296,052,450","3,036,376","96,018"
"PL","PL4","PL41 Wielkopolskie","PL41","Wielkopolskie","ERDF","2015","2007-2013","121,184,592","188,206,053","11,446,685","361,975"
"PL","PL4","PL41 Wielkopolskie","PL41","Wielkopolskie","ERDF","2016","2007-2013","2,703,019","0","0","0"
"PL","PL4","PL41 Wielkopolskie","PL41","Wielkopolskie","ERDF","2017","2007-2013","17,968,800","0","0","0"
"PL","PL4","PL41 Wielkopolskie","PL41","Wielkopolskie","ERDF","2018","2007-2013","104,272,032","0","0","0"
"PL","PL4","PL41 Wielkopolskie","PL41","Wielkopolskie","ESF","2007","2007-2013","13,854,380","20,276,714","884,982","27,985"
"PL","PL4","PL41 Wielkopolskie","PL41","Wielkopolskie","ESF","2008","2007-2013","20,781,570","35,122,749","1,976,181","62,492"
"PL","PL4","PL41 Wielkopolskie","PL41","Wielkopolskie","ESF","2009","2007-2013","67,187,160","67,743,170","76,616","2,422"
"PL","PL4","PL41 Wielkopolskie","PL41","Wielkopolskie","ESF","2010","2007-2013","68,986,310","83,655,796","2,021,421","63,922"
"PL","PL4","PL41 Wielkopolskie","PL41","Wielkopolskie","ESF","2011","2007-2013","116,454,244","117,016,407","77,464","2,449"
"PL","PL4","PL41 Wielkopolskie","PL41","Wielkopolskie","ESF","2012","2007-2013","118,273,305","120,736,818","5,699,214","180,224"
"PL","PL4","PL41 Wielkopolskie","PL41","Wielkopolskie","ESF","2013","2007-2013","107,975,825","107,464,768","941,553","29,774"
"PL","PL4","PL41 Wielkopolskie","PL41","Wielkopolskie","ESF","2014","2007-2013","109,336,998","99,046,708","4,962,275","156,920"
"PL","PL4","PL41 Wielkopolskie","PL41","Wielkopolskie","ESF","2015","2007-2013","55,586,342","63,080,171","3,887,732","122,940"
"PL","PL4","PL41 Wielkopolskie","PL41","Wielkopolskie","ESF","2017","2007-2013","35,707,165","0","0","0"
"PL","PL4","PL42 Zachodniopomorskie","PL42","Zachodniopomorskie","CF","2007","2007-2013","28,409,862","41,982,367","1,955,529","61,839"
"PL","PL4","PL42 Zachodniopomorskie","PL42","Zachodniopomorskie","CF","2008","2007-2013","45,455,780","56,143,652","1,539,910","48,696"
"PL","PL4","PL42 Zachodniopomorskie","PL42","Zachodniopomorskie","CF","2009","2007-2013","81,250,616","77,312,334","567,428","17,943"
"PL","PL4","PL42 Zachodniopomorskie","PL42","Zachodniopomorskie","CF","2010","2007-2013","68,060,888","86,670,110","2,681,220","84,787"
"PL","PL4","PL42 Zachodniopomorskie","PL42","Zachodniopomorskie","CF","2011","2007-2013","130,385,176","139,262,389","1,279,030","40,446"
"PL","PL4","PL42 Zachodniopomorskie","PL42","Zachodniopomorskie","CF","2012","2007-2013","160,115,920","176,389,698","11,838,123","374,354"
"PL","PL4","PL42 Zachodniopomorskie","PL42","Zachodniopomorskie","CF","2013","2007-2013","176,109,792","192,163,843","2,319,047","73,334"
"PL","PL4","PL42 Zachodniopomorskie","PL42","Zachodniopomorskie","CF","2014","2007-2013","230,464,944","218,090,954","11,562,204","365,629"
"PL","PL4","PL42 Zachodniopomorskie","PL42","Zachodniopomorskie","CF","2015","2007-2013","169,583,648","159,181,103","9,763,216","308,739"
"PL","PL4","PL42 Zachodniopomorskie","PL42","Zachodniopomorskie","CF","2017","2007-2013","57,359,828","0","0","0"
"PL","PL4","PL42 Zachodniopomorskie","PL42","Zachodniopomorskie","ERDF","2007","2007-2013","26,735,610","37,561,423","1,781,642","56,340"
"PL","PL4","PL42 Zachodniopomorskie","PL42","Zachodniopomorskie","ERDF","2008","2007-2013","40,103,412","56,485,843","2,696,114","85,258"
"PL","PL4","PL42 Zachodniopomorskie","PL42","Zachodniopomorskie","ERDF","2009","2007-2013","100,790,896","124,967,773","3,978,873","125,823"
"PL","PL4","PL42 Zachodniopomorskie","PL42","Zachodniopomorskie","ERDF","2010","2007-2013","190,352,320","194,304,808","650,474","20,569"
"PL","PL4","PL42 Zachodniopomorskie","PL42","Zachodniopomorskie","ERDF","2011","2007-2013","204,994,016","215,275,044","1,691,984","53,505"
"PL","PL4","PL42 Zachodniopomorskie","PL42","Zachodniopomorskie","ERDF","2012","2007-2013","243,079,312","247,301,546","10,445,057","330,301"
"PL","PL4","PL42 Zachodniopomorskie","PL42","Zachodniopomorskie","ERDF","2013","2007-2013","220,556,080","218,221,369","4,517,967","142,870"
"PL","PL4","PL42 Zachodniopomorskie","PL42","Zachodniopomorskie","ERDF","2014","2007-2013","228,390,416","195,909,576","7,993,183","252,766"
"PL","PL4","PL42 Zachodniopomorskie","PL42","Zachodniopomorskie","ERDF","2015","2007-2013","59,765,964","94,723,352","5,764,240","182,281"
"PL","PL4","PL42 Zachodniopomorskie","PL42","Zachodniopomorskie","ERDF","2016","2007-2013","751,331","0","0","0"
"PL","PL4","PL42 Zachodniopomorskie","PL42","Zachodniopomorskie","ERDF","2017","2007-2013","15,714,412","0","0","0"
"PL","PL4","PL42 Zachodniopomorskie","PL42","Zachodniopomorskie","ERDF","2018","2007-2013","53,516,968","0","0","0"
"PL","PL4","PL42 Zachodniopomorskie","PL42","Zachodniopomorskie","ESF","2007","2007-2013","12,525,452","18,331,749","800,094","25,301"
"PL","PL4","PL42 Zachodniopomorskie","PL42","Zachodniopomorskie","ESF","2008","2007-2013","18,788,179","31,753,736","1,786,624","56,498"
"PL","PL4","PL42 Zachodniopomorskie","PL42","Zachodniopomorskie","ESF","2009","2007-2013","60,742,495","61,245,171","69,267","2,190"
"PL","PL4","PL42 Zachodniopomorskie","PL42","Zachodniopomorskie","ESF","2010","2007-2013","62,369,068","75,631,440","1,827,524","57,791"
"PL","PL4","PL42 Zachodniopomorskie","PL42","Zachodniopomorskie","ESF","2011","2007-2013","105,283,826","105,792,065","70,034","2,214"
"PL","PL4","PL42 Zachodniopomorskie","PL42","Zachodniopomorskie","ESF","2012","2007-2013","106,928,401","109,155,610","5,152,539","162,937"
"PL","PL4","PL42 Zachodniopomorskie","PL42","Zachodniopomorskie","ESF","2013","2007-2013","97,618,666","97,156,630","851,238","26,918"
"PL","PL4","PL42 Zachodniopomorskie","PL42","Zachodniopomorskie","ESF","2014","2007-2013","98,849,274","89,546,040","4,486,288","141,868"
"PL","PL4","PL42 Zachodniopomorskie","PL42","Zachodniopomorskie","ESF","2015","2007-2013","50,254,440","57,029,452","3,514,817","111,148"
"PL","PL4","PL42 Zachodniopomorskie","PL42","Zachodniopomorskie","ESF","2017","2007-2013","32,282,094","0","0","0"
"PL","PL4","PL43 Lubuskie","PL43","Lubuskie","CF","2007","2007-2013","16,117,598","23,817,607","1,109,418","35,082"
"PL","PL4","PL43 Lubuskie","PL43","Lubuskie","CF","2008","2007-2013","25,788,160","31,851,647","873,628","27,626"
"PL","PL4","PL43 Lubuskie","PL43","Lubuskie","CF","2009","2007-2013","46,095,432","43,861,149","321,915","10,179"
"PL","PL4","PL43 Lubuskie","PL43","Lubuskie","CF","2010","2007-2013","38,612,580","49,170,044","1,521,121","48,102"
"PL","PL4","PL43 Lubuskie","PL43","Lubuskie","CF","2011","2007-2013","73,970,664","79,006,914","725,623","22,946"
"PL","PL4","PL43 Lubuskie","PL43","Lubuskie","CF","2012","2007-2013","90,837,608","100,070,118","6,716,053","212,380"
"PL","PL4","PL43 Lubuskie","PL43","Lubuskie","CF","2013","2007-2013","99,911,328","109,019,178","1,315,651","41,604"
"PL","PL4","PL43 Lubuskie","PL43","Lubuskie","CF","2014","2007-2013","130,748,320","123,728,255","6,559,517","207,430"
"PL","PL4","PL43 Lubuskie","PL43","Lubuskie","CF","2015","2007-2013","96,208,888","90,307,272","5,538,907","175,155"
"PL","PL4","PL43 Lubuskie","PL43","Lubuskie","CF","2017","2007-2013","32,541,610","0","0","0"
"PL","PL4","PL43 Lubuskie","PL43","Lubuskie","ERDF","2007","2007-2013","14,951,699","20,031,232","1,056,335","33,404"
"PL","PL4","PL43 Lubuskie","PL43","Lubuskie","ERDF","2008","2007-2013","22,427,550","33,620,601","2,327,696","73,608"
"PL","PL4","PL43 Lubuskie","PL43","Lubuskie","ERDF","2009","2007-2013","71,847,976","86,534,621","3,054,221","96,582"
"PL","PL4","PL43 Lubuskie","PL43","Lubuskie","ERDF","2010","2007-2013","136,693,584","139,845,603","655,491","20,728"
"PL","PL4","PL43 Lubuskie","PL43","Lubuskie","ERDF","2011","2007-2013","150,610,624","143,490,083","1,480,781","46,826"
"PL","PL4","PL43 Lubuskie","PL43","Lubuskie","ERDF","2012","2007-2013","119,171,464","117,874,418","269,732","8,529"
"PL","PL4","PL43 Lubuskie","PL43","Lubuskie","ERDF","2013","2007-2013","113,444,648","114,096,691","135,598","4,287"
"PL","PL4","PL43 Lubuskie","PL43","Lubuskie","ERDF","2014","2007-2013","116,323,600","105,847,653","2,178,568","68,892"
"PL","PL4","PL43 Lubuskie","PL43","Lubuskie","ERDF","2015","2007-2013","28,787,378","54,199,633","3,300,260","104,363"
"PL","PL4","PL43 Lubuskie","PL43","Lubuskie","ERDF","2016","2007-2013","509,602","0","0","0"
"PL","PL4","PL43 Lubuskie","PL43","Lubuskie","ERDF","2017","2007-2013","8,999,991","0","0","0"
"PL","PL4","PL43 Lubuskie","PL43","Lubuskie","ERDF","2018","2007-2013","31,772,424","0","0","0"
"PL","PL4","PL43 Lubuskie","PL43","Lubuskie","ESF","2007","2007-2013","8,999,348","13,171,084","574,855","18,178"
"PL","PL4","PL43 Lubuskie","PL43","Lubuskie","ESF","2008","2007-2013","13,499,022","22,814,578","1,283,662","40,592"
"PL","PL4","PL43 Lubuskie","PL43","Lubuskie","ESF","2009","2007-2013","43,642,562","44,003,727","49,767","1,573"
"PL","PL4","PL43 Lubuskie","PL43","Lubuskie","ESF","2010","2007-2013","44,811,231","54,340,044","1,313,048","41,522"
"PL","PL4","PL43 Lubuskie","PL43","Lubuskie","ESF","2011","2007-2013","75,644,834","76,009,996","50,318","1,591"
"PL","PL4","PL43 Lubuskie","PL43","Lubuskie","ESF","2012","2007-2013","76,826,436","78,426,653","3,702,021","117,068"
"PL","PL4","PL43 Lubuskie","PL43","Lubuskie","ESF","2013","2007-2013","70,137,533","69,805,567","611,601","19,340"
"PL","PL4","PL43 Lubuskie","PL43","Lubuskie","ESF","2014","2007-2013","71,021,706","64,337,473","3,223,330","101,930"
"PL","PL4","PL43 Lubuskie","PL43","Lubuskie","ESF","2015","2007-2013","36,107,054","40,974,798","2,525,343","79,858"
"PL","PL4","PL43 Lubuskie","PL43","Lubuskie","ESF","2017","2007-2013","23,194,196","0","0","0"
"PL","PL5","PL51 Dolnośląskie","PL51","Dolnośląskie","CF","2007","2007-2013","48,811,848","72,131,182","3,359,854","106,247"
"PL","PL5","PL51 Dolnośląskie","PL51","Dolnośląskie","CF","2008","2007-2013","78,098,960","96,462,123","2,645,768","83,666"
"PL","PL5","PL51 Dolnośląskie","PL51","Dolnośląskie","CF","2009","2007-2013","139,599,168","132,832,684","974,916","30,829"
"PL","PL5","PL51 Dolnośląskie","PL51","Dolnośląskie","CF","2010","2007-2013","116,937,488","148,910,562","4,606,686","145,676"
"PL","PL5","PL51 Dolnośląskie","PL51","Dolnośląskie","CF","2011","2007-2013","224,018,752","239,270,958","2,197,540","69,492"
"PL","PL5","PL51 Dolnośląskie","PL51","Dolnośląskie","CF","2012","2007-2013","275,100,032","303,060,515","20,339,442","643,189"
"PL","PL5","PL51 Dolnośląskie","PL51","Dolnośląskie","CF","2013","2007-2013","302,579,616","330,162,571","3,984,425","125,998"
"PL","PL5","PL51 Dolnośląskie","PL51","Dolnośląskie","CF","2014","2007-2013","395,968,864","374,708,731","19,865,377","628,198"
"PL","PL5","PL51 Dolnośląskie","PL51","Dolnośląskie","CF","2015","2007-2013","291,366,848","273,493,909","16,774,479","530,455"
"PL","PL5","PL51 Dolnośląskie","PL51","Dolnośląskie","CF","2017","2007-2013","98,551,664","0","0","0"
"PL","PL5","PL51 Dolnośląskie","PL51","Dolnośląskie","ERDF","2007","2007-2013","47,964,200","67,371,994","3,197,056","101,099"
"PL","PL5","PL51 Dolnośląskie","PL51","Dolnośląskie","ERDF","2008","2007-2013","71,946,296","111,454,589","6,508,223","205,808"
"PL","PL5","PL51 Dolnośląskie","PL51","Dolnośląskie","ERDF","2009","2007-2013","218,406,800","237,475,453","3,141,190","99,333"
"PL","PL5","PL51 Dolnośląskie","PL51","Dolnośląskie","ERDF","2010","2007-2013","289,095,872","321,255,216","5,297,626","167,525"
"PL","PL5","PL51 Dolnośląskie","PL51","Dolnośląskie","ERDF","2011","2007-2013","408,313,216","401,164,254","1,177,652","37,240"
"PL","PL5","PL51 Dolnośląskie","PL51","Dolnośląskie","ERDF","2012","2007-2013","381,811,424","407,047,689","18,779,948","593,874"
"PL","PL5","PL51 Dolnośląskie","PL51","Dolnośląskie","ERDF","2013","2007-2013","408,301,504","399,570,999","7,082,051","223,954"
"PL","PL5","PL51 Dolnośląskie","PL51","Dolnośląskie","ERDF","2014","2007-2013","401,331,904","349,096,062","14,287,621","451,814"
"PL","PL5","PL51 Dolnośląskie","PL51","Dolnośląskie","ERDF","2015","2007-2013","123,038,056","182,092,024","11,080,608","350,399"
"PL","PL5","PL51 Dolnośląskie","PL51","Dolnośląskie","ERDF","2016","2007-2013","2,502,218","0","0","0"
"PL","PL5","PL51 Dolnośląskie","PL51","Dolnośląskie","ERDF","2017","2007-2013","26,926,290","0","0","0"
"PL","PL5","PL51 Dolnośląskie","PL51","Dolnośląskie","ERDF","2018","2007-2013","96,890,504","0","0","0"
"PL","PL5","PL51 Dolnośląskie","PL51","Dolnośląskie","ESF","2007","2007-2013","16,877,651","24,701,453","1,078,101","34,092"
"PL","PL5","PL51 Dolnośląskie","PL51","Dolnośląskie","ESF","2008","2007-2013","25,316,477","42,787,156","2,407,419","76,129"
"PL","PL5","PL51 Dolnośląskie","PL51","Dolnośląskie","ESF","2009","2007-2013","81,848,591","82,525,931","93,335","2,951"
"PL","PL5","PL51 Dolnośląskie","PL51","Dolnośląskie","ESF","2010","2007-2013","84,040,347","101,910,975","2,462,531","77,872"
"PL","PL5","PL51 Dolnośląskie","PL51","Dolnośląskie","ESF","2011","2007-2013","141,866,627","142,551,463","94,368","2,984"
"PL","PL5","PL51 Dolnośląskie","PL51","Dolnośląskie","ESF","2012","2007-2013","144,082,639","147,083,734","6,942,884","219,553"
"PL","PL5","PL51 Dolnośląskie","PL51","Dolnośląskie","ESF","2013","2007-2013","131,538,066","130,915,488","1,147,016","36,271"
"PL","PL5","PL51 Dolnośląskie","PL51","Dolnośląskie","ESF","2014","2007-2013","133,196,272","120,660,458","6,045,131","191,163"
"PL","PL5","PL51 Dolnośląskie","PL51","Dolnośląskie","ESF","2015","2007-2013","67,716,269","76,845,384","4,736,105","149,768"
"PL","PL5","PL51 Dolnośląskie","PL51","Dolnośląskie","ESF","2017","2007-2013","43,499,102","0","0","0"
"PL","PL5","PL52 Opolskie","PL52","Opolskie","CF","2007","2007-2013","5,957,680","8,803,897","410,083","12,967"
"PL","PL5","PL52 Opolskie","PL52","Opolskie","CF","2008","2007-2013","9,532,288","11,773,584","322,926","10,211"
"PL","PL5","PL52 Opolskie","PL52","Opolskie","CF","2009","2007-2013","17,038,632","16,212,756","118,992","3,762"
"PL","PL5","PL52 Opolskie","PL52","Opolskie","CF","2010","2007-2013","14,272,687","18,175,127","562,264","17,780"
"PL","PL5","PL52 Opolskie","PL52","Opolskie","CF","2011","2007-2013","27,342,380","29,203,972","268,218","8,481"
"PL","PL5","PL52 Opolskie","PL52","Opolskie","CF","2012","2007-2013","33,577,052","36,989,739","2,482,509","78,503"
"PL","PL5","PL52 Opolskie","PL52","Opolskie","CF","2013","2007-2013","36,931,044","40,297,653","486,314","15,378"
"PL","PL5","PL52 Opolskie","PL52","Opolskie","CF","2014","2007-2013","48,329,572","45,734,688","2,424,648","76,674"
"PL","PL5","PL52 Opolskie","PL52","Opolskie","CF","2015","2007-2013","35,562,480","33,381,017","2,047,391","64,744"
"PL","PL5","PL52 Opolskie","PL52","Opolskie","CF","2017","2007-2013","12,028,622","0","0","0"
"PL","PL5","PL52 Opolskie","PL52","Opolskie","ERDF","2007","2007-2013","13,492,927","17,549,215","991,285","31,347"
"PL","PL5","PL52 Opolskie","PL52","Opolskie","ERDF","2008","2007-2013","20,239,394","31,318,166","2,707,456","85,617"
"PL","PL5","PL52 Opolskie","PL52","Opolskie","ERDF","2009","2007-2013","75,518,416","88,558,406","3,186,743","100,773"
"PL","PL5","PL52 Opolskie","PL52","Opolskie","ERDF","2010","2007-2013","140,583,200","138,296,478","558,834","17,671"
"PL","PL5","PL52 Opolskie","PL52","Opolskie","ERDF","2011","2007-2013","129,173,296","127,722,815","354,471","11,209"
"PL","PL5","PL52 Opolskie","PL52","Opolskie","ERDF","2012","2007-2013","121,935,928","119,014,054","714,054","22,580"
"PL","PL5","PL52 Opolskie","PL52","Opolskie","ERDF","2013","2007-2013","107,356,848","100,709,980","1,624,377","51,367"
"PL","PL5","PL52 Opolskie","PL52","Opolskie","ERDF","2014","2007-2013","74,191,408","72,850,760","327,630","10,360"
"PL","PL5","PL52 Opolskie","PL52","Opolskie","ERDF","2015","2007-2013","29,330,692","53,973,608","3,306,117","104,548"
"PL","PL5","PL52 Opolskie","PL52","Opolskie","ERDF","2016","2007-2013","676,013","0","0","0"
"PL","PL5","PL52 Opolskie","PL52","Opolskie","ERDF","2017","2007-2013","3,524,359","0","0","0"
"PL","PL5","PL52 Opolskie","PL52","Opolskie","ERDF","2018","2007-2013","33,971,004","0","0","0"
"PL","PL5","PL52 Opolskie","PL52","Opolskie","ESF","2007","2007-2013","8,067,900","11,807,855","515,357","16,297"
"PL","PL5","PL52 Opolskie","PL52","Opolskie","ESF","2008","2007-2013","12,101,850","20,453,231","1,150,801","36,391"
"PL","PL5","PL52 Opolskie","PL52","Opolskie","ESF","2009","2007-2013","39,125,484","39,449,267","44,616","1,410"
"PL","PL5","PL52 Opolskie","PL52","Opolskie","ESF","2010","2007-2013","40,173,193","48,715,758","1,177,145","37,224"
"PL","PL5","PL52 Opolskie","PL52","Opolskie","ESF","2011","2007-2013","67,815,466","68,142,834","45,110","1,426"
"PL","PL5","PL52 Opolskie","PL52","Opolskie","ESF","2012","2007-2013","68,874,771","70,309,362","3,318,856","104,951"
"PL","PL5","PL52 Opolskie","PL52","Opolskie","ESF","2013","2007-2013","62,878,180","62,580,573","548,300","17,338"
"PL","PL5","PL52 Opolskie","PL52","Opolskie","ESF","2014","2007-2013","63,670,840","57,678,436","2,889,710","91,380"
"PL","PL5","PL52 Opolskie","PL52","Opolskie","ESF","2015","2007-2013","32,369,913","36,733,837","2,263,965","71,592"
"PL","PL5","PL52 Opolskie","PL52","Opolskie","ESF","2017","2007-2013","20,793,557","0","0","0"
"PL","PL6","PL61 Kujawsko-Pomorskie","PL61","Kujawsko-Pomorskie","CF","2007","2007-2013","22,232,388","32,853,671","1,530,316","48,392"
"PL","PL6","PL61 Kujawsko-Pomorskie","PL61","Kujawsko-Pomorskie","CF","2008","2007-2013","35,571,820","43,935,710","1,205,070","38,107"
"PL","PL6","PL61 Kujawsko-Pomorskie","PL61","Kujawsko-Pomorskie","CF","2009","2007-2013","63,583,388","60,501,451","444,045","14,041"
"PL","PL6","PL61 Kujawsko-Pomorskie","PL61","Kujawsko-Pomorskie","CF","2010","2007-2013","53,261,652","67,824,465","2,098,212","66,351"
"PL","PL6","PL61 Kujawsko-Pomorskie","PL61","Kujawsko-Pomorskie","CF","2011","2007-2013","102,034,080","108,981,019","1,000,916","31,651"
"PL","PL6","PL61 Kujawsko-Pomorskie","PL61","Kujawsko-Pomorskie","CF","2012","2007-2013","125,300,128","138,035,317","9,264,028","292,954"
"PL","PL6","PL61 Kujawsko-Pomorskie","PL61","Kujawsko-Pomorskie","CF","2013","2007-2013","137,816,272","150,379,513","1,814,791","57,388"
"PL","PL6","PL61 Kujawsko-Pomorskie","PL61","Kujawsko-Pomorskie","CF","2014","2007-2013","180,352,384","170,669,008","9,048,105","286,126"
"PL","PL6","PL61 Kujawsko-Pomorskie","PL61","Kujawsko-Pomorskie","CF","2015","2007-2013","132,709,192","124,568,582","7,640,291","241,607"
"PL","PL6","PL61 Kujawsko-Pomorskie","PL61","Kujawsko-Pomorskie","CF","2017","2007-2013","44,887,436","0","0","0"
"PL","PL6","PL61 Kujawsko-Pomorskie","PL61","Kujawsko-Pomorskie","ERDF","2007","2007-2013","30,942,840","44,320,530","2,018,740","63,838"
"PL","PL6","PL61 Kujawsko-Pomorskie","PL61","Kujawsko-Pomorskie","ERDF","2008","2007-2013","46,414,256","67,464,805","3,176,602","100,452"
"PL","PL6","PL61 Kujawsko-Pomorskie","PL61","Kujawsko-Pomorskie","ERDF","2009","2007-2013","119,449,704","149,762,864","4,574,363","144,654"
"PL","PL6","PL61 Kujawsko-Pomorskie","PL61","Kujawsko-Pomorskie","ERDF","2010","2007-2013","224,622,032","227,953,649","502,752","15,898"
"PL","PL6","PL61 Kujawsko-Pomorskie","PL61","Kujawsko-Pomorskie","ERDF","2011","2007-2013","236,181,168","243,047,224","1,036,112","32,764"
"PL","PL6","PL61 Kujawsko-Pomorskie","PL61","Kujawsko-Pomorskie","ERDF","2012","2007-2013","260,003,136","262,982,255","11,868,762","375,323"
"PL","PL6","PL61 Kujawsko-Pomorskie","PL61","Kujawsko-Pomorskie","ERDF","2013","2007-2013","229,572,704","232,904,648","965,124","30,519"
"PL","PL6","PL61 Kujawsko-Pomorskie","PL61","Kujawsko-Pomorskie","ERDF","2014","2007-2013","243,972,864","228,142,935","11,298,309","357,283"
"PL","PL6","PL61 Kujawsko-Pomorskie","PL61","Kujawsko-Pomorskie","ERDF","2015","2007-2013","144,733,392","161,556,969","9,872,140","312,184"
"PL","PL6","PL61 Kujawsko-Pomorskie","PL61","Kujawsko-Pomorskie","ERDF","2016","2007-2013","1,343,544","0","0","0"
"PL","PL6","PL61 Kujawsko-Pomorskie","PL61","Kujawsko-Pomorskie","ERDF","2017","2007-2013","12,429,251","0","0","0"
"PL","PL6","PL61 Kujawsko-Pomorskie","PL61","Kujawsko-Pomorskie","ERDF","2018","2007-2013","68,470,992","0","0","0"
"PL","PL6","PL61 Kujawsko-Pomorskie","PL61","Kujawsko-Pomorskie","ESF","2007","2007-2013","12,788,542","18,716,796","816,899","25,832"
"PL","PL6","PL61 Kujawsko-Pomorskie","PL61","Kujawsko-Pomorskie","ESF","2008","2007-2013","19,182,813","32,420,703","1,824,150","57,684"
"PL","PL6","PL61 Kujawsko-Pomorskie","PL61","Kujawsko-Pomorskie","ESF","2009","2007-2013","62,018,352","62,531,587","70,722","2,236"
"PL","PL6","PL61 Kujawsko-Pomorskie","PL61","Kujawsko-Pomorskie","ESF","2010","2007-2013","63,679,091","77,220,031","1,865,910","59,005"
"PL","PL6","PL61 Kujawsko-Pomorskie","PL61","Kujawsko-Pomorskie","ESF","2011","2007-2013","107,495,246","108,014,160","71,505","2,261"
"PL","PL6","PL61 Kujawsko-Pomorskie","PL61","Kujawsko-Pomorskie","ESF","2012","2007-2013","109,174,364","111,448,355","5,260,765","166,360"
"PL","PL6","PL61 Kujawsko-Pomorskie","PL61","Kujawsko-Pomorskie","ESF","2013","2007-2013","99,669,084","99,197,344","869,118","27,483"
"PL","PL6","PL61 Kujawsko-Pomorskie","PL61","Kujawsko-Pomorskie","ESF","2014","2007-2013","100,925,540","91,426,898","4,580,520","144,848"
"PL","PL6","PL61 Kujawsko-Pomorskie","PL61","Kujawsko-Pomorskie","ESF","2015","2007-2013","51,310,002","58,227,320","3,588,643","113,482"
"PL","PL6","PL61 Kujawsko-Pomorskie","PL61","Kujawsko-Pomorskie","ESF","2017","2007-2013","32,960,159","0","0","0"
"PL","PL6","PL62 Warmińsko-Mazurskie","PL62","Warmińsko-Mazurskie","CF","2007","2007-2013","26,894,470","39,743,011","1,851,220","58,540"
"PL","PL6","PL62 Warmińsko-Mazurskie","PL62","Warmińsko-Mazurskie","CF","2008","2007-2013","43,031,148","53,148,927","1,457,771","46,098"
"PL","PL6","PL62 Warmińsko-Mazurskie","PL62","Warmińsko-Mazurskie","CF","2009","2007-2013","76,916,680","73,188,467","537,161","16,986"
"PL","PL6","PL62 Warmińsko-Mazurskie","PL62","Warmińsko-Mazurskie","CF","2010","2007-2013","64,430,496","82,047,095","2,538,203","80,265"
"PL","PL6","PL62 Warmińsko-Mazurskie","PL62","Warmińsko-Mazurskie","CF","2011","2007-2013","123,430,384","131,834,083","1,210,806","38,289"
"PL","PL6","PL62 Warmińsko-Mazurskie","PL62","Warmińsko-Mazurskie","CF","2012","2007-2013","151,575,280","166,981,013","11,206,673","354,386"
"PL","PL6","PL62 Warmińsko-Mazurskie","PL62","Warmińsko-Mazurskie","CF","2013","2007-2013","166,716,048","181,913,763","2,195,347","69,422"
"PL","PL6","PL62 Warmińsko-Mazurskie","PL62","Warmińsko-Mazurskie","CF","2014","2007-2013","218,171,856","206,457,896","10,945,471","346,126"
"PL","PL6","PL62 Warmińsko-Mazurskie","PL62","Warmińsko-Mazurskie","CF","2015","2007-2013","160,537,984","150,690,315","9,242,441","292,271"
"PL","PL6","PL62 Warmińsko-Mazurskie","PL62","Warmińsko-Mazurskie","CF","2017","2007-2013","54,300,228","0","0","0"
"PL","PL6","PL62 Warmińsko-Mazurskie","PL62","Warmińsko-Mazurskie","ERDF","2007","2007-2013","35,840,916","52,048,298","2,306,155","72,927"
"PL","PL6","PL62 Warmińsko-Mazurskie","PL62","Warmińsko-Mazurskie","ERDF","2008","2007-2013","53,761,376","74,866,182","3,003,011","94,963"
"PL","PL6","PL62 Warmińsko-Mazurskie","PL62","Warmińsko-Mazurskie","ERDF","2009","2007-2013","123,767,960","161,535,709","5,373,988","169,940"
"PL","PL6","PL62 Warmińsko-Mazurskie","PL62","Warmińsko-Mazurskie","ERDF","2010","2007-2013","249,047,056","253,928,343","694,560","21,963"
"PL","PL6","PL62 Warmińsko-Mazurskie","PL62","Warmińsko-Mazurskie","ERDF","2011","2007-2013","265,238,736","266,772,450","218,232","6,901"
"PL","PL6","PL62 Warmińsko-Mazurskie","PL62","Warmińsko-Mazurskie","ERDF","2012","2007-2013","270,326,208","291,186,398","18,654,193","589,897"
"PL","PL6","PL62 Warmińsko-Mazurskie","PL62","Warmińsko-Mazurskie","ERDF","2013","2007-2013","278,960,800","296,968,160","7,647,079","241,821"
"PL","PL6","PL62 Warmińsko-Mazurskie","PL62","Warmińsko-Mazurskie","ERDF","2014","2007-2013","362,441,088","308,496,256","13,595,287","429,920"
"PL","PL6","PL62 Warmińsko-Mazurskie","PL62","Warmińsko-Mazurskie","ERDF","2015","2007-2013","120,453,952","153,895,823","9,450,595","298,854"
"PL","PL6","PL62 Warmińsko-Mazurskie","PL62","Warmińsko-Mazurskie","ERDF","2016","2007-2013","6,880,255","0","0","0"
"PL","PL6","PL62 Warmińsko-Mazurskie","PL62","Warmińsko-Mazurskie","ERDF","2017","2007-2013","14,859,469","0","0","0"
"PL","PL6","PL62 Warmińsko-Mazurskie","PL62","Warmińsko-Mazurskie","ERDF","2018","2007-2013","78,119,808","0","0","0"
"PL","PL6","PL62 Warmińsko-Mazurskie","PL62","Warmińsko-Mazurskie","ESF","2007","2007-2013","10,799,959","15,806,386","689,874","21,815"
"PL","PL6","PL62 Warmińsko-Mazurskie","PL62","Warmińsko-Mazurskie","ESF","2008","2007-2013","16,199,939","27,379,374","1,540,500","48,714"
"PL","PL6","PL62 Warmińsko-Mazurskie","PL62","Warmińsko-Mazurskie","ESF","2009","2007-2013","52,374,671","52,808,099","59,725","1,888"
"PL","PL6","PL62 Warmińsko-Mazurskie","PL62","Warmińsko-Mazurskie","ESF","2010","2007-2013","53,777,170","65,212,531","1,575,766","49,830"
"PL","PL6","PL62 Warmińsko-Mazurskie","PL62","Warmińsko-Mazurskie","ESF","2011","2007-2013","90,780,034","91,218,259","60,386","1,909"
"PL","PL6","PL62 Warmińsko-Mazurskie","PL62","Warmińsko-Mazurskie","ESF","2012","2007-2013","92,198,054","94,118,446","4,442,731","140,491"
"PL","PL6","PL62 Warmińsko-Mazurskie","PL62","Warmińsko-Mazurskie","ESF","2013","2007-2013","84,170,819","83,772,433","733,972","23,210"
"PL","PL6","PL62 Warmińsko-Mazurskie","PL62","Warmińsko-Mazurskie","ESF","2014","2007-2013","85,231,900","77,210,270","3,868,261","122,325"
"PL","PL6","PL62 Warmińsko-Mazurskie","PL62","Warmińsko-Mazurskie","ESF","2015","2007-2013","43,331,440","49,173,134","3,030,619","95,836"
"PL","PL6","PL62 Warmińsko-Mazurskie","PL62","Warmińsko-Mazurskie","ESF","2017","2007-2013","27,834,946","0","0","0"
"PL","PL6","PL63 Pomorskie","PL63","Pomorskie","CF","2007","2007-2013","46,939,428","69,364,233","3,230,970","102,172"
"PL","PL6","PL63 Pomorskie","PL63","Pomorskie","CF","2008","2007-2013","75,103,088","92,761,838","2,544,276","80,457"
"PL","PL6","PL63 Pomorskie","PL63","Pomorskie","CF","2009","2007-2013","134,244,144","127,737,228","937,517","29,646"
"PL","PL6","PL63 Pomorskie","PL63","Pomorskie","CF","2010","2007-2013","112,451,784","143,198,369","4,429,974","140,088"
"PL","PL6","PL63 Pomorskie","PL63","Pomorskie","CF","2011","2007-2013","215,425,408","230,092,541","2,113,243","66,826"
"PL","PL6","PL63 Pomorskie","PL63","Pomorskie","CF","2012","2007-2013","264,547,216","291,435,132","19,559,222","618,516"
"PL","PL6","PL63 Pomorskie","PL63","Pomorskie","CF","2013","2007-2013","290,972,672","317,497,547","3,831,583","121,165"
"PL","PL6","PL63 Pomorskie","PL63","Pomorskie","CF","2014","2007-2013","380,779,520","360,334,920","19,103,341","604,100"
"PL","PL6","PL63 Pomorskie","PL63","Pomorskie","CF","2015","2007-2013","280,190,016","263,002,687","16,131,010","510,107"
"PL","PL6","PL63 Pomorskie","PL63","Pomorskie","CF","2017","2007-2013","94,771,224","0","0","0"
"PL","PL6","PL63 Pomorskie","PL63","Pomorskie","ERDF","2007","2007-2013","35,917,252","49,825,369","2,429,302","76,821"
"PL","PL6","PL63 Pomorskie","PL63","Pomorskie","ERDF","2008","2007-2013","53,875,876","80,315,014","4,618,070","146,036"
"PL","PL6","PL63 Pomorskie","PL63","Pomorskie","ERDF","2009","2007-2013","156,293,168","181,111,118","4,334,900","137,081"
"PL","PL6","PL63 Pomorskie","PL63","Pomorskie","ERDF","2010","2007-2013","252,430,464","267,947,906","2,710,400","85,710"
"PL","PL6","PL63 Pomorskie","PL63","Pomorskie","ERDF","2011","2007-2013","312,540,384","311,440,990","192,028","6,072"
"PL","PL6","PL63 Pomorskie","PL63","Pomorskie","ERDF","2012","2007-2013","308,281,664","320,125,228","12,358,804","390,819"
"PL","PL6","PL63 Pomorskie","PL63","Pomorskie","ERDF","2013","2007-2013","307,600,480","295,947,046","4,700,145","148,631"
"PL","PL6","PL63 Pomorskie","PL63","Pomorskie","ERDF","2014","2007-2013","278,624,960","245,804,364","9,820,215","310,542"
"PL","PL6","PL63 Pomorskie","PL63","Pomorskie","ERDF","2015","2007-2013","85,956,648","134,928,240","8,201,148","259,343"
"PL","PL6","PL63 Pomorskie","PL63","Pomorskie","ERDF","2016","2007-2013","1,559,615","0","0","0"
"PL","PL6","PL63 Pomorskie","PL63","Pomorskie","ERDF","2017","2007-2013","25,759,880","0","0","0"
"PL","PL6","PL63 Pomorskie","PL63","Pomorskie","ERDF","2018","2007-2013","68,604,888","0","0","0"
"PL","PL6","PL63 Pomorskie","PL63","Pomorskie","ESF","2007","2007-2013","11,074,679","16,208,456","707,422","22,370"
"PL","PL6","PL63 Pomorskie","PL63","Pomorskie","ESF","2008","2007-2013","16,612,019","28,075,827","1,579,686","49,954"
"PL","PL6","PL63 Pomorskie","PL63","Pomorskie","ESF","2009","2007-2013","53,706,933","54,151,386","61,244","1,936"
"PL","PL6","PL63 Pomorskie","PL63","Pomorskie","ESF","2010","2007-2013","55,145,107","66,871,351","1,615,849","51,097"
"PL","PL6","PL63 Pomorskie","PL63","Pomorskie","ESF","2011","2007-2013","93,089,219","93,538,591","61,922","1,958"
"PL","PL6","PL63 Pomorskie","PL63","Pomorskie","ESF","2012","2007-2013","94,543,309","96,512,550","4,555,741","144,065"
"PL","PL6","PL63 Pomorskie","PL63","Pomorskie","ESF","2013","2007-2013","86,311,884","85,903,364","752,642","23,800"
"PL","PL6","PL63 Pomorskie","PL63","Pomorskie","ESF","2014","2007-2013","87,399,956","79,174,278","3,966,659","125,436"
"PL","PL6","PL63 Pomorskie","PL63","Pomorskie","ESF","2015","2007-2013","44,433,668","50,423,957","3,107,710","98,274"
"PL","PL6","PL63 Pomorskie","PL63","Pomorskie","ESF","2017","2007-2013","28,542,988","0","0","0"
"SE","SE1","SE11 Stockholm","SE11","Stockholm","ERDF","2007","2007-2013","751,425","901,522","61,537","1,946"
"SE","SE1","SE11 Stockholm","SE11","Stockholm","ERDF","2008","2007-2013","1,127,138","1,905,304","319,038","10,088"
"SE","SE1","SE11 Stockholm","SE11","Stockholm","ERDF","2009","2007-2013","6,970,689","6,508,399","189,532","5,993"
"SE","SE1","SE11 Stockholm","SE11","Stockholm","ERDF","2010","2007-2013","3,499,180","4,313,142","333,714","10,552"
"SE","SE1","SE11 Stockholm","SE11","Stockholm","ERDF","2011","2007-2013","9,611,538","8,815,344","326,429","10,322"
"SE","SE1","SE11 Stockholm","SE11","Stockholm","ERDF","2012","2007-2013","3,632,617","4,253,864","254,703","8,054"
"SE","SE1","SE11 Stockholm","SE11","Stockholm","ERDF","2013","2007-2013","8,297,800","7,432,818","354,631","11,214"
"SE","SE1","SE11 Stockholm","SE11","Stockholm","ERDF","2014","2007-2013","1,802,318","1,787,043","6,262","198"
"SE","SE1","SE11 Stockholm","SE11","Stockholm","ERDF","2015","2007-2013","0","1,462,874","92,137","2,913"
"SE","SE1","SE11 Stockholm","SE11","Stockholm","ERDF","2017","2007-2013","1,687,607","0","0","0"
"SE","SE1","SE11 Stockholm","SE11","Stockholm","ESF","2007","2007-2013","2,088,642","3,136,186","130,685","4,132"
"SE","SE1","SE11 Stockholm","SE11","Stockholm","ESF","2008","2007-2013","3,132,963","5,291,755","269,318","8,516"
"SE","SE1","SE11 Stockholm","SE11","Stockholm","ESF","2009","2007-2013","9,589,412","10,549,813","119,814","3,788"
"SE","SE1","SE11 Stockholm","SE11","Stockholm","ESF","2010","2007-2013","12,461,752","14,803,300","292,118","9,237"
"SE","SE1","SE11 Stockholm","SE11","Stockholm","ESF","2011","2007-2013","19,464,783","14,030,228","1,676,987","53,031"
"SE","SE1","SE11 Stockholm","SE11","Stockholm","ESF","2012","2007-2013","0","6,896,475","1,701,158","53,795"
"SE","SE1","SE11 Stockholm","SE11","Stockholm","ESF","2013","2007-2013","15,266,701","18,776,739","1,596,222","50,476"
"SE","SE1","SE11 Stockholm","SE11","Stockholm","ESF","2014","2007-2013","31,901,349","23,619,492","1,191,366","37,674"
"SE","SE1","SE11 Stockholm","SE11","Stockholm","ESF","2015","2007-2013","5,304,903","6,367,254","399,013","12,617"
"SE","SE1","SE11 Stockholm","SE11","Stockholm","ESF","2018","2007-2013","4,260,739","0","0","0"
"SE","SE1","SE12 Östra Mellansverige","SE12","Östra Mellansverige","ERDF","2007","2007-2013","1,620,574","2,179,484","113,926","3,602"
"SE","SE1","SE12 Östra Mellansverige","SE12","Östra Mellansverige","ERDF","2008","2007-2013","2,430,861","4,101,738","340,587","10,770"
"SE","SE1","SE12 Östra Mellansverige","SE12","Östra Mellansverige","ERDF","2009","2007-2013","9,697,990","9,456,458","49,233","1,556"
"SE","SE1","SE12 Östra Mellansverige","SE12","Östra Mellansverige","ERDF","2010","2007-2013","8,647,498","10,916,629","462,533","14,626"
"SE","SE1","SE12 Östra Mellansverige","SE12","Östra Mellansverige","ERDF","2011","2007-2013","18,516,606","16,328,193","446,080","14,106"
"SE","SE1","SE12 Östra Mellansverige","SE12","Östra Mellansverige","ERDF","2012","2007-2013","8,998,568","9,384,789","78,726","2,489"
"SE","SE1","SE12 Östra Mellansverige","SE12","Östra Mellansverige","ERDF","2013","2007-2013","10,678,356","11,076,927","81,243","2,569"
"SE","SE1","SE12 Östra Mellansverige","SE12","Östra Mellansverige","ERDF","2014","2007-2013","12,411,859","11,403,541","205,532","6,499"
"SE","SE1","SE12 Östra Mellansverige","SE12","Östra Mellansverige","ERDF","2015","2007-2013","3,974,959","6,180,944","376,171","11,895"
"SE","SE1","SE12 Östra Mellansverige","SE12","Östra Mellansverige","ERDF","2017","2007-2013","4,051,435","0","0","0"
"SE","SE1","SE12 Östra Mellansverige","SE12","Östra Mellansverige","ESF","2007","2007-2013","2,058,974","3,091,639","128,829","4,073"
"SE","SE1","SE12 Östra Mellansverige","SE12","Östra Mellansverige","ESF","2008","2007-2013","3,088,462","5,216,590","265,493","8,395"
"SE","SE1","SE12 Östra Mellansverige","SE12","Östra Mellansverige","ESF","2009","2007-2013","9,453,202","10,399,962","118,112","3,735"
"SE","SE1","SE12 Östra Mellansverige","SE12","Östra Mellansverige","ESF","2010","2007-2013","12,284,743","14,593,032","287,969","9,106"
"SE","SE1","SE12 Östra Mellansverige","SE12","Östra Mellansverige","ESF","2011","2007-2013","19,188,302","13,830,941","1,653,167","52,277"
"SE","SE1","SE12 Östra Mellansverige","SE12","Östra Mellansverige","ESF","2012","2007-2013","0","6,798,516","1,676,994","53,031"
"SE","SE1","SE12 Östra Mellansverige","SE12","Östra Mellansverige","ESF","2013","2007-2013","15,049,850","18,510,031","1,573,549","49,759"
"SE","SE1","SE12 Östra Mellansverige","SE12","Östra Mellansverige","ESF","2014","2007-2013","31,448,217","23,283,997","1,174,444","37,139"
"SE","SE1","SE12 Östra Mellansverige","SE12","Östra Mellansverige","ESF","2015","2007-2013","5,229,551","6,276,812","393,345","12,438"
"SE","SE1","SE12 Östra Mellansverige","SE12","Östra Mellansverige","ESF","2018","2007-2013","4,200,219","0","0","0"
"SE","SE2","SE21 Småland med öarna","SE21","Småland med öarna","ERDF","2007","2007-2013","1,348,847","2,078,391","83,150","2,629"
"SE","SE2","SE21 Småland med öarna","SE21","Småland med öarna","ERDF","2008","2007-2013","2,023,271","3,517,658","170,324","5,386"
"SE","SE2","SE21 Småland med öarna","SE21","Småland med öarna","ERDF","2009","2007-2013","6,167,710","5,287,769","100,292","3,171"
"SE","SE2","SE21 Småland med öarna","SE21","Småland med öarna","ERDF","2010","2007-2013","3,727,338","6,237,839","286,138","9,048"
"SE","SE2","SE21 Småland med öarna","SE21","Småland med öarna","ERDF","2011","2007-2013","10,689,804","9,640,100","1,026,924","32,474"
"SE","SE2","SE21 Småland med öarna","SE21","Småland med öarna","ERDF","2012","2007-2013","5,794,306","8,725,923","795,701","25,162"
"SE","SE2","SE21 Småland med öarna","SE21","Småland med öarna","ERDF","2013","2007-2013","11,679,733","12,218,476","441,477","13,960"
"SE","SE2","SE21 Småland med öarna","SE21","Småland med öarna","ERDF","2014","2007-2013","14,465,998","12,353,834","806,288","25,497"
"SE","SE2","SE21 Småland med öarna","SE21","Småland med öarna","ERDF","2015","2007-2013","6,562,151","7,382,378","474,482","15,004"
"SE","SE2","SE21 Småland med öarna","SE21","Småland med öarna","ERDF","2016","2007-2013","1,611,093","0","0","0"
"SE","SE2","SE21 Småland med öarna","SE21","Småland med öarna","ERDF","2017","2007-2013","3,372,118","0","0","0"
"SE","SE2","SE21 Småland med öarna","SE21","Småland med öarna","ESF","2007","2007-2013","1,178,528","1,769,611","73,740","2,331"
"SE","SE2","SE21 Småland med öarna","SE21","Småland med öarna","ESF","2008","2007-2013","1,767,792","2,985,903","151,964","4,805"
"SE","SE2","SE21 Småland med öarna","SE21","Småland med öarna","ESF","2009","2007-2013","5,410,881","5,952,794","67,605","2,137"
"SE","SE2","SE21 Småland med öarna","SE21","Småland med öarna","ESF","2010","2007-2013","7,031,616","8,352,848","164,829","5,212"
"SE","SE2","SE21 Småland med öarna","SE21","Småland med öarna","ESF","2011","2007-2013","10,983,117","7,916,638","946,250","29,923"
"SE","SE2","SE21 Småland med öarna","SE21","Småland med öarna","ESF","2012","2007-2013","0","3,891,376","959,888","30,354"
"SE","SE2","SE21 Småland med öarna","SE21","Småland med öarna","ESF","2013","2007-2013","8,614,325","10,594,885","900,677","28,481"
"SE","SE2","SE21 Småland med öarna","SE21","Småland med öarna","ESF","2014","2007-2013","18,000,522","13,327,436","672,235","21,257"
"SE","SE2","SE21 Småland med öarna","SE21","Småland med öarna","ESF","2015","2007-2013","2,993,322","3,592,760","225,145","7,119"
"SE","SE2","SE21 Småland med öarna","SE21","Småland med öarna","ESF","2018","2007-2013","2,404,147","0","0","0"
"SE","SE2","SE22 Sydsverige","SE22","Sydsverige","ERDF","2007","2007-2013","1,413,801","2,084,497","89,725","2,837"
"SE","SE2","SE22 Sydsverige","SE22","Sydsverige","ERDF","2008","2007-2013","2,120,702","3,418,423","173,609","5,490"
"SE","SE2","SE22 Sydsverige","SE22","Sydsverige","ERDF","2009","2007-2013","6,224,023","6,599,443","50,223","1,588"
"SE","SE2","SE22 Sydsverige","SE22","Sydsverige","ERDF","2010","2007-2013","7,411,080","7,685,050","36,651","1,159"
"SE","SE2","SE22 Sydsverige","SE22","Sydsverige","ERDF","2011","2007-2013","8,277,359","8,325,580","6,451","204"
"SE","SE2","SE22 Sydsverige","SE22","Sydsverige","ERDF","2012","2007-2013","8,429,832","10,091,688","733,073","23,181"
"SE","SE2","SE22 Sydsverige","SE22","Sydsverige","ERDF","2013","2007-2013","11,493,968","11,826,439","185,158","5,855"
"SE","SE2","SE22 Sydsverige","SE22","Sydsverige","ERDF","2014","2007-2013","13,110,303","11,526,648","560,170","17,714"
"SE","SE2","SE22 Sydsverige","SE22","Sydsverige","ERDF","2015","2007-2013","5,545,739","6,651,655","411,602","13,016"
"SE","SE2","SE22 Sydsverige","SE22","Sydsverige","ERDF","2016","2007-2013","3,128,754","0","0","0"
"SE","SE2","SE22 Sydsverige","SE22","Sydsverige","ERDF","2017","2007-2013","1,053,864","0","0","0"
"SE","SE2","SE22 Sydsverige","SE22","Sydsverige","ESF","2007","2007-2013","2,093,054","3,142,812","130,961","4,141"
"SE","SE2","SE22 Sydsverige","SE22","Sydsverige","ESF","2008","2007-2013","3,139,582","5,302,934","269,887","8,534"
"SE","SE2","SE22 Sydsverige","SE22","Sydsverige","ESF","2009","2007-2013","9,609,671","10,572,101","120,067","3,796"
"SE","SE2","SE22 Sydsverige","SE22","Sydsverige","ESF","2010","2007-2013","12,488,079","14,834,574","292,735","9,257"
"SE","SE2","SE22 Sydsverige","SE22","Sydsverige","ESF","2011","2007-2013","19,505,905","14,059,869","1,680,530","53,143"
"SE","SE2","SE22 Sydsverige","SE22","Sydsverige","ESF","2012","2007-2013","0","6,911,045","1,704,752","53,908"
"SE","SE2","SE22 Sydsverige","SE22","Sydsverige","ESF","2013","2007-2013","15,298,954","18,816,408","1,599,594","50,583"
"SE","SE2","SE22 Sydsverige","SE22","Sydsverige","ESF","2014","2007-2013","31,968,745","23,669,392","1,193,883","37,753"
"SE","SE2","SE22 Sydsverige","SE22","Sydsverige","ESF","2015","2007-2013","5,316,110","6,380,706","399,856","12,644"
"SE","SE2","SE22 Sydsverige","SE22","Sydsverige","ESF","2018","2007-2013","4,269,741","0","0","0"
"SE","SE2","SE23 Västsverige","SE23","Västsverige","ERDF","2007","2007-2013","1,271,311","1,715,219","89,008","2,814"
"SE","SE2","SE23 Västsverige","SE23","Västsverige","ERDF","2008","2007-2013","1,906,967","3,420,970","303,574","9,599"
"SE","SE2","SE23 Västsverige","SE23","Västsverige","ERDF","2009","2007-2013","8,410,907","7,778,307","126,843","4,011"
"SE","SE2","SE23 Västsverige","SE23","Västsverige","ERDF","2010","2007-2013","5,693,350","6,987,549","259,501","8,206"
"SE","SE2","SE23 Västsverige","SE23","Västsverige","ERDF","2011","2007-2013","11,253,044","10,482,750","154,452","4,884"
"SE","SE2","SE23 Västsverige","SE23","Västsverige","ERDF","2012","2007-2013","7,943,974","8,442,918","100,044","3,163"
"SE","SE2","SE23 Västsverige","SE23","Västsverige","ERDF","2013","2007-2013","10,087,370","10,790,737","141,033","4,459"
"SE","SE2","SE23 Västsverige","SE23","Västsverige","ERDF","2014","2007-2013","13,108,935","10,777,695","467,440","14,781"
"SE","SE2","SE23 Västsverige","SE23","Västsverige","ERDF","2015","2007-2013","711,430","2,373,974","144,426","4,567"
"SE","SE2","SE23 Västsverige","SE23","Västsverige","ERDF","2017","2007-2013","2,382,834","0","0","0"
"SE","SE2","SE23 Västsverige","SE23","Västsverige","ESF","2007","2007-2013","2,127,040","3,193,843","133,088","4,208"
"SE","SE2","SE23 Västsverige","SE23","Västsverige","ESF","2008","2007-2013","3,190,561","5,389,041","274,270","8,673"
"SE","SE2","SE23 Västsverige","SE23","Västsverige","ESF","2009","2007-2013","9,765,708","10,743,767","122,017","3,858"
"SE","SE2","SE23 Västsverige","SE23","Västsverige","ESF","2010","2007-2013","12,690,855","15,075,451","297,488","9,407"
"SE","SE2","SE23 Västsverige","SE23","Västsverige","ESF","2011","2007-2013","19,822,633","14,288,167","1,707,818","54,005"
"SE","SE2","SE23 Västsverige","SE23","Västsverige","ESF","2012","2007-2013","0","7,023,263","1,732,433","54,784"
"SE","SE2","SE23 Västsverige","SE23","Västsverige","ESF","2013","2007-2013","15,547,372","19,121,940","1,625,568","51,404"
"SE","SE2","SE23 Västsverige","SE23","Västsverige","ESF","2014","2007-2013","32,487,839","24,053,725","1,213,269","38,366"
"SE","SE2","SE23 Västsverige","SE23","Västsverige","ESF","2015","2007-2013","5,402,431","6,484,313","406,348","12,849"
"SE","SE2","SE23 Västsverige","SE23","Västsverige","ESF","2018","2007-2013","4,339,071","0","0","0"
"SE","SE3","SE31 Norra Mellansverige","SE31","Norra Mellansverige","ERDF","2007","2007-2013","3,899,756","4,822,188","306,708","9,698"
"SE","SE3","SE31 Norra Mellansverige","SE31","Norra Mellansverige","ERDF","2008","2007-2013","5,849,635","9,210,444","1,117,469","35,337"
"SE","SE3","SE31 Norra Mellansverige","SE31","Norra Mellansverige","ERDF","2009","2007-2013","27,162,336","26,872,943","96,223","3,042"
"SE","SE3","SE31 Norra Mellansverige","SE31","Norra Mellansverige","ERDF","2010","2007-2013","25,327,142","28,678,259","1,114,247","35,235"
"SE","SE3","SE31 Norra Mellansverige","SE31","Norra Mellansverige","ERDF","2011","2007-2013","46,578,380","43,217,737","1,117,414","35,335"
"SE","SE3","SE31 Norra Mellansverige","SE31","Norra Mellansverige","ERDF","2012","2007-2013","25,266,740","25,874,959","202,233","6,395"
"SE","SE3","SE31 Norra Mellansverige","SE31","Norra Mellansverige","ERDF","2013","2007-2013","29,123,788","27,690,902","476,434","15,066"
"SE","SE3","SE31 Norra Mellansverige","SE31","Norra Mellansverige","ERDF","2014","2007-2013","20,037,092","18,390,738","547,412","17,310"
"SE","SE3","SE31 Norra Mellansverige","SE31","Norra Mellansverige","ERDF","2015","2007-2013","1,993,572","8,083,377","503,174","15,911"
"SE","SE3","SE31 Norra Mellansverige","SE31","Norra Mellansverige","ERDF","2017","2007-2013","7,603,110","0","0","0"
"SE","SE3","SE31 Norra Mellansverige","SE31","Norra Mellansverige","ESF","2007","2007-2013","1,657,338","2,488,564","103,699","3,279"
"SE","SE3","SE31 Norra Mellansverige","SE31","Norra Mellansverige","ESF","2008","2007-2013","2,486,007","4,199,009","213,704","6,757"
"SE","SE3","SE31 Norra Mellansverige","SE31","Norra Mellansverige","ESF","2009","2007-2013","7,609,200","8,371,279","95,072","3,006"
"SE","SE3","SE31 Norra Mellansverige","SE31","Norra Mellansverige","ESF","2010","2007-2013","9,888,403","11,746,422","231,796","7,330"
"SE","SE3","SE31 Norra Mellansverige","SE31","Norra Mellansverige","ESF","2011","2007-2013","15,445,310","11,132,989","1,330,690","42,080"
"SE","SE3","SE31 Norra Mellansverige","SE31","Norra Mellansverige","ESF","2012","2007-2013","0","5,472,354","1,349,869","42,686"
"SE","SE3","SE31 Norra Mellansverige","SE31","Norra Mellansverige","ESF","2013","2007-2013","12,114,131","14,899,347","1,266,602","40,053"
"SE","SE3","SE31 Norra Mellansverige","SE31","Norra Mellansverige","ESF","2014","2007-2013","25,313,728","18,742,072","945,349","29,894"
"SE","SE3","SE31 Norra Mellansverige","SE31","Norra Mellansverige","ESF","2015","2007-2013","4,209,442","5,052,417","316,616","10,012"
"SE","SE3","SE31 Norra Mellansverige","SE31","Norra Mellansverige","ESF","2018","2007-2013","3,380,897","0","0","0"
"SE","SE3","SE32 Mellersta Norrland","SE32","Mellersta Norrland","ERDF","2007","2007-2013","3,532,356","4,589,402","259,879","8,218"
"SE","SE3","SE32 Mellersta Norrland","SE32","Mellersta Norrland","ERDF","2008","2007-2013","5,298,535","9,583,357","1,053,444","33,312"
"SE","SE3","SE32 Mellersta Norrland","SE32","Mellersta Norrland","ERDF","2009","2007-2013","26,776,582","24,455,920","570,545","18,042"
"SE","SE3","SE32 Mellersta Norrland","SE32","Mellersta Norrland","ERDF","2010","2007-2013","15,144,065","18,499,356","824,914","26,086"
"SE","SE3","SE32 Mellersta Norrland","SE32","Mellersta Norrland","ERDF","2011","2007-2013","31,962,754","30,037,014","473,452","14,971"
"SE","SE3","SE32 Mellersta Norrland","SE32","Mellersta Norrland","ERDF","2012","2007-2013","22,309,818","22,867,917","137,211","4,339"
"SE","SE3","SE32 Mellersta Norrland","SE32","Mellersta Norrland","ERDF","2013","2007-2013","25,107,338","25,064,538","10,522","332"
"SE","SE3","SE32 Mellersta Norrland","SE32","Mellersta Norrland","ERDF","2014","2007-2013","24,892,802","22,602,088","563,183","17,809"
"SE","SE3","SE32 Mellersta Norrland","SE32","Mellersta Norrland","ERDF","2015","2007-2013","12,762,696","10,735,055","657,746","20,799"
"SE","SE3","SE32 Mellersta Norrland","SE32","Mellersta Norrland","ERDF","2017","2007-2013","647,705","0","0","0"
"SE","SE3","SE32 Mellersta Norrland","SE32","Mellersta Norrland","ESF","2007","2007-2013","1,187,729","1,783,426","74,315","2,350"
"SE","SE3","SE32 Mellersta Norrland","SE32","Mellersta Norrland","ESF","2008","2007-2013","1,781,593","3,009,214","153,151","4,843"
"SE","SE3","SE32 Mellersta Norrland","SE32","Mellersta Norrland","ESF","2009","2007-2013","5,453,124","5,999,267","68,133","2,154"
"SE","SE3","SE32 Mellersta Norrland","SE32","Mellersta Norrland","ESF","2010","2007-2013","7,086,511","8,418,058","166,116","5,253"
"SE","SE3","SE32 Mellersta Norrland","SE32","Mellersta Norrland","ESF","2011","2007-2013","11,068,862","7,978,443","953,637","30,156"
"SE","SE3","SE32 Mellersta Norrland","SE32","Mellersta Norrland","ESF","2012","2007-2013","0","3,921,756","967,382","30,591"
"SE","SE3","SE32 Mellersta Norrland","SE32","Mellersta Norrland","ESF","2013","2007-2013","8,681,576","10,677,598","907,709","28,704"
"SE","SE3","SE32 Mellersta Norrland","SE32","Mellersta Norrland","ESF","2014","2007-2013","18,141,051","13,431,482","677,483","21,423"
"SE","SE3","SE32 Mellersta Norrland","SE32","Mellersta Norrland","ESF","2015","2007-2013","3,016,691","3,620,808","226,903","7,175"
"SE","SE3","SE32 Mellersta Norrland","SE32","Mellersta Norrland","ESF","2018","2007-2013","2,422,916","0","0","0"
"SE","SE3","SE33 Övre Norrland","SE33","Övre Norrland","ERDF","2007","2007-2013","4,852,741","6,505,389","342,570","10,833"
"SE","SE3","SE33 Övre Norrland","SE33","Övre Norrland","ERDF","2008","2007-2013","7,279,112","11,637,494","903,430","28,568"
"SE","SE3","SE33 Övre Norrland","SE33","Övre Norrland","ERDF","2009","2007-2013","26,475,670","25,751,601","150,088","4,746"
"SE","SE3","SE33 Övre Norrland","SE33","Övre Norrland","ERDF","2010","2007-2013","23,286,502","29,978,086","1,387,070","43,863"
"SE","SE3","SE33 Övre Norrland","SE33","Övre Norrland","ERDF","2011","2007-2013","52,759,680","47,064,492","1,180,531","37,331"
"SE","SE3","SE33 Övre Norrland","SE33","Övre Norrland","ERDF","2012","2007-2013","27,675,146","31,110,161","712,029","22,516"
"SE","SE3","SE33 Övre Norrland","SE33","Övre Norrland","ERDF","2013","2007-2013","42,804,720","40,724,551","431,189","13,635"
"SE","SE3","SE33 Övre Norrland","SE33","Övre Norrland","ERDF","2014","2007-2013","33,642,588","30,225,201","708,375","22,400"
"SE","SE3","SE33 Övre Norrland","SE33","Övre Norrland","ERDF","2015","2007-2013","11,729,052","14,369,840","874,915","27,667"
"SE","SE3","SE33 Övre Norrland","SE33","Övre Norrland","ERDF","2017","2007-2013","6,861,608","0","0","0"
"SE","SE3","SE33 Övre Norrland","SE33","Övre Norrland","ESF","2007","2007-2013","1,439,714","2,161,793","90,082","2,848"
"SE","SE3","SE33 Övre Norrland","SE33","Övre Norrland","ESF","2008","2007-2013","2,159,571","3,647,640","185,643","5,870"
"SE","SE3","SE33 Övre Norrland","SE33","Övre Norrland","ESF","2009","2007-2013","6,610,043","7,272,054","82,588","2,611"
"SE","SE3","SE33 Övre Norrland","SE33","Övre Norrland","ESF","2010","2007-2013","8,589,965","10,204,010","201,359","6,367"
"SE","SE3","SE33 Övre Norrland","SE33","Övre Norrland","ESF","2011","2007-2013","13,417,200","9,671,126","1,155,958","36,554"
"SE","SE3","SE33 Övre Norrland","SE33","Övre Norrland","ESF","2012","2007-2013","0","4,753,784","1,172,619","37,081"
"SE","SE3","SE33 Övre Norrland","SE33","Övre Norrland","ESF","2013","2007-2013","10,523,435","12,942,927","1,100,286","34,794"
"SE","SE3","SE33 Övre Norrland","SE33","Övre Norrland","ESF","2014","2007-2013","21,989,804","16,281,067","821,216","25,969"
"SE","SE3","SE33 Övre Norrland","SE33","Övre Norrland","ESF","2015","2007-2013","3,656,704","4,388,989","275,042","8,697"
"SE","SE3","SE33 Övre Norrland","SE33","Övre Norrland","ESF","2018","2007-2013","2,936,955","0","0","0"
"DE","DE1","DE11 Stuttgart","DE11","Stuttgart","ERDF","2015","2014-2020","0","1,162,840","102,365","3,237"
"DE","DE1","DE11 Stuttgart","DE11","Stuttgart","ERDF","2016","2014-2020","2,429,327","6,106,994","323,747","10,237"
"DE","DE1","DE11 Stuttgart","DE11","Stuttgart","ERDF","2017","2014-2020","10,112,457","17,354,980","2,697,226","85,293"
"DE","DE1","DE11 Stuttgart","DE11","Stuttgart","ERDF","2018","2014-2020","22,515,625","23,557,910","2,944,743","93,120"
"DE","DE1","DE11 Stuttgart","DE11","Stuttgart","ERDF","2019","2014-2020","20,181,946","25,061,534","2,803,946","88,668"
"DE","DE1","DE11 Stuttgart","DE11","Stuttgart","ERDF","2020","2014-2020","25,983,372","28,405,187","2,842,995","89,903"
"DE","DE1","DE11 Stuttgart","DE11","Stuttgart","ERDF","2021","2014-2020","29,552,949","27,440,875","3,292,578","104,120"
"DE","DE1","DE11 Stuttgart","DE11","Stuttgart","ERDF","2022","2014-2020","38,261,702","19,947,057","1,612,248","50,983"
"DE","DE1","DE11 Stuttgart","DE11","Stuttgart","ESF","2015","2014-2020","0","694,093","131,983","4,173"
"DE","DE1","DE11 Stuttgart","DE11","Stuttgart","ESF","2016","2014-2020","2,865,402","8,489,405","1,069,420","33,818"
"DE","DE1","DE11 Stuttgart","DE11","Stuttgart","ESF","2017","2014-2020","26,082,770","27,816,692","329,710","10,426"
"DE","DE1","DE11 Stuttgart","DE11","Stuttgart","ESF","2018","2014-2020","33,240,856","32,093,420","218,188","6,899"
"DE","DE1","DE11 Stuttgart","DE11","Stuttgart","ESF","2019","2014-2020","28,503,938","29,609,405","210,207","6,647"
"DE","DE1","DE11 Stuttgart","DE11","Stuttgart","ESF","2020","2014-2020","33,067,597","31,780,053","244,830","7,742"
"DE","DE1","DE11 Stuttgart","DE11","Stuttgart","ESF","2021","2014-2020","27,752,275","31,698,698","750,423","23,730"
"DE","DE1","DE11 Stuttgart","DE11","Stuttgart","ESF","2022","2014-2020","44,044,150","33,375,222","2,028,728","64,154"
"DE","DE1","DE12 Karlsruhe","DE12","Karlsruhe","ERDF","2015","2014-2020","0","790,057","69,504","2,197"
"DE","DE1","DE12 Karlsruhe","DE12","Karlsruhe","ERDF","2016","2014-2020","1,648,775","4,144,270","219,538","6,942"
"DE","DE1","DE12 Karlsruhe","DE12","Karlsruhe","ERDF","2017","2014-2020","6,856,640","11,760,473","1,826,349","57,754"
"DE","DE1","DE12 Karlsruhe","DE12","Karlsruhe","ERDF","2018","2014-2020","15,245,570","15,942,318","1,994,703","63,078"
"DE","DE1","DE12 Karlsruhe","DE12","Karlsruhe","ERDF","2019","2014-2020","13,646,524","16,951,442","1,900,887","60,111"
"DE","DE1","DE12 Karlsruhe","DE12","Karlsruhe","ERDF","2020","2014-2020","17,559,873","19,217,935","1,926,915","60,934"
"DE","DE1","DE12 Karlsruhe","DE12","Karlsruhe","ERDF","2021","2014-2020","19,965,973","18,602,880","2,244,320","70,971"
"DE","DE1","DE12 Karlsruhe","DE12","Karlsruhe","ERDF","2022","2014-2020","26,057,152","13,571,132","1,098,443","34,735"
"DE","DE1","DE12 Karlsruhe","DE12","Karlsruhe","ESF","2015","2014-2020","0","469,370","89,685","2,836"
"DE","DE1","DE12 Karlsruhe","DE12","Karlsruhe","ESF","2016","2014-2020","1,944,738","5,744,183","725,985","22,957"
"DE","DE1","DE12 Karlsruhe","DE12","Karlsruhe","ESF","2017","2014-2020","17,686,937","18,848,751","221,995","7,020"
"DE","DE1","DE12 Karlsruhe","DE12","Karlsruhe","ESF","2018","2014-2020","22,500,667","21,720,344","149,101","4,715"
"DE","DE1","DE12 Karlsruhe","DE12","Karlsruhe","ESF","2019","2014-2020","19,267,563","20,009,029","141,676","4,480"
"DE","DE1","DE12 Karlsruhe","DE12","Karlsruhe","ESF","2020","2014-2020","22,339,672","21,470,018","166,170","5,254"
"DE","DE1","DE12 Karlsruhe","DE12","Karlsruhe","ESF","2021","2014-2020","18,736,445","21,365,847","502,417","15,887"
"DE","DE1","DE12 Karlsruhe","DE12","Karlsruhe","ESF","2022","2014-2020","29,630,816","22,479,294","1,366,489","43,212"
"DE","DE1","DE13 Freiburg","DE13","Freiburg","ERDF","2015","2014-2020","0","639,103","56,078","1,773"
"DE","DE1","DE13 Freiburg","DE13","Freiburg","ERDF","2016","2014-2020","1,327,946","3,348,455","177,289","5,606"
"DE","DE1","DE13 Freiburg","DE13","Freiburg","ERDF","2017","2014-2020","5,526,215","9,506,494","1,487,463","47,037"
"DE","DE1","DE13 Freiburg","DE13","Freiburg","ERDF","2018","2014-2020","12,299,946","12,888,963","1,630,763","51,569"
"DE","DE1","DE13 Freiburg","DE13","Freiburg","ERDF","2019","2014-2020","11,035,413","13,753,685","1,559,749","49,323"
"DE","DE1","DE13 Freiburg","DE13","Freiburg","ERDF","2020","2014-2020","14,219,582","15,655,497","1,584,402","50,103"
"DE","DE1","DE13 Freiburg","DE13","Freiburg","ERDF","2021","2014-2020","16,352,660","15,213,638","1,841,389","58,229"
"DE","DE1","DE13 Freiburg","DE13","Freiburg","ERDF","2022","2014-2020","21,285,415","11,041,342","898,865","28,424"
"DE","DE1","DE13 Freiburg","DE13","Freiburg","ESF","2015","2014-2020","0","377,304","72,281","2,285"
"DE","DE1","DE13 Freiburg","DE13","Freiburg","ESF","2016","2014-2020","1,566,319","4,622,612","585,500","18,515"
"DE","DE1","DE13 Freiburg","DE13","Freiburg","ESF","2017","2014-2020","14,254,034","15,194,324","180,133","5,696"
"DE","DE1","DE13 Freiburg","DE13","Freiburg","ESF","2018","2014-2020","18,157,496","17,538,504","118,581","3,749"
"DE","DE1","DE13 Freiburg","DE13","Freiburg","ESF","2019","2014-2020","15,587,849","16,193,297","115,986","3,667"
"DE","DE1","DE13 Freiburg","DE13","Freiburg","ESF","2020","2014-2020","18,101,270","17,460,113","122,827","3,884"
"DE","DE1","DE13 Freiburg","DE13","Freiburg","ESF","2021","2014-2020","15,439,609","17,403,430","376,213","11,896"
"DE","DE1","DE13 Freiburg","DE13","Freiburg","ESF","2022","2014-2020","23,592,098","17,909,091","1,088,706","34,427"
"DE","DE1","DE14 Tübingen","DE14","Tübingen","ERDF","2015","2014-2020","0","524,464","45,990","1,454"
"DE","DE1","DE14 Tübingen","DE14","Tübingen","ERDF","2016","2014-2020","1,088,590","2,744,511","145,207","4,591"
"DE","DE1","DE14 Tübingen","DE14","Tübingen","ERDF","2017","2014-2020","4,525,656","7,789,389","1,223,042","38,676"
"DE","DE1","DE14 Tübingen","DE14","Tübingen","ERDF","2018","2014-2020","10,070,436","10,571,448","1,341,186","42,412"
"DE","DE1","DE14 Tübingen","DE14","Tübingen","ERDF","2019","2014-2020","9,066,090","11,303,880","1,281,463","40,523"
"DE","DE1","DE14 Tübingen","DE14","Tübingen","ERDF","2020","2014-2020","11,693,201","12,856,739","1,300,504","41,125"
"DE","DE1","DE14 Tübingen","DE14","Tübingen","ERDF","2021","2014-2020","13,389,913","12,486,593","1,517,488","47,987"
"DE","DE1","DE14 Tübingen","DE14","Tübingen","ERDF","2022","2014-2020","17,524,761","9,081,621","740,378","23,412"
"DE","DE1","DE14 Tübingen","DE14","Tübingen","ESF","2015","2014-2020","0","308,242","59,320","1,875"
"DE","DE1","DE14 Tübingen","DE14","Tübingen","ESF","2016","2014-2020","1,283,997","3,778,377","480,036","15,180"
"DE","DE1","DE14 Tübingen","DE14","Tübingen","ESF","2017","2014-2020","11,674,460","12,440,374","147,397","4,661"
"DE","DE1","DE14 Tübingen","DE14","Tübingen","ESF","2018","2014-2020","14,864,910","14,372,295","94,802","2,997"
"DE","DE1","DE14 Tübingen","DE14","Tübingen","ESF","2019","2014-2020","12,812,897","13,312,518","96,150","3,040"
"DE","DE1","DE14 Tübingen","DE14","Tübingen","ESF","2020","2014-2020","14,894,090","14,350,486","104,615","3,308"
"DE","DE1","DE14 Tübingen","DE14","Tübingen","ESF","2021","2014-2020","12,629,678","14,200,892","302,375","9,561"
"DE","DE1","DE14 Tübingen","DE14","Tübingen","ESF","2022","2014-2020","19,174,646","14,571,496","885,863","28,013"
"DE","DE2","DE21 Oberbayern","DE21","Oberbayern","ERDF","2015","2014-2020","0","1,297,974","114,983","3,636"
"DE","DE2","DE21 Oberbayern","DE21","Oberbayern","ERDF","2016","2014-2020","2,739,392","6,861,791","365,188","11,548"
"DE","DE2","DE21 Oberbayern","DE21","Oberbayern","ERDF","2017","2014-2020","11,439,768","18,016,469","582,607","18,423"
"DE","DE2","DE21 Oberbayern","DE21","Oberbayern","ERDF","2018","2014-2020","25,319,978","26,273,021","3,591,093","113,560"
"DE","DE2","DE21 Oberbayern","DE21","Oberbayern","ERDF","2019","2014-2020","22,976,003","28,778,665","3,365,822","106,436"
"DE","DE2","DE21 Oberbayern","DE21","Oberbayern","ERDF","2020","2014-2020","29,630,965","32,783,437","3,122,280","98,735"
"DE","DE2","DE21 Oberbayern","DE21","Oberbayern","ERDF","2021","2014-2020","33,513,649","31,194,858","3,617,944","114,409"
"DE","DE2","DE21 Oberbayern","DE21","Oberbayern","ERDF","2022","2014-2020","41,337,472","21,751,010","1,735,096","54,868"
"DE","DE2","DE21 Oberbayern","DE21","Oberbayern","ESF","2015","2014-2020","0","726,945","152,518","4,823"
"DE","DE2","DE21 Oberbayern","DE21","Oberbayern","ESF","2016","2014-2020","3,231,125","9,140,326","1,239,797","39,205"
"DE","DE2","DE21 Oberbayern","DE21","Oberbayern","ESF","2017","2014-2020","29,496,336","31,261,208","370,284","11,709"
"DE","DE2","DE21 Oberbayern","DE21","Oberbayern","ESF","2018","2014-2020","37,340,837","36,252,750","228,289","7,219"
"DE","DE2","DE21 Oberbayern","DE21","Oberbayern","ESF","2019","2014-2020","32,504,512","33,689,368","248,592","7,861"
"DE","DE2","DE21 Oberbayern","DE21","Oberbayern","ESF","2020","2014-2020","37,770,959","36,455,383","276,018","8,728"
"DE","DE2","DE21 Oberbayern","DE21","Oberbayern","ESF","2021","2014-2020","31,923,488","34,028,596","441,668","13,966"
"DE","DE2","DE21 Oberbayern","DE21","Oberbayern","ESF","2022","2014-2020","41,280,273","31,992,952","1,948,553","61,618"
"DE","DE2","DE22 Niederbayern","DE22","Niederbayern","ERDF","2015","2014-2020","0","343,885","30,405","961"
"DE","DE2","DE22 Niederbayern","DE22","Niederbayern","ERDF","2016","2014-2020","723,580","1,809,303","95,998","3,035"
"DE","DE2","DE22 Niederbayern","DE22","Niederbayern","ERDF","2017","2014-2020","3,008,088","5,159,254","801,971","25,360"
"DE","DE2","DE22 Niederbayern","DE22","Niederbayern","ERDF","2018","2014-2020","6,717,852","7,045,125","872,536","27,592"
"DE","DE2","DE22 Niederbayern","DE22","Niederbayern","ERDF","2019","2014-2020","6,062,327","7,503,522","826,704","26,142"
"DE","DE2","DE22 Niederbayern","DE22","Niederbayern","ERDF","2020","2014-2020","7,813,952","8,480,647","838,805","26,525"
"DE","DE2","DE22 Niederbayern","DE22","Niederbayern","ERDF","2021","2014-2020","8,865,974","8,105,716","945,794","29,908"
"DE","DE2","DE22 Niederbayern","DE22","Niederbayern","ERDF","2022","2014-2020","11,058,655","5,802,974","464,699","14,695"
"DE","DE2","DE22 Niederbayern","DE22","Niederbayern","ESF","2015","2014-2020","0","193,324","40,196","1,271"
"DE","DE2","DE22 Niederbayern","DE22","Niederbayern","ESF","2016","2014-2020","853,466","2,417,855","325,270","10,285"
"DE","DE2","DE22 Niederbayern","DE22","Niederbayern","ESF","2017","2014-2020","7,759,740","8,249,847","101,903","3,222"
"DE","DE2","DE22 Niederbayern","DE22","Niederbayern","ESF","2018","2014-2020","9,923,403","9,617,477","63,608","2,011"
"DE","DE2","DE22 Niederbayern","DE22","Niederbayern","ESF","2019","2014-2020","8,572,839","8,886,198","65,154","2,060"
"DE","DE2","DE22 Niederbayern","DE22","Niederbayern","ESF","2020","2014-2020","9,956,220","9,615,376","70,868","2,241"
"DE","DE2","DE22 Niederbayern","DE22","Niederbayern","ESF","2021","2014-2020","8,451,501","9,047,258","123,870","3,917"
"DE","DE2","DE22 Niederbayern","DE22","Niederbayern","ESF","2022","2014-2020","11,081,575","8,571,408","521,917","16,504"
"DE","DE2","DE23 Oberpfalz","DE23","Oberpfalz","ERDF","2015","2014-2020","0","308,801","27,364","865"
"DE","DE2","DE23 Oberpfalz","DE23","Oberpfalz","ERDF","2016","2014-2020","652,076","1,626,280","86,330","2,730"
"DE","DE2","DE23 Oberpfalz","DE23","Oberpfalz","ERDF","2017","2014-2020","2,709,242","4,277,548","138,977","4,394"
"DE","DE2","DE23 Oberpfalz","DE23","Oberpfalz","ERDF","2018","2014-2020","6,020,938","6,214,837","843,842","26,684"
"DE","DE2","DE23 Oberpfalz","DE23","Oberpfalz","ERDF","2019","2014-2020","5,406,331","6,764,715","792,368","25,056"
"DE","DE2","DE23 Oberpfalz","DE23","Oberpfalz","ERDF","2020","2014-2020","6,955,058","7,704,668","735,282","23,251"
"DE","DE2","DE23 Oberpfalz","DE23","Oberpfalz","ERDF","2021","2014-2020","7,860,403","7,357,822","858,794","27,157"
"DE","DE2","DE23 Oberpfalz","DE23","Oberpfalz","ERDF","2022","2014-2020","9,820,437","5,169,812","412,121","13,032"
"DE","DE2","DE23 Oberpfalz","DE23","Oberpfalz","ESF","2015","2014-2020","0","172,733","36,326","1,148"
"DE","DE2","DE23 Oberpfalz","DE23","Oberpfalz","ESF","2016","2014-2020","769,127","2,166,068","293,779","9,290"
"DE","DE2","DE23 Oberpfalz","DE23","Oberpfalz","ESF","2017","2014-2020","6,989,261","7,415,009","89,535","2,831"
"DE","DE2","DE23 Oberpfalz","DE23","Oberpfalz","ESF","2018","2014-2020","8,884,981","8,604,660","58,952","1,864"
"DE","DE2","DE23 Oberpfalz","DE23","Oberpfalz","ESF","2019","2014-2020","7,636,800","7,909,494","57,348","1,813"
"DE","DE2","DE23 Oberpfalz","DE23","Oberpfalz","ESF","2020","2014-2020","8,851,024","8,539,968","65,415","2,068"
"DE","DE2","DE23 Oberpfalz","DE23","Oberpfalz","ESF","2021","2014-2020","7,465,990","7,996,664","111,601","3,529"
"DE","DE2","DE23 Oberpfalz","DE23","Oberpfalz","ESF","2022","2014-2020","9,828,915","7,621,501","464,224","14,680"
"DE","DE2","DE24 Oberfranken","DE24","Oberfranken","ERDF","2015","2014-2020","0","297,025","26,460","836"
"DE","DE2","DE24 Oberfranken","DE24","Oberfranken","ERDF","2016","2014-2020","632,388","1,565,387","83,116","2,628"
"DE","DE2","DE24 Oberfranken","DE24","Oberfranken","ERDF","2017","2014-2020","2,618,810","4,118,573","133,607","4,225"
"DE","DE2","DE24 Oberfranken","DE24","Oberfranken","ERDF","2018","2014-2020","5,811,916","5,964,910","792,149","25,049"
"DE","DE2","DE24 Oberfranken","DE24","Oberfranken","ERDF","2019","2014-2020","5,168,376","6,423,643","741,652","23,453"
"DE","DE2","DE24 Oberfranken","DE24","Oberfranken","ERDF","2020","2014-2020","6,598,478","7,286,634","688,165","21,761"
"DE","DE2","DE24 Oberfranken","DE24","Oberfranken","ERDF","2021","2014-2020","7,438,438","6,943,247","799,961","25,297"
"DE","DE2","DE24 Oberfranken","DE24","Oberfranken","ERDF","2022","2014-2020","9,221,042","4,890,028","385,830","12,201"
"DE","DE2","DE24 Oberfranken","DE24","Oberfranken","ESF","2015","2014-2020","0","164,296","35,453","1,121"
"DE","DE2","DE24 Oberfranken","DE24","Oberfranken","ESF","2016","2014-2020","745,905","2,070,228","285,773","9,036"
"DE","DE2","DE24 Oberfranken","DE24","Oberfranken","ESF","2017","2014-2020","6,758,311","7,158,028","86,254","2,727"
"DE","DE2","DE24 Oberfranken","DE24","Oberfranken","ESF","2018","2014-2020","8,573,021","8,290,037","61,064","1,931"
"DE","DE2","DE24 Oberfranken","DE24","Oberfranken","ESF","2019","2014-2020","7,288,280","7,527,314","51,580","1,631"
"DE","DE2","DE24 Oberfranken","DE24","Oberfranken","ESF","2020","2014-2020","8,373,489","8,076,807","64,020","2,024"
"DE","DE2","DE24 Oberfranken","DE24","Oberfranken","ESF","2021","2014-2020","7,026,559","7,502,101","102,616","3,245"
"DE","DE2","DE24 Oberfranken","DE24","Oberfranken","ESF","2022","2014-2020","9,185,513","7,162,265","436,593","13,806"
"DE","DE2","DE25 Mittelfranken","DE25","Mittelfranken","ERDF","2015","2014-2020","0","490,221","43,514","1,376"
"DE","DE2","DE25 Mittelfranken","DE25","Mittelfranken","ERDF","2016","2014-2020","1,037,916","2,587,008","137,506","4,348"
"DE","DE2","DE25 Mittelfranken","DE25","Mittelfranken","ERDF","2017","2014-2020","4,317,713","6,809,323","221,169","6,993"
"DE","DE2","DE25 Mittelfranken","DE25","Mittelfranken","ERDF","2018","2014-2020","9,593,046","9,920,267","1,341,169","42,411"
"DE","DE2","DE25 Mittelfranken","DE25","Mittelfranken","ERDF","2019","2014-2020","8,654,013","10,800,551","1,256,421","39,731"
"DE","DE2","DE25 Mittelfranken","DE25","Mittelfranken","ERDF","2020","2014-2020","11,105,140","12,278,899","1,165,687","36,862"
"DE","DE2","DE25 Mittelfranken","DE25","Mittelfranken","ERDF","2021","2014-2020","12,554,229","11,685,642","1,350,298","42,700"
"DE","DE2","DE25 Mittelfranken","DE25","Mittelfranken","ERDF","2022","2014-2020","15,476,705","8,166,851","648,863","20,518"
"DE","DE2","DE25 Mittelfranken","DE25","Mittelfranken","ESF","2015","2014-2020","0","273,371","57,929","1,831"
"DE","DE2","DE25 Mittelfranken","DE25","Mittelfranken","ESF","2016","2014-2020","1,224,227","3,437,833","469,077","14,833"
"DE","DE2","DE25 Mittelfranken","DE25","Mittelfranken","ESF","2017","2014-2020","11,137,308","11,811,435","142,851","4,517"
"DE","DE2","DE25 Mittelfranken","DE25","Mittelfranken","ESF","2018","2014-2020","14,156,216","13,726,886","90,977","2,876"
"DE","DE2","DE25 Mittelfranken","DE25","Mittelfranken","ESF","2019","2014-2020","12,233,568","12,657,857","89,909","2,843"
"DE","DE2","DE25 Mittelfranken","DE25","Mittelfranken","ESF","2020","2014-2020","14,133,639","13,640,969","104,399","3,301"
"DE","DE2","DE25 Mittelfranken","DE25","Mittelfranken","ESF","2021","2014-2020","11,927,341","12,710,394","165,934","5,247"
"DE","DE2","DE25 Mittelfranken","DE25","Mittelfranken","ESF","2022","2014-2020","15,434,050","11,987,603","730,324","23,094"
"DE","DE2","DE26 Unterfranken","DE26","Unterfranken","ERDF","2015","2014-2020","0","368,137","32,683","1,033"
"DE","DE2","DE26 Unterfranken","DE26","Unterfranken","ERDF","2016","2014-2020","779,651","1,935,180","102,589","3,244"
"DE","DE2","DE26 Unterfranken","DE26","Unterfranken","ERDF","2017","2014-2020","3,226,864","5,079,761","164,502","5,202"
"DE","DE2","DE26 Unterfranken","DE26","Unterfranken","ERDF","2018","2014-2020","7,150,984","7,368,010","992,859","31,396"
"DE","DE2","DE26 Unterfranken","DE26","Unterfranken","ERDF","2019","2014-2020","6,402,175","7,988,572","933,018","29,504"
"DE","DE2","DE26 Unterfranken","DE26","Unterfranken","ERDF","2020","2014-2020","8,202,206","9,093,872","866,008","27,385"
"DE","DE2","DE26 Unterfranken","DE26","Unterfranken","ERDF","2021","2014-2020","9,304,825","8,687,614","1,007,393","31,856"
"DE","DE2","DE26 Unterfranken","DE26","Unterfranken","ERDF","2022","2014-2020","11,551,574","6,097,134","484,253","15,313"
"DE","DE2","DE26 Unterfranken","DE26","Unterfranken","ESF","2015","2014-2020","0","205,099","43,531","1,376"
"DE","DE2","DE26 Unterfranken","DE26","Unterfranken","ESF","2016","2014-2020","919,602","2,571,902","350,696","11,090"
"DE","DE2","DE26 Unterfranken","DE26","Unterfranken","ESF","2017","2014-2020","8,327,990","8,822,434","104,944","3,318"
"DE","DE2","DE26 Unterfranken","DE26","Unterfranken","ESF","2018","2014-2020","10,544,917","10,208,668","71,368","2,256"
"DE","DE2","DE26 Unterfranken","DE26","Unterfranken","ESF","2019","2014-2020","9,037,282","9,346,577","65,647","2,075"
"DE","DE2","DE26 Unterfranken","DE26","Unterfranken","ESF","2020","2014-2020","10,424,062","10,069,538","75,247","2,379"
"DE","DE2","DE26 Unterfranken","DE26","Unterfranken","ESF","2021","2014-2020","8,834,485","9,437,680","128,026","4,048"
"DE","DE2","DE26 Unterfranken","DE26","Unterfranken","ESF","2022","2014-2020","11,539,021","8,965,462","546,231","17,273"
"DE","DE2","DE27 Schwaben","DE27","Schwaben","ERDF","2015","2014-2020","0","525,008","46,350","1,465"
"DE","DE2","DE27 Schwaben","DE27","Schwaben","ERDF","2016","2014-2020","1,101,990","2,760,854","146,452","4,631"
"DE","DE2","DE27 Schwaben","DE27","Schwaben","ERDF","2017","2014-2020","4,583,939","7,868,331","1,229,247","38,872"
"DE","DE2","DE27 Schwaben","DE27","Schwaben","ERDF","2018","2014-2020","10,228,873","10,746,494","1,341,228","42,413"
"DE","DE2","DE27 Schwaben","DE27","Schwaben","ERDF","2019","2014-2020","9,252,417","11,484,328","1,270,961","40,191"
"DE","DE2","DE27 Schwaben","DE27","Schwaben","ERDF","2020","2014-2020","11,970,376","13,001,219","1,289,376","40,773"
"DE","DE2","DE27 Schwaben","DE27","Schwaben","ERDF","2021","2014-2020","13,588,184","12,431,479","1,456,080","46,045"
"DE","DE2","DE27 Schwaben","DE27","Schwaben","ERDF","2022","2014-2020","16,984,940","8,893,006","714,392","22,591"
"DE","DE2","DE27 Schwaben","DE27","Schwaben","ESF","2015","2014-2020","0","296,101","61,103","1,932"
"DE","DE2","DE27 Schwaben","DE27","Schwaben","ESF","2016","2014-2020","1,299,802","3,697,291","494,748","15,645"
"DE","DE2","DE27 Schwaben","DE27","Schwaben","ESF","2017","2014-2020","11,824,110","12,572,121","154,360","4,881"
"DE","DE2","DE27 Schwaben","DE27","Schwaben","ESF","2018","2014-2020","15,107,670","14,647,673","94,925","3,001"
"DE","DE2","DE27 Schwaben","DE27","Schwaben","ESF","2019","2014-2020","13,088,411","13,584,760","102,427","3,239"
"DE","DE2","DE27 Schwaben","DE27","Schwaben","ESF","2020","2014-2020","15,267,245","14,745,059","107,758","3,407"
"DE","DE2","DE27 Schwaben","DE27","Schwaben","ESF","2021","2014-2020","12,974,996","13,901,826","191,261","6,048"
"DE","DE2","DE27 Schwaben","DE27","Schwaben","ESF","2022","2014-2020","17,043,522","13,160,924","801,216","25,336"
"DE","DE3","DE30 Berlin","DE30","Berlin","ERDF","2015","2014-2020","0","919,386","86,297","2,728"
"DE","DE3","DE30 Berlin","DE30","Berlin","ERDF","2016","2014-2020","2,101,299","24,731,486","2,124,166","67,172"
"DE","DE3","DE30 Berlin","DE30","Berlin","ERDF","2017","2014-2020","53,823,595","87,928,079","3,201,193","101,230"
"DE","DE3","DE30 Berlin","DE30","Berlin","ERDF","2018","2014-2020","131,770,905","140,859,711","8,751,434","276,744"
"DE","DE3","DE30 Berlin","DE30","Berlin","ERDF","2019","2014-2020","141,107,027","108,650,477","15,987,030","505,554"
"DE","DE3","DE30 Berlin","DE30","Berlin","ERDF","2020","2014-2020","31,869,391","95,717,380","15,476,211","489,400"
"DE","DE3","DE30 Berlin","DE30","Berlin","ERDF","2021","2014-2020","182,583,986","143,761,293","11,551,306","365,284"
"DE","DE3","DE30 Berlin","DE30","Berlin","ERDF","2022","2014-2020","135,559,314","76,247,703","5,567,243","176,051"
"DE","DE3","DE30 Berlin","DE30","Berlin","ESF","2015","2014-2020","0","656,998","110,775","3,503"
"DE","DE3","DE30 Berlin","DE30","Berlin","ESF","2016","2014-2020","2,478,492","14,280,310","1,989,879","62,925"
"DE","DE3","DE30 Berlin","DE30","Berlin","ESF","2017","2014-2020","47,000,206","46,608,378","66,065","2,089"
"DE","DE3","DE30 Berlin","DE30","Berlin","ESF","2018","2014-2020","45,522,055","46,065,259","91,588","2,896"
"DE","DE3","DE30 Berlin","DE30","Berlin","ESF","2019","2014-2020","47,571,260","47,920,804","58,935","1,863"
"DE","DE3","DE30 Berlin","DE30","Berlin","ESF","2020","2014-2020","48,889,892","54,435,548","3,627,124","114,699"
"DE","DE3","DE30 Berlin","DE30","Berlin","ESF","2021","2014-2020","56,761,698","58,956,176","3,518,215","111,255"
"DE","DE3","DE30 Berlin","DE30","Berlin","ESF","2022","2014-2020","78,089,124","57,389,254","3,490,161","110,368"
"DE","DE4","DE40 Brandenburg","DE40","Brandenburg","ERDF","2015","2014-2020","0","2,343,030","206,446","6,528"
"DE","DE4","DE40 Brandenburg","DE40","Brandenburg","ERDF","2016","2014-2020","4,902,245","17,952,900","1,149,903","36,363"
"DE","DE4","DE40 Brandenburg","DE40","Brandenburg","ERDF","2017","2014-2020","32,207,707","37,336,996","7,317,516","231,400"
"DE","DE4","DE40 Brandenburg","DE40","Brandenburg","ERDF","2018","2014-2020","35,331,693","53,670,668","7,182,878","227,142"
"DE","DE4","DE40 Brandenburg","DE40","Brandenburg","ERDF","2019","2014-2020","63,729,840","67,646,720","7,206,409","227,886"
"DE","DE4","DE40 Brandenburg","DE40","Brandenburg","ERDF","2020","2014-2020","58,950,907","70,764,617","7,887,147","249,413"
"DE","DE4","DE40 Brandenburg","DE40","Brandenburg","ERDF","2021","2014-2020","85,825,906","70,809,804","7,227,230","228,545"
"DE","DE4","DE40 Brandenburg","DE40","Brandenburg","ERDF","2022","2014-2020","82,804,496","43,228,058","3,487,112","110,272"
"DE","DE4","DE40 Brandenburg","DE40","Brandenburg","ESF","2015","2014-2020","0","312,007","61,947","1,958"
"DE","DE4","DE40 Brandenburg","DE40","Brandenburg","ESF","2016","2014-2020","1,330,455","8,409,573","1,405,523","44,446"
"DE","DE4","DE40 Brandenburg","DE40","Brandenburg","ESF","2017","2014-2020","31,517,117","35,548,748","800,460","25,312"
"DE","DE4","DE40 Brandenburg","DE40","Brandenburg","ESF","2018","2014-2020","48,708,732","48,700,942","1,546","48"
"DE","DE4","DE40 Brandenburg","DE40","Brandenburg","ESF","2019","2014-2020","48,675,514","48,299,821","74,591","2,358"
"DE","DE4","DE40 Brandenburg","DE40","Brandenburg","ESF","2020","2014-2020","47,073,490","47,684,268","121,266","3,834"
"DE","DE4","DE40 Brandenburg","DE40","Brandenburg","ESF","2021","2014-2020","49,677,960","48,554,893","222,979","7,051"
"DE","DE4","DE40 Brandenburg","DE40","Brandenburg","ESF","2022","2014-2020","44,888,996","34,362,012","2,090,080","66,094"
"DE","DE5","DE50 Bremen","DE50","Bremen","ERDF","2015","2014-2020","0","190,752","16,852","532"
"DE","DE5","DE50 Bremen","DE50","Bremen","ERDF","2016","2014-2020","400,848","1,007,805","53,622","1,695"
"DE","DE5","DE50 Bremen","DE50","Bremen","ERDF","2017","2014-2020","1,676,310","2,855,242","437,987","13,850"
"DE","DE5","DE50 Bremen","DE50","Bremen","ERDF","2018","2014-2020","3,708,405","3,869,931","473,861","14,984"
"DE","DE5","DE50 Bremen","DE50","Bremen","ERDF","2019","2014-2020","3,319,891","4,083,386","451,383","14,274"
"DE","DE5","DE50 Bremen","DE50","Bremen","ERDF","2020","2014-2020","4,213,301","4,600,954","457,768","14,475"
"DE","DE5","DE50 Bremen","DE50","Bremen","ERDF","2021","2014-2020","4,783,554","4,448,049","531,025","16,792"
"DE","DE5","DE50 Bremen","DE50","Bremen","ERDF","2022","2014-2020","6,207,154","3,253,342","260,960","8,252"
"DE","DE5","DE50 Bremen","DE50","Bremen","ESF","2015","2014-2020","0","159,249","19,688","622"
"DE","DE5","DE50 Bremen","DE50","Bremen","ESF","2016","2014-2020","472,802","1,769,144","160,273","5,068"
"DE","DE5","DE50 Bremen","DE50","Bremen","ESF","2017","2014-2020","4,321,566","4,707,963","47,772","1,510"
"DE","DE5","DE50 Bremen","DE50","Bremen","ESF","2018","2014-2020","5,468,756","5,205,234","32,580","1,030"
"DE","DE5","DE50 Bremen","DE50","Bremen","ESF","2019","2014-2020","4,686,373","5,328,659","605,224","19,138"
"DE","DE5","DE50 Bremen","DE50","Bremen","ESF","2020","2014-2020","5,344,534","5,993,765","731,898","23,144"
"DE","DE5","DE50 Bremen","DE50","Bremen","ESF","2021","2014-2020","4,530,368","6,943,815","1,021,291","32,296"
"DE","DE5","DE50 Bremen","DE50","Bremen","ESF","2022","2014-2020","15,686,197","10,402,768","653,216","20,656"
"DE","DE6","DE60 Hamburg","DE60","Hamburg","ERDF","2015","2014-2020","0","500,709","44,632","1,411"
"DE","DE6","DE60 Hamburg","DE60","Hamburg","ERDF","2016","2014-2020","1,067,001","2,665,515","142,487","4,505"
"DE","DE6","DE60 Hamburg","DE60","Hamburg","ERDF","2017","2014-2020","4,473,404","7,071,986","231,631","7,324"
"DE","DE6","DE60 Hamburg","DE60","Hamburg","ERDF","2018","2014-2020","10,010,935","10,329,543","1,384,055","43,767"
"DE","DE6","DE60 Hamburg","DE60","Hamburg","ERDF","2019","2014-2020","8,994,949","11,217,358","1,292,886","40,884"
"DE","DE6","DE60 Hamburg","DE60","Hamburg","ERDF","2020","2014-2020","11,570,915","12,769,466","1,199,588","37,934"
"DE","DE6","DE60 Hamburg","DE60","Hamburg","ERDF","2021","2014-2020","13,188,268","12,059,561","1,351,804","42,747"
"DE","DE6","DE60 Hamburg","DE60","Hamburg","ERDF","2022","2014-2020","15,574,632","8,265,966","651,477","20,601"
"DE","DE6","DE60 Hamburg","DE60","Hamburg","ESF","2015","2014-2020","0","191,332","66,602","2,106"
"DE","DE6","DE60 Hamburg","DE60","Hamburg","ESF","2016","2014-2020","1,258,533","5,779,878","1,573,875","49,770"
"DE","DE6","DE60 Hamburg","DE60","Hamburg","ESF","2017","2014-2020","30,998,640","31,942,484","328,551","10,389"
"DE","DE6","DE60 Hamburg","DE60","Hamburg","ESF","2018","2014-2020","37,206,975","33,483,300","1,296,207","40,989"
"DE","DE6","DE60 Hamburg","DE60","Hamburg","ESF","2019","2014-2020","12,713,710","16,738,307","1,400,958","44,302"
"DE","DE6","DE60 Hamburg","DE60","Hamburg","ESF","2020","2014-2020","39,186,354","36,369,588","980,513","31,006"
"DE","DE6","DE60 Hamburg","DE60","Hamburg","ESF","2021","2014-2020","20,658,474","20,146,036","178,379","5,640"
"DE","DE6","DE60 Hamburg","DE60","Hamburg","ESF","2022","2014-2020","17,287,801","14,659,562","914,887","28,931"
"DE","DE7","DE71 Darmstadt","DE71","Darmstadt","ERDF","2015","2014-2020","0","1,179,443","100,995","3,193"
"DE","DE7","DE71 Darmstadt","DE71","Darmstadt","ERDF","2016","2014-2020","2,341,476","6,073,439","319,568","10,105"
"DE","DE7","DE71 Darmstadt","DE71","Darmstadt","ERDF","2017","2014-2020","9,750,315","17,129,159","2,798,047","88,482"
"DE","DE7","DE71 Darmstadt","DE71","Darmstadt","ERDF","2018","2014-2020","21,702,894","22,919,890","3,133,448","99,088"
"DE","DE7","DE71 Darmstadt","DE71","Darmstadt","ERDF","2019","2014-2020","19,515,633","24,894,221","3,052,571","96,530"
"DE","DE7","DE71 Darmstadt","DE71","Darmstadt","ERDF","2020","2014-2020","25,287,338","28,640,467","3,103,705","98,147"
"DE","DE7","DE71 Darmstadt","DE71","Darmstadt","ERDF","2021","2014-2020","28,574,631","29,213,145","4,105,469","129,826"
"DE","DE7","DE71 Darmstadt","DE71","Darmstadt","ERDF","2022","2014-2020","45,417,260","22,539,782","1,958,999","61,949"
"DE","DE7","DE71 Darmstadt","DE71","Darmstadt","ESF","2015","2014-2020","0","618,072","130,590","4,129"
"DE","DE7","DE71 Darmstadt","DE71","Darmstadt","ESF","2016","2014-2020","2,761,782","7,771,640","1,058,518","33,473"
"DE","DE7","DE71 Darmstadt","DE71","Darmstadt","ESF","2017","2014-2020","25,147,745","26,690,090","325,877","10,305"
"DE","DE7","DE71 Darmstadt","DE71","Darmstadt","ESF","2018","2014-2020","32,039,532","31,040,792","211,020","6,673"
"DE","DE7","DE71 Darmstadt","DE71","Darmstadt","ESF","2019","2014-2020","27,576,781","28,619,233","220,256","6,965"
"DE","DE7","DE71 Darmstadt","DE71","Darmstadt","ESF","2020","2014-2020","32,234,856","31,110,059","237,655","7,515"
"DE","DE7","DE71 Darmstadt","DE71","Darmstadt","ESF","2021","2014-2020","27,208,831","28,918,498","361,230","11,423"
"DE","DE7","DE71 Darmstadt","DE71","Darmstadt","ESF","2022","2014-2020","34,848,278","27,049,422","1,647,797","52,107"
"DE","DE7","DE72 Gießen","DE72","Gießen","ERDF","2015","2014-2020","0","312,395","26,765","846"
"DE","DE7","DE72 Gießen","DE72","Gießen","ERDF","2016","2014-2020","620,887","1,603,045","84,148","2,661"
"DE","DE7","DE72 Gießen","DE72","Gießen","ERDF","2017","2014-2020","2,572,928","4,494,105","726,428","22,971"
"DE","DE7","DE72 Gießen","DE72","Gießen","ERDF","2018","2014-2020","5,690,617","5,982,861","812,039","25,678"
"DE","DE7","DE72 Gießen","DE72","Gießen","ERDF","2019","2014-2020","5,077,488","6,460,536","793,480","25,092"
"DE","DE7","DE72 Gießen","DE72","Gießen","ERDF","2020","2014-2020","6,541,043","7,432,807","807,816","25,545"
"DE","DE7","DE72 Gießen","DE72","Gießen","ERDF","2021","2014-2020","7,410,253","7,618,043","1,075,087","33,997"
"DE","DE7","DE72 Gießen","DE72","Gießen","ERDF","2022","2014-2020","11,906,280","5,915,702","513,253","16,230"
"DE","DE7","DE72 Gießen","DE72","Gießen","ESF","2015","2014-2020","0","163,255","34,672","1,096"
"DE","DE7","DE72 Gießen","DE72","Gießen","ESF","2016","2014-2020","732,339","2,049,167","279,672","8,844"
"DE","DE7","DE72 Gießen","DE72","Gießen","ESF","2017","2014-2020","6,639,429","7,029,338","82,810","2,618"
"DE","DE7","DE72 Gießen","DE72","Gießen","ESF","2018","2014-2020","8,388,502","8,115,234","58,037","1,835"
"DE","DE7","DE72 Gießen","DE72","Gießen","ESF","2019","2014-2020","7,162,663","7,420,172","54,690","1,729"
"DE","DE7","DE72 Gießen","DE72","Gießen","ESF","2020","2014-2020","8,317,810","8,032,452","60,605","1,916"
"DE","DE7","DE72 Gießen","DE72","Gießen","ESF","2021","2014-2020","7,037,736","7,512,705","100,875","3,189"
"DE","DE7","DE72 Gießen","DE72","Gießen","ESF","2022","2014-2020","9,168,370","7,124,526","434,078","13,726"
"DE","DE7","DE73 Kassel","DE73","Kassel","ERDF","2015","2014-2020","0","363,395","31,182","986"
"DE","DE7","DE73 Kassel","DE73","Kassel","ERDF","2016","2014-2020","724,531","1,867,573","98,082","3,101"
"DE","DE7","DE73 Kassel","DE73","Kassel","ERDF","2017","2014-2020","3,003,507","5,230,552","840,021","26,563"
"DE","DE7","DE73 Kassel","DE73","Kassel","ERDF","2018","2014-2020","6,631,159","6,958,089","936,252","29,606"
"DE","DE7","DE73 Kassel","DE73","Kassel","ERDF","2019","2014-2020","5,903,277","7,487,276","913,955","28,901"
"DE","DE7","DE73 Kassel","DE73","Kassel","ERDF","2020","2014-2020","7,580,472","8,596,329","930,153","29,414"
"DE","DE7","DE73 Kassel","DE73","Kassel","ERDF","2021","2014-2020","8,569,857","8,797,183","1,236,067","39,087"
"DE","DE7","DE73 Kassel","DE73","Kassel","ERDF","2022","2014-2020","13,732,360","6,844,765","591,010","18,689"
"DE","DE7","DE73 Kassel","DE73","Kassel","ESF","2015","2014-2020","0","188,898","40,572","1,283"
"DE","DE7","DE73 Kassel","DE73","Kassel","ESF","2016","2014-2020","854,587","2,378,807","327,380","10,352"
"DE","DE7","DE73 Kassel","DE73","Kassel","ESF","2017","2014-2020","7,750,241","8,197,034","95,964","3,034"
"DE","DE7","DE73 Kassel","DE73","Kassel","ESF","2018","2014-2020","9,771,557","9,451,508","68,741","2,173"
"DE","DE7","DE73 Kassel","DE73","Kassel","ESF","2019","2014-2020","8,323,639","8,612,378","62,017","1,961"
"DE","DE7","DE73 Kassel","DE73","Kassel","ESF","2020","2014-2020","9,629,913","9,295,940","71,732","2,268"
"DE","DE7","DE73 Kassel","DE73","Kassel","ESF","2021","2014-2020","8,119,001","8,653,090","114,714","3,627"
"DE","DE7","DE73 Kassel","DE73","Kassel","ESF","2022","2014-2020","10,535,249","8,206,532","500,175","15,816"
"DE","DE8","DE80 Mecklenburg-Vorpommern","DE80","Mecklenburg-Vorpommern","ERDF","2015","2014-2020","0","1,368,121","130,275","4,119"
"DE","DE8","DE80 Mecklenburg-Vorpommern","DE80","Mecklenburg-Vorpommern","ERDF","2016","2014-2020","3,180,985","32,602,586","2,801,586","88,593"
"DE","DE8","DE80 Mecklenburg-Vorpommern","DE80","Mecklenburg-Vorpommern","ERDF","2017","2014-2020","71,588,419","99,822,324","2,688,491","85,017"
"DE","DE8","DE80 Mecklenburg-Vorpommern","DE80","Mecklenburg-Vorpommern","ERDF","2018","2014-2020","137,234,371","169,836,027","17,241,054","545,210"
"DE","DE8","DE80 Mecklenburg-Vorpommern","DE80","Mecklenburg-Vorpommern","ERDF","2019","2014-2020","190,385,287","191,134,846","13,875,732","438,789"
"DE","DE8","DE80 Mecklenburg-Vorpommern","DE80","Mecklenburg-Vorpommern","ERDF","2020","2014-2020","169,991,532","167,980,356","12,779,678","404,128"
"DE","DE8","DE80 Mecklenburg-Vorpommern","DE80","Mecklenburg-Vorpommern","ERDF","2021","2014-2020","157,052,880","140,849,137","13,775,558","435,621"
"DE","DE8","DE80 Mecklenburg-Vorpommern","DE80","Mecklenburg-Vorpommern","ERDF","2022","2014-2020","172,427,398","98,267,473","7,061,663","223,309"
"DE","DE8","DE80 Mecklenburg-Vorpommern","DE80","Mecklenburg-Vorpommern","ESF","2015","2014-2020","0","247,134","37,630","1,189"
"DE","DE8","DE80 Mecklenburg-Vorpommern","DE80","Mecklenburg-Vorpommern","ESF","2016","2014-2020","863,310","12,236,307","1,731,712","54,761"
"DE","DE8","DE80 Mecklenburg-Vorpommern","DE80","Mecklenburg-Vorpommern","ESF","2017","2014-2020","40,592,354","51,432,857","1,650,632","52,197"
"DE","DE8","DE80 Mecklenburg-Vorpommern","DE80","Mecklenburg-Vorpommern","ESF","2018","2014-2020","78,461,248","75,598,544","435,890","13,784"
"DE","DE8","DE80 Mecklenburg-Vorpommern","DE80","Mecklenburg-Vorpommern","ESF","2019","2014-2020","68,461,027","80,348,891","1,810,109","57,240"
"DE","DE8","DE80 Mecklenburg-Vorpommern","DE80","Mecklenburg-Vorpommern","ESF","2020","2014-2020","109,988,644","112,424,201","4,493,279","142,089"
"DE","DE8","DE80 Mecklenburg-Vorpommern","DE80","Mecklenburg-Vorpommern","ESF","2021","2014-2020","103,005,742","95,623,206","4,620,167","146,102"
"DE","DE8","DE80 Mecklenburg-Vorpommern","DE80","Mecklenburg-Vorpommern","ESF","2022","2014-2020","92,707,469","66,168,652","4,040,940","127,785"
"DE","DE9","DE91 Braunschweig","DE91","Braunschweig","ERDF","2015","2014-2020","0","449,274","39,955","1,263"
"DE","DE9","DE91 Braunschweig","DE91","Braunschweig","ERDF","2016","2014-2020","954,031","2,354,982","124,592","3,939"
"DE","DE9","DE91 Braunschweig","DE91","Braunschweig","ERDF","2017","2014-2020","3,928,942","6,163,141","198,696","6,283"
"DE","DE9","DE91 Braunschweig","DE91","Braunschweig","ERDF","2018","2014-2020","8,673,248","8,913,050","1,192,893","37,722"
"DE","DE9","DE91 Braunschweig","DE91","Braunschweig","ERDF","2019","2014-2020","7,726,662","9,631,243","1,118,149","35,359"
"DE","DE9","DE91 Braunschweig","DE91","Braunschweig","ERDF","2020","2014-2020","9,900,921","10,943,473","1,037,517","32,809"
"DE","DE9","DE91 Braunschweig","DE91","Braunschweig","ERDF","2021","2014-2020","11,150,922","10,445,826","1,212,562","38,344"
"DE","DE9","DE91 Braunschweig","DE91","Braunschweig","ERDF","2022","2014-2020","13,943,417","7,377,153","583,963","18,466"
"DE","DE9","DE91 Braunschweig","DE91","Braunschweig","ESF","2015","2014-2020","0","249,327","53,382","1,688"
"DE","DE9","DE91 Braunschweig","DE91","Braunschweig","ESF","2016","2014-2020","1,125,284","3,123,830","427,905","13,531"
"DE","DE9","DE91 Braunschweig","DE91","Braunschweig","ESF","2017","2014-2020","10,145,294","10,728,411","124,850","3,948"
"DE","DE9","DE91 Braunschweig","DE91","Braunschweig","ESF","2018","2014-2020","12,777,071","12,360,058","89,285","2,823"
"DE","DE9","DE91 Braunschweig","DE91","Braunschweig","ESF","2019","2014-2020","10,894,972","11,266,706","79,591","2,516"
"DE","DE9","DE91 Braunschweig","DE91","Braunschweig","ESF","2020","2014-2020","12,572,716","12,122,314","96,434","3,049"
"DE","DE9","DE91 Braunschweig","DE91","Braunschweig","ESF","2021","2014-2020","10,539,920","11,290,863","160,783","5,084"
"DE","DE9","DE91 Braunschweig","DE91","Braunschweig","ESF","2022","2014-2020","13,929,142","10,842,889","660,792","20,896"
"DE","DE9","DE92 Hannover","DE92","Hannover","ERDF","2015","2014-2020","0","600,941","53,357","1,687"
"DE","DE9","DE92 Hannover","DE92","Hannover","ERDF","2016","2014-2020","1,272,880","3,162,797","167,805","5,306"
"DE","DE9","DE92 Hannover","DE92","Hannover","ERDF","2017","2014-2020","5,275,996","8,292,810","267,862","8,470"
"DE","DE9","DE92 Hannover","DE92","Hannover","ERDF","2018","2014-2020","11,666,043","12,019,002","1,616,475","51,117"
"DE","DE9","DE92 Hannover","DE92","Hannover","ERDF","2019","2014-2020","10,445,920","13,014,862","1,520,876","48,094"
"DE","DE9","DE92 Hannover","DE92","Hannover","ERDF","2020","2014-2020","13,341,177","14,809,185","1,412,058","44,653"
"DE","DE9","DE92 Hannover","DE92","Hannover","ERDF","2021","2014-2020","15,161,178","14,169,083","1,644,694","52,009"
"DE","DE9","DE92 Hannover","DE92","Hannover","ERDF","2022","2014-2020","18,863,103","9,957,617","790,716","25,004"
"DE","DE9","DE92 Hannover","DE92","Hannover","ESF","2015","2014-2020","0","334,690","71,082","2,247"
"DE","DE9","DE92 Hannover","DE92","Hannover","ESF","2016","2014-2020","1,501,368","4,201,635","573,491","18,135"
"DE","DE9","DE92 Hannover","DE92","Hannover","ESF","2017","2014-2020","13,614,344","14,412,800","169,578","5,362"
"DE","DE9","DE92 Hannover","DE92","Hannover","ESF","2018","2014-2020","17,196,092","16,649,481","116,091","3,671"
"DE","DE9","DE92 Hannover","DE92","Hannover","ESF","2019","2014-2020","14,744,077","15,234,350","104,125","3,292"
"DE","DE9","DE92 Hannover","DE92","Hannover","ESF","2020","2014-2020","16,943,364","16,374,352","120,848","3,821"
"DE","DE9","DE92 Hannover","DE92","Hannover","ESF","2021","2014-2020","14,390,866","15,385,761","211,299","6,681"
"DE","DE9","DE92 Hannover","DE92","Hannover","ESF","2022","2014-2020","18,853,809","14,650,852","892,638","28,227"
"DE","DE9","DE93 Lüneburg","DE93","Lüneburg","ERDF","2015","2014-2020","0","1,603,755","141,265","4,467"
"DE","DE9","DE93 Lüneburg","DE93","Lüneburg","ERDF","2016","2014-2020","3,353,822","12,267,210","785,128","24,827"
"DE","DE9","DE93 Lüneburg","DE93","Lüneburg","ERDF","2017","2014-2020","21,993,769","25,438,783","4,982,436","157,558"
"DE","DE9","DE93 Lüneburg","DE93","Lüneburg","ERDF","2018","2014-2020","24,020,254","36,522,307","4,889,778","154,628"
"DE","DE9","DE93 Lüneburg","DE93","Lüneburg","ERDF","2019","2014-2020","43,381,119","46,026,286","4,911,595","155,318"
"DE","DE9","DE93 Lüneburg","DE93","Lüneburg","ERDF","2020","2014-2020","40,055,020","48,152,108","5,371,670","169,867"
"DE","DE9","DE93 Lüneburg","DE93","Lüneburg","ERDF","2021","2014-2020","58,390,232","48,259,096","4,941,996","156,279"
"DE","DE9","DE93 Lüneburg","DE93","Lüneburg","ERDF","2022","2014-2020","56,620,748","29,545,418","2,384,909","75,417"
"DE","DE9","DE93 Lüneburg","DE93","Lüneburg","ESF","2015","2014-2020","0","210,597","42,570","1,346"
"DE","DE9","DE93 Lüneburg","DE93","Lüneburg","ESF","2016","2014-2020","910,217","5,680,098","964,193","30,490"
"DE","DE9","DE93 Lüneburg","DE93","Lüneburg","ESF","2017","2014-2020","21,525,996","24,213,857","543,329","17,181"
"DE","DE9","DE93 Lüneburg","DE93","Lüneburg","ESF","2018","2014-2020","33,143,129","33,138,703","894","28"
"DE","DE9","DE93 Lüneburg","DE93","Lüneburg","ESF","2019","2014-2020","33,124,003","32,857,925","53,785","1,700"
"DE","DE9","DE93 Lüneburg","DE93","Lüneburg","ESF","2020","2014-2020","31,973,996","32,394,620","85,025","2,688"
"DE","DE9","DE93 Lüneburg","DE93","Lüneburg","ESF","2021","2014-2020","33,791,964","32,779,276","204,706","6,473"
"DE","DE9","DE93 Lüneburg","DE93","Lüneburg","ESF","2022","2014-2020","29,415,054","22,609,281","1,375,732","43,504"
"DE","DE9","DE94 Weser-Ems","DE94","Weser-Ems","ERDF","2015","2014-2020","0","708,591","62,629","1,980"
"DE","DE9","DE94 Weser-Ems","DE94","Weser-Ems","ERDF","2016","2014-2020","1,490,104","3,720,000","197,092","6,232"
"DE","DE9","DE94 Weser-Ems","DE94","Weser-Ems","ERDF","2017","2014-2020","6,179,374","10,549,116","1,631,093","51,579"
"DE","DE9","DE94 Weser-Ems","DE94","Weser-Ems","ERDF","2018","2014-2020","13,708,552","14,338,616","1,780,166","56,293"
"DE","DE9","DE94 Weser-Ems","DE94","Weser-Ems","ERDF","2019","2014-2020","12,289,286","15,249,719","1,690,710","53,464"
"DE","DE9","DE94 Weser-Ems","DE94","Weser-Ems","ERDF","2020","2014-2020","15,876,923","17,293,869","1,717,318","54,306"
"DE","DE9","DE94 Weser-Ems","DE94","Weser-Ems","ERDF","2021","2014-2020","18,131,247","16,586,498","1,938,204","61,291"
"DE","DE9","DE94 Weser-Ems","DE94","Weser-Ems","ERDF","2022","2014-2020","22,650,280","11,879,357","952,004","30,105"
"DE","DE9","DE94 Weser-Ems","DE94","Weser-Ems","ESF","2015","2014-2020","0","398,478","82,754","2,616"
"DE","DE9","DE94 Weser-Ems","DE94","Weser-Ems","ESF","2016","2014-2020","1,757,584","4,974,061","667,982","21,123"
"DE","DE9","DE94 Weser-Ems","DE94","Weser-Ems","ESF","2017","2014-2020","15,944,633","16,914,098","201,333","6,366"
"DE","DE9","DE94 Weser-Ems","DE94","Weser-Ems","ESF","2018","2014-2020","20,220,692","19,570,462","135,036","4,270"
"DE","DE9","DE94 Weser-Ems","DE94","Weser-Ems","ESF","2019","2014-2020","17,352,696","18,001,832","134,809","4,263"
"DE","DE9","DE94 Weser-Ems","DE94","Weser-Ems","ESF","2020","2014-2020","20,215,864","19,558,082","136,605","4,319"
"DE","DE9","DE94 Weser-Ems","DE94","Weser-Ems","ESF","2021","2014-2020","17,314,557","18,541,911","254,891","8,060"
"DE","DE9","DE94 Weser-Ems","DE94","Weser-Ems","ESF","2022","2014-2020","22,728,098","17,575,200","1,070,129","33,840"
"DE","DEA","DEA1 Düsseldorf","DEA1","Düsseldorf","ERDF","2015","2014-2020","0","1,466,026","129,721","4,102"
"DE","DEA","DEA1 Düsseldorf","DEA1","Düsseldorf","ERDF","2016","2014-2020","3,088,419","7,696,810","407,772","12,894"
"DE","DEA","DEA1 Düsseldorf","DEA1","Düsseldorf","ERDF","2017","2014-2020","12,796,733","20,146,564","650,348","20,565"
"DE","DEA","DEA1 Düsseldorf","DEA1","Düsseldorf","ERDF","2018","2014-2020","28,280,329","29,088,633","3,957,957","125,161"
"DE","DEA","DEA1 Düsseldorf","DEA1","Düsseldorf","ERDF","2019","2014-2020","25,190,992","31,589,751","3,727,634","117,878"
"DE","DEA","DEA1 Düsseldorf","DEA1","Düsseldorf","ERDF","2020","2014-2020","32,458,923","36,032,489","3,460,957","109,445"
"DE","DEA","DEA1 Düsseldorf","DEA1","Düsseldorf","ERDF","2021","2014-2020","36,589,972","34,605,371","4,101,225","129,692"
"DE","DEA","DEA1 Düsseldorf","DEA1","Düsseldorf","ERDF","2022","2014-2020","46,810,569","24,590,292","1,966,157","62,175"
"DE","DEA","DEA1 Düsseldorf","DEA1","Düsseldorf","ESF","2015","2014-2020","0","806,989","172,822","5,465"
"DE","DEA","DEA1 Düsseldorf","DEA1","Düsseldorf","ESF","2016","2014-2020","3,642,804","10,151,242","1,393,829","44,076"
"DE","DEA","DEA1 Düsseldorf","DEA1","Düsseldorf","ESF","2017","2014-2020","33,022,324","34,940,454","410,781","12,990"
"DE","DEA","DEA1 Düsseldorf","DEA1","Düsseldorf","ESF","2018","2014-2020","41,680,889","40,317,107","292,063","9,235"
"DE","DEA","DEA1 Düsseldorf","DEA1","Düsseldorf","ESF","2019","2014-2020","35,524,688","36,796,845","272,441","8,615"
"DE","DEA","DEA1 Düsseldorf","DEA1","Düsseldorf","ESF","2020","2014-2020","41,267,288","39,854,517","302,555","9,567"
"DE","DEA","DEA1 Düsseldorf","DEA1","Düsseldorf","ESF","2021","2014-2020","34,889,946","37,119,124","477,394","15,096"
"DE","DEA","DEA1 Düsseldorf","DEA1","Düsseldorf","ESF","2022","2014-2020","44,952,603","34,994,263","2,132,650","67,440"
"DE","DEA","DEA2 Köln","DEA2","Köln","ERDF","2015","2014-2020","0","1,250,402","110,794","3,503"
"DE","DEA","DEA2 Köln","DEA2","Köln","ERDF","2016","2014-2020","2,639,955","6,573,979","348,581","11,023"
"DE","DEA","DEA2 Köln","DEA2","Köln","ERDF","2017","2014-2020","10,945,799","17,249,262","558,530","17,662"
"DE","DEA","DEA2 Köln","DEA2","Köln","ERDF","2018","2014-2020","24,254,202","25,014,794","3,396,578","107,409"
"DE","DEA","DEA2 Köln","DEA2","Köln","ERDF","2019","2014-2020","21,738,724","27,215,332","3,189,042","100,846"
"DE","DEA","DEA2 Köln","DEA2","Köln","ERDF","2020","2014-2020","27,991,045","30,994,775","2,959,262","93,580"
"DE","DEA","DEA2 Köln","DEA2","Köln","ERDF","2021","2014-2020","31,550,785","29,625,319","3,471,733","109,785"
"DE","DEA","DEA2 Köln","DEA2","Köln","ERDF","2022","2014-2020","39,699,225","20,895,872","1,666,107","52,686"
"DE","DEA","DEA2 Köln","DEA2","Köln","ESF","2015","2014-2020","0","692,044","147,571","4,666"
"DE","DEA","DEA2 Köln","DEA2","Köln","ESF","2016","2014-2020","3,113,839","8,698,958","1,190,970","37,661"
"DE","DEA","DEA2 Köln","DEA2","Köln","ESF","2017","2014-2020","28,243,961","29,915,995","356,544","11,274"
"DE","DEA","DEA2 Köln","DEA2","Köln","ESF","2018","2014-2020","35,767,244","34,639,349","240,512","7,605"
"DE","DEA","DEA2 Köln","DEA2","Köln","ESF","2019","2014-2020","30,692,304","31,786,198","233,261","7,376"
"DE","DEA","DEA2 Köln","DEA2","Köln","ESF","2020","2014-2020","35,614,254","34,392,854","260,451","8,236"
"DE","DEA","DEA2 Köln","DEA2","Köln","ESF","2021","2014-2020","30,118,594","32,018,355","405,105","12,810"
"DE","DEA","DEA2 Köln","DEA2","Köln","ESF","2022","2014-2020","38,666,528","30,072,970","1,832,490","57,948"
"DE","DEA","DEA3 Münster","DEA3","Münster","ERDF","2015","2014-2020","0","738,269","65,465","2,070"
"DE","DEA","DEA3 Münster","DEA3","Münster","ERDF","2016","2014-2020","1,560,576","3,876,189","205,336","6,493"
"DE","DEA","DEA3 Münster","DEA3","Münster","ERDF","2017","2014-2020","6,455,387","10,143,529","327,044","10,342"
"DE","DEA","DEA3 Münster","DEA3","Münster","ERDF","2018","2014-2020","14,251,489","14,662,990","1,984,704","62,761"
"DE","DEA","DEA3 Münster","DEA3","Münster","ERDF","2019","2014-2020","12,710,196","15,904,308","1,868,842","59,097"
"DE","DEA","DEA3 Münster","DEA3","Münster","ERDF","2020","2014-2020","16,338,614","18,144,408","1,734,812","54,859"
"DE","DEA","DEA3 Münster","DEA3","Münster","ERDF","2021","2014-2020","18,543,143","17,379,739","2,029,333","64,173"
"DE","DEA","DEA3 Münster","DEA3","Münster","ERDF","2022","2014-2020","23,231,046","12,241,017","974,536","30,817"
"DE","DEA","DEA3 Münster","DEA3","Münster","ESF","2015","2014-2020","0","410,990","87,103","2,754"
"DE","DEA","DEA3 Münster","DEA3","Münster","ESF","2016","2014-2020","1,840,707","5,149,812","701,317","22,177"
"DE","DEA","DEA3 Münster","DEA3","Münster","ESF","2017","2014-2020","16,661,246","17,629,710","205,252","6,490"
"DE","DEA","DEA3 Münster","DEA3","Münster","ESF","2018","2014-2020","20,998,721","20,312,707","145,390","4,597"
"DE","DEA","DEA3 Münster","DEA3","Münster","ESF","2019","2014-2020","17,926,259","18,559,999","134,312","4,247"
"DE","DEA","DEA3 Münster","DEA3","Münster","ESF","2020","2014-2020","20,764,600","20,085,723","143,878","4,549"
"DE","DEA","DEA3 Münster","DEA3","Münster","ESF","2021","2014-2020","17,724,102","18,910,867","251,517","7,953"
"DE","DEA","DEA3 Münster","DEA3","Münster","ESF","2022","2014-2020","23,039,285","17,895,111","1,090,233","34,476"
"DE","DEA","DEA4 Detmold","DEA4","Detmold","ERDF","2015","2014-2020","0","579,637","51,486","1,628"
"DE","DEA","DEA4 Detmold","DEA4","Detmold","ERDF","2016","2014-2020","1,228,530","3,035,264","160,484","5,074"
"DE","DEA","DEA4 Detmold","DEA4","Detmold","ERDF","2017","2014-2020","5,057,865","7,939,694","255,980","8,094"
"DE","DEA","DEA4 Detmold","DEA4","Detmold","ERDF","2018","2014-2020","11,165,843","11,480,431","1,546,507","48,904"
"DE","DEA","DEA4 Detmold","DEA4","Detmold","ERDF","2019","2014-2020","9,948,810","12,436,208","1,452,666","45,937"
"DE","DEA","DEA4 Detmold","DEA4","Detmold","ERDF","2020","2014-2020","12,792,149","14,171,330","1,348,014","42,627"
"DE","DEA","DEA4 Detmold","DEA4","Detmold","ERDF","2021","2014-2020","14,480,713","13,538,167","1,571,047","49,680"
"DE","DEA","DEA4 Detmold","DEA4","Detmold","ERDF","2022","2014-2020","18,030,034","9,523,211","755,624","23,894"
"DE","DEA","DEA4 Detmold","DEA4","Detmold","ESF","2015","2014-2020","0","322,409","68,648","2,170"
"DE","DEA","DEA4 Detmold","DEA4","Detmold","ESF","2016","2014-2020","1,449,057","4,032,627","550,105","17,395"
"DE","DEA","DEA4 Detmold","DEA4","Detmold","ESF","2017","2014-2020","13,060,812","13,814,671","160,515","5,075"
"DE","DEA","DEA4 Detmold","DEA4","Detmold","ESF","2018","2014-2020","16,448,999","15,910,485","114,663","3,625"
"DE","DEA","DEA4 Detmold","DEA4","Detmold","ESF","2019","2014-2020","14,028,665","14,524,145","105,499","3,336"
"DE","DEA","DEA4 Detmold","DEA4","Detmold","ESF","2020","2014-2020","16,255,581","15,714,369","115,237","3,644"
"DE","DEA","DEA4 Detmold","DEA4","Detmold","ESF","2021","2014-2020","13,823,125","14,741,304","195,503","6,182"
"DE","DEA","DEA4 Detmold","DEA4","Detmold","ESF","2022","2014-2020","17,949,846","13,956,076","850,372","26,891"
"DE","DEA","DEA5 Arnsberg","DEA5","Arnsberg","ERDF","2015","2014-2020","0","1,014,277","90,031","2,847"
"DE","DEA","DEA5 Arnsberg","DEA5","Arnsberg","ERDF","2016","2014-2020","2,147,423","5,302,631","280,070","8,856"
"DE","DEA","DEA5 Arnsberg","DEA5","Arnsberg","ERDF","2017","2014-2020","8,827,616","13,853,594","446,128","14,107"
"DE","DEA","DEA5 Arnsberg","DEA5","Arnsberg","ERDF","2018","2014-2020","19,468,595","20,000,216","2,692,732","85,151"
"DE","DEA","DEA5 Arnsberg","DEA5","Arnsberg","ERDF","2019","2014-2020","17,317,616","21,640,713","2,528,994","79,973"
"DE","DEA","DEA5 Arnsberg","DEA5","Arnsberg","ERDF","2020","2014-2020","22,245,463","24,627,981","2,347,188","74,224"
"DE","DEA","DEA5 Arnsberg","DEA5","Arnsberg","ERDF","2021","2014-2020","25,040,277","23,577,614","2,763,686","87,395"
"DE","DEA","DEA5 Arnsberg","DEA5","Arnsberg","ERDF","2022","2014-2020","31,694,497","16,724,459","1,328,807","42,020"
"DE","DEA","DEA5 Arnsberg","DEA5","Arnsberg","ESF","2015","2014-2020","0","557,447","120,422","3,808"
"DE","DEA","DEA5 Arnsberg","DEA5","Arnsberg","ESF","2016","2014-2020","2,532,896","6,993,122","963,521","30,469"
"DE","DEA","DEA5 Arnsberg","DEA5","Arnsberg","ESF","2017","2014-2020","22,799,014","24,091,702","279,253","8,830"
"DE","DEA","DEA5 Arnsberg","DEA5","Arnsberg","ESF","2018","2014-2020","28,672,653","27,734,674","202,627","6,407"
"DE","DEA","DEA5 Arnsberg","DEA5","Arnsberg","ESF","2019","2014-2020","24,410,717","25,256,830","182,781","5,780"
"DE","DEA","DEA5 Arnsberg","DEA5","Arnsberg","ESF","2020","2014-2020","28,255,237","27,280,700","210,524","6,657"
"DE","DEA","DEA5 Arnsberg","DEA5","Arnsberg","ESF","2021","2014-2020","23,827,193","25,335,878","325,914","10,306"
"DE","DEA","DEA5 Arnsberg","DEA5","Arnsberg","ESF","2022","2014-2020","30,682,268","23,929,625","1,458,741","46,129"
"DE","DEB","DEB1 Koblenz","DEB1","Koblenz","ERDF","2015","2014-2020","0","419,734","37,251","1,178"
"DE","DEB","DEB1 Koblenz","DEB1","Koblenz","ERDF","2016","2014-2020","888,452","2,206,337","116,963","3,698"
"DE","DEB","DEB1 Koblenz","DEB1","Koblenz","ERDF","2017","2014-2020","3,678,023","5,775,358","186,141","5,886"
"DE","DEB","DEB1 Koblenz","DEB1","Koblenz","ERDF","2018","2014-2020","8,117,458","8,363,076","1,133,106","35,831"
"DE","DEB","DEB1 Koblenz","DEB1","Koblenz","ERDF","2019","2014-2020","7,258,954","9,088,679","1,066,043","33,711"
"DE","DEB","DEB1 Koblenz","DEB1","Koblenz","ERDF","2020","2014-2020","9,350,136","10,379,705","989,358","31,286"
"DE","DEB","DEB1 Koblenz","DEB1","Koblenz","ERDF","2021","2014-2020","10,653,000","9,911,766","1,145,054","36,209"
"DE","DEB","DEB1 Koblenz","DEB1","Koblenz","ERDF","2022","2014-2020","13,120,662","6,922,031","550,136","17,396"
"DE","DEB","DEB1 Koblenz","DEB1","Koblenz","ESF","2015","2014-2020","0","234,028","49,585","1,568"
"DE","DEB","DEB1 Koblenz","DEB1","Koblenz","ESF","2016","2014-2020","1,047,933","2,933,718","399,558","12,635"
"DE","DEB","DEB1 Koblenz","DEB1","Koblenz","ESF","2017","2014-2020","9,492,124","10,043,308","116,784","3,693"
"DE","DEB","DEB1 Koblenz","DEB1","Koblenz","ESF","2018","2014-2020","11,960,223","11,576,573","81,287","2,570"
"DE","DEB","DEB1 Koblenz","DEB1","Koblenz","ESF","2019","2014-2020","10,242,311","10,610,665","78,046","2,468"
"DE","DEB","DEB1 Koblenz","DEB1","Koblenz","ESF","2020","2014-2020","11,891,728","11,501,691","82,640","2,613"
"DE","DEB","DEB1 Koblenz","DEB1","Koblenz","ESF","2021","2014-2020","10,145,217","10,804,269","139,639","4,415"
"DE","DEB","DEB1 Koblenz","DEB1","Koblenz","ESF","2022","2014-2020","13,096,329","10,171,612","619,685","19,596"
"DE","DEB","DEB2 Trier","DEB2","Trier","ERDF","2015","2014-2020","0","150,841","13,353","422"
"DE","DEB","DEB2 Trier","DEB2","Trier","ERDF","2016","2014-2020","318,006","783,817","41,236","1,304"
"DE","DEB","DEB2 Trier","DEB2","Trier","ERDF","2017","2014-2020","1,300,036","2,049,960","66,387","2,099"
"DE","DEB","DEB2 Trier","DEB2","Trier","ERDF","2018","2014-2020","2,881,036","2,972,292","407,066","12,872"
"DE","DEB","DEB2 Trier","DEB2","Trier","ERDF","2019","2014-2020","2,580,216","3,245,217","383,202","12,117"
"DE","DEB","DEB2 Trier","DEB2","Trier","ERDF","2020","2014-2020","3,344,046","3,713,788","355,565","11,243"
"DE","DEB","DEB2 Trier","DEB2","Trier","ERDF","2021","2014-2020","3,801,235","3,549,865","413,909","13,088"
"DE","DEB","DEB2 Trier","DEB2","Trier","ERDF","2022","2014-2020","4,724,943","2,483,737","198,404","6,274"
"DE","DEB","DEB2 Trier","DEB2","Trier","ESF","2015","2014-2020","0","84,554","17,694","559"
"DE","DEB","DEB2 Trier","DEB2","Trier","ESF","2016","2014-2020","375,090","1,047,863","140,786","4,452"
"DE","DEB","DEB2 Trier","DEB2","Trier","ESF","2017","2014-2020","3,359,578","3,559,474","41,830","1,322"
"DE","DEB","DEB2 Trier","DEB2","Trier","ESF","2018","2014-2020","4,246,337","4,110,085","28,512","901"
"DE","DEB","DEB2 Trier","DEB2","Trier","ESF","2019","2014-2020","3,641,909","3,781,089","29,125","921"
"DE","DEB","DEB2 Trier","DEB2","Trier","ESF","2020","2014-2020","4,259,323","4,116,214","29,947","947"
"DE","DEB","DEB2 Trier","DEB2","Trier","ESF","2021","2014-2020","3,624,478","3,873,913","52,197","1,650"
"DE","DEB","DEB2 Trier","DEB2","Trier","ESF","2022","2014-2020","4,730,996","3,664,519","223,173","7,057"
"DE","DEB","DEB3 Rheinhessen-Pfalz","DEB3","Rheinhessen-Pfalz","ERDF","2015","2014-2020","0","572,890","50,851","1,608"
"DE","DEB","DEB3 Rheinhessen-Pfalz","DEB3","Rheinhessen-Pfalz","ERDF","2016","2014-2020","1,212,880","3,023,302","160,697","5,081"
"DE","DEB","DEB3 Rheinhessen-Pfalz","DEB3","Rheinhessen-Pfalz","ERDF","2017","2014-2020","5,045,767","7,936,318","256,572","8,113"
"DE","DEB","DEB3 Rheinhessen-Pfalz","DEB3","Rheinhessen-Pfalz","ERDF","2018","2014-2020","11,165,420","11,516,234","1,558,253","49,276"
"DE","DEB","DEB3 Rheinhessen-Pfalz","DEB3","Rheinhessen-Pfalz","ERDF","2019","2014-2020","10,012,203","12,523,137","1,461,608","46,220"
"DE","DEB","DEB3 Rheinhessen-Pfalz","DEB3","Rheinhessen-Pfalz","ERDF","2020","2014-2020","12,890,720","14,265,983","1,356,014","42,880"
"DE","DEB","DEB3 Rheinhessen-Pfalz","DEB3","Rheinhessen-Pfalz","ERDF","2021","2014-2020","14,585,000","13,596,049","1,574,064","49,776"
"DE","DEB","DEB3 Rheinhessen-Pfalz","DEB3","Rheinhessen-Pfalz","ERDF","2022","2014-2020","18,041,965","9,520,041","756,427","23,920"
"DE","DEB","DEB3 Rheinhessen-Pfalz","DEB3","Rheinhessen-Pfalz","ESF","2015","2014-2020","0","319,384","67,699","2,140"
"DE","DEB","DEB3 Rheinhessen-Pfalz","DEB3","Rheinhessen-Pfalz","ESF","2016","2014-2020","1,430,598","4,016,894","548,212","17,336"
"DE","DEB","DEB3 Rheinhessen-Pfalz","DEB3","Rheinhessen-Pfalz","ESF","2017","2014-2020","13,015,227","13,784,966","163,160","5,159"
"DE","DEB","DEB3 Rheinhessen-Pfalz","DEB3","Rheinhessen-Pfalz","ESF","2018","2014-2020","16,463,072","15,943,652","110,100","3,481"
"DE","DEB","DEB3 Rheinhessen-Pfalz","DEB3","Rheinhessen-Pfalz","ESF","2019","2014-2020","14,136,466","14,642,166","107,192","3,389"
"DE","DEB","DEB3 Rheinhessen-Pfalz","DEB3","Rheinhessen-Pfalz","ESF","2020","2014-2020","16,401,615","15,833,294","120,466","3,809"
"DE","DEB","DEB3 Rheinhessen-Pfalz","DEB3","Rheinhessen-Pfalz","ESF","2021","2014-2020","13,855,970","14,783,384","196,582","6,216"
"DE","DEB","DEB3 Rheinhessen-Pfalz","DEB3","Rheinhessen-Pfalz","ESF","2022","2014-2020","18,010,073","13,989,281","852,280","26,951"
"DE","DEC","DEC0 Saarland","DEC0","Saarland","ERDF","2015","2014-2020","0","318,747","26,618","841"
"DE","DEC","DEC0 Saarland","DEC0","Saarland","ERDF","2016","2014-2020","594,326","1,592,603","83,365","2,636"
"DE","DEC","DEC0 Saarland","DEC0","Saarland","ERDF","2017","2014-2020","2,455,682","4,395,505","746,075","23,592"
"DE","DEC","DEC0 Saarland","DEC0","Saarland","ERDF","2018","2014-2020","5,395,898","5,698,201","860,431","27,209"
"DE","DEC","DEC0 Saarland","DEC0","Saarland","ERDF","2019","2014-2020","4,759,393","6,265,140","880,652","27,848"
"DE","DEC","DEC0 Saarland","DEC0","Saarland","ERDF","2020","2014-2020","6,090,162","7,398,283","930,455","29,423"
"DE","DEC","DEC0 Saarland","DEC0","Saarland","ERDF","2021","2014-2020","6,894,399","8,323,023","1,404,648","44,418"
"DE","DEC","DEC0 Saarland","DEC0","Saarland","ERDF","2022","2014-2020","14,546,693","6,745,049","651,506","20,602"
"DE","DEC","DEC0 Saarland","DEC0","Saarland","ESF","2015","2014-2020","0","153,495","33,383","1,055"
"DE","DEC","DEC0 Saarland","DEC0","Saarland","ESF","2016","2014-2020","701,010","1,935,482","268,485","8,490"
"DE","DEC","DEC0 Saarland","DEC0","Saarland","ESF","2017","2014-2020","6,338,830","6,689,978","76,371","2,415"
"DE","DEC","DEC0 Saarland","DEC0","Saarland","ESF","2018","2014-2020","7,942,518","7,670,090","59,250","1,873"
"DE","DEC","DEC0 Saarland","DEC0","Saarland","ESF","2019","2014-2020","6,698,339","6,922,078","48,661","1,538"
"DE","DEC","DEC0 Saarland","DEC0","Saarland","ESF","2020","2014-2020","7,720,151","7,456,120","57,424","1,815"
"DE","DEC","DEC0 Saarland","DEC0","Saarland","ESF","2021","2014-2020","6,514,324","6,943,900","93,428","2,954"
"DE","DEC","DEC0 Saarland","DEC0","Saarland","ESF","2022","2014-2020","8,476,190","6,620,221","403,655","12,764"
"DE","DED","DED2 Dresden","DED2","Dresden","ERDF","2015","2014-2020","0","1,485,149","132,306","4,183"
"DE","DED","DED2 Dresden","DED2","Dresden","ERDF","2016","2014-2020","3,162,029","11,371,873","731,384","23,128"
"DE","DED","DED2 Dresden","DED2","Dresden","ERDF","2017","2014-2020","20,641,599","21,487,657","75,372","2,383"
"DE","DED","DED2 Dresden","DED2","Dresden","ERDF","2018","2014-2020","22,442,939","33,593,336","4,835,587","152,914"
"DE","DED","DED2 Dresden","DED2","Dresden","ERDF","2019","2014-2020","40,392,094","42,772,182","4,780,123","151,160"
"DE","DED","DED2 Dresden","DED2","Dresden","ERDF","2020","2014-2020","36,889,883","44,845,428","4,603,577","145,577"
"DE","DED","DED2 Dresden","DED2","Dresden","ERDF","2021","2014-2020","52,948,655","44,188,000","4,364,428","138,015"
"DE","DED","DED2 Dresden","DED2","Dresden","ERDF","2022","2014-2020","49,536,522","26,270,097","2,072,719","65,545"
"DE","DED","DED2 Dresden","DED2","Dresden","ESF","2015","2014-2020","0","191,484","40,617","1,284"
"DE","DED","DED2 Dresden","DED2","Dresden","ESF","2016","2014-2020","858,165","5,176,491","916,005","28,966"
"DE","DED","DED2 Dresden","DED2","Dresden","ESF","2017","2014-2020","20,211,423","22,617,750","510,431","16,141"
"DE","DED","DED2 Dresden","DED2","Dresden","ESF","2018","2014-2020","30,995,756","30,950,788","9,538","301"
"DE","DED","DED2 Dresden","DED2","Dresden","ESF","2019","2014-2020","30,794,225","30,480,740","66,496","2,102"
"DE","DED","DED2 Dresden","DED2","Dresden","ESF","2020","2014-2020","29,389,295","29,599,262","44,538","1,408"
"DE","DED","DED2 Dresden","DED2","Dresden","ESF","2021","2014-2020","30,330,294","29,238,653","231,559","7,322"
"DE","DED","DED2 Dresden","DED2","Dresden","ESF","2022","2014-2020","25,437,932","19,761,922","1,203,997","38,073"
"DE","DED","DED4 Chemnitz","DED4","Chemnitz","ERDF","2015","2014-2020","0","1,344,347","120,574","3,812"
"DE","DED","DED4 Chemnitz","DED4","Chemnitz","ERDF","2016","2014-2020","2,891,466","10,260,085","660,889","20,899"
"DE","DED","DED4 Chemnitz","DED4","Chemnitz","ERDF","2017","2014-2020","18,740,129","19,405,282","59,657","1,886"
"DE","DED","DED4 Chemnitz","DED4","Chemnitz","ERDF","2018","2014-2020","20,170,761","29,928,949","4,210,785","133,156"
"DE","DED","DED4 Chemnitz","DED4","Chemnitz","ERDF","2019","2014-2020","36,067,592","37,895,978","4,150,978","131,265"
"DE","DED","DED4 Chemnitz","DED4","Chemnitz","ERDF","2020","2014-2020","32,491,068","39,358,968","4,002,838","126,580"
"DE","DED","DED4 Chemnitz","DED4","Chemnitz","ERDF","2021","2014-2020","46,562,687","38,830,163","3,774,274","119,353"
"DE","DED","DED4 Chemnitz","DED4","Chemnitz","ERDF","2022","2014-2020","43,231,872","23,131,802","1,802,769","57,008"
"DE","DED","DED4 Chemnitz","DED4","Chemnitz","ESF","2015","2014-2020","0","171,042","37,426","1,183"
"DE","DED","DED4 Chemnitz","DED4","Chemnitz","ESF","2016","2014-2020","784,735","4,615,980","838,326","26,510"
"DE","DED","DED4 Chemnitz","DED4","Chemnitz","ESF","2017","2014-2020","18,362,294","20,444,408","455,593","14,407"
"DE","DED","DED4 Chemnitz","DED4","Chemnitz","ESF","2018","2014-2020","27,914,928","27,805,174","24,015","759"
"DE","DED","DED4 Chemnitz","DED4","Chemnitz","ESF","2019","2014-2020","27,411,380","27,062,417","76,357","2,414"
"DE","DED","DED4 Chemnitz","DED4","Chemnitz","ESF","2020","2014-2020","25,810,356","25,960,201","32,788","1,036"
"DE","DED","DED4 Chemnitz","DED4","Chemnitz","ESF","2021","2014-2020","26,497,837","25,520,265","213,905","6,764"
"DE","DED","DED4 Chemnitz","DED4","Chemnitz","ESF","2022","2014-2020","22,012,786","17,214,829","1,049,855","33,199"
"DE","DED","DED5 Leipzig","DED5","Leipzig","ERDF","2015","2014-2020","0","252,991","24,765","783"
"DE","DED","DED5 Leipzig","DED5","Leipzig","ERDF","2016","2014-2020","606,795","10,325,108","951,322","30,083"
"DE","DED","DED5 Leipzig","DED5","Leipzig","ERDF","2017","2014-2020","23,916,008","25,549,786","159,929","5,057"
"DE","DED","DED5 Leipzig","DED5","Leipzig","ERDF","2018","2014-2020","27,834,597","33,475,086","3,439,475","108,765"
"DE","DED","DED5 Leipzig","DED5","Leipzig","ERDF","2019","2014-2020","36,687,147","36,288,996","3,704,139","117,135"
"DE","DED","DED5 Leipzig","DED5","Leipzig","ERDF","2020","2014-2020","27,976,982","36,457,677","3,890,100","123,015"
"DE","DED","DED5 Leipzig","DED5","Leipzig","ERDF","2021","2014-2020","51,284,028","38,782,387","2,670,963","84,463"
"DE","DED","DED5 Leipzig","DED5","Leipzig","ERDF","2022","2014-2020","30,764,086","17,937,612","1,255,578","39,704"
"DE","DED","DED5 Leipzig","DED5","Leipzig","ESF","2015","2014-2020","0","151,318","34,470","1,090"
"DE","DED","DED5 Leipzig","DED5","Leipzig","ESF","2016","2014-2020","715,718","4,833,149","937,953","29,660"
"DE","DED","DED5 Leipzig","DED5","Leipzig","ESF","2017","2014-2020","20,190,653","20,350,655","36,448","1,152"
"DE","DED","DED5 Leipzig","DED5","Leipzig","ESF","2018","2014-2020","20,947,439","20,878,488","15,707","496"
"DE","DED","DED5 Leipzig","DED5","Leipzig","ESF","2019","2014-2020","20,621,310","20,004,367","140,539","4,444"
"DE","DED","DED5 Leipzig","DED5","Leipzig","ESF","2020","2014-2020","17,703,248","18,128,083","96,777","3,060"
"DE","DED","DED5 Leipzig","DED5","Leipzig","ESF","2021","2014-2020","19,712,665","20,198,465","110,665","3,499"
"DE","DED","DED5 Leipzig","DED5","Leipzig","ESF","2022","2014-2020","22,010,438","17,356,945","1,060,068","33,522"
"DE","DEE","DEE0 Sachsen-Anhalt","DEE0","Sachsen-Anhalt","ERDF","2015","2014-2020","0","2,535,603","208,382","6,589"
"DE","DEE","DEE0 Sachsen-Anhalt","DEE0","Sachsen-Anhalt","ERDF","2016","2014-2020","4,430,026","70,987,687","15,509,611","490,456"
"DE","DEE","DEE0 Sachsen-Anhalt","DEE0","Sachsen-Anhalt","ERDF","2017","2014-2020","109,388,131","86,610,600","31,598,836","999,242"
"DE","DEE","DEE0 Sachsen-Anhalt","DEE0","Sachsen-Anhalt","ERDF","2018","2014-2020","31,047,429","145,484,660","30,234,239","956,090"
"DE","DEE","DEE0 Sachsen-Anhalt","DEE0","Sachsen-Anhalt","ERDF","2019","2014-2020","190,842,692","213,505,897","44,367,989","1,403,039"
"DE","DEE","DEE0 Sachsen-Anhalt","DEE0","Sachsen-Anhalt","ERDF","2020","2014-2020","131,816,004","307,075,459","57,435,021","1,816,254"
"DE","DEE","DEE0 Sachsen-Anhalt","DEE0","Sachsen-Anhalt","ERDF","2021","2014-2020","509,348,375","333,223,308","34,761,913","1,099,268"
"DE","DEE","DEE0 Sachsen-Anhalt","DEE0","Sachsen-Anhalt","ERDF","2022","2014-2020","318,939,447","136,388,890","15,002,509","474,420"
"DE","DEE","DEE0 Sachsen-Anhalt","DEE0","Sachsen-Anhalt","ESF","2015","2014-2020","0","322,371","53,532","1,692"
"DE","DEE","DEE0 Sachsen-Anhalt","DEE0","Sachsen-Anhalt","ESF","2016","2014-2020","1,202,296","26,839,352","4,257,267","134,626"
"DE","DEE","DEE0 Sachsen-Anhalt","DEE0","Sachsen-Anhalt","ESF","2017","2014-2020","96,816,562","88,799,008","1,331,388","42,102"
"DE","DEE","DEE0 Sachsen-Anhalt","DEE0","Sachsen-Anhalt","ESF","2018","2014-2020","66,914,822","96,704,169","4,946,794","156,431"
"DE","DEE","DEE0 Sachsen-Anhalt","DEE0","Sachsen-Anhalt","ESF","2019","2014-2020","178,015,200","158,886,986","3,176,415","100,447"
"DE","DEE","DEE0 Sachsen-Anhalt","DEE0","Sachsen-Anhalt","ESF","2020","2014-2020","106,675,881","100,600,037","9,185,864","290,482"
"DE","DEE","DEE0 Sachsen-Anhalt","DEE0","Sachsen-Anhalt","ESF","2021","2014-2020","50,336,099","81,851,275","10,507,399","332,273"
"DE","DEE","DEE0 Sachsen-Anhalt","DEE0","Sachsen-Anhalt","ESF","2022","2014-2020","201,552,728","147,510,389","8,974,225","283,789"
"DE","DEF","DEF0 Schleswig-Holstein","DEF0","Schleswig-Holstein","ERDF","2015","2014-2020","0","881,220","74,625","2,359"
"DE","DEF","DEF0 Schleswig-Holstein","DEF0","Schleswig-Holstein","ERDF","2016","2014-2020","1,706,523","4,498,293","236,420","7,476"
"DE","DEF","DEF0 Schleswig-Holstein","DEF0","Schleswig-Holstein","ERDF","2017","2014-2020","7,112,911","12,578,250","2,089,641","66,080"
"DE","DEF","DEF0 Schleswig-Holstein","DEF0","Schleswig-Holstein","ERDF","2018","2014-2020","15,730,431","16,633,445","2,369,168","74,919"
"DE","DEF","DEF0 Schleswig-Holstein","DEF0","Schleswig-Holstein","ERDF","2019","2014-2020","14,068,613","18,173,118","2,352,771","74,401"
"DE","DEF","DEF0 Schleswig-Holstein","DEF0","Schleswig-Holstein","ERDF","2020","2014-2020","18,155,642","21,141,819","2,416,772","76,425"
"DE","DEF","DEF0 Schleswig-Holstein","DEF0","Schleswig-Holstein","ERDF","2021","2014-2020","20,701,600","22,354,812","3,373,337","106,674"
"DE","DEF","DEF0 Schleswig-Holstein","DEF0","Schleswig-Holstein","ERDF","2022","2014-2020","36,378,452","17,593,215","1,590,823","50,306"
"DE","DEF","DEF0 Schleswig-Holstein","DEF0","Schleswig-Holstein","ESF","2015","2014-2020","0","461,313","94,436","2,986"
"DE","DEF","DEF0 Schleswig-Holstein","DEF0","Schleswig-Holstein","ESF","2016","2014-2020","2,012,851","5,755,601","766,184","24,228"
"DE","DEF","DEF0 Schleswig-Holstein","DEF0","Schleswig-Holstein","ESF","2017","2014-2020","18,343,623","19,455,026","227,517","7,194"
"DE","DEF","DEF0 Schleswig-Holstein","DEF0","Schleswig-Holstein","ESF","2018","2014-2020","23,193,016","22,428,002","156,607","4,952"
"DE","DEF","DEF0 Schleswig-Holstein","DEF0","Schleswig-Holstein","ESF","2019","2014-2020","19,855,023","20,599,467","152,396","4,819"
"DE","DEF","DEF0 Schleswig-Holstein","DEF0","Schleswig-Holstein","ESF","2020","2014-2020","23,103,260","22,331,927","157,900","4,993"
"DE","DEF","DEF0 Schleswig-Holstein","DEF0","Schleswig-Holstein","ESF","2021","2014-2020","19,737,697","21,377,236","335,632","10,613"
"DE","DEF","DEF0 Schleswig-Holstein","DEF0","Schleswig-Holstein","ESF","2022","2014-2020","26,891,512","20,728,410","1,261,658","39,897"
"DE","DEG","DEG0 Thüringen","DEG0","Thüringen","ERDF","2015","2014-2020","0","28,961,713","3,055,012","96,607"
"DE","DEG","DEG0 Thüringen","DEG0","Thüringen","ERDF","2016","2014-2020","74,902,182","76,757,551","195,712","6,188"
"DE","DEG","DEG0 Thüringen","DEG0","Thüringen","ERDF","2017","2014-2020","79,700,627","103,598,394","2,520,844","79,716"
"DE","DEG","DEG0 Thüringen","DEG0","Thüringen","ERDF","2018","2014-2020","141,506,186","157,947,358","1,734,289","54,843"
"DE","DEG","DEG0 Thüringen","DEG0","Thüringen","ERDF","2019","2014-2020","184,027,140","185,730,860","16,160,937","511,053"
"DE","DEG","DEG0 Thüringen","DEG0","Thüringen","ERDF","2020","2014-2020","159,079,851","174,448,845","12,757,446","403,425"
"DE","DEG","DEG0 Thüringen","DEG0","Thüringen","ERDF","2021","2014-2020","175,195,632","167,498,911","14,888,630","470,819"
"DE","DEG","DEG0 Thüringen","DEG0","Thüringen","ERDF","2022","2014-2020","208,275,789","127,743,773","8,494,881","268,631"
"DE","DEG","DEG0 Thüringen","DEG0","Thüringen","ESF","2015","2014-2020","0","276,810","53,839","1,702"
"DE","DEG","DEG0 Thüringen","DEG0","Thüringen","ESF","2016","2014-2020","1,162,269","23,537,477","4,351,931","137,620"
"DE","DEG","DEG0 Thüringen","DEG0","Thüringen","ESF","2017","2014-2020","95,111,127","85,059,945","1,954,933","61,820"
"DE","DEG","DEG0 Thüringen","DEG0","Thüringen","ESF","2018","2014-2020","52,908,298","75,992,512","4,489,831","141,980"
"DE","DEG","DEG0 Thüringen","DEG0","Thüringen","ESF","2019","2014-2020","149,834,127","136,338,090","2,624,951","83,008"
"DE","DEG","DEG0 Thüringen","DEG0","Thüringen","ESF","2020","2014-2020","93,167,064","93,984,009","158,894","5,024"
"DE","DEG","DEG0 Thüringen","DEG0","Thüringen","ESF","2021","2014-2020","96,597,249","100,360,377","731,920","23,145"
"DE","DEG","DEG0 Thüringen","DEG0","Thüringen","ESF","2022","2014-2020","112,397,843","85,628,757","5,206,531","164,644"
"DK","DK0","DK01 Hovedstaden","DK01","Hovedstaden","ERDF","2015","2014-2020","0","89,985","8,104","256"
"DK","DK0","DK01 Hovedstaden","DK01","Hovedstaden","ERDF","2016","2014-2020","194,716","2,539,243","211,151","6,677"
"DK","DK0","DK01 Hovedstaden","DK01","Hovedstaden","ERDF","2017","2014-2020","5,267,975","5,403,649","12,218","386"
"DK","DK0","DK01 Hovedstaden","DK01","Hovedstaden","ERDF","2018","2014-2020","5,561,556","7,156,099","970,859","30,701"
"DK","DK0","DK01 Hovedstaden","DK01","Hovedstaden","ERDF","2019","2014-2020","7,817,856","8,512,639","984,170","31,122"
"DK","DK0","DK01 Hovedstaden","DK01","Hovedstaden","ERDF","2020","2014-2020","7,515,010","9,218,546","942,559","29,806"
"DK","DK0","DK01 Hovedstaden","DK01","Hovedstaden","ERDF","2021","2014-2020","10,920,616","9,285,977","921,402","29,137"
"DK","DK0","DK01 Hovedstaden","DK01","Hovedstaden","ERDF","2022","2014-2020","10,664,451","5,736,043","443,860","14,036"
"DK","DK0","DK01 Hovedstaden","DK01","Hovedstaden","ESF","2015","2014-2020","0","63,208","8,790","277"
"DK","DK0","DK01 Hovedstaden","DK01","Hovedstaden","ESF","2016","2014-2020","205,991","1,506,414","180,845","5,718"
"DK","DK0","DK01 Hovedstaden","DK01","Hovedstaden","ESF","2017","2014-2020","4,443,963","5,060,298","85,711","2,710"
"DK","DK0","DK01 Hovedstaden","DK01","Hovedstaden","ESF","2018","2014-2020","6,452,548","6,991,273","74,918","2,369"
"DK","DK0","DK01 Hovedstaden","DK01","Hovedstaden","ESF","2019","2014-2020","8,208,209","8,003,805","28,425","898"
"DK","DK0","DK01 Hovedstaden","DK01","Hovedstaden","ESF","2020","2014-2020","7,542,075","9,736,178","631,354","19,965"
"DK","DK0","DK01 Hovedstaden","DK01","Hovedstaden","ESF","2021","2014-2020","12,909,155","11,675,735","578,153","18,282"
"DK","DK0","DK01 Hovedstaden","DK01","Hovedstaden","ESF","2022","2014-2020","10,672,864","7,397,892","455,439","14,402"
"DK","DK0","DK02 Sjælland","DK02","Sjælland","ERDF","2015","2014-2020","0","132,647","11,211","354"
"DK","DK0","DK02 Sjælland","DK02","Sjælland","ERDF","2016","2014-2020","255,652","1,691,034","121,316","3,836"
"DK","DK0","DK02 Sjælland","DK02","Sjælland","ERDF","2017","2014-2020","3,022,076","3,223,966","544,825","17,228"
"DK","DK0","DK02 Sjælland","DK02","Sjælland","ERDF","2018","2014-2020","2,888,541","3,731,059","672,345","21,261"
"DK","DK0","DK02 Sjælland","DK02","Sjælland","ERDF","2019","2014-2020","3,538,020","4,758,031","739,668","23,390"
"DK","DK0","DK02 Sjælland","DK02","Sjælland","ERDF","2020","2014-2020","4,513,444","6,196,561","785,507","24,839"
"DK","DK0","DK02 Sjælland","DK02","Sjælland","ERDF","2021","2014-2020","7,646,630","6,645,220","814,484","25,756"
"DK","DK0","DK02 Sjælland","DK02","Sjælland","ERDF","2022","2014-2020","8,700,169","4,186,014","381,531","12,065"
"DK","DK0","DK02 Sjælland","DK02","Sjælland","ESF","2015","2014-2020","0","289,838","40,714","1,287"
"DK","DK0","DK02 Sjælland","DK02","Sjælland","ESF","2016","2014-2020","951,942","1,902,582","133,539","4,222"
"DK","DK0","DK02 Sjælland","DK02","Sjælland","ESF","2017","2014-2020","4,074,213","4,001,709","10,184","322"
"DK","DK0","DK02 Sjælland","DK02","Sjælland","ESF","2018","2014-2020","3,836,081","4,218,542","53,725","1,698"
"DK","DK0","DK02 Sjælland","DK02","Sjælland","ESF","2019","2014-2020","5,092,232","5,756,400","93,297","2,950"
"DK","DK0","DK02 Sjælland","DK02","Sjælland","ESF","2020","2014-2020","7,273,616","8,344,572","491,992","15,558"
"DK","DK0","DK02 Sjælland","DK02","Sjælland","ESF","2021","2014-2020","9,266,598","8,758,891","473,472","14,972"
"DK","DK0","DK02 Sjælland","DK02","Sjælland","ESF","2022","2014-2020","9,123,547","6,345,694","390,214","12,339"
"DK","DK0","DK03 Syddanmark","DK03","Syddanmark","ERDF","2015","2014-2020","0","60,384","5,473","173"
"DK","DK0","DK03 Syddanmark","DK03","Syddanmark","ERDF","2016","2014-2020","131,877","1,695,629","141,751","4,482"
"DK","DK0","DK03 Syddanmark","DK03","Syddanmark","ERDF","2017","2014-2020","3,547,056","3,619,275","6,546","207"
"DK","DK0","DK03 Syddanmark","DK03","Syddanmark","ERDF","2018","2014-2020","3,704,781","4,734,181","627,618","19,847"
"DK","DK0","DK03 Syddanmark","DK03","Syddanmark","ERDF","2019","2014-2020","5,173,993","5,589,985","635,528","20,097"
"DK","DK0","DK03 Syddanmark","DK03","Syddanmark","ERDF","2020","2014-2020","4,905,519","6,003,809","609,125","19,262"
"DK","DK0","DK03 Syddanmark","DK03","Syddanmark","ERDF","2021","2014-2020","7,125,578","6,062,313","594,200","18,790"
"DK","DK0","DK03 Syddanmark","DK03","Syddanmark","ERDF","2022","2014-2020","6,937,958","3,761,185","287,969","9,106"
"DK","DK0","DK03 Syddanmark","DK03","Syddanmark","ESF","2015","2014-2020","0","42,320","5,973","188"
"DK","DK0","DK03 Syddanmark","DK03","Syddanmark","ESF","2016","2014-2020","139,513","1,004,819","122,137","3,862"
"DK","DK0","DK03 Syddanmark","DK03","Syddanmark","ESF","2017","2014-2020","2,992,070","3,390,201","56,196","1,777"
"DK","DK0","DK03 Syddanmark","DK03","Syddanmark","ESF","2018","2014-2020","4,304,544","4,647,125","48,355","1,529"
"DK","DK0","DK03 Syddanmark","DK03","Syddanmark","ESF","2019","2014-2020","5,433,893","5,278,498","21,933","693"
"DK","DK0","DK03 Syddanmark","DK03","Syddanmark","ESF","2020","2014-2020","4,921,620","6,339,301","407,812","12,896"
"DK","DK0","DK03 Syddanmark","DK03","Syddanmark","ESF","2021","2014-2020","8,435,777","7,629,902","372,734","11,786"
"DK","DK0","DK03 Syddanmark","DK03","Syddanmark","ESF","2022","2014-2020","6,938,494","4,833,744","297,085","9,394"
"DK","DK0","DK04 Midtjylland","DK04","Midtjylland","ERDF","2015","2014-2020","0","64,993","5,856","185"
"DK","DK0","DK04 Midtjylland","DK04","Midtjylland","ERDF","2016","2014-2020","140,751","1,830,999","152,312","4,816"
"DK","DK0","DK04 Midtjylland","DK04","Midtjylland","ERDF","2017","2014-2020","3,801,218","3,894,503","8,406","265"
"DK","DK0","DK04 Midtjylland","DK04","Midtjylland","ERDF","2018","2014-2020","4,003,240","5,141,146","695,315","21,987"
"DK","DK0","DK04 Midtjylland","DK04","Midtjylland","ERDF","2019","2014-2020","5,611,593","6,103,991","705,814","22,319"
"DK","DK0","DK04 Midtjylland","DK04","Midtjylland","ERDF","2020","2014-2020","5,380,390","6,607,154","675,788","21,370"
"DK","DK0","DK04 Midtjylland","DK04","Midtjylland","ERDF","2021","2014-2020","7,830,180","6,667,335","662,175","20,939"
"DK","DK0","DK04 Midtjylland","DK04","Midtjylland","ERDF","2022","2014-2020","7,672,317","4,129,567","319,245","10,095"
"DK","DK0","DK04 Midtjylland","DK04","Midtjylland","ESF","2015","2014-2020","0","45,646","6,355","200"
"DK","DK0","DK04 Midtjylland","DK04","Midtjylland","ESF","2016","2014-2020","148,901","1,086,244","130,516","4,127"
"DK","DK0","DK04 Midtjylland","DK04","Midtjylland","ESF","2017","2014-2020","3,206,584","3,647,879","61,446","1,943"
"DK","DK0","DK04 Midtjylland","DK04","Midtjylland","ESF","2018","2014-2020","4,646,123","5,028,160","53,195","1,682"
"DK","DK0","DK04 Midtjylland","DK04","Midtjylland","ESF","2019","2014-2020","5,892,356","5,741,227","21,043","665"
"DK","DK0","DK04 Midtjylland","DK04","Midtjylland","ESF","2020","2014-2020","5,399,363","6,975,531","453,896","14,353"
"DK","DK0","DK04 Midtjylland","DK04","Midtjylland","ESF","2021","2014-2020","9,257,841","8,380,540","415,246","13,131"
"DK","DK0","DK04 Midtjylland","DK04","Midtjylland","ESF","2022","2014-2020","7,679,122","5,325,060","327,780","10,365"
"DK","DK0","DK05 Nordjylland","DK05","Nordjylland","ERDF","2015","2014-2020","0","29,134","2,643","83"
"DK","DK0","DK05 Nordjylland","DK05","Nordjylland","ERDF","2016","2014-2020","63,720","817,112","68,363","2,161"
"DK","DK0","DK05 Nordjylland","DK05","Nordjylland","ERDF","2017","2014-2020","1,711,439","1,746,568","3,187","100"
"DK","DK0","DK05 Nordjylland","DK05","Nordjylland","ERDF","2018","2014-2020","1,788,268","2,281,124","302,286","9,559"
"DK","DK0","DK05 Nordjylland","DK05","Nordjylland","ERDF","2019","2014-2020","2,490,426","2,694,015","305,768","9,669"
"DK","DK0","DK05 Nordjylland","DK05","Nordjylland","ERDF","2020","2014-2020","2,369,123","2,896,139","293,335","9,276"
"DK","DK0","DK05 Nordjylland","DK05","Nordjylland","ERDF","2021","2014-2020","3,441,836","2,919,924","284,377","8,992"
"DK","DK0","DK05 Nordjylland","DK05","Nordjylland","ERDF","2022","2014-2020","3,322,604","1,803,399","137,853","4,359"
"DK","DK0","DK05 Nordjylland","DK05","Nordjylland","ESF","2015","2014-2020","0","20,411","2,887","91"
"DK","DK0","DK05 Nordjylland","DK05","Nordjylland","ESF","2016","2014-2020","67,409","484,123","58,957","1,864"
"DK","DK0","DK05 Nordjylland","DK05","Nordjylland","ESF","2017","2014-2020","1,443,642","1,635,621","27,161","858"
"DK","DK0","DK05 Nordjylland","DK05","Nordjylland","ESF","2018","2014-2020","2,077,670","2,240,579","23,048","728"
"DK","DK0","DK05 Nordjylland","DK05","Nordjylland","ESF","2019","2014-2020","2,615,692","2,543,407","10,227","323"
"DK","DK0","DK05 Nordjylland","DK05","Nordjylland","ESF","2020","2014-2020","2,376,965","3,058,898","195,305","6,176"
"DK","DK0","DK05 Nordjylland","DK05","Nordjylland","ESF","2021","2014-2020","4,074,111","3,678,192","178,637","5,649"
"DK","DK0","DK05 Nordjylland","DK05","Nordjylland","ESF","2022","2014-2020","3,321,554","2,315,811","142,295","4,499"
"EE","EE0","EE00 Eesti","EE00","Eesti","CF","2014","2014-2020","0","992,724","572,760","18,112"
"EE","EE0","EE00 Eesti","EE00","Eesti","CF","2015","2014-2020","9,926,178","18,076,918","4,702,632","148,710"
"EE","EE0","EE00 Eesti","EE00","Eesti","CF","2016","2014-2020","91,424,821","93,963,469","1,464,692","46,317"
"EE","EE0","EE00 Eesti","EE00","Eesti","CF","2017","2014-2020","116,808,574","121,973,857","2,980,149","94,240"
"EE","EE0","EE00 Eesti","EE00","Eesti","CF","2018","2014-2020","168,455,850","167,987,662","270,124","8,542"
"EE","EE0","EE00 Eesti","EE00","Eesti","CF","2019","2014-2020","163,774,468","161,220,220","1,473,693","46,602"
"EE","EE0","EE00 Eesti","EE00","Eesti","CF","2020","2014-2020","138,234,728","139,873,611","945,566","29,901"
"EE","EE0","EE00 Eesti","EE00","Eesti","CF","2021","2014-2020","154,621,798","145,958,695","4,998,244","158,058"
"EE","EE0","EE00 Eesti","EE00","Eesti","CF","2022","2014-2020","68,000,073","61,199,335","3,923,738","124,079"
"EE","EE0","EE00 Eesti","EE00","Eesti","ERDF","2014","2014-2020","0","1,263,002","117,130","3,703"
"EE","EE0","EE00 Eesti","EE00","Eesti","ERDF","2015","2014-2020","2,843,575","36,935,255","3,161,649","99,980"
"EE","EE0","EE00 Eesti","EE00","Eesti","ERDF","2016","2014-2020","79,598,962","96,884,665","1,603,069","50,693"
"EE","EE0","EE00 Eesti","EE00","Eesti","ERDF","2017","2014-2020","118,516,693","151,172,557","3,028,492","95,769"
"EE","EE0","EE00 Eesti","EE00","Eesti","ERDF","2018","2014-2020","192,039,426","238,706,738","33,191,888","1,049,619"
"EE","EE0","EE00 Eesti","EE00","Eesti","ERDF","2019","2014-2020","254,536,948","295,867,266","30,005,849","948,868"
"EE","EE0","EE00 Eesti","EE00","Eesti","ERDF","2020","2014-2020","295,443,863","318,657,402","27,898,710","882,234"
"EE","EE0","EE00 Eesti","EE00","Eesti","ERDF","2021","2014-2020","326,102,717","297,526,289","31,098,855","983,432"
"EE","EE0","EE00 Eesti","EE00","Eesti","ERDF","2022","2014-2020","378,086,620","210,155,631","15,573,858","492,488"
"EE","EE0","EE00 Eesti","EE00","Eesti","ESF","2014","2014-2020","0","421,112","81,601","2,580"
"EE","EE0","EE00 Eesti","EE00","Eesti","ESF","2015","2014-2020","1,763,247","6,570,275","931,490","29,456"
"EE","EE0","EE00 Eesti","EE00","Eesti","ESF","2016","2014-2020","21,890,816","28,315,715","1,244,997","39,370"
"EE","EE0","EE00 Eesti","EE00","Eesti","ESF","2017","2014-2020","48,792,596","54,988,922","1,200,704","37,969"
"EE","EE0","EE00 Eesti","EE00","Eesti","ESF","2018","2014-2020","74,737,311","76,547,220","350,718","11,090"
"EE","EE0","EE00 Eesti","EE00","Eesti","ESF","2019","2014-2020","82,315,605","81,156,547","224,598","7,102"
"EE","EE0","EE00 Eesti","EE00","Eesti","ESF","2020","2014-2020","77,462,499","80,310,857","551,946","17,454"
"EE","EE0","EE00 Eesti","EE00","Eesti","ESF","2021","2014-2020","89,388,898","92,095,791","524,533","16,587"
"EE","EE0","EE00 Eesti","EE00","Eesti","ESF","2022","2014-2020","100,722,965","76,667,496","4,661,394","147,406"
"FI","FI1","FI19 Länsi-Suomi","FI19","Länsi-Suomi","ERDF","2015","2014-2020","0","4,433,609","554,465","17,533"
"FI","FI1","FI19 Länsi-Suomi","FI19","Länsi-Suomi","ERDF","2016","2014-2020","13,286,175","14,047,424","95,201","3,010"
"FI","FI1","FI19 Länsi-Suomi","FI19","Länsi-Suomi","ERDF","2017","2014-2020","15,567,404","17,739,763","271,674","8,591"
"FI","FI1","FI19 Länsi-Suomi","FI19","Länsi-Suomi","ERDF","2018","2014-2020","22,077,300","19,369,057","338,692","10,710"
"FI","FI1","FI19 Länsi-Suomi","FI19","Länsi-Suomi","ERDF","2019","2014-2020","13,961,518","14,380,664","1,924,440","60,856"
"FI","FI1","FI19 Länsi-Suomi","FI19","Länsi-Suomi","ERDF","2020","2014-2020","11,177,990","16,763,696","1,617,754","51,157"
"FI","FI1","FI19 Länsi-Suomi","FI19","Länsi-Suomi","ERDF","2021","2014-2020","25,461,582","23,317,195","1,599,006","50,565"
"FI","FI1","FI19 Länsi-Suomi","FI19","Länsi-Suomi","ERDF","2022","2014-2020","25,530,156","17,010,720","1,065,437","33,692"
"FI","FI1","FI19 Länsi-Suomi","FI19","Länsi-Suomi","ESF","2015","2014-2020","0","2,168,857","712,741","22,538"
"FI","FI1","FI19 Länsi-Suomi","FI19","Länsi-Suomi","ESF","2016","2014-2020","13,626,423","14,318,918","227,571","7,196"
"FI","FI1","FI19 Länsi-Suomi","FI19","Länsi-Suomi","ESF","2017","2014-2020","17,977,207","18,858,987","289,775","9,163"
"FI","FI1","FI19 Länsi-Suomi","FI19","Länsi-Suomi","ESF","2018","2014-2020","23,517,223","22,574,112","309,930","9,800"
"FI","FI1","FI19 Länsi-Suomi","FI19","Länsi-Suomi","ESF","2019","2014-2020","17,591,881","18,088,020","163,043","5,155"
"FI","FI1","FI19 Länsi-Suomi","FI19","Länsi-Suomi","ESF","2020","2014-2020","20,709,006","21,466,553","248,949","7,872"
"FI","FI1","FI19 Länsi-Suomi","FI19","Länsi-Suomi","ESF","2021","2014-2020","25,468,500","24,564,757","296,992","9,391"
"FI","FI1","FI19 Länsi-Suomi","FI19","Länsi-Suomi","ESF","2022","2014-2020","19,790,495","16,640,529","1,035,158","32,734"
"FI","FI1","FI1B Helsinki-Uusimaa","FI1B","Helsinki-Uusimaa","ERDF","2015","2014-2020","0","5,002,486","658,063","20,809"
"FI","FI1","FI1B Helsinki-Uusimaa","FI1B","Helsinki-Uusimaa","ERDF","2016","2014-2020","15,609,327","16,577,404","127,347","4,027"
"FI","FI1","FI1B Helsinki-Uusimaa","FI1B","Helsinki-Uusimaa","ERDF","2017","2014-2020","18,630,032","21,263,624","346,441","10,955"
"FI","FI1","FI1B Helsinki-Uusimaa","FI1B","Helsinki-Uusimaa","ERDF","2018","2014-2020","26,847,665","23,853,403","393,887","12,455"
"FI","FI1","FI1B Helsinki-Uusimaa","FI1B","Helsinki-Uusimaa","ERDF","2019","2014-2020","17,504,631","16,587,510","120,644","3,815"
"FI","FI1","FI1B Helsinki-Uusimaa","FI1B","Helsinki-Uusimaa","ERDF","2020","2014-2020","14,642,925","21,492,574","1,673,936","52,934"
"FI","FI1","FI1B Helsinki-Uusimaa","FI1B","Helsinki-Uusimaa","ERDF","2021","2014-2020","31,655,427","28,476,802","1,469,305","46,463"
"FI","FI1","FI1B Helsinki-Uusimaa","FI1B","Helsinki-Uusimaa","ERDF","2022","2014-2020","26,097,674","17,733,875","1,100,235","34,792"
"FI","FI1","FI1B Helsinki-Uusimaa","FI1B","Helsinki-Uusimaa","ESF","2015","2014-2020","0","2,639,445","829,620","26,234"
"FI","FI1","FI1B Helsinki-Uusimaa","FI1B","Helsinki-Uusimaa","ESF","2016","2014-2020","16,009,068","16,913,323","284,222","8,987"
"FI","FI1","FI1B Helsinki-Uusimaa","FI1B","Helsinki-Uusimaa","ESF","2017","2014-2020","21,493,661","22,666,911","368,771","11,661"
"FI","FI1","FI1B Helsinki-Uusimaa","FI1B","Helsinki-Uusimaa","ESF","2018","2014-2020","28,609,789","27,511,843","345,102","10,913"
"FI","FI1","FI1B Helsinki-Uusimaa","FI1B","Helsinki-Uusimaa","ESF","2019","2014-2020","21,950,399","22,690,294","232,560","7,354"
"FI","FI1","FI1B Helsinki-Uusimaa","FI1B","Helsinki-Uusimaa","ESF","2020","2014-2020","26,438,094","27,406,360","304,341","9,624"
"FI","FI1","FI1B Helsinki-Uusimaa","FI1B","Helsinki-Uusimaa","ESF","2021","2014-2020","32,310,932","30,901,349","443,054","14,010"
"FI","FI1","FI1B Helsinki-Uusimaa","FI1B","Helsinki-Uusimaa","ESF","2022","2014-2020","23,761,365","19,843,784","1,231,359","38,939"
"FI","FI1","FI1C Etelä-Suomi","FI1C","Etelä-Suomi","ERDF","2016","2014-2020","0","137,230","307,895","9,736"
"FI","FI1","FI1C Etelä-Suomi","FI1C","Etelä-Suomi","ERDF","2017","2014-2020","0","2,161,583","298,532","9,440"
"FI","FI1","FI1C Etelä-Suomi","FI1C","Etelä-Suomi","ERDF","2018","2014-2020","3,797,844","1,721,689","238,098","7,529"
"FI","FI1","FI1C Etelä-Suomi","FI1C","Etelä-Suomi","ERDF","2019","2014-2020","-17,150","510,954","260,950","8,251"
"FI","FI1","FI1C Etelä-Suomi","FI1C","Etelä-Suomi","ERDF","2020","2014-2020","274,801","1,210,713","373,625","11,815"
"FI","FI1","FI1C Etelä-Suomi","FI1C","Etelä-Suomi","ERDF","2021","2014-2020","606,732","2,536,028","645,682","20,418"
"FI","FI1","FI1C Etelä-Suomi","FI1C","Etelä-Suomi","ERDF","2022","2014-2020","6,149,923","2,533,952","296,033","9,361"
"FI","FI1","FI1C Etelä-Suomi","FI1C","Etelä-Suomi","ESF","2014","2014-2020","0","503","1,339","42"
"FI","FI1","FI1C Etelä-Suomi","FI1C","Etelä-Suomi","ESF","2015","2014-2020","0","2,022","3,521","111"
"FI","FI1","FI1C Etelä-Suomi","FI1C","Etelä-Suomi","ESF","2016","2014-2020","0","6,091","7,910","250"
"FI","FI1","FI1C Etelä-Suomi","FI1C","Etelä-Suomi","ESF","2017","2014-2020","0","16,366","16,454","520"
"FI","FI1","FI1C Etelä-Suomi","FI1C","Etelä-Suomi","ESF","2018","2014-2020","0","41,309","32,255","1,019"
"FI","FI1","FI1C Etelä-Suomi","FI1C","Etelä-Suomi","ESF","2019","2014-2020","0","101,014","59,231","1,873"
"FI","FI1","FI1C Etelä-Suomi","FI1C","Etelä-Suomi","ESF","2020","2014-2020","0","244,938","98,390","3,111"
"FI","FI1","FI1C Etelä-Suomi","FI1C","Etelä-Suomi","ESF","2021","2014-2020","0","617,389","171,869","5,435"
"FI","FI1","FI1C Etelä-Suomi","FI1C","Etelä-Suomi","ESF","2022","2014-2020","1,470,815","441,178","84,912","2,685"
"FI","FI1","FI1D Pohjois- ja Itä-Suomi","FI1D","Pohjois- ja Itä-Suomi","ERDF","2015","2014-2020","0","9,586,523","1,138,620","36,006"
"FI","FI1","FI1D Pohjois- ja Itä-Suomi","FI1D","Pohjois- ja Itä-Suomi","ERDF","2016","2014-2020","27,535,026","33,986,092","766,212","24,229"
"FI","FI1","FI1D Pohjois- ja Itä-Suomi","FI1D","Pohjois- ja Itä-Suomi","ERDF","2017","2014-2020","46,064,191","49,819,334","446,009","14,104"
"FI","FI1","FI1D Pohjois- ja Itä-Suomi","FI1D","Pohjois- ja Itä-Suomi","ERDF","2018","2014-2020","56,849,955","60,473,868","430,423","13,611"
"FI","FI1","FI1D Pohjois- ja Itä-Suomi","FI1D","Pohjois- ja Itä-Suomi","ERDF","2019","2014-2020","67,258,791","66,553,006","6,085,166","192,429"
"FI","FI1","FI1D Pohjois- ja Itä-Suomi","FI1D","Pohjois- ja Itä-Suomi","ERDF","2020","2014-2020","52,976,605","65,181,352","4,758,622","150,480"
"FI","FI1","FI1D Pohjois- ja Itä-Suomi","FI1D","Pohjois- ja Itä-Suomi","ERDF","2021","2014-2020","85,474,087","70,830,819","4,133,751","130,720"
"FI","FI1","FI1D Pohjois- ja Itä-Suomi","FI1D","Pohjois- ja Itä-Suomi","ERDF","2022","2014-2020","58,227,514","37,955,174","2,407,808","76,141"
"FI","FI1","FI1D Pohjois- ja Itä-Suomi","FI1D","Pohjois- ja Itä-Suomi","ESF","2015","2014-2020","0","2,015,165","673,355","21,293"
"FI","FI1","FI1D Pohjois- ja Itä-Suomi","FI1D","Pohjois- ja Itä-Suomi","ESF","2016","2014-2020","12,829,468","13,459,138","210,400","6,653"
"FI","FI1","FI1D Pohjois- ja Itä-Suomi","FI1D","Pohjois- ja Itä-Suomi","ESF","2017","2014-2020","16,838,241","17,628,702","264,127","8,352"
"FI","FI1","FI1D Pohjois- ja Itä-Suomi","FI1D","Pohjois- ja Itä-Suomi","ESF","2018","2014-2020","21,870,677","20,973,997","299,620","9,474"
"FI","FI1","FI1D Pohjois- ja Itä-Suomi","FI1D","Pohjois- ja Itä-Suomi","ESF","2019","2014-2020","16,162,001","16,594,725","144,592","4,572"
"FI","FI1","FI1D Pohjois- ja Itä-Suomi","FI1D","Pohjois- ja Itä-Suomi","ESF","2020","2014-2020","18,916,921","19,603,559","229,436","7,255"
"FI","FI1","FI1D Pohjois- ja Itä-Suomi","FI1D","Pohjois- ja Itä-Suomi","ESF","2021","2014-2020","23,288,377","22,539,402","250,265","7,914"
"FI","FI1","FI1D Pohjois- ja Itä-Suomi","FI1D","Pohjois- ja Itä-Suomi","ESF","2022","2014-2020","18,520,059","15,611,054","972,026","30,738"
"FI","FI2","FI20 Åland","FI20","Åland","ERDF","2015","2014-2020","0","124,685","11,515","364"
"FI","FI2","FI20 Åland","FI20","Åland","ERDF","2016","2014-2020","279,217","372,874","8,649","273"
"FI","FI2","FI20 Åland","FI20","Åland","ERDF","2017","2014-2020","488,949","546,739","5,337","168"
"FI","FI2","FI20 Åland","FI20","Åland","ERDF","2018","2014-2020","618,362","603,339","72,548","2,294"
"FI","FI2","FI20 Åland","FI20","Åland","ERDF","2019","2014-2020","491,381","528,918","120,889","3,822"
"FI","FI2","FI20 Åland","FI20","Åland","ERDF","2020","2014-2020","313,128","772,663","116,357","3,679"
"FI","FI2","FI20 Åland","FI20","Åland","ERDF","2021","2014-2020","1,340,195","1,101,132","98,375","3,110"
"FI","FI2","FI20 Åland","FI20","Åland","ERDF","2022","2014-2020","1,162,498","643,380","47,941","1,516"
"FI","FI2","FI20 Åland","FI20","Åland","ESF","2015","2014-2020","0","51,248","14,506","458"
"FI","FI2","FI20 Åland","FI20","Åland","ESF","2016","2014-2020","286,367","377,034","25,664","811"
"FI","FI2","FI20 Åland","FI20","Åland","ESF","2017","2014-2020","792,995","829,864","10,436","330"
"FI","FI2","FI20 Åland","FI20","Åland","ESF","2018","2014-2020","999,011","964,571","9,749","308"
"FI","FI2","FI20 Åland","FI20","Åland","ESF","2019","2014-2020","806,565","806,809","69","2"
"FI","FI2","FI20 Åland","FI20","Åland","ESF","2020","2014-2020","807,931","867,080","16,743","529"
"FI","FI2","FI20 Åland","FI20","Åland","ESF","2021","2014-2020","1,138,441","1,062,985","21,359","675"
"FI","FI2","FI20 Åland","FI20","Åland","ESF","2022","2014-2020","716,809","588,527","36,312","1,148"
"LT","LT0","LT00 Lietuva","LT00","Lietuva","CF","2015","2014-2020","0","19,037,135","4,653,399","147,153"
"LT","LT0","LT00 Lietuva","LT00","Lietuva","CF","2016","2014-2020","95,004,862","123,839,888","7,048,376","222,889"
"LT","LT0","LT00 Lietuva","LT00","Lietuva","CF","2017","2014-2020","238,906,114","239,493,624","143,609","4,541"
"LT","LT0","LT00 Lietuva","LT00","Lietuva","CF","2018","2014-2020","241,838,083","234,232,814","1,859,016","58,787"
"LT","LT0","LT00 Lietuva","LT00","Lietuva","CF","2019","2014-2020","203,883,974","265,997,041","15,182,795","480,122"
"LT","LT0","LT00 Lietuva","LT00","Lietuva","CF","2020","2014-2020","513,859,350","461,315,994","12,843,594","406,150"
"LT","LT0","LT00 Lietuva","LT00","Lietuva","CF","2021","2014-2020","251,641,632","237,314,712","3,502,044","110,744"
"LT","LT0","LT00 Lietuva","LT00","Lietuva","CF","2022","2014-2020","180,143,109","144,045,916","8,823,526","279,024"
"LT","LT0","LT00 Lietuva","LT00","Lietuva","ERDF","2015","2014-2020","0","68,641,782","6,369,367","201,417"
"LT","LT0","LT00 Lietuva","LT00","Lietuva","ERDF","2016","2014-2020","154,652,698","147,624,925","652,116","20,621"
"LT","LT0","LT00 Lietuva","LT00","Lietuva","ERDF","2017","2014-2020","138,818,844","296,557,446","14,636,785","462,855"
"LT","LT0","LT00 Lietuva","LT00","Lietuva","ERDF","2018","2014-2020","494,210,261","402,097,152","70,528,936","2,230,320"
"LT","LT0","LT00 Lietuva","LT00","Lietuva","ERDF","2019","2014-2020","196,035,889","455,938,092","60,345,602","1,908,295"
"LT","LT0","LT00 Lietuva","LT00","Lietuva","ERDF","2020","2014-2020","702,637,602","673,324,134","50,962,301","1,611,569"
"LT","LT0","LT00 Lietuva","LT00","Lietuva","ERDF","2021","2014-2020","628,084,780","527,216,114","48,359,569","1,529,263"
"LT","LT0","LT00 Lietuva","LT00","Lietuva","ERDF","2022","2014-2020","578,940,256","321,980,683","23,843,638","754,002"
"LT","LT0","LT00 Lietuva","LT00","Lietuva","ESF","2015","2014-2020","0","23,251,148","3,654,345","115,560"
"LT","LT0","LT00 Lietuva","LT00","Lietuva","ESF","2016","2014-2020","83,195,169","75,811,894","1,160,417","36,695"
"LT","LT0","LT00 Lietuva","LT00","Lietuva","ESF","2017","2014-2020","56,776,997","61,452,294","734,808","23,236"
"LT","LT0","LT00 Lietuva","LT00","Lietuva","ESF","2018","2014-2020","73,505,725","89,116,478","2,453,517","77,587"
"LT","LT0","LT00 Lietuva","LT00","Lietuva","ESF","2019","2014-2020","129,362,719","157,295,385","4,390,132","138,828"
"LT","LT0","LT00 Lietuva","LT00","Lietuva","ESF","2020","2014-2020","229,308,875","246,247,216","8,841,035","279,578"
"LT","LT0","LT00 Lietuva","LT00","Lietuva","ESF","2021","2014-2020","260,095,640","228,946,666","9,757,698","308,565"
"LT","LT0","LT00 Lietuva","LT00","Lietuva","ESF","2022","2014-2020","178,461,663","128,585,708","7,838,924","247,888"
"LV","LV0","LV00 Latvija","LV00","Latvija","CF","2015","2014-2020","0","17,306,100","3,924,443","124,101"
"LV","LV0","LV00 Latvija","LV00","Latvija","CF","2016","2014-2020","81,573,822","77,721,598","873,555","27,624"
"LV","LV0","LV00 Latvija","LV00","Latvija","CF","2017","2014-2020","63,416,028","63,978,501","127,549","4,033"
"LV","LV0","LV00 Latvija","LV00","Latvija","CF","2018","2014-2020","66,067,291","87,435,365","4,845,562","153,230"
"LV","LV0","LV00 Latvija","LV00","Latvija","CF","2019","2014-2020","166,787,582","162,775,820","909,733","28,768"
"LV","LV0","LV00 Latvija","LV00","Latvija","CF","2020","2014-2020","147,877,791","142,086,875","1,313,185","41,526"
"LV","LV0","LV00 Latvija","LV00","Latvija","CF","2021","2014-2020","120,581,800","117,987,932","588,202","18,600"
"LV","LV0","LV00 Latvija","LV00","Latvija","CF","2022","2014-2020","108,355,375","85,367,498","5,212,879","164,845"
"LV","LV0","LV00 Latvija","LV00","Latvija","ERDF","2015","2014-2020","0","27,326,105","2,527,801","79,936"
"LV","LV0","LV00 Latvija","LV00","Latvija","ERDF","2016","2014-2020","61,323,887","64,903,288","331,112","10,470"
"LV","LV0","LV00 Latvija","LV00","Latvija","ERDF","2017","2014-2020","69,356,600","137,366,207","6,291,228","198,946"
"LV","LV0","LV00 Latvija","LV00","Latvija","ERDF","2018","2014-2020","221,980,378","351,019,260","39,594,704","1,252,094"
"LV","LV0","LV00 Latvija","LV00","Latvija","ERDF","2019","2014-2020","462,886,708","439,794,489","31,309,578","990,095"
"LV","LV0","LV00 Latvija","LV00","Latvija","ERDF","2020","2014-2020","362,045,655","361,558,650","28,892,134","913,649"
"LV","LV0","LV00 Latvija","LV00","Latvija","ERDF","2021","2014-2020","343,668,145","305,825,640","30,931,025","978,124"
"LV","LV0","LV00 Latvija","LV00","Latvija","ERDF","2022","2014-2020","373,723,429","207,191,162","15,405,066","487,150"
"LV","LV0","LV00 Latvija","LV00","Latvija","ESF","2015","2014-2020","0","3,562,992","528,236","16,704"
"LV","LV0","LV00 Latvija","LV00","Latvija","ESF","2016","2014-2020","12,196,487","16,728,237","671,861","21,246"
"LV","LV0","LV00 Latvija","LV00","Latvija","ESF","2017","2014-2020","27,709,130","35,485,988","1,152,970","36,460"
"LV","LV0","LV00 Latvija","LV00","Latvija","ESF","2018","2014-2020","54,330,110","67,199,729","1,908,005","60,336"
"LV","LV0","LV00 Latvija","LV00","Latvija","ESF","2019","2014-2020","98,384,131","93,591,067","710,603","22,471"
"LV","LV0","LV00 Latvija","LV00","Latvija","ESF","2020","2014-2020","81,976,984","92,110,561","4,997,008","158,019"
"LV","LV0","LV00 Latvija","LV00","Latvija","ESF","2021","2014-2020","100,517,213","94,667,397","4,841,273","153,094"
"LV","LV0","LV00 Latvija","LV00","Latvija","ESF","2022","2014-2020","96,640,737","68,408,820","4,185,566","132,359"
"PL","PL1","PL11 Łódzkie","PL11","Łódzkie","CF","2015","2014-2020","0","26,863,017","5,044,916","159,534"
"PL","PL1","PL11 Łódzkie","PL11","Łódzkie","CF","2016","2014-2020","109,868,268","106,174,209","693,749","21,938"
"PL","PL1","PL11 Łódzkie","PL11","Łódzkie","CF","2017","2014-2020","94,759,770","123,390,033","5,376,807","170,029"
"PL","PL1","PL11 Łódzkie","PL11","Łódzkie","CF","2018","2014-2020","211,855,972","198,062,570","2,590,422","81,916"
"PL","PL1","PL11 Łódzkie","PL11","Łódzkie","CF","2019","2014-2020","155,441,715","177,575,154","4,156,694","131,446"
"PL","PL1","PL11 Łódzkie","PL11","Łódzkie","CF","2020","2014-2020","245,966,266","242,707,678","611,967","19,352"
"PL","PL1","PL11 Łódzkie","PL11","Łódzkie","CF","2021","2014-2020","232,638,818","228,132,273","846,336","26,763"
"PL","PL1","PL11 Łódzkie","PL11","Łódzkie","CF","2022","2014-2020","214,207,295","161,833,170","9,835,942","311,039"
"PL","PL1","PL11 Łódzkie","PL11","Łódzkie","ERDF","2015","2014-2020","0","35,169,878","3,229,260","102,118"
"PL","PL1","PL11 Łódzkie","PL11","Łódzkie","ERDF","2016","2014-2020","78,163,357","97,978,708","1,819,424","57,535"
"PL","PL1","PL11 Łódzkie","PL11","Łódzkie","ERDF","2017","2014-2020","122,202,017","202,024,058","7,329,173","231,768"
"PL","PL1","PL11 Łódzkie","PL11","Łódzkie","ERDF","2018","2014-2020","299,602,650","376,690,948","45,044,430","1,424,429"
"PL","PL1","PL11 Łódzkie","PL11","Łódzkie","ERDF","2019","2014-2020","414,117,860","430,904,599","43,555,043","1,377,331"
"PL","PL1","PL11 Łódzkie","PL11","Łódzkie","ERDF","2020","2014-2020","371,562,047","436,122,694","42,262,098","1,336,444"
"PL","PL1","PL11 Łódzkie","PL11","Łódzkie","ERDF","2021","2014-2020","512,652,584","422,794,491","38,450,460","1,215,910"
"PL","PL1","PL11 Łódzkie","PL11","Łódzkie","ERDF","2022","2014-2020","452,013,033","248,628,174","18,674,578","590,542"
"PL","PL1","PL11 Łódzkie","PL11","Łódzkie","ESF","2015","2014-2020","0","6,194,938","970,723","30,696"
"PL","PL1","PL11 Łódzkie","PL11","Łódzkie","ESF","2016","2014-2020","22,115,846","33,153,721","1,729,594","54,694"
"PL","PL1","PL11 Łódzkie","PL11","Łódzkie","ESF","2017","2014-2020","61,520,911","66,938,737","848,953","26,846"
"PL","PL1","PL11 Łódzkie","PL11","Łódzkie","ESF","2018","2014-2020","80,862,479","94,002,636","2,059,014","65,111"
"PL","PL1","PL11 Łódzkie","PL11","Łódzkie","ESF","2019","2014-2020","127,772,664","125,421,341","368,443","11,651"
"PL","PL1","PL11 Łódzkie","PL11","Łódzkie","ESF","2020","2014-2020","119,378,473","135,320,897","7,507,436","237,405"
"PL","PL1","PL11 Łódzkie","PL11","Łódzkie","ESF","2021","2014-2020","151,310,432","143,807,533","7,170,727","226,758"
"PL","PL1","PL11 Łódzkie","PL11","Łódzkie","ESF","2022","2014-2020","149,507,463","107,628,463","6,562,284","207,517"
"PL","PL1","PL12 Mazowieckie","PL12","Mazowieckie","CF","2015","2014-2020","0","60,530,589","10,657,927","337,033"
"PL","PL1","PL12 Mazowieckie","PL12","Mazowieckie","CF","2016","2014-2020","235,891,716","228,307,470","1,335,396","42,228"
"PL","PL1","PL12 Mazowieckie","PL12","Mazowieckie","CF","2017","2014-2020","206,335,404","272,530,629","11,655,328","368,573"
"PL","PL1","PL12 Mazowieckie","PL12","Mazowieckie","CF","2018","2014-2020","464,302,579","434,413,707","5,262,685","166,420"
"PL","PL1","PL12 Mazowieckie","PL12","Mazowieckie","CF","2019","2014-2020","347,823,663","400,787,174","9,325,553","294,899"
"PL","PL1","PL12 Mazowieckie","PL12","Mazowieckie","CF","2020","2014-2020","554,225,974","569,635,875","21,928,961","693,454"
"PL","PL1","PL12 Mazowieckie","PL12","Mazowieckie","CF","2021","2014-2020","530,628,889","501,454,507","22,369,045","707,371"
"PL","PL1","PL12 Mazowieckie","PL12","Mazowieckie","CF","2022","2014-2020","500,584,878","372,133,154","22,617,146","715,216"
"PL","PL1","PL12 Mazowieckie","PL12","Mazowieckie","ERDF","2015","2014-2020","0","11,097,232","1,132,782","35,821"
"PL","PL1","PL12 Mazowieckie","PL12","Mazowieckie","ERDF","2016","2014-2020","27,800,349","80,226,854","5,351,587","169,232"
"PL","PL1","PL12 Mazowieckie","PL12","Mazowieckie","ERDF","2017","2014-2020","159,137,166","255,121,531","9,797,882","309,836"
"PL","PL1","PL12 Mazowieckie","PL12","Mazowieckie","ERDF","2018","2014-2020","399,593,419","437,266,215","3,845,559","121,607"
"PL","PL1","PL12 Mazowieckie","PL12","Mazowieckie","ERDF","2019","2014-2020","493,969,825","509,678,134","39,159,721","1,238,339"
"PL","PL1","PL12 Mazowieckie","PL12","Mazowieckie","ERDF","2020","2014-2020","464,451,374","479,381,428","29,534,750","933,970"
"PL","PL1","PL12 Mazowieckie","PL12","Mazowieckie","ERDF","2021","2014-2020","498,093,590","384,235,719","24,046,164","760,406"
"PL","PL1","PL12 Mazowieckie","PL12","Mazowieckie","ERDF","2022","2014-2020","285,491,589","171,530,199","11,632,939","367,865"
"PL","PL1","PL12 Mazowieckie","PL12","Mazowieckie","ESF","2015","2014-2020","0","10,199,679","1,571,644","49,699"
"PL","PL1","PL12 Mazowieckie","PL12","Mazowieckie","ESF","2016","2014-2020","35,953,157","43,497,502","1,162,490","36,761"
"PL","PL1","PL12 Mazowieckie","PL12","Mazowieckie","ESF","2017","2014-2020","62,546,447","69,010,017","995,956","31,494"
"PL","PL1","PL12 Mazowieckie","PL12","Mazowieckie","ESF","2018","2014-2020","85,330,081","95,949,849","1,636,375","51,746"
"PL","PL1","PL12 Mazowieckie","PL12","Mazowieckie","ESF","2019","2014-2020","122,764,023","127,386,116","712,207","22,521"
"PL","PL1","PL12 Mazowieckie","PL12","Mazowieckie","ESF","2020","2014-2020","139,056,579","166,896,639","8,388,484","265,267"
"PL","PL1","PL12 Mazowieckie","PL12","Mazowieckie","ESF","2021","2014-2020","212,091,994","187,414,981","8,148,076","257,664"
"PL","PL1","PL12 Mazowieckie","PL12","Mazowieckie","ESF","2022","2014-2020","150,206,098","107,593,594","6,566,061","207,637"
"PL","PL2","PL21 Małopolskie","PL21","Małopolskie","CF","2015","2014-2020","0","37,793,740","6,671,425","210,969"
"PL","PL2","PL21 Małopolskie","PL21","Małopolskie","CF","2016","2014-2020","147,564,781","142,794,940","841,981","26,625"
"PL","PL2","PL21 Małopolskie","PL21","Małopolskie","CF","2017","2014-2020","128,941,048","170,193,072","7,281,888","230,273"
"PL","PL2","PL21 Małopolskie","PL21","Małopolskie","CF","2018","2014-2020","290,008,615","271,298,475","3,302,751","104,442"
"PL","PL2","PL21 Małopolskie","PL21","Małopolskie","CF","2019","2014-2020","216,955,306","249,896,392","5,814,825","183,880"
"PL","PL2","PL21 Małopolskie","PL21","Małopolskie","CF","2020","2014-2020","345,573,008","355,346,788","13,630,458","431,032"
"PL","PL2","PL21 Małopolskie","PL21","Małopolskie","CF","2021","2014-2020","331,664,143","313,189,676","13,915,194","440,037"
"PL","PL2","PL21 Małopolskie","PL21","Małopolskie","CF","2022","2014-2020","311,601,382","231,795,200","14,087,545","445,487"
"PL","PL2","PL21 Małopolskie","PL21","Małopolskie","ERDF","2015","2014-2020","0","39,792,833","3,708,922","117,286"
"PL","PL2","PL21 Małopolskie","PL21","Małopolskie","ERDF","2016","2014-2020","90,160,163","138,057,986","4,464,354","141,175"
"PL","PL2","PL21 Małopolskie","PL21","Małopolskie","ERDF","2017","2014-2020","198,684,115","286,987,511","8,230,387","260,267"
"PL","PL2","PL21 Małopolskie","PL21","Małopolskie","ERDF","2018","2014-2020","398,756,536","508,012,358","65,419,192","2,068,736"
"PL","PL2","PL21 Małopolskie","PL21","Małopolskie","ERDF","2019","2014-2020","562,179,492","618,864,915","58,406,463","1,846,974"
"PL","PL2","PL21 Małopolskie","PL21","Małopolskie","ERDF","2020","2014-2020","589,432,698","641,730,195","57,451,952","1,816,790"
"PL","PL2","PL21 Małopolskie","PL21","Małopolskie","ERDF","2021","2014-2020","725,492,756","571,886,975","46,712,981","1,477,194"
"PL","PL2","PL21 Małopolskie","PL21","Małopolskie","ERDF","2022","2014-2020","545,197,936","304,570,922","22,427,828","709,230"
"PL","PL2","PL21 Małopolskie","PL21","Małopolskie","ESF","2015","2014-2020","0","5,614,076","812,223","25,684"
"PL","PL2","PL21 Małopolskie","PL21","Małopolskie","ESF","2016","2014-2020","18,861,772","32,850,869","2,023,890","64,001"
"PL","PL2","PL21 Małopolskie","PL21","Małopolskie","ESF","2017","2014-2020","65,861,339","77,518,869","1,686,568","53,333"
"PL","PL2","PL21 Małopolskie","PL21","Małopolskie","ESF","2018","2014-2020","105,027,476","119,470,802","2,089,606","66,079"
"PL","PL2","PL21 Małopolskie","PL21","Małopolskie","ESF","2019","2014-2020","153,553,129","162,497,976","1,294,107","40,923"
"PL","PL2","PL21 Małopolskie","PL21","Małopolskie","ESF","2020","2014-2020","183,605,387","200,872,278","9,458,205","299,094"
"PL","PL2","PL21 Małopolskie","PL21","Małopolskie","ESF","2021","2014-2020","211,259,529","193,420,752","9,480,753","299,807"
"PL","PL2","PL21 Małopolskie","PL21","Małopolskie","ESF","2022","2014-2020","181,684,005","127,607,016","7,823,658","247,405"
"PL","PL2","PL22 Śląskie","PL22","Śląskie","CF","2015","2014-2020","0","49,309,618","9,177,651","290,222"
"PL","PL2","PL22 Śląskie","PL22","Śląskie","CF","2016","2014-2020","200,321,402","193,623,244","1,246,680","39,423"
"PL","PL2","PL22 Śląskie","PL22","Śląskie","CF","2017","2014-2020","173,109,991","225,960,951","9,836,776","311,066"
"PL","PL2","PL22 Śląskie","PL22","Śląskie","CF","2018","2014-2020","387,818,175","362,584,330","4,696,597","148,519"
"PL","PL2","PL22 Śląskie","PL22","Śląskie","CF","2019","2014-2020","285,305,127","326,332,031","7,636,047","241,473"
"PL","PL2","PL22 Śląskie","PL22","Śląskie","CF","2020","2014-2020","451,977,821","446,274,824","1,061,458","33,566"
"PL","PL2","PL22 Śląskie","PL22","Śląskie","CF","2021","2014-2020","428,809,272","420,399,180","1,565,311","49,499"
"PL","PL2","PL22 Śląskie","PL22","Śląskie","CF","2022","2014-2020","394,643,089","297,500,698","18,080,427","571,753"
"PL","PL2","PL22 Śląskie","PL22","Śląskie","ERDF","2015","2014-2020","0","34,418,694","3,236,881","102,359"
"PL","PL2","PL22 Śląskie","PL22","Śląskie","ERDF","2016","2014-2020","78,849,160","176,565,549","9,189,668","290,602"
"PL","PL2","PL22 Śląskie","PL22","Śląskie","ERDF","2017","2014-2020","302,705,857","384,467,143","7,689,182","243,153"
"PL","PL2","PL22 Śląskie","PL22","Śląskie","ERDF","2018","2014-2020","490,011,298","605,413,241","76,929,005","2,432,708"
"PL","PL2","PL22 Śląskie","PL22","Śląskie","ERDF","2019","2014-2020","654,148,940","729,518,434","67,975,307","2,149,567"
"PL","PL2","PL22 Śląskie","PL22","Śląskie","ERDF","2020","2014-2020","709,502,516","760,863,095","65,944,414","2,085,345"
"PL","PL2","PL22 Śląskie","PL22","Śląskie","ERDF","2021","2014-2020","839,295,041","674,707,612","56,028,199","1,771,767"
"PL","PL2","PL22 Śląskie","PL22","Śląskie","ERDF","2022","2014-2020","667,656,781","376,215,824","27,408,358","866,728"
"PL","PL2","PL22 Śląskie","PL22","Śląskie","ESF","2015","2014-2020","0","9,621,635","1,461,436","46,214"
"PL","PL2","PL22 Śląskie","PL22","Śląskie","ESF","2016","2014-2020","33,548,267","46,932,811","2,032,987","64,288"
"PL","PL2","PL22 Śląskie","PL22","Śląskie","ESF","2017","2014-2020","80,216,865","96,720,210","2,506,704","79,268"
"PL","PL2","PL22 Śląskie","PL22","Śląskie","ESF","2018","2014-2020","137,759,953","148,764,083","1,671,424","52,855"
"PL","PL2","PL22 Śląskie","PL22","Śląskie","ESF","2019","2014-2020","176,128,637","191,314,752","2,306,629","72,942"
"PL","PL2","PL22 Śląskie","PL22","Śląskie","ESF","2020","2014-2020","229,078,873","242,956,226","11,058,987","349,715"
"PL","PL2","PL22 Śląskie","PL22","Śląskie","ESF","2021","2014-2020","239,996,612","224,731,056","11,102,032","351,077"
"PL","PL2","PL22 Śląskie","PL22","Śląskie","ESF","2022","2014-2020","224,238,556","159,926,990","9,768,328","308,901"
"PL","PL3","PL31 Lubelskie","PL31","Lubelskie","CF","2015","2014-2020","0","22,945,770","4,311,218","136,332"
"PL","PL3","PL31 Lubelskie","PL31","Lubelskie","CF","2016","2014-2020","93,879,042","90,741,146","589,570","18,643"
"PL","PL3","PL31 Lubelskie","PL31","Lubelskie","CF","2017","2014-2020","81,040,832","105,517,240","4,598,805","145,427"
"PL","PL3","PL31 Lubelskie","PL31","Lubelskie","CF","2018","2014-2020","181,182,235","169,370,460","2,219,282","70,179"
"PL","PL3","PL31 Lubelskie","PL31","Lubelskie","CF","2019","2014-2020","132,856,201","151,777,842","3,555,135","112,423"
"PL","PL3","PL31 Lubelskie","PL31","Lubelskie","CF","2020","2014-2020","210,271,145","207,569,394","507,624","16,052"
"PL","PL3","PL31 Lubelskie","PL31","Lubelskie","CF","2021","2014-2020","199,217,352","195,200,600","754,696","23,865"
"PL","PL3","PL31 Lubelskie","PL31","Lubelskie","CF","2022","2014-2020","182,783,437","138,107,791","8,393,985","265,441"
"PL","PL3","PL31 Lubelskie","PL31","Lubelskie","ERDF","2015","2014-2020","0","13,598,304","1,268,496","40,113"
"PL","PL3","PL31 Lubelskie","PL31","Lubelskie","ERDF","2016","2014-2020","30,842,283","105,240,039","6,940,078","219,464"
"PL","PL3","PL31 Lubelskie","PL31","Lubelskie","ERDF","2017","2014-2020","199,583,661","266,496,138","6,241,826","197,383"
"PL","PL3","PL31 Lubelskie","PL31","Lubelskie","ERDF","2018","2014-2020","351,347,696","487,089,759","58,384,856","1,846,291"
"PL","PL3","PL31 Lubelskie","PL31","Lubelskie","ERDF","2019","2014-2020","584,955,319","591,535,845","53,833,957","1,702,379"
"PL","PL3","PL31 Lubelskie","PL31","Lubelskie","ERDF","2020","2014-2020","502,304,625","575,584,600","56,101,948","1,774,099"
"PL","PL3","PL31 Lubelskie","PL31","Lubelskie","ERDF","2021","2014-2020","710,754,261","525,970,326","38,439,416","1,215,561"
"PL","PL3","PL31 Lubelskie","PL31","Lubelskie","ERDF","2022","2014-2020","421,247,356","235,520,189","17,325,268","547,873"
"PL","PL3","PL31 Lubelskie","PL31","Lubelskie","ESF","2015","2014-2020","0","4,826,166","709,562","22,438"
"PL","PL3","PL31 Lubelskie","PL31","Lubelskie","ESF","2016","2014-2020","16,415,542","25,360,130","1,315,068","41,586"
"PL","PL3","PL31 Lubelskie","PL31","Lubelskie","ESF","2017","2014-2020","46,839,332","59,250,068","1,824,675","57,701"
"PL","PL3","PL31 Lubelskie","PL31","Lubelskie","ESF","2018","2014-2020","89,052,747","99,139,510","1,482,995","46,896"
"PL","PL3","PL31 Lubelskie","PL31","Lubelskie","ESF","2019","2014-2020","123,361,487","124,426,185","156,536","4,950"
"PL","PL3","PL31 Lubelskie","PL31","Lubelskie","ESF","2020","2014-2020","126,982,910","148,693,352","7,371,153","233,096"
"PL","PL3","PL31 Lubelskie","PL31","Lubelskie","ESF","2021","2014-2020","178,471,148","158,764,599","7,247,225","229,177"
"PL","PL3","PL31 Lubelskie","PL31","Lubelskie","ESF","2022","2014-2020","133,798,879","94,462,033","5,783,458","182,889"
"PL","PL3","PL32 Podkarpackie","PL32","Podkarpackie","CF","2015","2014-2020","0","23,118,784","4,205,742","132,997"
"PL","PL3","PL32 Podkarpackie","PL32","Podkarpackie","CF","2016","2014-2020","92,326,657","89,307,567","549,229","17,368"
"PL","PL3","PL32 Podkarpackie","PL32","Podkarpackie","CF","2017","2014-2020","80,269,686","105,291,604","4,551,958","143,945"
"PL","PL3","PL32 Podkarpackie","PL32","Podkarpackie","CF","2018","2014-2020","180,196,657","168,519,676","2,124,263","67,175"
"PL","PL3","PL32 Podkarpackie","PL32","Podkarpackie","CF","2019","2014-2020","133,563,727","153,100,487","3,554,105","112,390"
"PL","PL3","PL32 Podkarpackie","PL32","Podkarpackie","CF","2020","2014-2020","211,585,295","217,052,599","8,025,187","253,778"
"PL","PL3","PL32 Podkarpackie","PL32","Podkarpackie","CF","2021","2014-2020","202,080,364","190,591,482","8,237,726","260,499"
"PL","PL3","PL32 Podkarpackie","PL32","Podkarpackie","CF","2022","2014-2020","187,537,657","140,577,843","8,542,875","270,149"
"PL","PL3","PL32 Podkarpackie","PL32","Podkarpackie","ERDF","2015","2014-2020","0","12,753,879","1,268,722","40,120"
"PL","PL3","PL32 Podkarpackie","PL32","Podkarpackie","ERDF","2016","2014-2020","31,119,380","98,075,767","6,660,646","210,628"
"PL","PL3","PL32 Podkarpackie","PL32","Podkarpackie","ERDF","2017","2014-2020","194,492,509","299,819,078","10,477,612","331,331"
"PL","PL3","PL32 Podkarpackie","PL32","Podkarpackie","ERDF","2018","2014-2020","451,488,619","516,672,707","47,901,739","1,514,786"
"PL","PL3","PL32 Podkarpackie","PL32","Podkarpackie","ERDF","2019","2014-2020","544,043,367","549,914,257","40,180,372","1,270,614"
"PL","PL3","PL32 Podkarpackie","PL32","Podkarpackie","ERDF","2020","2014-2020","488,304,347","501,335,467","38,947,276","1,231,621"
"PL","PL3","PL32 Podkarpackie","PL32","Podkarpackie","ERDF","2021","2014-2020","529,615,673","429,723,664","32,829,978","1,038,175"
"PL","PL3","PL32 Podkarpackie","PL32","Podkarpackie","ERDF","2022","2014-2020","412,922,301","243,691,376","16,834,650","532,358"
"PL","PL3","PL32 Podkarpackie","PL32","Podkarpackie","ESF","2015","2014-2020","0","5,027,588","947,566","29,964"
"PL","PL3","PL32 Podkarpackie","PL32","Podkarpackie","ESF","2016","2014-2020","20,617,653","29,725,075","1,716,505","54,280"
"PL","PL3","PL32 Podkarpackie","PL32","Podkarpackie","ESF","2017","2014-2020","57,966,309","65,328,176","1,387,515","43,877"
"PL","PL3","PL32 Podkarpackie","PL32","Podkarpackie","ESF","2018","2014-2020","88,156,614","99,505,284","2,138,921","67,638"
"PL","PL3","PL32 Podkarpackie","PL32","Podkarpackie","ESF","2019","2014-2020","134,696,409","133,103,281","300,262","9,495"
"PL","PL3","PL32 Podkarpackie","PL32","Podkarpackie","ESF","2020","2014-2020","128,163,145","126,846,100","248,227","7,849"
"PL","PL3","PL32 Podkarpackie","PL32","Podkarpackie","ESF","2021","2014-2020","122,762,071","119,327,664","647,293","20,469"
"PL","PL3","PL32 Podkarpackie","PL32","Podkarpackie","ESF","2022","2014-2020","108,677,902","82,176,933","4,994,724","157,947"
"PL","PL3","PL33 Świętokrzyskie","PL33","Świętokrzyskie","CF","2015","2014-2020","0","13,362,778","2,532,828","80,095"
"PL","PL3","PL33 Świętokrzyskie","PL33","Świętokrzyskie","CF","2016","2014-2020","55,032,509","53,184,778","350,225","11,075"
"PL","PL3","PL33 Świętokrzyskie","PL33","Świętokrzyskie","CF","2017","2014-2020","47,422,916","61,627,078","2,692,307","85,138"
"PL","PL3","PL33 Świętokrzyskie","PL33","Świętokrzyskie","CF","2018","2014-2020","105,920,533","99,021,396","1,307,686","41,352"
"PL","PL3","PL33 Świętokrzyskie","PL33","Świętokrzyskie","CF","2019","2014-2020","77,507,520","88,357,658","2,056,573","65,034"
"PL","PL3","PL33 Świętokrzyskie","PL33","Świętokrzyskie","CF","2020","2014-2020","122,192,117","120,589,695","303,728","9,604"
"PL","PL3","PL33 Świętokrzyskie","PL33","Świętokrzyskie","CF","2021","2014-2020","115,592,792","113,307,905","433,085","13,695"
"PL","PL3","PL33 Świętokrzyskie","PL33","Świętokrzyskie","CF","2022","2014-2020","106,182,843","80,399,942","4,886,982","154,539"
"PL","PL3","PL33 Świętokrzyskie","PL33","Świętokrzyskie","ERDF","2015","2014-2020","0","8,121,749","747,558","23,639"
"PL","PL3","PL33 Świętokrzyskie","PL33","Świętokrzyskie","ERDF","2016","2014-2020","18,108,532","53,397,402","3,248,127","102,714"
"PL","PL3","PL33 Świętokrzyskie","PL33","Świętokrzyskie","ERDF","2017","2014-2020","96,789,816","145,306,944","4,465,709","141,218"
"PL","PL3","PL33 Świętokrzyskie","PL33","Świętokrzyskie","ERDF","2018","2014-2020","204,965,283","267,617,044","32,894,618","1,040,219"
"PL","PL3","PL33 Świętokrzyskie","PL33","Świętokrzyskie","ERDF","2019","2014-2020","303,165,541","320,056,443","29,172,620","922,519"
"PL","PL3","PL33 Świętokrzyskie","PL33","Świętokrzyskie","ERDF","2020","2014-2020","291,023,283","317,614,298","29,068,796","919,236"
"PL","PL3","PL33 Świętokrzyskie","PL33","Świętokrzyskie","ERDF","2021","2014-2020","362,290,558","279,852,839","22,674,972","717,045"
"PL","PL3","PL33 Świętokrzyskie","PL33","Świętokrzyskie","ERDF","2022","2014-2020","257,798,612","142,174,908","10,642,465","336,544"
"PL","PL3","PL33 Świętokrzyskie","PL33","Świętokrzyskie","ESF","2015","2014-2020","0","4,666,006","871,642","27,563"
"PL","PL3","PL33 Świętokrzyskie","PL33","Świętokrzyskie","ESF","2016","2014-2020","19,007,929","24,721,187","1,067,276","33,750"
"PL","PL3","PL33 Świętokrzyskie","PL33","Świętokrzyskie","ESF","2017","2014-2020","42,282,050","45,895,793","675,072","21,347"
"PL","PL3","PL33 Świętokrzyskie","PL33","Świętokrzyskie","ESF","2018","2014-2020","57,003,367","57,961,816","179,045","5,661"
"PL","PL3","PL33 Świętokrzyskie","PL33","Świętokrzyskie","ESF","2019","2014-2020","60,907,806","67,188,651","1,173,305","37,103"
"PL","PL3","PL33 Świętokrzyskie","PL33","Świętokrzyskie","ESF","2020","2014-2020","86,494,108","87,875,515","258,056","8,160"
"PL","PL3","PL33 Świętokrzyskie","PL33","Świętokrzyskie","ESF","2021","2014-2020","92,121,549","86,919,188","971,837","30,732"
"PL","PL3","PL33 Świętokrzyskie","PL33","Świętokrzyskie","ESF","2022","2014-2020","70,928,672","53,517,323","3,252,561","102,855"
"PL","PL3","PL34 Podlaskie","PL34","Podlaskie","CF","2015","2014-2020","0","12,708,865","2,348,712","74,272"
"PL","PL3","PL34 Podlaskie","PL34","Podlaskie","CF","2016","2014-2020","51,356,718","49,642,157","316,866","10,020"
"PL","PL3","PL34 Podlaskie","PL34","Podlaskie","CF","2017","2014-2020","44,428,149","58,066,443","2,520,479","79,704"
"PL","PL3","PL34 Podlaskie","PL34","Podlaskie","CF","2018","2014-2020","99,540,701","93,038,775","1,201,614","37,998"
"PL","PL3","PL34 Podlaskie","PL34","Podlaskie","CF","2019","2014-2020","73,266,319","83,906,063","1,966,320","62,180"
"PL","PL3","PL34 Podlaskie","PL34","Podlaskie","CF","2020","2014-2020","116,261,687","114,861,256","258,812","8,184"
"PL","PL3","PL34 Podlaskie","PL34","Podlaskie","CF","2021","2014-2020","110,602,522","108,488,080","390,767","12,357"
"PL","PL3","PL34 Podlaskie","PL34","Podlaskie","CF","2022","2014-2020","102,058,029","76,802,487","4,667,451","147,597"
"PL","PL3","PL34 Podlaskie","PL34","Podlaskie","ERDF","2015","2014-2020","0","8,005,081","722,697","22,853"
"PL","PL3","PL34 Podlaskie","PL34","Podlaskie","ERDF","2016","2014-2020","17,382,352","55,147,352","3,409,418","107,815"
"PL","PL3","PL34 Podlaskie","PL34","Podlaskie","ERDF","2017","2014-2020","99,385,831","144,457,977","4,069,106","128,676"
"PL","PL3","PL34 Podlaskie","PL34","Podlaskie","ERDF","2018","2014-2020","197,256,154","253,097,282","31,917,938","1,009,333"
"PL","PL3","PL34 Podlaskie","PL34","Podlaskie","ERDF","2019","2014-2020","279,179,540","295,229,735","30,572,311","966,781"
"PL","PL3","PL34 Podlaskie","PL34","Podlaskie","ERDF","2020","2014-2020","259,767,898","304,338,217","30,232,895","956,048"
"PL","PL3","PL34 Podlaskie","PL34","Podlaskie","ERDF","2021","2014-2020","363,217,405","286,031,367","25,022,592","791,283"
"PL","PL3","PL34 Podlaskie","PL34","Podlaskie","ERDF","2022","2014-2020","282,539,778","152,421,947","11,747,018","371,473"
"PL","PL3","PL34 Podlaskie","PL34","Podlaskie","ESF","2015","2014-2020","0","2,639,079","387,198","12,244"
"PL","PL3","PL34 Podlaskie","PL34","Podlaskie","ESF","2016","2014-2020","8,962,161","12,846,116","569,843","18,020"
"PL","PL3","PL34 Podlaskie","PL34","Podlaskie","ESF","2017","2014-2020","22,151,849","26,660,859","661,550","20,920"
"PL","PL3","PL34 Podlaskie","PL34","Podlaskie","ESF","2018","2014-2020","37,464,188","44,305,949","1,003,805","31,743"
"PL","PL3","PL34 Podlaskie","PL34","Podlaskie","ESF","2019","2014-2020","60,698,415","65,776,424","745,032","23,559"
"PL","PL3","PL34 Podlaskie","PL34","Podlaskie","ESF","2020","2014-2020","77,943,040","78,564,832","3,492,242","110,434"
"PL","PL3","PL34 Podlaskie","PL34","Podlaskie","ESF","2021","2014-2020","68,301,871","65,440,216","3,517,676","111,238"
"PL","PL3","PL34 Podlaskie","PL34","Podlaskie","ESF","2022","2014-2020","70,336,597","49,624,645","3,038,802","96,095"
"PL","PL4","PL41 Wielkopolskie","PL41","Wielkopolskie","CF","2015","2014-2020","0","38,971,230","6,925,263","218,996"
"PL","PL4","PL41 Wielkopolskie","PL41","Wielkopolskie","CF","2016","2014-2020","152,923,814","147,928,991","887,589","28,068"
"PL","PL4","PL41 Wielkopolskie","PL41","Wielkopolskie","CF","2017","2014-2020","133,324,039","175,775,476","7,543,702","238,552"
"PL","PL4","PL41 Wielkopolskie","PL41","Wielkopolskie","CF","2018","2014-2020","299,904,248","280,452,504","3,456,612","109,307"
"PL","PL4","PL41 Wielkopolskie","PL41","Wielkopolskie","CF","2019","2014-2020","223,575,250","257,152,523","5,966,746","188,685"
"PL","PL4","PL41 Wielkopolskie","PL41","Wielkopolskie","CF","2020","2014-2020","355,333,078","365,330,517","13,948,225","441,081"
"PL","PL4","PL41 Wielkopolskie","PL41","Wielkopolskie","CF","2021","2014-2020","341,028,580","322,119,321","14,243,689","450,425"
"PL","PL4","PL41 Wielkopolskie","PL41","Wielkopolskie","CF","2022","2014-2020","320,362,934","238,721,381","14,507,862","458,778"
"PL","PL4","PL41 Wielkopolskie","PL41","Wielkopolskie","ERDF","2015","2014-2020","0","39,920,715","4,043,330","127,861"
"PL","PL4","PL41 Wielkopolskie","PL41","Wielkopolskie","ERDF","2016","2014-2020","99,226,980","140,607,078","4,191,142","132,535"
"PL","PL4","PL41 Wielkopolskie","PL41","Wielkopolskie","ERDF","2017","2014-2020","202,081,404","316,926,731","11,631,995","367,836"
"PL","PL4","PL41 Wielkopolskie","PL41","Wielkopolskie","ERDF","2018","2014-2020","487,541,096","539,279,998","53,996,911","1,707,532"
"PL","PL4","PL41 Wielkopolskie","PL41","Wielkopolskie","ERDF","2019","2014-2020","539,454,145","582,117,575","45,486,529","1,438,410"
"PL","PL4","PL41 Wielkopolskie","PL41","Wielkopolskie","ERDF","2020","2014-2020","565,789,116","578,826,359","44,222,768","1,398,446"
"PL","PL4","PL41 Wielkopolskie","PL41","Wielkopolskie","ERDF","2021","2014-2020","614,568,594","494,083,367","36,000,895","1,138,448"
"PL","PL4","PL41 Wielkopolskie","PL41","Wielkopolskie","ERDF","2022","2014-2020","455,114,804","272,014,317","18,545,152","586,449"
"PL","PL4","PL41 Wielkopolskie","PL41","Wielkopolskie","ESF","2015","2014-2020","0","8,436,105","1,253,917","39,652"
"PL","PL4","PL41 Wielkopolskie","PL41","Wielkopolskie","ESF","2016","2014-2020","28,934,119","37,612,029","1,289,857","40,788"
"PL","PL4","PL41 Wielkopolskie","PL41","Wielkopolskie","ESF","2017","2014-2020","58,697,576","73,192,756","2,154,519","68,131"
"PL","PL4","PL41 Wielkopolskie","PL41","Wielkopolskie","ESF","2018","2014-2020","108,413,082","114,088,318","843,549","26,675"
"PL","PL4","PL41 Wielkopolskie","PL41","Wielkopolskie","ESF","2019","2014-2020","127,877,979","126,632,029","185,194","5,856"
"PL","PL4","PL41 Wielkopolskie","PL41","Wielkopolskie","ESF","2020","2014-2020","123,604,622","149,072,061","10,015,398","316,714"
"PL","PL4","PL41 Wielkopolskie","PL41","Wielkopolskie","ESF","2021","2014-2020","179,488,161","172,884,930","9,311,745","294,463"
"PL","PL4","PL41 Wielkopolskie","PL41","Wielkopolskie","ESF","2022","2014-2020","188,305,001","133,402,313","8,160,567","258,059"
"PL","PL4","PL42 Zachodniopomorskie","PL42","Zachodniopomorskie","CF","2015","2014-2020","0","18,482,493","3,411,869","107,892"
"PL","PL4","PL42 Zachodniopomorskie","PL42","Zachodniopomorskie","CF","2016","2014-2020","74,624,764","72,133,826","459,827","14,541"
"PL","PL4","PL42 Zachodniopomorskie","PL42","Zachodniopomorskie","CF","2017","2014-2020","64,567,373","84,429,515","3,666,552","115,946"
"PL","PL4","PL42 Zachodniopomorskie","PL42","Zachodniopomorskie","CF","2018","2014-2020","144,762,593","135,327,605","1,741,699","55,077"
"PL","PL4","PL42 Zachodniopomorskie","PL42","Zachodniopomorskie","CF","2019","2014-2020","106,667,960","122,127,217","2,853,779","90,244"
"PL","PL4","PL42 Zachodniopomorskie","PL42","Zachodniopomorskie","CF","2020","2014-2020","169,086,130","167,077,400","370,811","11,726"
"PL","PL4","PL42 Zachodniopomorskie","PL42","Zachodniopomorskie","CF","2021","2014-2020","160,975,698","157,891,051","569,425","18,006"
"PL","PL4","PL42 Zachodniopomorskie","PL42","Zachodniopomorskie","CF","2022","2014-2020","148,521,155","111,736,566","6,790,436","214,732"
"PL","PL4","PL42 Zachodniopomorskie","PL42","Zachodniopomorskie","ERDF","2015","2014-2020","0","22,747,420","2,145,615","67,850"
"PL","PL4","PL42 Zachodniopomorskie","PL42","Zachodniopomorskie","ERDF","2016","2014-2020","52,298,581","74,527,147","2,096,675","66,302"
"PL","PL4","PL42 Zachodniopomorskie","PL42","Zachodniopomorskie","ERDF","2017","2014-2020","103,404,264","180,786,588","7,298,968","230,813"
"PL","PL4","PL42 Zachodniopomorskie","PL42","Zachodniopomorskie","ERDF","2018","2014-2020","281,313,924","298,473,312","33,304,321","1,053,175"
"PL","PL4","PL42 Zachodniopomorskie","PL42","Zachodniopomorskie","ERDF","2019","2014-2020","276,826,738","307,196,491","33,475,121","1,058,576"
"PL","PL4","PL42 Zachodniopomorskie","PL42","Zachodniopomorskie","ERDF","2020","2014-2020","282,594,075","340,198,191","33,804,071","1,068,978"
"PL","PL4","PL42 Zachodniopomorskie","PL42","Zachodniopomorskie","ERDF","2021","2014-2020","430,583,739","333,780,984","25,828,359","816,764"
"PL","PL4","PL42 Zachodniopomorskie","PL42","Zachodniopomorskie","ERDF","2022","2014-2020","300,466,575","169,777,763","12,327,020","389,814"
"PL","PL4","PL42 Zachodniopomorskie","PL42","Zachodniopomorskie","ESF","2015","2014-2020","0","5,607,898","795,420","25,153"
"PL","PL4","PL42 Zachodniopomorskie","PL42","Zachodniopomorskie","ESF","2016","2014-2020","18,556,495","22,105,570","503,398","15,918"
"PL","PL4","PL42 Zachodniopomorskie","PL42","Zachodniopomorskie","ESF","2017","2014-2020","30,300,359","39,628,160","1,323,049","41,838"
"PL","PL4","PL42 Zachodniopomorskie","PL42","Zachodniopomorskie","ESF","2018","2014-2020","61,165,984","65,818,301","659,881","20,867"
"PL","PL4","PL42 Zachodniopomorskie","PL42","Zachodniopomorskie","ESF","2019","2014-2020","76,560,468","79,270,631","384,407","12,156"
"PL","PL4","PL42 Zachodniopomorskie","PL42","Zachodniopomorskie","ESF","2020","2014-2020","85,528,376","99,426,580","6,178,377","195,377"
"PL","PL4","PL42 Zachodniopomorskie","PL42","Zachodniopomorskie","ESF","2021","2014-2020","112,323,525","107,292,932","5,893,135","186,357"
"PL","PL4","PL42 Zachodniopomorskie","PL42","Zachodniopomorskie","ESF","2022","2014-2020","114,871,233","80,156,368","4,923,934","155,708"
"PL","PL4","PL43 Lubuskie","PL43","Lubuskie","CF","2015","2014-2020","0","11,032,015","2,036,460","64,398"
"PL","PL4","PL43 Lubuskie","PL43","Lubuskie","CF","2016","2014-2020","44,541,948","43,083,669","269,191","8,512"
"PL","PL4","PL43 Lubuskie","PL43","Lubuskie","CF","2017","2014-2020","38,654,125","50,538,150","2,193,737","69,372"
"PL","PL4","PL43 Lubuskie","PL43","Lubuskie","CF","2018","2014-2020","86,636,077","81,048,772","1,031,391","32,615"
"PL","PL4","PL43 Lubuskie","PL43","Lubuskie","CF","2019","2014-2020","64,077,240","73,320,298","1,706,226","53,955"
"PL","PL4","PL43 Lubuskie","PL43","Lubuskie","CF","2020","2014-2020","101,396,240","100,170,202","226,321","7,156"
"PL","PL4","PL43 Lubuskie","PL43","Lubuskie","CF","2021","2014-2020","96,446,091","94,522,365","355,111","11,229"
"PL","PL4","PL43 Lubuskie","PL43","Lubuskie","CF","2022","2014-2020","88,679,012","66,715,262","4,054,408","128,211"
"PL","PL4","PL43 Lubuskie","PL43","Lubuskie","ERDF","2015","2014-2020","0","7,606,607","701,113","22,171"
"PL","PL4","PL43 Lubuskie","PL43","Lubuskie","ERDF","2016","2014-2020","16,990,745","40,818,246","2,196,221","69,450"
"PL","PL4","PL43 Lubuskie","PL43","Lubuskie","ERDF","2017","2014-2020","70,213,817","94,610,788","2,248,710","71,110"
"PL","PL4","PL43 Lubuskie","PL43","Lubuskie","ERDF","2018","2014-2020","124,708,903","153,537,825","18,855,984","596,278"
"PL","PL4","PL43 Lubuskie","PL43","Lubuskie","ERDF","2019","2014-2020","165,143,784","176,142,369","18,538,986","586,254"
"PL","PL4","PL43 Lubuskie","PL43","Lubuskie","ERDF","2020","2014-2020","155,366,126","185,606,163","18,510,951","585,367"
"PL","PL4","PL43 Lubuskie","PL43","Lubuskie","ERDF","2021","2014-2020","228,800,438","179,176,757","14,817,100","468,557"
"PL","PL4","PL43 Lubuskie","PL43","Lubuskie","ERDF","2022","2014-2020","170,374,002","94,099,058","7,030,391","222,320"
"PL","PL4","PL43 Lubuskie","PL43","Lubuskie","ESF","2015","2014-2020","0","2,890,777","494,227","15,628"
"PL","PL4","PL43 Lubuskie","PL43","Lubuskie","ESF","2016","2014-2020","11,019,604","14,907,789","664,751","21,021"
"PL","PL4","PL43 Lubuskie","PL43","Lubuskie","ESF","2017","2014-2020","25,841,314","28,409,129","439,011","13,882"
"PL","PL4","PL43 Lubuskie","PL43","Lubuskie","ESF","2018","2014-2020","35,629,792","38,415,635","476,287","15,061"
"PL","PL4","PL43 Lubuskie","PL43","Lubuskie","ESF","2019","2014-2020","46,249,389","47,688,429","246,028","7,780"
"PL","PL4","PL43 Lubuskie","PL43","Lubuskie","ESF","2020","2014-2020","51,734,990","56,529,792","2,517,390","79,606"
"PL","PL4","PL43 Lubuskie","PL43","Lubuskie","ESF","2021","2014-2020","61,063,893","56,745,901","2,491,690","78,794"
"PL","PL4","PL43 Lubuskie","PL43","Lubuskie","ESF","2022","2014-2020","53,552,578","39,504,108","2,401,824","75,952"
"PL","PL5","PL51 Dolnośląskie","PL51","Dolnośląskie","CF","2015","2014-2020","0","31,921,611","5,774,308","182,599"
"PL","PL5","PL51 Dolnośląskie","PL51","Dolnośląskie","CF","2016","2014-2020","126,941,044","122,770,482","754,414","23,856"
"PL","PL5","PL51 Dolnośląskie","PL51","Dolnośląskie","CF","2017","2014-2020","110,356,181","144,801,373","6,230,799","197,035"
"PL","PL5","PL51 Dolnośląskie","PL51","Dolnośląskie","CF","2018","2014-2020","247,332,619","231,237,120","2,911,518","92,070"
"PL","PL5","PL51 Dolnośląskie","PL51","Dolnośląskie","CF","2019","2014-2020","183,326,468","210,472,523","4,910,456","155,282"
"PL","PL5","PL51 Dolnośląskie","PL51","Dolnośląskie","CF","2020","2014-2020","291,276,802","298,916,761","11,158,445","352,861"
"PL","PL5","PL51 Dolnośląskie","PL51","Dolnośląskie","CF","2021","2014-2020","278,260,096","262,680,059","11,431,750","361,503"
"PL","PL5","PL51 Dolnośląskie","PL51","Dolnośląskie","CF","2022","2014-2020","259,701,899","194,395,179","11,813,348","373,570"
"PL","PL5","PL51 Dolnośląskie","PL51","Dolnośląskie","ERDF","2015","2014-2020","0","26,791,499","2,661,812","84,173"
"PL","PL5","PL51 Dolnośląskie","PL51","Dolnośląskie","ERDF","2016","2014-2020","65,285,241","117,996,014","5,236,967","165,607"
"PL","PL5","PL51 Dolnośląskie","PL51","Dolnośląskie","ERDF","2017","2014-2020","193,730,291","276,818,091","8,255,012","261,046"
"PL","PL5","PL51 Dolnośląskie","PL51","Dolnośląskie","ERDF","2018","2014-2020","396,197,756","465,456,735","49,291,485","1,558,733"
"PL","PL5","PL51 Dolnośląskie","PL51","Dolnośląskie","ERDF","2019","2014-2020","496,673,838","529,791,970","40,755,737","1,288,809"
"PL","PL5","PL51 Dolnośląskie","PL51","Dolnośląskie","ERDF","2020","2014-2020","508,457,372","514,610,214","39,314,094","1,243,220"
"PL","PL5","PL51 Dolnośląskie","PL51","Dolnośląskie","ERDF","2021","2014-2020","534,870,322","431,535,987","32,679,538","1,033,417"
"PL","PL5","PL51 Dolnośląskie","PL51","Dolnośląskie","ERDF","2022","2014-2020","408,858,384","241,072,692","16,669,993","527,151"
"PL","PL5","PL51 Dolnośląskie","PL51","Dolnośląskie","ESF","2015","2014-2020","0","7,603,242","1,232,346","38,970"
"PL","PL5","PL51 Dolnośląskie","PL51","Dolnośląskie","ESF","2016","2014-2020","27,844,164","37,775,227","1,609,643","50,901"
"PL","PL5","PL51 Dolnośląskie","PL51","Dolnośląskie","ESF","2017","2014-2020","64,213,142","73,918,337","1,573,034","49,743"
"PL","PL5","PL51 Dolnośląskie","PL51","Dolnośląskie","ESF","2018","2014-2020","99,754,960","106,132,572","1,033,694","32,688"
"PL","PL5","PL51 Dolnośląskie","PL51","Dolnośląskie","ESF","2019","2014-2020","123,110,691","131,190,345","1,309,564","41,412"
"PL","PL5","PL51 Dolnośląskie","PL51","Dolnośląskie","ESF","2020","2014-2020","152,699,543","164,613,255","7,249,027","229,234"
"PL","PL5","PL51 Dolnośląskie","PL51","Dolnośląskie","ESF","2021","2014-2020","171,049,008","158,750,020","7,266,179","229,776"
"PL","PL5","PL51 Dolnośląskie","PL51","Dolnośląskie","ESF","2022","2014-2020","151,288,609","109,977,119","6,695,838","211,741"
"PL","PL5","PL52 Opolskie","PL52","Opolskie","CF","2015","2014-2020","0","10,352,666","1,936,232","61,229"
"PL","PL5","PL52 Opolskie","PL52","Opolskie","CF","2016","2014-2020","42,210,977","40,810,134","261,996","8,285"
"PL","PL5","PL52 Opolskie","PL52","Opolskie","CF","2017","2014-2020","36,499,310","47,601,306","2,076,377","65,660"
"PL","PL5","PL52 Opolskie","PL52","Opolskie","CF","2018","2014-2020","81,765,531","76,447,257","994,662","31,453"
"PL","PL5","PL52 Opolskie","PL52","Opolskie","CF","2019","2014-2020","60,081,309","68,629,219","1,598,693","50,555"
"PL","PL5","PL52 Opolskie","PL52","Opolskie","CF","2020","2014-2020","94,933,745","93,694,392","231,792","7,329"
"PL","PL5","PL52 Opolskie","PL52","Opolskie","CF","2021","2014-2020","89,880,526","88,160,622","321,669","10,172"
"PL","PL5","PL52 Opolskie","PL52","Opolskie","CF","2022","2014-2020","82,867,955","62,543,756","3,801,181","120,203"
"PL","PL5","PL52 Opolskie","PL52","Opolskie","ERDF","2015","2014-2020","0","21,529,222","2,529,223","79,981"
"PL","PL5","PL52 Opolskie","PL52","Opolskie","ERDF","2016","2014-2020","61,271,075","65,868,953","540,152","17,081"
"PL","PL5","PL52 Opolskie","PL52","Opolskie","ERDF","2017","2014-2020","74,356,404","110,542,812","4,251,129","134,432"
"PL","PL5","PL52 Opolskie","PL52","Opolskie","ERDF","2018","2014-2020","177,341,082","181,895,081","534,997","16,918"
"PL","PL5","PL52 Opolskie","PL52","Opolskie","ERDF","2019","2014-2020","190,301,532","189,530,410","14,186,272","448,609"
"PL","PL5","PL52 Opolskie","PL52","Opolskie","ERDF","2020","2014-2020","159,791,797","175,526,210","10,762,187","340,330"
"PL","PL5","PL52 Opolskie","PL52","Opolskie","ERDF","2021","2014-2020","200,380,901","163,447,317","9,370,063","296,307"
"PL","PL5","PL52 Opolskie","PL52","Opolskie","ERDF","2022","2014-2020","127,775,194","82,877,979","5,274,463","166,793"
"PL","PL5","PL52 Opolskie","PL52","Opolskie","ESF","2015","2014-2020","0","4,094,373","654,312","20,691"
"PL","PL5","PL52 Opolskie","PL52","Opolskie","ESF","2016","2014-2020","14,835,407","16,518,695","269,002","8,506"
"PL","PL5","PL52 Opolskie","PL52","Opolskie","ESF","2017","2014-2020","20,934,575","24,808,908","619,148","19,579"
"PL","PL5","PL52 Opolskie","PL52","Opolskie","ESF","2018","2014-2020","34,972,694","37,938,050","473,886","14,985"
"PL","PL5","PL52 Opolskie","PL52","Opolskie","ESF","2019","2014-2020","45,717,259","45,298,881","66,860","2,114"
"PL","PL5","PL52 Opolskie","PL52","Opolskie","ESF","2020","2014-2020","44,201,323","58,181,334","3,205,075","101,353"
"PL","PL5","PL52 Opolskie","PL52","Opolskie","ESF","2021","2014-2020","86,651,982","74,023,073","3,057,766","96,695"
"PL","PL5","PL52 Opolskie","PL52","Opolskie","ESF","2022","2014-2020","49,096,857","35,546,783","2,165,406","68,476"
"PL","PL6","PL61 Kujawsko-Pomorskie","PL61","Kujawsko-Pomorskie","CF","2015","2014-2020","0","22,637,967","4,177,230","132,095"
"PL","PL6","PL61 Kujawsko-Pomorskie","PL61","Kujawsko-Pomorskie","CF","2016","2014-2020","91,374,363","88,363,824","555,514","17,566"
"PL","PL6","PL61 Kujawsko-Pomorskie","PL61","Kujawsko-Pomorskie","CF","2017","2014-2020","79,222,824","103,639,465","4,505,436","142,474"
"PL","PL6","PL61 Kujawsko-Pomorskie","PL61","Kujawsko-Pomorskie","CF","2018","2014-2020","177,776,507","166,144,346","2,146,403","67,875"
"PL","PL6","PL61 Kujawsko-Pomorskie","PL61","Kujawsko-Pomorskie","CF","2019","2014-2020","130,825,239","149,830,275","3,506,870","110,896"
"PL","PL6","PL61 Kujawsko-Pomorskie","PL61","Kujawsko-Pomorskie","CF","2020","2014-2020","207,535,887","205,027,223","462,906","14,638"
"PL","PL6","PL61 Kujawsko-Pomorskie","PL61","Kujawsko-Pomorskie","CF","2021","2014-2020","197,410,086","193,648,544","694,091","21,949"
"PL","PL6","PL61 Kujawsko-Pomorskie","PL61","Kujawsko-Pomorskie","CF","2022","2014-2020","182,227,252","137,080,513","8,330,621","263,437"
"PL","PL6","PL61 Kujawsko-Pomorskie","PL61","Kujawsko-Pomorskie","ERDF","2015","2014-2020","0","14,056,945","1,216,104","38,456"
"PL","PL6","PL61 Kujawsko-Pomorskie","PL61","Kujawsko-Pomorskie","ERDF","2016","2014-2020","28,480,426","75,360,026","4,055,679","128,251"
"PL","PL6","PL61 Kujawsko-Pomorskie","PL61","Kujawsko-Pomorskie","ERDF","2017","2014-2020","123,462,015","202,134,903","39,472,136","1,248,218"
"PL","PL6","PL61 Kujawsko-Pomorskie","PL61","Kujawsko-Pomorskie","ERDF","2018","2014-2020","243,619,859","309,410,327","38,323,395","1,211,892"
"PL","PL6","PL61 Kujawsko-Pomorskie","PL61","Kujawsko-Pomorskie","ERDF","2019","2014-2020","323,934,668","346,586,197","40,960,894","1,295,297"
"PL","PL6","PL61 Kujawsko-Pomorskie","PL61","Kujawsko-Pomorskie","ERDF","2020","2014-2020","293,151,166","374,950,151","44,340,065","1,402,155"
"PL","PL6","PL61 Kujawsko-Pomorskie","PL61","Kujawsko-Pomorskie","ERDF","2021","2014-2020","460,439,285","391,434,526","43,639,748","1,380,010"
"PL","PL6","PL61 Kujawsko-Pomorskie","PL61","Kujawsko-Pomorskie","ERDF","2022","2014-2020","487,971,385","247,125,730","20,836,203","658,898"
"PL","PL6","PL61 Kujawsko-Pomorskie","PL61","Kujawsko-Pomorskie","ESF","2015","2014-2020","0","7,417,548","905,629","28,638"
"PL","PL6","PL61 Kujawsko-Pomorskie","PL61","Kujawsko-Pomorskie","ESF","2016","2014-2020","21,797,369","25,017,757","393,186","12,433"
"PL","PL6","PL61 Kujawsko-Pomorskie","PL61","Kujawsko-Pomorskie","ESF","2017","2014-2020","31,260,870","39,433,230","997,786","31,552"
"PL","PL6","PL61 Kujawsko-Pomorskie","PL61","Kujawsko-Pomorskie","ESF","2018","2014-2020","55,276,346","62,628,667","897,666","28,386"
"PL","PL6","PL61 Kujawsko-Pomorskie","PL61","Kujawsko-Pomorskie","ESF","2019","2014-2020","76,882,038","89,949,433","11,614,354","367,278"
"PL","PL6","PL61 Kujawsko-Pomorskie","PL61","Kujawsko-Pomorskie","ESF","2020","2014-2020","91,578,498","115,885,505","9,270,975","293,173"
"PL","PL6","PL61 Kujawsko-Pomorskie","PL61","Kujawsko-Pomorskie","ESF","2021","2014-2020","147,438,719","136,435,729","9,809,017","310,188"
"PL","PL6","PL61 Kujawsko-Pomorskie","PL61","Kujawsko-Pomorskie","ESF","2022","2014-2020","154,377,646","101,843,616","6,414,030","202,829"
"PL","PL6","PL62 Warmińsko-Mazurskie","PL62","Warmińsko-Mazurskie","CF","2015","2014-2020","0","15,444,068","2,871,421","90,802"
"PL","PL6","PL62 Warmińsko-Mazurskie","PL62","Warmińsko-Mazurskie","CF","2016","2014-2020","62,691,582","60,574,278","393,657","12,448"
"PL","PL6","PL62 Warmińsko-Mazurskie","PL62","Warmińsko-Mazurskie","CF","2017","2014-2020","54,096,880","70,682,566","3,083,674","97,514"
"PL","PL6","PL62 Warmińsko-Mazurskie","PL62","Warmińsko-Mazurskie","CF","2018","2014-2020","121,422,588","113,488,768","1,475,086","46,646"
"PL","PL6","PL62 Warmińsko-Mazurskie","PL62","Warmińsko-Mazurskie","CF","2019","2014-2020","89,217,100","101,977,805","2,372,519","75,025"
"PL","PL6","PL62 Warmińsko-Mazurskie","PL62","Warmińsko-Mazurskie","CF","2020","2014-2020","141,016,193","139,399,974","300,493","9,502"
"PL","PL6","PL62 Warmińsko-Mazurskie","PL62","Warmińsko-Mazurskie","CF","2021","2014-2020","134,455,529","131,781,320","497,199","15,722"
"PL","PL6","PL62 Warmińsko-Mazurskie","PL62","Warmińsko-Mazurskie","CF","2022","2014-2020","123,600,202","93,151,297","5,661,178","179,022"
"PL","PL6","PL62 Warmińsko-Mazurskie","PL62","Warmińsko-Mazurskie","ERDF","2015","2014-2020","0","9,565,842","879,272","27,805"
"PL","PL6","PL62 Warmińsko-Mazurskie","PL62","Warmińsko-Mazurskie","ERDF","2016","2014-2020","21,289,919","68,755,574","4,362,943","137,968"
"PL","PL6","PL62 Warmińsko-Mazurskie","PL62","Warmińsko-Mazurskie","ERDF","2017","2014-2020","126,930,373","178,317,952","4,723,438","149,368"
"PL","PL6","PL62 Warmińsko-Mazurskie","PL62","Warmińsko-Mazurskie","ERDF","2018","2014-2020","241,299,535","305,042,850","41,875,170","1,324,209"
"PL","PL6","PL62 Warmińsko-Mazurskie","PL62","Warmińsko-Mazurskie","ERDF","2019","2014-2020","330,141,420","383,917,099","34,556,098","1,092,759"
"PL","PL6","PL62 Warmińsko-Mazurskie","PL62","Warmińsko-Mazurskie","ERDF","2020","2014-2020","397,549,739","399,049,607","32,851,860","1,038,867"
"PL","PL6","PL62 Warmińsko-Mazurskie","PL62","Warmińsko-Mazurskie","ERDF","2021","2014-2020","407,829,076","324,040,329","27,631,248","873,776"
"PL","PL6","PL62 Warmińsko-Mazurskie","PL62","Warmińsko-Mazurskie","ERDF","2022","2014-2020","319,708,344","176,059,152","13,203,932","417,544"
"PL","PL6","PL62 Warmińsko-Mazurskie","PL62","Warmińsko-Mazurskie","ESF","2015","2014-2020","0","3,865,147","694,792","21,971"
"PL","PL6","PL62 Warmińsko-Mazurskie","PL62","Warmińsko-Mazurskie","ESF","2016","2014-2020","15,298,222","22,238,907","1,247,645","39,454"
"PL","PL6","PL62 Warmińsko-Mazurskie","PL62","Warmińsko-Mazurskie","ESF","2017","2014-2020","42,769,397","52,413,948","1,733,688","54,824"
"PL","PL6","PL62 Warmińsko-Mazurskie","PL62","Warmińsko-Mazurskie","ESF","2018","2014-2020","80,942,451","85,682,713","852,101","26,945"
"PL","PL6","PL62 Warmińsko-Mazurskie","PL62","Warmińsko-Mazurskie","ESF","2019","2014-2020","99,704,368","97,985,604","308,962","9,770"
"PL","PL6","PL62 Warmińsko-Mazurskie","PL62","Warmińsko-Mazurskie","ESF","2020","2014-2020","92,901,514","100,771,740","4,180,491","132,198"
"PL","PL6","PL62 Warmińsko-Mazurskie","PL62","Warmińsko-Mazurskie","ESF","2021","2014-2020","108,718,755","100,559,074","4,198,602","132,771"
"PL","PL6","PL62 Warmińsko-Mazurskie","PL62","Warmińsko-Mazurskie","ESF","2022","2014-2020","91,755,856","68,573,429","4,167,234","131,779"
"PL","PL6","PL63 Pomorskie","PL63","Pomorskie","CF","2015","2014-2020","0","26,010,252","4,552,072","143,949"
"PL","PL6","PL63 Pomorskie","PL63","Pomorskie","CF","2016","2014-2020","100,904,079","97,665,340","566,814","17,924"
"PL","PL6","PL63 Pomorskie","PL63","Pomorskie","CF","2017","2014-2020","88,339,725","116,840,755","4,987,985","157,733"
"PL","PL6","PL63 Pomorskie","PL63","Pomorskie","CF","2018","2014-2020","198,906,518","186,106,466","2,240,146","70,839"
"PL","PL6","PL63 Pomorskie","PL63","Pomorskie","CF","2019","2014-2020","149,250,041","172,157,844","4,009,110","126,779"
"PL","PL6","PL63 Pomorskie","PL63","Pomorskie","CF","2020","2014-2020","238,118,490","244,988,369","9,485,700","299,964"
"PL","PL6","PL63 Pomorskie","PL63","Pomorskie","CF","2021","2014-2020","228,757,175","216,058,669","9,672,506","305,871"
"PL","PL6","PL63 Pomorskie","PL63","Pomorskie","CF","2022","2014-2020","215,506,937","159,955,269","9,722,136","307,440"
"PL","PL6","PL63 Pomorskie","PL63","Pomorskie","ERDF","2015","2014-2020","0","30,199,344","2,857,929","90,375"
"PL","PL6","PL63 Pomorskie","PL63","Pomorskie","ERDF","2016","2014-2020","69,706,114","96,526,238","2,538,135","80,262"
"PL","PL6","PL63 Pomorskie","PL63","Pomorskie","ERDF","2017","2014-2020","131,612,312","200,528,244","6,521,893","206,240"
"PL","PL6","PL63 Pomorskie","PL63","Pomorskie","ERDF","2018","2014-2020","290,684,035","359,762,941","40,391,282","1,277,284"
"PL","PL6","PL63 Pomorskie","PL63","Pomorskie","ERDF","2019","2014-2020","397,280,407","410,413,268","37,227,114","1,177,224"
"PL","PL6","PL63 Pomorskie","PL63","Pomorskie","ERDF","2020","2014-2020","359,236,159","402,188,978","36,200,879","1,144,772"
"PL","PL6","PL63 Pomorskie","PL63","Pomorskie","ERDF","2021","2014-2020","459,753,792","377,401,174","32,132,434","1,016,116"
"PL","PL6","PL63 Pomorskie","PL63","Pomorskie","ERDF","2022","2014-2020","389,502,601","220,755,233","15,969,490","504,999"
"PL","PL6","PL63 Pomorskie","PL63","Pomorskie","ESF","2015","2014-2020","0","4,909,649","998,042","31,560"
"PL","PL6","PL63 Pomorskie","PL63","Pomorskie","ESF","2016","2014-2020","21,309,721","31,302,029","2,031,253","64,233"
"PL","PL6","PL63 Pomorskie","PL63","Pomorskie","ESF","2017","2014-2020","64,680,089","75,251,576","2,148,990","67,957"
"PL","PL6","PL63 Pomorskie","PL63","Pomorskie","ESF","2018","2014-2020","110,564,312","107,730,931","575,974","18,213"
"PL","PL6","PL63 Pomorskie","PL63","Pomorskie","ESF","2019","2014-2020","98,266,373","99,369,471","224,239","7,091"
"PL","PL6","PL63 Pomorskie","PL63","Pomorskie","ESF","2020","2014-2020","103,054,231","105,018,396","399,278","12,626"
"PL","PL6","PL63 Pomorskie","PL63","Pomorskie","ESF","2021","2014-2020","111,579,443","112,295,706","145,603","4,604"
"PL","PL6","PL63 Pomorskie","PL63","Pomorskie","ESF","2022","2014-2020","114,688,295","88,264,706","5,371,433","169,859"
"SE","SE1","SE11 Stockholm","SE11","Stockholm","ERDF","2015","2014-2020","0","1,621,740","193,878","6,130"
"SE","SE1","SE11 Stockholm","SE11","Stockholm","ERDF","2016","2014-2020","4,683,459","5,508,563","98,640","3,119"
"SE","SE1","SE11 Stockholm","SE11","Stockholm","ERDF","2017","2014-2020","7,066,294","7,523,249","54,628","1,727"
"SE","SE1","SE11 Stockholm","SE11","Stockholm","ERDF","2018","2014-2020","8,385,946","6,555,041","218,883","6,921"
"SE","SE1","SE11 Stockholm","SE11","Stockholm","ERDF","2019","2014-2020","3,098,432","6,514,808","793,409","25,089"
"SE","SE1","SE11 Stockholm","SE11","Stockholm","ERDF","2020","2014-2020","11,585,658","10,774,394","554,051","17,520"
"SE","SE1","SE11 Stockholm","SE11","Stockholm","ERDF","2021","2014-2020","7,986,362","7,895,587","663,256","20,974"
"SE","SE1","SE11 Stockholm","SE11","Stockholm","ERDF","2022","2014-2020","10,359,645","6,772,414","428,851","13,561"
"SE","SE1","SE11 Stockholm","SE11","Stockholm","ESF","2015","2014-2020","0","219,885","32,276","1,020"
"SE","SE1","SE11 Stockholm","SE11","Stockholm","ESF","2016","2014-2020","746,999","2,907,404","317,125","10,028"
"SE","SE1","SE11 Stockholm","SE11","Stockholm","ESF","2017","2014-2020","8,086,375","10,381,573","336,911","10,654"
"SE","SE1","SE11 Stockholm","SE11","Stockholm","ESF","2018","2014-2020","15,883,673","18,164,716","334,833","10,588"
"SE","SE1","SE11 Stockholm","SE11","Stockholm","ESF","2019","2014-2020","23,632,880","22,346,268","188,861","5,972"
"SE","SE1","SE11 Stockholm","SE11","Stockholm","ESF","2020","2014-2020","19,261,971","20,512,117","1,354,685","42,838"
"SE","SE1","SE11 Stockholm","SE11","Stockholm","ESF","2021","2014-2020","18,991,031","20,030,010","1,349,331","42,669"
"SE","SE1","SE11 Stockholm","SE11","Stockholm","ESF","2022","2014-2020","27,038,635","19,079,592","1,168,305","36,945"
"SE","SE1","SE12 Östra Mellansverige","SE12","Östra Mellansverige","ERDF","2015","2014-2020","0","1,627,640","222,748","7,043"
"SE","SE1","SE12 Östra Mellansverige","SE12","Östra Mellansverige","ERDF","2016","2014-2020","5,238,689","6,543,895","178,622","5,648"
"SE","SE1","SE12 Östra Mellansverige","SE12","Östra Mellansverige","ERDF","2017","2014-2020","9,439,598","11,096,112","226,700","7,168"
"SE","SE1","SE12 Östra Mellansverige","SE12","Östra Mellansverige","ERDF","2018","2014-2020","14,771,222","12,591,788","298,263","9,431"
"SE","SE1","SE12 Östra Mellansverige","SE12","Östra Mellansverige","ERDF","2019","2014-2020","7,756,541","9,066,988","179,339","5,671"
"SE","SE1","SE12 Östra Mellansverige","SE12","Östra Mellansverige","ERDF","2020","2014-2020","11,974,318","12,376,454","575,885","18,211"
"SE","SE1","SE12 Östra Mellansverige","SE12","Östra Mellansverige","ERDF","2021","2014-2020","11,437,675","10,719,767","581,800","18,398"
"SE","SE1","SE12 Östra Mellansverige","SE12","Östra Mellansverige","ERDF","2022","2014-2020","10,957,984","7,553,381","465,933","14,734"
"SE","SE1","SE12 Östra Mellansverige","SE12","Östra Mellansverige","ESF","2015","2014-2020","0","160,788","23,736","750"
"SE","SE1","SE12 Östra Mellansverige","SE12","Östra Mellansverige","ESF","2016","2014-2020","548,615","2,125,745","232,829","7,362"
"SE","SE1","SE12 Östra Mellansverige","SE12","Östra Mellansverige","ESF","2017","2014-2020","5,929,845","7,590,385","245,143","7,752"
"SE","SE1","SE12 Östra Mellansverige","SE12","Östra Mellansverige","ESF","2018","2014-2020","11,595,671","13,229,941","241,265","7,629"
"SE","SE1","SE12 Östra Mellansverige","SE12","Östra Mellansverige","ESF","2019","2014-2020","17,171,864","16,209,081","142,134","4,494"
"SE","SE1","SE12 Östra Mellansverige","SE12","Östra Mellansverige","ESF","2020","2014-2020","13,886,810","14,813,016","975,352","30,843"
"SE","SE1","SE12 Östra Mellansverige","SE12","Östra Mellansverige","ESF","2021","2014-2020","13,782,639","14,512,252","970,614","30,693"
"SE","SE1","SE12 Östra Mellansverige","SE12","Östra Mellansverige","ESF","2022","2014-2020","19,536,529","13,810,765","845,287","26,730"
"SE","SE2","SE21 Småland med öarna","SE21","Småland med öarna","ERDF","2015","2014-2020","0","1,459,822","157,631","4,984"
"SE","SE2","SE21 Småland med öarna","SE21","Småland med öarna","ERDF","2016","2014-2020","3,858,542","4,319,296","49,751","1,573"
"SE","SE2","SE21 Småland med öarna","SE21","Småland med öarna","ERDF","2017","2014-2020","5,076,387","6,457,746","149,158","4,716"
"SE","SE2","SE21 Småland med öarna","SE21","Småland med öarna","ERDF","2018","2014-2020","8,727,537","7,038,155","182,418","5,768"
"SE","SE2","SE21 Småland med öarna","SE21","Småland med öarna","ERDF","2019","2014-2020","4,262,232","6,549,094","838,917","26,528"
"SE","SE2","SE21 Småland med öarna","SE21","Småland med öarna","ERDF","2020","2014-2020","8,818,258","9,289,799","632,399","19,998"
"SE","SE2","SE21 Småland med öarna","SE21","Småland med öarna","ERDF","2021","2014-2020","8,839,433","8,504,185","746,062","23,592"
"SE","SE2","SE21 Småland med öarna","SE21","Småland med öarna","ERDF","2022","2014-2020","10,667,011","6,631,305","435,773","13,780"
"SE","SE2","SE21 Småland med öarna","SE21","Småland med öarna","ESF","2015","2014-2020","0","81,161","12,115","383"
"SE","SE2","SE21 Småland med öarna","SE21","Småland med öarna","ESF","2016","2014-2020","279,283","1,075,945","118,924","3,760"
"SE","SE2","SE21 Småland med öarna","SE21","Småland med öarna","ESF","2017","2014-2020","3,020,656","3,850,481","123,875","3,917"
"SE","SE2","SE21 Småland med öarna","SE21","Småland med öarna","ESF","2018","2014-2020","5,876,146","6,684,509","120,671","3,815"
"SE","SE2","SE21 Småland med öarna","SE21","Småland med öarna","ESF","2019","2014-2020","8,657,783","8,152,028","75,498","2,387"
"SE","SE2","SE21 Småland med öarna","SE21","Småland med öarna","ESF","2020","2014-2020","6,917,444","7,375,787","481,353","15,221"
"SE","SE2","SE21 Småland med öarna","SE21","Småland med öarna","ESF","2021","2014-2020","6,870,728","7,226,398","478,871","15,143"
"SE","SE2","SE21 Småland med öarna","SE21","Småland med öarna","ESF","2022","2014-2020","9,718,522","6,894,252","421,603","13,332"
"SE","SE2","SE22 Sydsverige","SE22","Sydsverige","ERDF","2015","2014-2020","0","1,627,361","212,924","6,733"
"SE","SE2","SE22 Sydsverige","SE22","Sydsverige","ERDF","2016","2014-2020","5,056,279","5,730,871","88,263","2,791"
"SE","SE2","SE22 Sydsverige","SE22","Sydsverige","ERDF","2017","2014-2020","7,152,266","8,418,498","165,674","5,239"
"SE","SE2","SE22 Sydsverige","SE22","Sydsverige","ERDF","2018","2014-2020","11,086,503","9,926,579","151,764","4,799"
"SE","SE2","SE22 Sydsverige","SE22","Sydsverige","ERDF","2019","2014-2020","7,482,571","8,190,918","92,680","2,930"
"SE","SE2","SE22 Sydsverige","SE22","Sydsverige","ERDF","2020","2014-2020","9,683,436","10,135,920","553,109","17,490"
"SE","SE2","SE22 Sydsverige","SE22","Sydsverige","ERDF","2021","2014-2020","9,392,500","9,091,925","551,246","17,431"
"SE","SE2","SE22 Sydsverige","SE22","Sydsverige","ERDF","2022","2014-2020","10,155,425","6,886,906","427,654","13,523"
"SE","SE2","SE22 Sydsverige","SE22","Sydsverige","ESF","2015","2014-2020","0","143,313","21,141","668"
"SE","SE2","SE22 Sydsverige","SE22","Sydsverige","ESF","2016","2014-2020","488,711","1,895,105","207,467","6,560"
"SE","SE2","SE22 Sydsverige","SE22","Sydsverige","ESF","2017","2014-2020","5,284,628","6,765,078","218,392","6,906"
"SE","SE2","SE22 Sydsverige","SE22","Sydsverige","ESF","2018","2014-2020","10,333,082","11,784,705","214,140","6,771"
"SE","SE2","SE22 Sydsverige","SE22","Sydsverige","ESF","2019","2014-2020","15,283,233","14,420,115","127,325","4,026"
"SE","SE2","SE22 Sydsverige","SE22","Sydsverige","ESF","2020","2014-2020","12,339,931","13,190,165","870,084","27,514"
"SE","SE2","SE22 Sydsverige","SE22","Sydsverige","ESF","2021","2014-2020","12,330,551","12,966,502","865,111","27,357"
"SE","SE2","SE22 Sydsverige","SE22","Sydsverige","ESF","2022","2014-2020","17,407,943","12,303,094","753,055","23,813"
"SE","SE2","SE23 Västsverige","SE23","Västsverige","ERDF","2015","2014-2020","0","1,728,756","213,298","6,745"
"SE","SE2","SE23 Västsverige","SE23","Västsverige","ERDF","2016","2014-2020","5,124,033","6,318,963","147,433","4,662"
"SE","SE2","SE23 Västsverige","SE23","Västsverige","ERDF","2017","2014-2020","8,665,804","9,555,205","109,736","3,470"
"SE","SE2","SE23 Västsverige","SE23","Västsverige","ERDF","2018","2014-2020","11,301,987","9,213,457","257,688","8,148"
"SE","SE2","SE23 Västsverige","SE23","Västsverige","ERDF","2019","2014-2020","5,111,585","8,510,427","877,003","27,733"
"SE","SE2","SE23 Västsverige","SE23","Västsverige","ERDF","2020","2014-2020","13,583,878","12,617,179","631,571","19,972"
"SE","SE2","SE23 Västsverige","SE23","Västsverige","ERDF","2021","2014-2020","9,231,890","9,171,335","757,616","23,957"
"SE","SE2","SE23 Västsverige","SE23","Västsverige","ERDF","2022","2014-2020","12,140,972","8,044,828","505,392","15,981"
"SE","SE2","SE23 Västsverige","SE23","Västsverige","ESF","2015","2014-2020","0","191,997","28,468","900"
"SE","SE2","SE23 Västsverige","SE23","Västsverige","ESF","2016","2014-2020","657,292","2,538,633","278,957","8,821"
"SE","SE2","SE23 Västsverige","SE23","Västsverige","ESF","2017","2014-2020","7,097,948","9,064,158","291,541","9,219"
"SE","SE2","SE23 Västsverige","SE23","Västsverige","ESF","2018","2014-2020","13,829,147","15,770,565","287,865","9,103"
"SE","SE2","SE23 Västsverige","SE23","Västsverige","ESF","2019","2014-2020","20,475,473","19,321,675","171,080","5,410"
"SE","SE2","SE23 Västsverige","SE23","Västsverige","ESF","2020","2014-2020","16,525,517","17,618,341","1,150,811","36,391"
"SE","SE2","SE23 Västsverige","SE23","Västsverige","ESF","2021","2014-2020","16,402,899","17,237,454","1,144,767","36,200"
"SE","SE2","SE23 Västsverige","SE23","Västsverige","ESF","2022","2014-2020","23,123,780","16,369,233","1,001,534","31,671"
"SE","SE3","SE31 Norra Mellansverige","SE31","Norra Mellansverige","ERDF","2015","2014-2020","0","2,151,745","302,202","9,556"
"SE","SE3","SE31 Norra Mellansverige","SE31","Norra Mellansverige","ERDF","2016","2014-2020","7,066,065","9,715,661","372,122","11,767"
"SE","SE3","SE31 Norra Mellansverige","SE31","Norra Mellansverige","ERDF","2017","2014-2020","15,767,008","18,489,144","382,310","12,089"
"SE","SE3","SE31 Norra Mellansverige","SE31","Norra Mellansverige","ERDF","2018","2014-2020","24,706,164","22,150,236","358,967","11,351"
"SE","SE3","SE31 Norra Mellansverige","SE31","Norra Mellansverige","ERDF","2019","2014-2020","16,312,814","17,072,478","106,691","3,373"
"SE","SE3","SE31 Norra Mellansverige","SE31","Norra Mellansverige","ERDF","2020","2014-2020","18,807,456","19,555,192","833,604","26,360"
"SE","SE3","SE31 Norra Mellansverige","SE31","Norra Mellansverige","ERDF","2021","2014-2020","18,569,701","17,003,106","856,233","27,076"
"SE","SE3","SE31 Norra Mellansverige","SE31","Norra Mellansverige","ERDF","2022","2014-2020","16,118,428","11,210,073","689,354","21,799"
"SE","SE3","SE31 Norra Mellansverige","SE31","Norra Mellansverige","ESF","2015","2014-2020","0","80,577","12,229","386"
"SE","SE3","SE31 Norra Mellansverige","SE31","Norra Mellansverige","ESF","2016","2014-2020","280,780","1,067,504","119,399","3,775"
"SE","SE3","SE31 Norra Mellansverige","SE31","Norra Mellansverige","ESF","2017","2014-2020","3,022,211","3,825,945","121,981","3,857"
"SE","SE3","SE31 Norra Mellansverige","SE31","Norra Mellansverige","ESF","2018","2014-2020","5,822,913","6,595,153","117,201","3,706"
"SE","SE3","SE31 Norra Mellansverige","SE31","Norra Mellansverige","ESF","2019","2014-2020","8,513,872","8,009,910","76,485","2,418"
"SE","SE3","SE31 Norra Mellansverige","SE31","Norra Mellansverige","ESF","2020","2014-2020","6,757,758","7,181,552","458,298","14,492"
"SE","SE3","SE31 Norra Mellansverige","SE31","Norra Mellansverige","ESF","2021","2014-2020","6,668,970","6,994,599","455,937","14,418"
"SE","SE3","SE31 Norra Mellansverige","SE31","Norra Mellansverige","ESF","2022","2014-2020","9,369,212","6,680,475","408,064","12,904"
"SE","SE3","SE32 Mellersta Norrland","SE32","Mellersta Norrland","ERDF","2015","2014-2020","0","1,618,251","200,223","6,331"
"SE","SE3","SE32 Mellersta Norrland","SE32","Mellersta Norrland","ERDF","2016","2014-2020","4,807,445","7,917,538","384,806","12,168"
"SE","SE3","SE32 Mellersta Norrland","SE32","Mellersta Norrland","ERDF","2017","2014-2020","14,046,802","19,088,490","623,798","19,726"
"SE","SE3","SE32 Mellersta Norrland","SE32","Mellersta Norrland","ERDF","2018","2014-2020","29,024,473","23,821,171","643,795","20,358"
"SE","SE3","SE32 Mellersta Norrland","SE32","Mellersta Norrland","ERDF","2019","2014-2020","13,566,684","17,397,343","1,534,016","48,509"
"SE","SE3","SE32 Mellersta Norrland","SE32","Mellersta Norrland","ERDF","2020","2014-2020","21,907,089","21,634,863","1,099,248","34,761"
"SE","SE3","SE32 Mellersta Norrland","SE32","Mellersta Norrland","ERDF","2021","2014-2020","19,386,712","17,548,431","1,185,160","37,478"
"SE","SE3","SE32 Mellersta Norrland","SE32","Mellersta Norrland","ERDF","2022","2014-2020","18,676,852","12,389,969","777,864","24,598"
"SE","SE3","SE32 Mellersta Norrland","SE32","Mellersta Norrland","ESF","2015","2014-2020","0","35,550","5,418","171"
"SE","SE3","SE32 Mellersta Norrland","SE32","Mellersta Norrland","ESF","2016","2014-2020","124,287","469,919","52,682","1,665"
"SE","SE3","SE32 Mellersta Norrland","SE32","Mellersta Norrland","ESF","2017","2014-2020","1,332,635","1,685,737","53,821","1,701"
"SE","SE3","SE32 Mellersta Norrland","SE32","Mellersta Norrland","ESF","2018","2014-2020","2,567,101","2,898,545","50,520","1,597"
"SE","SE3","SE32 Mellersta Norrland","SE32","Mellersta Norrland","ESF","2019","2014-2020","3,725,848","3,503,713","33,858","1,070"
"SE","SE3","SE32 Mellersta Norrland","SE32","Mellersta Norrland","ESF","2020","2014-2020","2,949,253","3,132,201","199,947","6,322"
"SE","SE3","SE32 Mellersta Norrland","SE32","Mellersta Norrland","ESF","2021","2014-2020","2,903,564","3,050,108","199,025","6,293"
"SE","SE3","SE32 Mellersta Norrland","SE32","Mellersta Norrland","ESF","2022","2014-2020","4,101,175","2,928,089","178,807","5,654"
"SE","SE3","SE33 Övre Norrland","SE33","Övre Norrland","ERDF","2015","2014-2020","0","2,863,304","348,977","11,035"
"SE","SE3","SE33 Övre Norrland","SE33","Övre Norrland","ERDF","2016","2014-2020","8,402,073","12,743,511","529,131","16,732"
"SE","SE3","SE33 Övre Norrland","SE33","Övre Norrland","ERDF","2017","2014-2020","21,141,578","28,158,006","855,156","27,042"
"SE","SE3","SE33 Övre Norrland","SE33","Övre Norrland","ERDF","2018","2014-2020","41,730,568","32,656,236","1,105,972","34,973"
"SE","SE3","SE33 Övre Norrland","SE33","Övre Norrland","ERDF","2019","2014-2020","15,102,867","20,601,258","2,522,761","79,776"
"SE","SE3","SE33 Övre Norrland","SE33","Övre Norrland","ERDF","2020","2014-2020","26,231,776","29,276,527","1,851,429","58,547"
"SE","SE3","SE33 Övre Norrland","SE33","Övre Norrland","ERDF","2021","2014-2020","32,964,786","28,929,405","1,852,510","58,581"
"SE","SE3","SE33 Övre Norrland","SE33","Övre Norrland","ERDF","2022","2014-2020","28,330,431","18,675,833","1,176,695","37,210"
"SE","SE3","SE33 Övre Norrland","SE33","Övre Norrland","ESF","2015","2014-2020","0","49,420","7,475","236"
"SE","SE3","SE33 Övre Norrland","SE33","Övre Norrland","ESF","2016","2014-2020","171,769","651,383","72,544","2,294"
"SE","SE3","SE33 Övre Norrland","SE33","Övre Norrland","ESF","2017","2014-2020","1,838,756","2,332,654","74,705","2,362"
"SE","SE3","SE33 Övre Norrland","SE33","Övre Norrland","ESF","2018","2014-2020","3,555,390","4,020,808","70,397","2,226"
"SE","SE3","SE33 Övre Norrland","SE33","Övre Norrland","ESF","2019","2014-2020","5,173,036","4,865,333","46,541","1,471"
"SE","SE3","SE33 Övre Norrland","SE33","Övre Norrland","ESF","2020","2014-2020","4,103,557","4,374,418","281,683","8,907"
"SE","SE3","SE33 Övre Norrland","SE33","Övre Norrland","ESF","2021","2014-2020","4,085,884","4,285,809","280,005","8,854"
"SE","SE3","SE33 Övre Norrland","SE33","Övre Norrland","ESF","2022","2014-2020","5,739,863","4,088,431","249,789","7,899"
