GDPC,VABI,EMP,QOA,QOR,YUA,REST,EBSG,GGFC,LBGD,FDI,PC,ARP,CO2C,PAM,EUPC
1.0187296867370605,0.980128288269043,1.0129549503326416,1.0200070142745972,0.9803429245948792,1.0198191404342651,1.0199402570724487,0.980920672416687,1.0066148042678833,1.016586184501648,0.9800874590873718,1.0199376344680786,1.019848346710205,1.0199905633926392,0.9799889326095581,0.9799975156784058
1.023827075958252,0.9704670906066895,1.0090428590774536,1.030027985572815,0.9706388115882874,1.029421091079712,1.0298265218734741,0.9763872623443604,0.9997289180755615,1.0166696310043335,0.9701880216598511,1.0297926664352417,1.0296130180358887,1.0299938917160034,0.9699887633323669,0.9699681997299194
1.0223716497421265,0.9610554575920105,1.00241219997406,1.0400744676589966,0.9608727693557739,1.0382869243621826,1.038857102394104,0.9766882658004761,0.991775393486023,1.0118557214736938,0.9602196216583252,1.0393956899642944,1.039291501045227,1.0400257110595703,0.9599536657333374,0.9599394202232361
1.0172662734985352,0.9519640207290649,0.9946725964546204,1.0501562356948853,0.9510260224342346,1.0457229614257812,1.045108437538147,0.9802579879760742,0.9832648038864136,1.0050508975982666,0.950183093547821,1.0485343933105469,1.0489457845687866,1.0501028299331665,0.9498692154884338,0.9499331116676331
1.0104384422302246,0.9432916045188904,0.9863179922103882,1.060282826423645,0.9410975575447083,1.0510698556900024,1.0465762615203857,0.9857494235038757,0.9743852019309998,0.9972503781318665,0.9400796890258789,1.0568591356277466,1.0586371421813965,1.0602353811264038,0.9397382736206055,0.9399709105491638
1.0026729106903076,0.9351066946983337,0.9775871634483337,1.0704658031463623,0.9311084747314453,1.0533943176269531,1.0436670780181885,0.9921681880950928,0.9652504920959473,0.9888685345649719,0.9299090504646301,1.063491940498352,1.0683461427688599,1.070428490638733,0.9295938014984131,0.9303333163261414
0.9942677617073059,0.927557110786438,0.9685137271881104,1.0807135105133057,0.9210383296012878,1.0533190965652466,1.038366436958313,0.9993475079536438,0.9558522701263428,0.9800238609313965,0.9196639060974121,1.0679072141647339,1.0781550407409668,1.0806907415390015,0.919399619102478,0.9208797812461853
0.9853856563568115,0.9207741022109985,0.9591413736343384,1.091035008430481,0.9108773469924927,1.0514397621154785,1.0316122770309448,1.0071728229522705,0.94620680809021,0.9708036184310913,0.9093390107154846,1.069704294204712,1.0881047248840332,1.0910290479660034,0.9091317653656006,0.9115017652511597
0.9761249423027039,0.9148566126823425,0.9495059251785278,1.1014389991760254,0.9006182551383972,1.048264980316162,1.0238807201385498,1.015549659729004,0.9363352656364441,0.9612686038017273,0.8989291787147522,1.0688310861587524,1.0982099771499634,1.101449966430664,0.8987748622894287,0.9021142721176147
0.9665494561195374,0.9098702669143677,0.9396352171897888,1.1119333505630493,0.8902543783187866,1.0442368984222412,1.0154398679733276,1.0243803262710571,0.9262601733207703,0.9514625072479248,0.8884296417236328,1.0655980110168457,1.1084691286087036,1.1119601726531982,0.8883196115493774,0.8926519155502319
0.9567028880119324,0.9058650732040405,0.9295510649681091,1.1225253343582153,0.8797791600227356,1.0397875308990479,1.006455421447754,1.0335462093353271,0.9160043001174927,0.9414178729057312,0.8778339624404907,1.0604833364486694,1.1188716888427734,1.1225658655166626,0.8777603507041931,0.8830661773681641
0.9466160535812378,0.9028980135917664,0.9192700982093811,1.13322114944458,0.8691864609718323,1.0354197025299072,0.9970380663871765,1.0428463220596313,0.9055899977684021,0.9311597943305969,0.8671349287033081,1.0539427995681763,1.1294041872024536,1.1332728862762451,0.8670932650566101,0.8733236193656921
0.9363169074058533,0.9017828106880188,0.908829391002655,1.1436079740524292,0.8584789037704468,1.0361723899841309,0.9873537421226501,1.052064061164856,0.8952271938323975,0.920846164226532,0.8565026521682739,1.0467238426208496,1.1397241353988647,1.1440485715866089,0.8563982248306274,0.8635070323944092
0.9258124232292175,0.9024436473846436,0.8982216119766235,1.1537855863571167,0.8476473093032837,1.039945125579834,0.9773693084716797,1.0617039203643799,0.8849310874938965,0.9104627370834351,0.8459277749061584,1.0387777090072632,1.1500872373580933,1.1549221277236938,0.8456137180328369,0.8535719513893127
0.9151119589805603,0.9047638773918152,0.8874446749687195,1.1638433933258057,0.8366856575012207,1.0457038879394531,0.967089831829071,1.0716689825057983,0.8747321963310242,0.9000028371810913,0.8354175686836243,1.03014075756073,1.1605826616287231,1.1659111976623535,0.8347024321556091,0.8434848785400391
0.9042587280273438,0.9080395698547363,0.8765209913253784,1.1742045879364014,0.8256005048751831,1.0521390438079834,0.9566811919212341,1.078491449356079,0.8643541932106018,0.8893113732337952,0.8247023820877075,1.0209802389144897,1.171298861503601,1.1770271062850952,0.8237109184265137,0.8331443667411804
0.893238365650177,0.9122921228408813,0.8654378056526184,1.1848446130752563,0.8143799304962158,1.0594422817230225,0.9460760951042175,1.081662654876709,0.8538680672645569,0.8784156441688538,0.8138189315795898,1.0113389492034912,1.1822261810302734,1.1882745027542114,0.8126009702682495,0.8225631713867188
0.8820457458496094,0.9175015091896057,0.8541901707649231,1.1957387924194336,0.8030175566673279,1.0676366090774536,0.9352520108222961,1.0813841819763184,0.8433541655540466,0.8673433661460876,0.8027987480163574,1.0012718439102173,1.193352460861206,1.1996567249298096,0.8013505339622498,0.8117527961730957
0.8706799149513245,0.9236157536506653,0.8427769541740417,1.2068649530410767,0.7915098071098328,1.0766265392303467,0.9242039918899536,1.0782909393310547,0.8329085111618042,0.8561225533485413,0.7916659712791443,0.9908279180526733,1.2046667337417603,1.2111766338348389,0.7899468541145325,0.8007233142852783
0.8591419458389282,0.9305654168128967,0.8311991095542908,1.218204140663147,0.7798545956611633,1.0862764120101929,0.9129347801208496,1.0730472803115845,0.8226499557495117,0.8447824716567993,0.7804385423660278,0.9800472855567932,1.216160774230957,1.2228366136550903,0.7783831357955933,0.7894838452339172
0.8474339246749878,0.9382771849632263,0.8194584846496582,1.2297399044036865,0.7680507302284241,1.0964621305465698,0.9014507532119751,1.066179871559143,0.8127293586730957,0.8333549499511719,0.7691318392753601,0.9689623713493347,1.227829098701477,1.2346385717391968,0.7666564583778381,0.7780425548553467
0.8355583548545837,0.9466824531555176,0.807557225227356,1.2414582967758179,0.7560977935791016,1.1070884466171265,0.8897597789764404,1.0580706596374512,0.8033406734466553,0.8218758702278137,0.7577635049819946,0.9575990438461304,1.2396680116653442,1.2465837001800537,0.7547662854194641,0.7664068937301636
0.8235179781913757,0.955720067024231,0.7954975962638855,1.2533470392227173,0.7439957857131958,1.1180870532989502,0.8778696656227112,1.048992395401001,0.7947319746017456,0.8103870749473572,0.7463571429252625,0.945978045463562,1.2516752481460571,1.2586727142333984,0.7427131533622742,0.7545837163925171
0.811350405216217,0.9655256271362305,0.7833320498466492,1.264839768409729,0.7317813038825989,1.12903892993927,0.865834653377533,1.0394293069839478,0.7885485291481018,0.7995102405548096,0.7356569170951843,0.9341555237770081,1.2637555599212646,1.2709152698516846,0.7305439710617065,0.7426278591156006
0.7990479469299316,0.9759604334831238,0.7710474729537964,1.2759932279586792,0.719444990158081,1.1402333974838257,0.8536441326141357,1.0293248891830444,0.7849847674369812,0.7893328666687012,0.7257041335105896,0.9221301078796387,1.2759727239608765,1.2833144664764404,0.7182426452636719,0.7305300235748291
0.7865732908248901,0.9867543578147888,0.7585890889167786,1.2874946594238281,0.706945538520813,1.1518064737319946,0.8412591218948364,1.018657922744751,0.7828730344772339,0.7791839241981506,0.7156169414520264,0.9098832011222839,1.2883760929107666,1.2958362102508545,0.7057667970657349,0.7182402014732361
0.7739319801330566,0.997891902923584,0.7459628582000732,1.299294352531433,0.6942875981330872,1.1637200117111206,0.8286857604980469,1.0074926614761353,0.7825072407722473,0.7691883444786072,0.7054581046104431,0.8974230289459229,1.300961971282959,1.3084826469421387,0.6931191086769104,0.7057680487632751
0.7611295580863953,1.0093530416488647,0.7331745028495789,1.3113510608673096,0.6814756393432617,1.1759395599365234,0.8159312009811401,0.9958871006965637,0.784072756767273,0.7594944834709167,0.6952732801437378,0.8847589492797852,1.313726544380188,1.3212552070617676,0.6803032755851746,0.6931219100952148
0.7481719255447388,1.0211151838302612,0.7202292084693909,1.3236292600631714,0.6685141324996948,1.1884368658065796,0.8030035495758057,0.9838903546333313,0.7876054644584656,0.7502833008766174,0.6850882768630981,0.871900200843811,1.3266665935516357,1.3341549634933472,0.667323887348175,0.6803091764450073
0.7350839972496033,1.0332388877868652,0.7071539759635925,1.3352867364883423,0.6554260849952698,1.2011593580245972,0.7899346947669983,0.9715543985366821,0.7932732105255127,0.742335319519043,0.675398051738739,0.8588714003562927,1.3388723134994507,1.3472100496292114,0.6542051434516907,0.6673563122749329
0.7218310236930847,1.045422911643982,0.6939079165458679,1.3472272157669067,0.6421757936477661,1.2140984535217285,0.7766880393028259,0.9589389562606812,0.8002172708511353,0.7346794009208679,0.6652244329452515,0.8456552624702454,1.3513071537017822,1.360337257385254,0.6409162282943726,0.654226541519165
0.7084047198295593,1.057199239730835,0.6804850101470947,1.3595625162124634,0.6287532448768616,1.2270958423614502,0.7632656097412109,0.9461371898651123,0.8078817129135132,0.7266351580619812,0.6542858481407166,0.8322668075561523,1.3638092279434204,1.3734278678894043,0.627460241317749,0.6409090757369995
0.69484543800354,1.0691914558410645,0.6669212579727173,1.3716565370559692,0.6151983737945557,1.2403435707092285,0.7496989965438843,0.9330489635467529,0.8168450593948364,0.7197362780570984,0.6431915760040283,0.8187117576599121,1.3765380382537842,1.38663911819458,0.6138578057289124,0.6274504065513611
0.6811695098876953,1.0814605951309204,0.6532319784164429,1.3835572004318237,0.6015259623527527,1.2538254261016846,0.7360081076622009,0.9197103381156921,0.8245683312416077,0.714623749256134,0.6321342587471008,0.8050089478492737,1.389565348625183,1.3999848365783691,0.6001245379447937,0.6138671636581421
0.6673834323883057,1.0939770936965942,0.6394214630126953,1.3952763080596924,0.5877410173416138,1.2675278186798096,0.7222012281417847,0.9061445593833923,0.8313701748847961,0.71161949634552,0.6211119294166565,0.7911661267280579,1.4028940200805664,1.4134576320648193,0.5862666368484497,0.6001657843589783
0.6534774899482727,1.1065770387649536,0.6254770159721375,1.406772255897522,0.5738145709037781,1.280827522277832,0.7082658410072327,0.8923546075820923,0.8371602296829224,0.7104887962341309,0.6098350882530212,0.777173638343811,1.4164990186691284,1.4270120859146118,0.5722735524177551,0.5863376259803772
0.6394450664520264,1.1190555095672607,0.611390233039856,1.4179868698120117,0.5599421262741089,1.2943226099014282,0.6941938400268555,0.8783481121063232,0.8450663089752197,0.7110005617141724,0.59809809923172,0.7630256414413452,1.4303419589996338,1.4406002759933472,0.5581390261650085,0.5723768472671509
0.6253018975257874,1.1314305067062378,0.597173810005188,1.428914189338684,0.5460983514785767,1.3080995082855225,0.6800039410591125,0.8641466498374939,0.8545390367507935,0.7134117484092712,0.585969865322113,0.748736560344696,1.444392442703247,1.454233169555664,0.5438786149024963,0.5582981705665588
0.6110084652900696,1.1426938772201538,0.5827920436859131,1.4405509233474731,0.5320776700973511,1.3221577405929565,0.6656476259231567,0.8497422337532043,0.8650234937667847,0.71649169921875,0.5732330083847046,0.7342764139175415,1.4585806131362915,1.467690110206604,0.5294555425643921,0.5440671443939209
0.5965861082077026,1.1528122425079346,0.5682629346847534,1.452759027481079,0.5179541707038879,1.3364689350128174,0.651147723197937,0.8351471424102783,0.8763946890830994,0.720553994178772,0.5599911212921143,0.7196630835533142,1.4728822708129883,1.4809890985488892,0.5148899555206299,0.5297043323516846
0.5821264386177063,1.1630645990371704,0.5536667108535767,1.4643899202346802,0.5037278532981873,1.351019263267517,0.6366164684295654,0.8204545378684998,0.8886088132858276,0.7269673943519592,0.5466818809509277,0.7049790620803833,1.4873290061950684,1.4944273233413696,0.5002759695053101,0.515289843082428
0.5676281452178955,1.1731833219528198,0.5389982461929321,1.475385308265686,0.4894310534000397,1.3657745122909546,0.6220511198043823,0.805661141872406,0.9015124440193176,0.7352196574211121,0.5331854224205017,0.6902152299880981,1.5018889904022217,1.507970929145813,0.48561206459999084,0.5008212327957153
0.5531060099601746,1.1830635070800781,0.524267315864563,1.4857044219970703,0.47507718205451965,1.380743145942688,0.6074703931808472,0.7907849550247192,0.9149913787841797,0.7450020909309387,0.519487738609314,0.6753770709037781,1.5165435075759888,1.5216301679611206,0.47091516852378845,0.4863092601299286
0.5385777950286865,1.1926469802856445,0.5094873905181885,1.4953280687332153,0.4606773853302002,1.3958877325057983,0.5928941369056702,0.775847852230072,0.9289587140083313,0.7560417056083679,0.5056084990501404,0.6604753732681274,1.5312899351119995,1.535414457321167,0.4562061131000519,0.471768319606781
0.5240545272827148,1.2017720937728882,0.49466708302497864,1.5042425394058228,0.44622382521629333,1.4111818075180054,0.5783294439315796,0.7608629465103149,0.9433460831642151,0.7680937647819519,0.49155449867248535,0.6455175280570984,1.5461148023605347,1.5493062734603882,0.44149884581565857,0.4572087526321411
0.5094577074050903,1.2082711458206177,0.47973892092704773,1.5141959190368652,0.43163424730300903,1.4264789819717407,0.5636649131774902,0.7457279562950134,0.9580284357070923,0.7807105779647827,0.47708261013031006,0.6304329037666321,1.560920238494873,1.5629758834838867,0.42670759558677673,0.44256773591041565
0.4948495626449585,1.2128814458847046,0.4647582471370697,1.524487853050232,0.41695699095726013,1.4417911767959595,0.5489752888679504,0.7305231094360352,0.9730215668678284,0.7939879894256592,0.4623286724090576,0.6152739524841309,1.5757486820220947,1.5765879154205322,0.4119061231613159,0.42789700627326965
0.4803541898727417,1.2173466682434082,0.44983410835266113,1.5327308177947998,0.40244054794311523,1.4572035074234009,0.5344228744506836,0.7154280543327332,0.9883221387863159,0.8079151511192322,0.44768789410591125,0.6001441478729248,1.5906846523284912,1.5904539823532104,0.3972451984882355,0.41329503059387207
0.46598008275032043,1.2213717699050903,0.4349735677242279,1.5389724969863892,0.3880496621131897,1.472670078277588,0.5200146436691284,0.7004542946815491,1.0038994550704956,0.8223875761032104,0.43310120701789856,0.585037887096405,1.6057120561599731,1.6045385599136353,0.38274338841438293,0.3987663984298706
0.45161718130111694,1.2224948406219482,0.420083612203598,1.5459301471710205,0.3736678659915924,1.4879567623138428,0.5055908560752869,0.6854362487792969,1.0196608304977417,0.8369879126548767,0.4181802570819855,0.5698573589324951,1.6207103729248047,1.6184558868408203,0.3682760000228882,0.38422563672065735
0.4372873604297638,1.2208821773529053,0.4051904082298279,1.5535956621170044,0.3593035638332367,1.502991795539856,0.4911643862724304,0.6704118251800537,1.035590410232544,0.8516947031021118,0.40300315618515015,0.5546295046806335,1.6356637477874756,1.6321752071380615,0.3538780212402344,0.36969494819641113
0.42314621806144714,1.218529224395752,0.3904373049736023,1.559312343597412,0.3451040983200073,1.5179489850997925,0.47692662477493286,0.6556298732757568,1.051749587059021,0.8668032884597778,0.38806381821632385,0.5394900441169739,1.6506800651550293,1.6460894346237183,0.3397544026374817,0.35529983043670654
0.40920716524124146,1.2152107954025269,0.37583866715431213,1.5631730556488037,0.33110085129737854,1.5327677726745605,0.46288785338401794,0.6411147713661194,1.0681124925613403,0.8822596669197083,0.37332260608673096,0.52443528175354,1.6657265424728394,1.660159707069397,0.32593661546707153,0.34104955196380615
0.3953375518321991,1.2092136144638062,0.36128202080726624,1.5682092905044556,0.3172152638435364,1.5470727682113647,0.44886305928230286,0.6266539692878723,1.0845587253570557,0.8977077007293701,0.35830122232437134,0.509345531463623,1.680572509765625,1.6738770008087158,0.3122689425945282,0.32684218883514404
0.38160085678100586,1.201327919960022,0.34683656692504883,1.5745000839233398,0.30331453680992126,1.560960054397583,0.43491223454475403,0.6123654246330261,1.1000123023986816,0.9132269620895386,0.34321606159210205,0.4942883551120758,1.6952545642852783,1.6873276233673096,0.29885292053222656,0.3127358555793762
0.36817866563796997,1.1930168867111206,0.33267971873283386,1.5792452096939087,0.2895788848400116,1.574674129486084,0.4212457537651062,0.598582923412323,1.115002155303955,0.9290794730186462,0.32877564430236816,0.47943180799484253,1.7099288702011108,1.7009605169296265,0.28595608472824097,0.298880010843277
0.35503116250038147,1.1837512254714966,0.31878387928009033,1.582466721534729,0.2760218679904938,1.5880160331726074,0.40779897570610046,0.585252046585083,1.1304800510406494,0.9451290369033813,0.3147432208061218,0.4647327661514282,1.7245088815689087,1.7145562171936035,0.2735516428947449,0.28524652123451233
0.34217262268066406,1.1735224723815918,0.30517375469207764,1.5843243598937988,0.26270580291748047,1.6008954048156738,0.39457547664642334,0.5724182724952698,1.146356463432312,0.9613267183303833,0.30111926794052124,0.4502010941505432,1.7389576435089111,1.728040337562561,0.26168954372406006,0.2718515694141388
0.32942524552345276,1.1616626977920532,0.29170089960098267,1.58826744556427,0.24949011206626892,1.6126400232315063,0.38132965564727783,0.5597789883613586,1.1623926162719727,0.9770675897598267,0.2872646152973175,0.43570107221603394,1.7529997825622559,1.740527868270874,0.25015074014663696,0.258566677570343
0.3168317675590515,1.1485744714736938,0.2784225642681122,1.594185471534729,0.23668915033340454,1.6231459379196167,0.36809006333351135,0.5474334359169006,1.1785717010498047,0.9923150539398193,0.273370623588562,0.4212932884693146,1.7666255235671997,1.7509130239486694,0.23902520537376404,0.2454374134540558
0.3045966923236847,1.134974718093872,0.26554545760154724,1.5989878177642822,0.22455354034900665,1.6328798532485962,0.35509154200553894,0.5357946753501892,1.1950281858444214,1.0076102018356323,0.2601906359195709,0.40715834498405457,1.7801812887191772,1.7603780031204224,0.22864307463169098,0.23263153433799744
0.29272451996803284,1.1208702325820923,0.25308743119239807,1.6027281284332275,0.21324636042118073,1.641732096672058,0.3423308730125427,0.5249037742614746,1.2117078304290771,1.0228471755981445,0.24766038358211517,0.3932945132255554,1.7935954332351685,1.76912522315979,0.21904994547367096,0.22015871107578278
0.2812141180038452,1.106277585029602,0.24106766283512115,1.6056550741195679,0.2028171867132187,1.6495128870010376,0.3297824263572693,0.5147972106933594,1.2285563945770264,1.0379595756530762,0.23580105602741241,0.37971776723861694,1.8067944049835205,1.7771940231323242,0.21029065549373627,0.20803071558475494
0.27006110548973083,1.0912294387817383,0.22950416803359985,1.6081115007400513,0.19329960644245148,1.6560027599334717,0.3174108862876892,0.5055070519447327,1.2455239295959473,1.052535891532898,0.22468282282352448,0.3664509057998657,1.8197077512741089,1.7846907377243042,0.20240740478038788,0.1962587535381317
0.25910934805870056,1.0755096673965454,0.21826326847076416,1.6135188341140747,0.184593066573143,1.6605437994003296,0.3050290048122406,0.4967516362667084,1.2609679698944092,1.0656927824020386,0.2136223167181015,0.35336431860923767,1.8320180177688599,1.7906655073165894,0.1952056586742401,0.1847291886806488
0.2483823597431183,1.0592647790908813,0.20738229155540466,1.6212565898895264,0.17680169641971588,1.6631611585617065,0.2926667034626007,0.48860588669776917,1.2750004529953003,1.0771474838256836,0.2026546448469162,0.3404814600944519,1.8436733484268188,1.7951687574386597,0.18875689804553986,0.1734687089920044
0.23807336390018463,1.0429253578186035,0.19706985354423523,1.6283433437347412,0.16999992728233337,1.6643850803375244,0.2805293798446655,0.4815046191215515,1.2895997762680054,1.0875911712646484,0.19265687465667725,0.32799288630485535,1.854934573173523,1.79913330078125,0.1833983063697815,0.16264186799526215
0.22819118201732635,1.0265522003173828,0.18695466220378876,1.6350642442703247,0.1641557365655899,1.664172887802124,0.2686117887496948,0.47550487518310547,1.3046784400939941,1.0967035293579102,0.18376196920871735,0.3159288763999939,1.8657337427139282,1.8025486469268799,0.17918290197849274,0.15226608514785767
0.2187223881483078,1.0101569890975952,0.1774788498878479,1.641404151916504,0.15934810042381287,1.6625815629959106,0.2569084167480469,0.47061052918434143,1.320154070854187,1.1042180061340332,0.1758430302143097,0.3042798936367035,1.8759856224060059,1.805393099784851,0.17612172663211823,0.14233730733394623
0.20970022678375244,0.9938629269599915,0.16868922114372253,1.6475528478622437,0.15511807799339294,1.659786581993103,0.2454576939344406,0.46691110730171204,1.3359990119934082,1.1101258993148804,0.16906024515628815,0.2930905818939209,1.885352611541748,1.8078584671020508,0.17429077625274658,0.1328890472650528
0.2010905146598816,0.9776251316070557,0.16056150197982788,1.65374755859375,0.15201495587825775,1.6557356119155884,0.23421208560466766,0.46433863043785095,1.3521239757537842,1.114016056060791,0.16333267092704773,0.28235486149787903,1.8937627077102661,1.8097741603851318,0.17365479469299316,0.12389711290597916
0.1928764432668686,0.9614465236663818,0.1530848741531372,1.660024881362915,0.15005381405353546,1.6505584716796875,0.22316451370716095,0.462850421667099,1.3684808015823364,1.1160794496536255,0.15852037072181702,0.27206528186798096,1.9011502265930176,1.8111525774002075,0.1741933971643448,0.11534695327281952
0.18503381311893463,0.9453184008598328,0.1462394893169403,1.6663379669189453,0.14967316389083862,1.6444112062454224,0.2123071253299713,0.46238648891448975,1.3850280046463013,1.116300344467163,0.1544170081615448,0.26220256090164185,1.9074335098266602,1.8120065927505493,0.1758689433336258,0.10721611231565475
0.17722655832767487,0.9287066459655762,0.13968558609485626,1.6755567789077759,0.15047357976436615,1.6366909742355347,0.20128923654556274,0.4622625708580017,1.4013738632202148,1.1133345365524292,0.14958791434764862,0.2524738311767578,1.9119287729263306,1.8107177019119263,0.17820775508880615,0.09922859817743301
0.16976509988307953,0.912225604057312,0.1337353140115738,1.6847121715545654,0.1527232676744461,1.6282366514205933,0.19044919312000275,0.46307510137557983,1.4178948402404785,1.1088902950286865,0.1454056352376938,0.2431713491678238,1.9153363704681396,1.8089957237243652,0.18163847923278809,0.0916266217827797
0.16272233426570892,0.8960916996002197,0.12845849990844727,1.693832278251648,0.15645891427993774,1.6194558143615723,0.17989447712898254,0.46493613719940186,1.433292269706726,1.1035658121109009,0.14206914603710175,0.23435285687446594,1.917828917503357,1.807449460029602,0.1862313151359558,0.08445903658866882
0.15606552362442017,0.88028484582901,0.12381414324045181,1.7028497457504272,0.16158421337604523,1.6104753017425537,0.16961261630058289,0.46774551272392273,1.4476988315582275,1.0974818468093872,0.139352485537529,0.22598013281822205,1.9193929433822632,1.8061497211456299,0.19190973043441772,0.07768743485212326
0.1496550738811493,0.8645516633987427,0.11964740604162216,1.7117838859558105,0.16769956052303314,1.6010640859603882,0.159457728266716,0.47119829058647156,1.4626176357269287,1.0902633666992188,0.13670925796031952,0.21792598068714142,1.919852614402771,1.8045330047607422,0.19847071170806885,0.07118404656648636
0.14344578981399536,0.8488612174987793,0.11589966714382172,1.7207257747650146,0.17443108558654785,1.5912364721298218,0.14939238131046295,0.4751768708229065,1.477958083152771,1.0819830894470215,0.1339760720729828,0.21014495193958282,1.9194598197937012,1.802523136138916,0.20583686232566833,0.06489753723144531
0.1370377540588379,0.8326246738433838,0.11214417964220047,1.7320854663848877,0.18144996464252472,1.5804487466812134,0.13903813064098358,0.47886908054351807,1.493223786354065,1.0717686414718628,0.12938784062862396,0.20225679874420166,1.9177024364471436,1.7984623908996582,0.21349021792411804,0.058490969240665436
0.1307993084192276,0.816516637802124,0.1087440475821495,1.7429269552230835,0.18908634781837463,1.5695452690124512,0.12878969311714172,0.4829767644405365,1.5088984966278076,1.0610283613204956,0.12445048987865448,0.19458319246768951,1.9153951406478882,1.7943252325057983,0.22187861800193787,0.05224340036511421
0.12469840049743652,0.8005133867263794,0.1056465357542038,1.7533366680145264,0.1972675621509552,1.5585412979125977,0.11862152814865112,0.4873996078968048,1.524924397468567,1.0498710870742798,0.11904942244291306,0.18708352744579315,1.9125703573226929,1.7901073694229126,0.23093850910663605,0.046109192073345184
0.1187124252319336,0.7846137285232544,0.10281230509281158,1.7632516622543335,0.20598089694976807,1.5475395917892456,0.10852857679128647,0.49206113815307617,1.5412675142288208,1.0384011268615723,0.11304586380720139,0.1797221153974533,1.9092636108398438,1.785885214805603,0.24062204360961914,0.040054213255643845
0.11281846463680267,0.7688103914260864,0.10020213574171066,1.7726142406463623,0.2152114063501358,1.5366272926330566,0.09850271791219711,0.49688073992729187,1.5578914880752563,1.0268263816833496,0.1063217744231224,0.172464519739151,1.9055067300796509,1.7816988229751587,0.25088435411453247,0.03404516354203224
0.1071142926812172,0.7532989382743835,0.09790101647377014,1.7817236185073853,0.2252190113067627,1.5260432958602905,0.08864321559667587,0.502008318901062,1.5734672546386719,1.0157134532928467,0.09929883480072021,0.16538961231708527,1.9013385772705078,1.7780762910842896,0.2618154287338257,0.02814365364611149
0.10145589709281921,0.7378449440002441,0.0957440584897995,1.7903366088867188,0.2358434945344925,1.5155953168869019,0.07881619036197662,0.5071266889572144,1.5894488096237183,1.0048409700393677,0.09143608063459396,0.15835458040237427,1.8965789079666138,1.7744216918945312,0.27324068546295166,0.022223027423024178
0.0959433764219284,0.722652792930603,0.09382306039333344,1.7986621856689453,0.24685776233673096,1.5056902170181274,0.0691266655921936,0.5124120712280273,1.6044527292251587,0.9948265552520752,0.08313681185245514,0.15143898129463196,1.8915058374404907,1.771285891532898,0.2852548360824585,0.016352463513612747
0.09042640030384064,0.7074794173240662,0.09196285903453827,1.8065650463104248,0.2581253945827484,1.4960103034973145,0.05942656099796295,0.5175249576568604,1.6199414730072021,0.9853754639625549,0.07394984364509583,0.1444985270500183,1.885934829711914,1.7679550647735596,0.2976877987384796,0.01040174812078476
0.08488808572292328,0.6923179626464844,0.09012902528047562,1.814107060432434,0.26962703466415405,1.4865119457244873,0.04970073699951172,0.5223946571350098,1.6358261108398438,0.976749837398529,0.0639059990644455,0.137508824467659,1.8799190521240234,1.7643542289733887,0.3105163276195526,0.004348184913396835
0.07932894676923752,0.6771876215934753,0.08831045031547546,1.8212804794311523,0.28137144446372986,1.4772357940673828,0.039955541491508484,0.5269920825958252,1.652050495147705,0.9688881635665894,0.05306942015886307,0.13046230375766754,1.873466968536377,1.7605096101760864,0.3237348198890686,-0.0018138987943530083
0.0733085498213768,0.6614785194396973,0.08601254969835281,1.8313779830932617,0.2929648756980896,1.4673367738723755,0.029779929667711258,0.5302716493606567,1.6679880619049072,0.9604280591011047,0.04049697890877724,0.12296798825263977,1.8658915758132935,1.754429578781128,0.33685457706451416,-0.008435922674834728
0.0672820657491684,0.6458690166473389,0.08371513336896896,1.8408265113830566,0.3049502968788147,1.4576530456542969,0.01960422843694687,0.5332642197608948,1.684217095375061,0.9531501531600952,0.027406997978687286,0.11542175710201263,1.8580985069274902,1.7481938600540161,0.3503875732421875,-0.015166224911808968
0.061378009617328644,0.6305813193321228,0.08155404776334763,1.8496588468551636,0.31741440296173096,1.4485377073287964,0.009563835337758064,0.5362752079963684,1.6993430852890015,0.9476772546768188,0.014131393283605576,0.10793357342481613,1.8503837585449219,1.7425159215927124,0.3644466996192932,-0.02190183848142624
0.05558474361896515,0.6156011819839478,0.07950994372367859,1.8577592372894287,0.33031895756721497,1.4399996995925903,-0.0003465302288532257,0.5392950773239136,1.7134920358657837,0.9440613985061646,0.0006418665871024132,0.10048937797546387,1.842788577079773,1.737403392791748,0.3789971172809601,-0.02865123189985752
0.04987240955233574,0.6008650660514832,0.07753074169158936,1.865332841873169,0.34359630942344666,1.431827425956726,-0.01016981340944767,0.5422518849372864,1.726722240447998,0.9422604441642761,-0.013064212165772915,0.09305568039417267,1.835353136062622,1.732634425163269,0.39399266242980957,-0.03544682264328003
0.04410763084888458,0.586180567741394,0.07546528428792953,1.8719485998153687,0.3571109473705292,1.4238183498382568,-0.02001868560910225,0.5448728203773499,1.74064302444458,0.9417840838432312,-0.02730758674442768,0.08551401644945145,1.8278818130493164,1.7276643514633179,0.4092940092086792,-0.04238595813512802
0.03829442337155342,0.5715476870536804,0.07330872863531113,1.8776427507400513,0.3708394169807434,1.4160224199295044,-0.029890064150094986,0.5471798181533813,1.7551294565200806,0.9424630999565125,-0.04204273968935013,0.07786588370800018,1.8204132318496704,1.7224712371826172,0.42489731311798096,-0.04946398362517357
0.03243371471762657,0.5569425821304321,0.07104512304067612,1.8826733827590942,0.3847462832927704,1.4082876443862915,-0.03979554772377014,0.5491616725921631,1.7700426578521729,0.9441351294517517,-0.05721783638000488,0.07010775059461594,1.8129674196243286,1.716931700706482,0.4407927691936493,-0.05668540671467781
0.026547934859991074,0.5424021482467651,0.06870343536138535,1.8868465423583984,0.3988329768180847,1.4007540941238403,-0.049700453877449036,0.5509012341499329,1.7853381633758545,0.9467412233352661,-0.07280456274747849,0.062263961881399155,1.8055546283721924,1.711184024810791,0.4569888412952423,-0.06402090191841125
0.020191723480820656,0.5273308157920837,0.06577365100383759,1.8941352367401123,0.41268348693847656,1.3925161361694336,-0.0600004605948925,0.5512896180152893,1.800213098526001,0.9484462738037109,-0.08941368758678436,0.05396603047847748,1.797394037246704,1.7032910585403442,0.47304192185401917,-0.07180115580558777
0.013882054015994072,0.512391209602356,0.06282328069210052,1.9005227088928223,0.4267357885837555,1.384279489517212,-0.07024430483579636,0.5515995025634766,1.8153753280639648,0.9509336352348328,-0.10620659589767456,0.04564705491065979,1.7894065380096436,1.695322871208191,0.4894607365131378,-0.07963871955871582
0.007787676062434912,0.49782276153564453,0.060058191418647766,1.9059321880340576,0.4411205053329468,1.3765487670898438,-0.08026048541069031,0.5523038506507874,1.8293483257293701,0.954567015171051,-0.122942253947258,0.03745990991592407,1.7818663120269775,1.6881091594696045,0.5063628554344177,-0.08738650381565094
0.0019301995635032654,0.4836355447769165,0.05750742554664612,1.910406231880188,0.4558356702327728,1.3693660497665405,-0.0900290459394455,0.553490936756134,1.8422330617904663,0.9591310024261475,-0.1396031379699707,0.029425762593746185,1.7748022079467773,1.681679129600525,0.5232881307601929,-0.09501851350069046
-0.004144973587244749,0.46918749809265137,0.054515376687049866,1.9176607131958008,0.4704751968383789,1.3617850542068481,-0.09995557367801666,0.5540462136268616,1.8530426025390625,0.9628682732582092,-0.1568654328584671,0.02116558328270912,1.7673861980438232,1.6740007400512695,0.539943277835846,-0.10286815464496613
-0.009952445514500141,0.45508596301078796,0.05163123458623886,1.923790693283081,0.4854238033294678,1.3545364141464233,-0.1096302792429924,0.5551926493644714,1.8629279136657715,0.9671470522880554,-0.17401240766048431,0.01306760124862194,1.7605053186416626,1.6670210361480713,0.5571881532669067,-0.11058205366134644
-0.015618676319718361,0.44115975499153137,0.048722390085458755,1.9284173250198364,0.5005533695220947,1.347386360168457,-0.11915822327136993,0.5566869378089905,1.8735755681991577,0.9711402058601379,-0.1912570297718048,0.005028215236961842,1.753948450088501,1.6602284908294678,0.5748732089996338,-0.11824203282594681
-0.02112550102174282,0.4274390935897827,0.04582826793193817,1.9315017461776733,0.5158842206001282,1.3403887748718262,-0.12851496040821075,0.558631956577301,1.8848559856414795,0.9746215343475342,-0.20856262743473053,-0.002929180860519409,1.747741460800171,1.6536861658096313,0.5929780006408691,-0.12581689655780792
-0.026900598779320717,0.4133692979812622,0.042467132210731506,1.9369226694107056,0.5310527086257935,1.332574725151062,-0.138082355260849,0.559920072555542,1.8956750631332397,0.9756840467453003,-0.22640199959278107,-0.011151804588735104,1.7411298751831055,1.645499587059021,0.6111454367637634,-0.13361716270446777
-0.03244426101446152,0.3996064364910126,0.03924102336168289,1.940783977508545,0.5465281009674072,1.3249398469924927,-0.1474115550518036,0.5618926286697388,1.90692138671875,0.9761260151863098,-0.24410833418369293,-0.01921357959508896,1.7347567081451416,1.6376867294311523,0.6297573447227478,-0.1412496268749237
-0.03777414932847023,0.3861590325832367,0.03616514801979065,1.9429842233657837,0.5623248815536499,1.317558765411377,-0.15649570524692535,0.5645653605461121,1.918440341949463,0.9758130311965942,-0.2616720199584961,-0.027101464569568634,1.728868842124939,1.6301827430725098,0.648770272731781,-0.14869461953639984
-0.043309036642313004,0.37248867750167847,0.03277982026338577,1.9473973512649536,0.5781412124633789,1.3095567226409912,-0.16570784151554108,0.5668089389801025,1.9290684461593628,0.973030686378479,-0.2795192301273346,-0.03514395281672478,1.7224953174591064,1.6211531162261963,0.66787189245224,-0.15625345706939697
-0.04901298135519028,0.3586864769458771,0.029237175360322,1.9533573389053345,0.5940306186676025,1.301194667816162,-0.17498677968978882,0.5687682628631592,1.9388043880462646,0.9680662155151367,-0.2975676953792572,-0.04328392073512077,1.7159491777420044,1.6108897924423218,0.6870824694633484,-0.1638675183057785
-0.054444052278995514,0.3453015089035034,0.026039553806185722,1.9574099779129028,0.610350489616394,1.2932440042495728,-0.1839504837989807,0.5715970993041992,1.9485207796096802,0.9625589847564697,-0.3152468502521515,-0.051153235137462616,1.7100638151168823,1.6009855270385742,0.7066890001296997,-0.17120462656021118
-0.05950309336185455,0.3324733078479767,0.023303112015128136,1.959936499595642,0.6271569132804871,1.2858999967575073,-0.19250550866127014,0.5755357146263123,1.9565521478652954,0.9570176005363464,-0.3323909342288971,-0.05865418165922165,1.7050529718399048,1.5918079614639282,0.7267062664031982,-0.17817968130111694
-0.06421119719743729,0.32022762298583984,0.02103380486369133,1.9607408046722412,0.6444100737571716,1.2793848514556885,-0.20063506066799164,0.5805796384811401,1.9630688428878784,0.9514942765235901,-0.34900858998298645,-0.0657714232802391,1.7008754014968872,1.5834084749221802,0.747075080871582,-0.18477556109428406
-0.06902167946100235,0.30797237157821655,0.01867121085524559,1.9634535312652588,0.661742627620697,1.2726820707321167,-0.2087501883506775,0.5854920744895935,1.9669517278671265,0.9446840286254883,-0.3656279742717743,-0.07288230955600739,1.6967209577560425,1.5739597082138062,0.767486572265625,-0.19134272634983063
-0.07401514798402786,0.2956330478191376,0.016117706894874573,1.9675519466400146,0.6790432929992676,1.2657445669174194,-0.2169094681739807,0.5900685787200928,1.9700400829315186,0.9364657998085022,-0.3823259472846985,-0.08004900068044662,1.6922175884246826,1.5633418560028076,0.7878596782684326,-0.19793805480003357
-0.07875344157218933,0.2837555706501007,0.013875693082809448,1.9695675373077393,0.6965927481651306,1.2594887018203735,-0.22473415732383728,0.595468282699585,1.9734519720077515,0.9282028675079346,-0.3985940217971802,-0.08692389726638794,1.6881858110427856,1.5531632900238037,0.808452844619751,-0.20424214005470276
-0.08366821706295013,0.27180787920951843,0.01140540186315775,1.9727795124053955,0.7139851450920105,1.2530138492584229,-0.2326052337884903,0.6005057692527771,1.9760383367538452,0.9187130331993103,-0.41493481397628784,-0.0938681811094284,1.6841336488723755,1.5419801473617554,0.8289529085159302,-0.2105867564678192
-0.08832860738039017,0.2603151798248291,0.00920574739575386,1.9738608598709106,0.7315202951431274,1.2471870183944702,-0.24015593528747559,0.6063142418861389,1.9789128303527832,0.9093137383460999,-0.430858850479126,-0.1005423441529274,1.6808408498764038,1.531295895576477,0.8496249914169312,-0.2166587859392166
-0.09312297403812408,0.2488204687833786,0.006813105195760727,1.975932002067566,0.7488241195678711,1.2413160800933838,-0.24771343171596527,0.6118460297584534,1.9810988903045654,0.8989555835723877,-0.44681060314178467,-0.10725916177034378,1.677354097366333,1.5198965072631836,0.8701840043067932,-0.22274166345596313
-0.09801770001649857,0.2373465597629547,0.004233985207974911,1.9788823127746582,0.7658704519271851,1.235343337059021,-0.2552677392959595,0.6171160936355591,1.982606053352356,0.8878213763237,-0.4627512991428375,-0.1140107586979866,1.6737598180770874,1.5078948736190796,0.8906369209289551,-0.22882801294326782
-0.10259727388620377,0.22640523314476013,0.001965888077393174,1.9793434143066406,0.7829731106758118,1.2301069498062134,-0.2624584138393402,0.6232585310935974,1.9845752716064453,0.8770598769187927,-0.47822779417037964,-0.1204628199338913,1.6710712909698486,1.4967297315597534,0.9112454652786255,-0.2346053421497345
-0.10727943480014801,0.21548795700073242,-0.000506803160533309,1.9805936813354492,0.7997238636016846,1.2247262001037598,-0.2696508467197418,0.6290611624717712,1.9858545064926147,0.8656676411628723,-0.4936891794204712,-0.12695567309856415,1.6685136556625366,1.4850233793258667,0.9316927790641785,-0.24038831889629364
-0.11203431338071823,0.20464780926704407,-0.0031386108603328466,1.9824886322021484,0.8161213397979736,1.2193386554718018,-0.2768108546733856,0.6345910429954529,1.986575961112976,0.8538342714309692,-0.5090808272361755,-0.13345564901828766,1.6658974885940552,1.4729360342025757,0.9519818425178528,-0.2461463212966919
-0.11645591259002686,0.1943805068731308,-0.005428709089756012,1.9819022417068481,0.8325291872024536,1.2148215770721436,-0.2835860550403595,0.6409624218940735,1.9878836870193481,0.842747151851654,-0.5239424109458923,-0.13962696492671967,1.6639882326126099,1.4617897272109985,0.9723813533782959,-0.2515715956687927
-0.12099581956863403,0.18414302170276642,-0.00793005246669054,1.9822505712509155,0.8485051989555359,1.2103519439697266,-0.2903692126274109,0.6467985510826111,1.9885233640670776,0.8313805460929871,-0.5387335419654846,-0.1458277404308319,1.6619468927383423,1.4500967264175415,0.9925124049186707,-0.257001668214798
-0.12566347420215607,0.17397212982177734,-0.010607517324388027,1.983365774154663,0.8640518188476562,1.206118106842041,-0.29713717103004456,0.6520995497703552,1.9885947704315186,0.8198518753051758,-0.5534165501594543,-0.152029886841774,1.659765601158142,1.4379451274871826,1.0123469829559326,-0.26241135597229004
-0.130463644862175,0.16385266184806824,-0.01348473783582449,1.9852479696273804,0.879127562046051,1.2020024061203003,-0.30390509963035583,0.6567628383636475,1.9880377054214478,0.8082456588745117,-0.567982017993927,-0.1582421362400055,1.6576961278915405,1.4253133535385132,1.0318517684936523,-0.26781129837036133
-0.13487087190151215,0.15441696345806122,-0.01589978300035,1.9846534729003906,0.8942640423774719,1.1991268396377563,-0.310217022895813,0.6623401641845703,1.987109899520874,0.7979977130889893,-0.5818617939949036,-0.16403251886367798,1.656711459159851,1.4138267040252686,1.0514405965805054,-0.2727982699871063
-0.13935446739196777,0.14511631429195404,-0.018420111387968063,1.985012412071228,0.9089259505271912,1.1964300870895386,-0.3164708614349365,0.6674090623855591,1.9847369194030762,0.7878932356834412,-0.59554523229599,-0.1697748452425003,1.6559178829193115,1.4020906686782837,1.0706801414489746,-0.2777155637741089
-0.14388950169086456,0.13597357273101807,-0.021016482263803482,1.9862488508224487,0.9230901002883911,1.193943977355957,-0.3226511776447296,0.6719974279403687,1.981196641921997,0.777959942817688,-0.6090028882026672,-0.17545492947101593,1.6551188230514526,1.3902004957199097,1.0895520448684692,-0.2825477421283722
-0.14809361100196838,0.1274341195821762,-0.023216502740979195,1.9848754405975342,0.9371339678764343,1.1924517154693604,-0.32843613624572754,0.6772527098655701,1.9788538217544556,0.7692404389381409,-0.6218360066413879,-0.1807710826396942,1.655053734779358,1.3793224096298218,1.1083621978759766,-0.2870117723941803
-0.15248464047908783,0.11890382319688797,-0.02564290724694729,1.984591007232666,0.9504538178443909,1.1909104585647583,-0.3342626392841339,0.6815249919891357,1.9763087034225464,0.7607019543647766,-0.6345500946044922,-0.18612703680992126,1.6547616720199585,1.3679500818252563,1.1265645027160645,-0.2914867699146271
-0.15707701444625854,0.11043179780244827,-0.028233904391527176,1.9851757287979126,0.9630436897277832,1.1896042823791504,-0.3400964140892029,0.6848735809326172,1.973733901977539,0.7523255944252014,-0.6471136808395386,-0.19148725271224976,1.654215931892395,1.3562164306640625,1.1441023349761963,-0.29593726992607117
-0.16185002028942108,0.10195447504520416,-0.031040705740451813,1.9869180917739868,0.9748340249061584,1.1881842613220215,-0.34597888588905334,0.6875195503234863,1.9709311723709106,0.7441270351409912,-0.6595421433448792,-0.19688713550567627,1.6534631252288818,1.3440237045288086,1.1609492301940918,-0.3004034459590912
-0.16677378118038177,0.09361337125301361,-0.03389845788478851,1.9890133142471313,0.9857774972915649,1.1874520778656006,-0.3517962396144867,0.6897952556610107,1.9683971405029297,0.7359759211540222,-0.6717861294746399,-0.2022332400083542,1.652574062347412,1.3318088054656982,1.177043080329895,-0.3047853410243988
-0.1713230311870575,0.08578188717365265,-0.03627572953701019,1.9888403415679932,0.9965030550956726,1.1874803304672241,-0.35726314783096313,0.691424548625946,1.9669057130813599,0.7291902899742126,-0.6834177374839783,-0.20724453032016754,1.652542233467102,1.3205007314682007,1.1932700872421265,-0.30883359909057617
-0.17549794912338257,0.07866951823234558,-0.03799951821565628,1.9854801893234253,1.007473111152649,1.1893423795700073,-0.36221104860305786,0.6927645802497864,1.9670331478118896,0.7236199975013733,-0.6943489909172058,-0.2117716372013092,1.6533043384552002,1.3106807470321655,1.2094985246658325,-0.31238725781440735
-0.17986208200454712,0.07142405956983566,-0.03984895721077919,1.9839081764221191,1.017848014831543,1.190944790840149,-0.3672507703304291,0.6918135285377502,1.9664026498794556,0.7179446816444397,-0.7052091956138611,-0.21636848151683807,1.6536216735839844,1.300228238105774,1.2251012325286865,-0.31597962975502014
-0.1844334900379181,0.06403853744268417,-0.041779957711696625,1.984018087387085,1.027698278427124,1.1924943923950195,-0.37236931920051575,0.6902133822441101,1.9648656845092773,0.7121042013168335,-0.7159950733184814,-0.22101706266403198,1.653342366218567,1.2891514301300049,1.2399972677230835,-0.31958967447280884
-0.18913930654525757,0.056609053164720535,-0.04364097863435745,1.9853919744491577,1.0371071100234985,1.1945061683654785,-0.3774683177471161,0.6882107257843018,1.962669849395752,0.7059643864631653,-0.7266578674316406,-0.22563543915748596,1.6525087356567383,1.2777862548828125,1.253871202468872,-0.3231298625469208
-0.19384890794754028,0.04903417080640793,-0.04548979923129082,1.9882928133010864,1.0457870960235596,1.1963942050933838,-0.38259750604629517,0.6857174038887024,1.9595654010772705,0.6994915008544922,-0.7372611165046692,-0.23028476536273956,1.6512686014175415,1.2661081552505493,1.2669819593429565,-0.3266635835170746
-0.1984556019306183,0.041437648236751556,-0.04718977212905884,1.9919720888137817,1.0536845922470093,1.198616862297058,-0.38764673471450806,0.683125913143158,1.956022024154663,0.6925232410430908,-0.7477685809135437,-0.23488761484622955,1.6498185396194458,1.254584550857544,1.2793514728546143,-0.33010333776474
-0.20237404108047485,0.03441241383552551,-0.048061780631542206,1.9927204847335815,1.0614821910858154,1.2022064924240112,-0.3921586871147156,0.6822580695152283,1.9535702466964722,0.6862990260124207,-0.7576838731765747,-0.23902598023414612,1.649328589439392,1.244748592376709,1.2917895317077637,-0.3330475687980652
-0.20559073984622955,0.027876315638422966,-0.048178140074014664,1.991418719291687,1.069112777709961,1.2067581415176392,-0.3961940407752991,0.6813645362854004,1.9513609409332275,0.6809449195861816,-0.7670356035232544,-0.24275411665439606,1.649814486503601,1.2364078760147095,1.3044264316558838,-0.33554962277412415
-0.20873937010765076,0.021312741562724113,-0.048167090862989426,1.990958571434021,1.0759363174438477,1.211766242980957,-0.40015631914138794,0.6788271069526672,1.9488111734390259,0.6750873923301697,-0.7763002514839172,-0.24645212292671204,1.6500798463821411,1.228248119354248,1.3163825273513794,-0.33795613050460815
-0.2118259072303772,0.014625552110373974,-0.04812592267990112,1.9918065071105957,1.0819664001464844,1.2167257070541382,-0.4041266143321991,0.6747149229049683,1.9450350999832153,0.6703049540519714,-0.7854912281036377,-0.2501824200153351,1.650081753730774,1.2199753522872925,1.3278322219848633,-0.3403341770172119
-0.21487994492053986,0.007844595238566399,-0.04804683104157448,1.9935762882232666,1.0872411727905273,1.2218384742736816,-0.4080885648727417,0.6691917777061462,1.9407492876052856,0.6663591861724854,-0.7945997714996338,-0.2539325952529907,1.6497948169708252,1.2116559743881226,1.3386592864990234,-0.34266600012779236
-0.2178378403186798,0.001051606610417366,-0.04785690829157829,1.9959135055541992,1.0917915105819702,1.2273163795471191,-0.411980003118515,0.6626272201538086,1.9362434148788452,0.6630300283432007,-0.8035808801651001,-0.257654070854187,1.6493796110153198,1.2035326957702637,1.3486595153808594,-0.34489905834198
-0.22016997635364532,-0.0052410815842449665,-0.047098301351070404,1.995737910270691,1.096345067024231,1.2339342832565308,-0.4154078960418701,0.6566989421844482,1.9328358173370361,0.6604853868484497,-0.8119765520095825,-0.2609754800796509,1.6499354839324951,1.1968458890914917,1.3587661981582642,-0.3466814160346985
-0.22194279730319977,-0.011042119935154915,-0.045797329396009445,1.993349313735962,1.1009397506713867,1.2417207956314087,-0.41838765144348145,0.6514345407485962,1.9304444789886475,0.6581875681877136,-0.8197886943817139,-0.2639046609401703,1.6513657569885254,1.1914796829223633,1.3688660860061646,-0.348017156124115
-0.2237626314163208,-0.01691301167011261,-0.044652059674263,1.9922147989273071,1.1048433780670166,1.24968683719635,-0.42137113213539124,0.6452996730804443,1.927499771118164,0.6550033092498779,-0.8274765014648438,-0.2668520510196686,1.6524887084960938,1.1859241724014282,1.378014326095581,-0.3492980897426605
-0.22570732235908508,-0.02287200279533863,-0.04371084272861481,1.9925494194030762,1.1081446409225464,1.2576967477798462,-0.42439699172973633,0.6383131146430969,1.9237711429595947,0.6512580513954163,-0.8350123167037964,-0.2698315382003784,1.653207540512085,1.1799477338790894,1.3862022161483765,-0.3505444824695587
-0.2278377115726471,-0.02887089177966118,-0.04297187179327011,1.9940929412841797,1.11097252368927,1.265858769416809,-0.42745253443717957,0.6319929361343384,1.9192787408828735,0.6471700072288513,-0.8423557281494141,-0.2728215157985687,1.6535098552703857,1.1735351085662842,1.3933169841766357,-0.35173308849334717
-0.23012958467006683,-0.03487701714038849,-0.042251233011484146,1.996649980545044,1.1133081912994385,1.2739886045455933,-0.43053239583969116,0.6263768672943115,1.9140658378601074,0.6430020332336426,-0.8494794964790344,-0.2758183777332306,1.6535593271255493,1.166724443435669,1.399529218673706,-0.35285696387290955
-0.23211005330085754,-0.04037369042634964,-0.04095719754695892,1.9970513582229614,1.1159796714782715,1.2829588651657104,-0.4332452714443207,0.622893750667572,1.9094496965408325,0.6400163173675537,-0.8559483289718628,-0.27845829725265503,1.6544058322906494,1.1607141494750977,1.4059594869613647,-0.35355857014656067
-0.2337518334388733,-0.045390039682388306,-0.03912824019789696,1.9955931901931763,1.1190128326416016,1.2926405668258667,-0.43561023473739624,0.6198564767837524,1.905494213104248,0.6382782459259033,-0.8617971539497375,-0.28077301383018494,1.655869722366333,1.1555310487747192,1.4126648902893066,-0.3538573384284973
-0.23548533022403717,-0.05042048916220665,-0.03735573962330818,1.9950814247131348,1.1217483282089233,1.3022369146347046,-0.4380037784576416,0.6159065365791321,1.9011749029159546,0.6367319226264954,-0.8674728870391846,-0.2831319570541382,1.656940221786499,1.1501548290252686,1.4184974431991577,-0.35409900546073914
-0.23727059364318848,-0.05552301183342934,-0.0356905497610569,1.9955341815948486,1.1243313550949097,1.3115577697753906,-0.44046100974082947,0.6110002398490906,1.8964769840240479,0.6355417966842651,-0.8730300068855286,-0.28557470440864563,1.6575684547424316,1.1445461511611938,1.423591136932373,-0.3543170094490051
-0.23909354209899902,-0.06068948656320572,-0.03413371369242668,1.9966726303100586,1.1267976760864258,1.320671796798706,-0.44296982884407043,0.605171263217926,1.8915272951126099,0.6352728605270386,-0.8784917593002319,-0.2880961000919342,1.657949686050415,1.1387923955917358,1.4279367923736572,-0.354501873254776
-0.24087101221084595,-0.06585919857025146,-0.03262658789753914,1.998216152191162,1.1291508674621582,1.329677939414978,-0.445477157831192,0.5986627340316772,1.8865567445755005,0.6349955797195435,-0.8838406801223755,-0.290654718875885,1.6582489013671875,1.133103847503662,1.4316661357879639,-0.35461151599884033
-0.2425416111946106,-0.07102562487125397,-0.031183334067463875,2.000005006790161,1.1311640739440918,1.3383561372756958,-0.4479784369468689,0.5916978120803833,1.8815728425979614,0.6352388858795166,-0.8890906572341919,-0.29325056076049805,1.6586333513259888,1.1275291442871094,1.4350377321243286,-0.35465043783187866
-0.24376598000526428,-0.07570692151784897,-0.029240984469652176,1.9993623495101929,1.133682131767273,1.3479334115982056,-0.45009860396385193,0.5872741341590881,1.8777573108673096,0.6359378695487976,-0.8938642740249634,-0.29552340507507324,1.6599016189575195,1.1231322288513184,1.4384679794311523,-0.3542744219303131
-0.24461787939071655,-0.08006194978952408,-0.02698865532875061,1.9971998929977417,1.1362473964691162,1.3576687574386597,-0.45196986198425293,0.5849408507347107,1.8745588064193726,0.6368817687034607,-0.8982604742050171,-0.2975854277610779,1.661924123764038,1.1194572448730469,1.442212700843811,-0.3536057770252228
-0.24557748436927795,-0.08438528329133987,-0.02485872246325016,1.9954487085342407,1.1386505365371704,1.36732017993927,-0.4538457989692688,0.583555281162262,1.8711602687835693,0.6371829509735107,-0.9025445580482483,-0.29965800046920776,1.6637673377990723,1.1156507730484009,1.4455231428146362,-0.3528670072555542
-0.24663428962230682,-0.08871553093194962,-0.022874899208545685,1.9944612979888916,1.1408432722091675,1.376667857170105,-0.4557560384273529,0.5812879204750061,1.8674358129501343,0.6369713544845581,-0.9067214727401733,-0.30175796151161194,1.665368676185608,1.1115891933441162,1.4485538005828857,-0.35208582878112793
-0.24771440029144287,-0.0930105671286583,-0.020965952426195145,1.9942455291748047,1.1422780752182007,1.3859196901321411,-0.45765411853790283,0.5782521963119507,1.8635642528533936,0.6364056468009949,-0.9107658267021179,-0.3038429915904999,1.666745901107788,1.1074336767196655,1.4509764909744263,-0.3512190878391266
-0.24880099296569824,-0.0972682535648346,-0.01913605071604252,1.9945425987243652,1.1430469751358032,1.395148754119873,-0.45953184366226196,0.5761491656303406,1.859618902206421,0.6360649466514587,-0.9147045016288757,-0.30591341853141785,1.6676881313323975,1.1032633781433105,1.4527455568313599,-0.3502599596977234
-0.24981938302516937,-0.10149110108613968,-0.017391260713338852,1.9952675104141235,1.1429940462112427,1.404051661491394,-0.4613918662071228,0.5749799609184265,1.8556362390518188,0.6357751488685608,-0.9185559749603271,-0.3079816699028015,1.668393611907959,1.0991462469100952,1.4541717767715454,-0.3492259979248047
-0.2507629692554474,-0.10560975223779678,-0.01568496786057949,1.9958999156951904,1.1429102420806885,1.412828803062439,-0.46318843960762024,0.5747843980789185,1.851836085319519,0.6347253322601318,-0.9223015904426575,-0.31001296639442444,1.668982744216919,1.0952659845352173,1.4555195569992065,-0.34808456897735596
-0.251325786113739,-0.10935661941766739,-0.013638926669955254,1.9949390888214111,1.1431858539581299,1.4219011068344116,-0.46470779180526733,0.5745668411254883,1.8489353656768799,0.6336623430252075,-0.9257099032402039,-0.3118053078651428,1.6701396703720093,1.0922818183898926,1.457494854927063,-0.3466407060623169
-0.2515339255332947,-0.11273371428251266,-0.011263013817369938,1.9925165176391602,1.1439104080200195,1.4313749074935913,-0.4659506678581238,0.5742641091346741,1.8469507694244385,0.6326814889907837,-0.9287965893745422,-0.31335654854774475,1.6719311475753784,1.0902009010314941,1.4595527648925781,-0.34488987922668457
-0.25149136781692505,-0.11581574380397797,-0.008678341284394264,1.989104986190796,1.1450341939926147,1.4410326480865479,-0.46698451042175293,0.5737115144729614,1.845548152923584,0.6325013637542725,-0.9316081404685974,-0.31471529603004456,1.6740609407424927,1.0887478590011597,1.4615812301635742,-0.34288305044174194
-0.2515809237957001,-0.11889126896858215,-0.0062964074313640594,1.9864246845245361,1.146158218383789,1.45028555393219,-0.4680626392364502,0.5736531615257263,1.8438431024551392,0.6325923800468445,-0.9343700408935547,-0.3160956799983978,1.6757103204727173,1.0870798826217651,1.4629040956497192,-0.3408450484275818
-0.25190451741218567,-0.1220121905207634,-0.004196541849523783,1.9847899675369263,1.1471799612045288,1.4588477611541748,-0.4692458212375641,0.5738236308097839,1.841556429862976,0.6329760551452637,-0.9370938539505005,-0.3175336420536041,1.6767185926437378,1.0849242210388184,1.4638960361480713,-0.33882927894592285
-0.25248441100120544,-0.12512072920799255,-0.002324383705854416,1.9840068817138672,1.14829683303833,1.4670870304107666,-0.470493346452713,0.5741738677024841,1.838874101638794,0.6336129903793335,-0.9397479891777039,-0.31898730993270874,1.6770564317703247,1.0823891162872314,1.4643226861953735,-0.33680295944213867
-0.2531862258911133,-0.1281966269016266,-0.0006324911955744028,1.9841113090515137,1.1493175029754639,1.474805235862732,-0.471778929233551,0.5734986662864685,1.8359781503677368,0.6344510912895203,-0.9423263669013977,-0.32044386863708496,1.676822543144226,1.0796383619308472,1.4642680883407593,-0.33481794595718384
-0.2539496123790741,-0.1311052143573761,0.0010259192204102874,1.9844647645950317,1.1505385637283325,1.4827232360839844,-0.4729900062084198,0.5720105171203613,1.8333688974380493,0.6348301768302917,-0.9447733759880066,-0.32181182503700256,1.6761982440948486,1.0770665407180786,1.4634729623794556,-0.3327275812625885
-0.2546728551387787,-0.13393321633338928,0.002552424091845751,1.98525869846344,1.1512646675109863,1.4898054599761963,-0.4741959273815155,0.5700984597206116,1.8308087587356567,0.6346631050109863,-0.947151243686676,-0.3231658935546875,1.6755179166793823,1.0745445489883423,1.4627892971038818,-0.330683171749115
-0.25526800751686096,-0.1363033503293991,0.004397341050207615,1.9844036102294922,1.1525958776474,1.4978916645050049,-0.47510284185409546,0.5697013139724731,1.8292995691299438,0.6342574954032898,-0.9492015838623047,-0.3242257535457611,1.6751433610916138,1.072879433631897,1.4620038270950317,-0.3283425569534302
-0.2557269036769867,-0.13852448761463165,0.0062156375497579575,1.9833236932754517,1.1533148288726807,1.5049712657928467,-0.4759575128555298,0.5692623853683472,1.827975869178772,0.6339304447174072,-0.9511240124702454,-0.32522308826446533,1.6751223802566528,1.0714126825332642,1.4621317386627197,-0.32602185010910034
-0.2560996115207672,-0.14033260941505432,0.008297378197312355,1.9808036088943481,1.1546562910079956,1.5130826234817505,-0.4765417277812958,0.570035994052887,1.8275967836380005,0.6338748335838318,-0.9527661800384521,-0.3259505331516266,1.6752657890319824,1.0707242488861084,1.4619719982147217,-0.32344284653663635
-0.2563387453556061,-0.14202551543712616,0.010315628722310066,1.9783248901367188,1.1556172370910645,1.5204275846481323,-0.47707676887512207,0.5704009532928467,1.8273576498031616,0.6339895129203796,-0.9543208479881287,-0.32662147283554077,1.6754871606826782,1.0702288150787354,1.4621385335922241,-0.3208274841308594
-0.2566155791282654,-0.14364899694919586,0.012192871421575546,1.9762792587280273,1.1564828157424927,1.5274258852005005,-0.47760146856307983,0.5699509382247925,1.8271336555480957,0.634145975112915,-0.9558361172676086,-0.3272630572319031,1.6754876375198364,1.0697611570358276,1.4619450569152832,-0.31820783019065857
-0.25702235102653503,-0.14518596231937408,0.013935564085841179,1.9745874404907227,1.1575088500976562,1.5343936681747437,-0.47811105847358704,0.5698560476303101,1.8268799781799316,0.6343873739242554,-0.9572916626930237,-0.32785823941230774,1.6751039028167725,1.0692574977874756,1.4610844850540161,-0.3155794143676758
-0.2575474977493286,-0.14678315818309784,0.01537343580275774,1.9738833904266357,1.1580159664154053,1.5399550199508667,-0.47873586416244507,0.5699694156646729,1.8260533809661865,0.6347371935844421,-0.9587497115135193,-0.32852011919021606,1.674350380897522,1.068307876586914,1.4606174230575562,-0.31309375166893005
-0.2582562267780304,-0.14822840690612793,0.01673262007534504,1.973282814025879,1.1589750051498413,1.5457230806350708,-0.47931230068206787,0.5704221129417419,1.82525634765625,0.6352047920227051,-0.9600862264633179,-0.3290950059890747,1.6731778383255005,1.067344069480896,1.4596413373947144,-0.31059280037879944
-0.25902366638183594,-0.14961154758930206,0.017932571470737457,1.9731134176254272,1.1598033905029297,1.550627589225769,-0.47990676760673523,0.5702395439147949,1.8242859840393066,0.6357482671737671,-0.9613521099090576,-0.32965636253356934,1.6718851327896118,1.0662486553192139,1.458940863609314,-0.30817005038261414
-0.25977447628974915,-0.1508876234292984,0.019035283476114273,1.973078727722168,1.160559058189392,1.554886817932129,-0.480472594499588,0.5695711374282837,1.8233741521835327,0.6359587907791138,-0.9625362157821655,-0.33017465472221375,1.6706230640411377,1.0652258396148682,1.4585092067718506,-0.30580416321754456
-0.26046571135520935,-0.15196773409843445,0.02014562301337719,1.972699761390686,1.1615358591079712,1.5592209100723267,-0.48092642426490784,0.5684618353843689,1.8228732347488403,0.6358434557914734,-0.9636052250862122,-0.33058348298072815,1.6694457530975342,1.0645686388015747,1.4580113887786865,-0.30343446135520935
-0.260985404253006,-0.15297366678714752,0.02114133909344673,1.9724059104919434,1.162009358406067,1.562528371810913,-0.4813530445098877,0.5672136545181274,1.8224849700927734,0.6354584097862244,-0.964638352394104,-0.33097168803215027,1.668552041053772,1.06410551071167,1.457973837852478,-0.30116915702819824
-0.2613898515701294,-0.15378770232200623,0.022142896428704262,1.9716371297836304,1.1625404357910156,1.56593918800354,-0.4816564917564392,0.5667613744735718,1.822535753250122,0.634819746017456,-0.9655746221542358,-0.33124759793281555,1.6678388118743896,1.0640816688537598,1.4577149152755737,-0.29890763759613037
-0.2617013454437256,-0.15447746217250824,0.023068998008966446,1.9706859588623047,1.1628175973892212,1.5688585042953491,-0.48189884424209595,0.5669845342636108,1.82273268699646,0.6343921422958374,-0.9664362668991089,-0.33145883679389954,1.6673469543457031,1.064271330833435,1.4575995206832886,-0.2967178523540497
-0.2619926333427429,-0.15504994988441467,0.02390119805932045,1.9696234464645386,1.1628961563110352,1.5712902545928955,-0.48209694027900696,0.567762017250061,1.8229488134384155,0.6342952251434326,-0.9672079086303711,-0.3316073417663574,1.6670165061950684,1.0645480155944824,1.4577326774597168,-0.2946220934391022
-0.2623305022716522,-0.1554584950208664,0.024689074605703354,1.9683184623718262,1.1631395816802979,1.5738171339035034,-0.4822162091732025,0.568980872631073,1.8232829570770264,0.634616494178772,-0.9678523540496826,-0.33165282011032104,1.6667157411575317,1.0649534463882446,1.4577012062072754,-0.292587548494339
-0.262690931558609,-0.15581858158111572,0.025322990491986275,1.9672516584396362,1.1631083488464355,1.5756235122680664,-0.4823443293571472,0.5704540014266968,1.8234305381774902,0.6353924870491028,-0.968428909778595,-0.33167600631713867,1.6664553880691528,1.0652430057525635,1.4579033851623535,-0.29072144627571106
-0.2630839943885803,-0.15607428550720215,0.02588936686515808,1.9661831855773926,1.1632096767425537,1.5774834156036377,-0.48242560029029846,0.5720720291137695,1.8236536979675293,0.6366230845451355,-0.9689093232154846,-0.33162835240364075,1.6661114692687988,1.0655871629714966,1.4577347040176392,-0.2889783978462219
-0.2634686231613159,-0.1562742292881012,0.026365697383880615,1.9652858972549438,1.1632945537567139,1.5791082382202148,-0.482488751411438,0.5731431245803833,1.8239096403121948,0.6382548809051514,-0.9693236351013184,-0.33154407143592834,1.6657127141952515,1.065942406654358,1.4573967456817627,-0.28739678859710693
-0.2638208270072937,-0.15645335614681244,0.026735402643680573,1.9646340608596802,1.1632589101791382,1.5803160667419434,-0.4825550615787506,0.573740541934967,1.8241668939590454,0.6401748657226562,-0.9696969389915466,-0.3314497172832489,1.6652809381484985,1.0662766695022583,1.4569990634918213,-0.28600573539733887
-0.2641587555408478,-0.15656638145446777,0.027060912922024727,1.9639781713485718,1.1633660793304443,1.5816198587417603,-0.482585072517395,0.5738551616668701,1.8245927095413208,0.6422549486160278,-0.9700085520744324,-0.33131247758865356,1.6647769212722778,1.0667052268981934,1.4563626050949097,-0.28477051854133606
-0.26443421840667725,-0.15669173002243042,0.02727472595870495,1.9635814428329468,1.163214087486267,1.5823415517807007,-0.4826357960700989,0.573703944683075,1.8249870538711548,0.6443645358085632,-0.9703083634376526,-0.3311924338340759,1.6643073558807373,1.0670970678329468,1.4558864831924438,-0.28374984860420227
-0.264650821685791,-0.15677131712436676,0.02745414525270462,1.9631738662719727,1.1630711555480957,1.5830717086791992,-0.48265454173088074,0.5732922554016113,1.8255397081375122,0.6464078426361084,-0.9705700874328613,-0.3310445547103882,1.6638458967208862,1.0676085948944092,1.4552655220031738,-0.2828856408596039
-0.2647817134857178,-0.15683485567569733,0.02757985144853592,1.9628404378890991,1.1627620458602905,1.5835930109024048,-0.4826587736606598,0.5727558135986328,1.8261672258377075,0.6483092308044434,-0.9708162546157837,-0.3308889865875244,1.6634397506713867,1.0682053565979004,1.4546486139297485,-0.28218862414360046
-0.2648121416568756,-0.15689916908740997,0.027643699198961258,1.9626268148422241,1.1621843576431274,1.58380925655365,-0.4826565682888031,0.5721949934959412,1.8268061876296997,0.650034487247467,-0.9710600972175598,-0.33073481917381287,1.6631114482879639,1.0688680410385132,1.4541159868240356,-0.2816552221775055
-0.2647659182548523,-0.15692563354969025,0.027691897004842758,1.9623339176177979,1.1615500450134277,1.5841765403747559,-0.48261356353759766,0.5719964504241943,1.8275439739227295,0.6515771150588989,-0.9712836146354675,-0.3305487334728241,1.662799596786499,1.0696791410446167,1.4534175395965576,-0.2812308073043823
-0.2646169066429138,-0.15697461366653442,0.027669573202729225,1.9622113704681396,1.160567045211792,1.584133505821228,-0.4825756847858429,0.5721181035041809,1.8281711339950562,0.6529906392097473,-0.9715179800987244,-0.33037272095680237,1.662572979927063,1.0705060958862305,1.452860713005066,-0.280937135219574
-0.2644096612930298,-0.1569804847240448,0.027650130912661552,1.9619991779327393,1.1596101522445679,1.584289789199829,-0.48249295353889465,0.5725163221359253,1.8288313150405884,0.6543571949005127,-0.9717203378677368,-0.3301546275615692,1.6623591184616089,1.0714538097381592,1.4521175622940063,-0.28069761395454407
-0.2641528844833374,-0.15697309374809265,0.027604101225733757,1.961855173110962,1.158564805984497,1.5842918157577515,-0.4823949635028839,0.5728487372398376,1.8293747901916504,0.6557779908180237,-0.9718957543373108,-0.32991641759872437,1.6622008085250854,1.0724081993103027,1.451443076133728,-0.2805216908454895
-0.2638925015926361,-0.1569434553384781,0.027538493275642395,1.961748719215393,1.1575568914413452,1.5842453241348267,-0.48228153586387634,0.5730635523796082,1.829784631729126,0.6572979092597961,-0.972033679485321,-0.32965248823165894,1.6620594263076782,1.0733362436294556,1.4508259296417236,-0.2803857922554016
-0.2636430263519287,-0.15687069296836853,0.027484562247991562,1.9615696668624878,1.1567202806472778,1.5843147039413452,-0.4821390211582184,0.5731379389762878,1.8301141262054443,0.6589685678482056,-0.9721171855926514,-0.32934772968292236,1.6619293689727783,1.0742628574371338,1.4502134323120117,-0.2802550196647644
-0.2634015679359436,-0.1568063497543335,0.02739046700298786,1.9615119695663452,1.1558632850646973,1.5841368436813354,-0.48200830817222595,0.5730931162834167,1.8302496671676636,0.6607512831687927,-0.9721816778182983,-0.3290429413318634,1.6618218421936035,1.0750881433486938,1.449781060218811,-0.28015631437301636
-0.2631593346595764,-0.15670019388198853,0.02732478454709053,1.9613054990768433,1.155225157737732,1.58417809009552,-0.4818449914455414,0.5728693008422852,1.830397129058838,0.6626410484313965,-0.9722027778625488,-0.32870081067085266,1.6617182493209839,1.0759574174880981,1.4493224620819092,-0.2800334393978119
-0.26288992166519165,-0.15661461651325226,0.027225861325860023,1.9611929655075073,1.1545403003692627,1.584015130996704,-0.481693834066391,0.5725012421607971,1.8304564952850342,0.6645385026931763,-0.9722298383712769,-0.32837098836898804,1.6616407632827759,1.0767863988876343,1.448970079421997,-0.27992117404937744
-0.2625873386859894,-0.1565197855234146,0.02713397890329361,1.9610170125961304,1.1539335250854492,1.5839258432388306,-0.4815288186073303,0.5719810724258423,1.8305609226226807,0.6664020419120789,-0.9722503423690796,-0.32803305983543396,1.6615830659866333,1.0776641368865967,1.448590636253357,-0.2797878086566925
-0.2622579336166382,-0.15642498433589935,0.027037696912884712,1.9608207941055298,1.1533476114273071,1.5838414430618286,-0.48135972023010254,0.5713677406311035,1.8306940793991089,0.6681761145591736,-0.9722715020179749,-0.327697217464447,1.66155207157135,1.0785635709762573,1.4482132196426392,-0.2796434462070465
-0.2619193196296692,-0.15634477138519287,0.026915956288576126,1.9606661796569824,1.152708888053894,1.58363676071167,-0.48120298981666565,0.570723831653595,1.8308022022247314,0.6698057055473328,-0.9723016619682312,-0.3273782730102539,1.6615525484085083,1.0794267654418945,1.4479520320892334,-0.27950161695480347
-0.26158395409584045,-0.15624643862247467,0.026805777102708817,1.9604235887527466,1.1521477699279785,1.5835630893707275,-0.4810349643230438,0.5700674653053284,1.830971360206604,0.6712883114814758,-0.9723191857337952,-0.32705312967300415,1.6615746021270752,1.0803080797195435,1.4476805925369263,-0.2793336510658264
-0.261255145072937,-0.1561698466539383,0.026659833267331123,1.960279107093811,1.151487946510315,1.5833340883255005,-0.4808884263038635,0.5694540739059448,1.8310904502868652,0.6725853681564331,-0.9723501205444336,-0.3267531096935272,1.6616172790527344,1.081115484237671,1.4475089311599731,-0.27917006611824036
-0.2609352767467499,-0.15608592331409454,0.02651464380323887,1.9601064920425415,1.1508655548095703,1.5832276344299316,-0.48073816299438477,0.5688596367835999,1.8312519788742065,0.6736994981765747,-0.9723777770996094,-0.326454758644104,1.66165030002594,1.0819171667099,1.447293996810913,-0.27898165583610535
-0.26062437891960144,-0.15603256225585938,0.026327116414904594,1.9600361585617065,1.1501423120498657,1.583030343055725,-0.48061227798461914,0.5685780644416809,1.8313688039779663,0.6746212244033813,-0.972430408000946,-0.32618623971939087,1.6616507768630981,1.082643985748291,1.4471027851104736,-0.27879196405410767
-0.2603180408477783,-0.15600836277008057,0.026103543117642403,1.9600465297698975,1.1493501663208008,1.582802653312683,-0.48050710558891296,0.5685432553291321,1.8314683437347412,0.6753832697868347,-0.9725090265274048,-0.325945109128952,1.6615996360778809,1.0833146572113037,1.4469019174575806,-0.2785937786102295
-0.2600087821483612,-0.15600118041038513,0.025864427909255028,1.9600924253463745,1.1485601663589478,1.5826424360275269,-0.4804113209247589,0.5683834552764893,1.8316043615341187,0.6760507822036743,-0.9726048111915588,-0.32572099566459656,1.6614943742752075,1.0839674472808838,1.4466646909713745,-0.27837350964546204
-0.25969260931015015,-0.1560269445180893,0.025595445185899734,1.960240364074707,1.1477173566818237,1.5824087858200073,-0.480337917804718,0.5680896639823914,1.8317395448684692,0.6766799092292786,-0.9727264046669006,-0.32552599906921387,1.6613482236862183,1.084571361541748,1.4464190006256104,-0.27813735604286194
-0.2593857944011688,-0.15605178475379944,0.025335511192679405,1.9603395462036133,1.146976113319397,1.5823196172714233,-0.48026376962661743,0.5676429271697998,1.8319405317306519,0.6772359609603882,-0.9728469252586365,-0.3253345787525177,1.6611607074737549,1.08517324924469,1.4461420774459839,-0.2778594195842743
-0.25910326838493347,-0.15610024333000183,0.025052111595869064,1.9604984521865845,1.1462273597717285,1.5821295976638794,-0.48021355271339417,0.5670821666717529,1.832104206085205,0.6778756380081177,-0.9729769229888916,-0.32516682147979736,1.6609513759613037,1.0856915712356567,1.4459543228149414,-0.27756166458129883
-0.25885170698165894,-0.15612484514713287,0.02480146288871765,1.9605258703231812,1.1456670761108398,1.5821534395217896,-0.48015156388282776,0.566398024559021,1.83233642578125,0.6785501837730408,-0.9730821847915649,-0.3249862790107727,1.6607239246368408,1.0862118005752563,1.4457329511642456,-0.27720504999160767
-0.2586345076560974,-0.15616576373577118,0.02453339472413063,1.9605937004089355,1.1451131105422974,1.5820609331130981,-0.48011165857315063,0.5656444430351257,1.832507610321045,0.6793762445449829,-0.9731876254081726,-0.3248244822025299,1.6604937314987183,1.086639642715454,1.4456233978271484,-0.2768247723579407
-0.25845226645469666,-0.1561836302280426,0.024295538663864136,1.9605062007904053,1.1447399854660034,1.582181453704834,-0.480060338973999,0.565138041973114,1.8327301740646362,0.680245041847229,-0.9732711315155029,-0.3246505856513977,1.6602410078048706,1.0870705842971802,1.4454628229141235,-0.2763880789279938
-0.25829002261161804,-0.15623275935649872,0.02402484603226185,1.960490345954895,1.1443140506744385,1.5821105241775513,-0.4800388216972351,0.5648092031478882,1.8328707218170166,0.6812275052070618,-0.9733709692955017,-0.3245067298412323,1.659979224205017,1.0874080657958984,1.4454234838485718,-0.2759421765804291
-0.25812622904777527,-0.1562572866678238,0.023796213790774345,1.9603369235992432,1.1440706253051758,1.5822649002075195,-0.4799973964691162,0.5643236637115479,1.8331148624420166,0.6822268962860107,-0.9734534621238708,-0.32434895634651184,1.6597099304199219,1.0878045558929443,1.4452754259109497,-0.2754407525062561
-0.25796055793762207,-0.1563112586736679,0.023542538285255432,1.9602571725845337,1.1437838077545166,1.5822410583496094,-0.4799797832965851,0.5637290477752686,1.833312749862671,0.6832867860794067,-0.9735552668571472,-0.3242201805114746,1.659442663192749,1.0881439447402954,1.44524347782135,-0.2749345898628235
-0.2577973008155823,-0.15636034309864044,0.023304499685764313,1.9600918292999268,1.143601655960083,1.5823177099227905,-0.4799576997756958,0.5633430480957031,1.833560824394226,0.684267520904541,-0.9736562967300415,-0.32409390807151794,1.6591559648513794,1.0885018110275269,1.4451816082000732,-0.2744004428386688
-0.2576315402984619,-0.15643426775932312,0.023046191781759262,1.9600069522857666,1.143375277519226,1.5822360515594482,-0.47995567321777344,0.5628547072410583,1.8337712287902832,0.6852461695671082,-0.9737739562988281,-0.3239932358264923,1.658869981765747,1.0888093709945679,1.4452054500579834,-0.2738732397556305
-0.25746968388557434,-0.15649917721748352,0.022807691246271133,1.9598468542099,1.1432507038116455,1.5822763442993164,-0.4799462854862213,0.5625662803649902,1.834035038948059,0.686107337474823,-0.9738870859146118,-0.323891282081604,1.6585605144500732,1.089135766029358,1.4451709985733032,-0.2733297646045685
-0.2573105990886688,-0.1565946340560913,0.022541053593158722,1.9598181247711182,1.1430349349975586,1.5821068286895752,-0.4799624979496002,0.5621844530105591,1.8342339992523193,0.6869444251060486,-0.9740184545516968,-0.3238182067871094,1.6582504510879517,1.0893874168395996,1.4452303647994995,-0.2728123664855957
-0.2571648955345154,-0.15666499733924866,0.02231251634657383,1.959660291671753,1.1429730653762817,1.582186222076416,-0.4799593985080719,0.5619789361953735,1.8345192670822144,0.6877520680427551,-0.9741325974464417,-0.3237297534942627,1.6579039096832275,1.0896797180175781,1.4451594352722168,-0.2722790539264679
-0.2570238709449768,-0.1567772626876831,0.022042548283934593,1.9596980810165405,1.1427475214004517,1.5819616317749023,-0.47999170422554016,0.5616900324821472,1.8346995115280151,0.6885248422622681,-0.9742704033851624,-0.3236774206161499,1.657563328742981,1.089864730834961,1.4452214241027832,-0.27179262042045593
-0.25689274072647095,-0.15684054791927338,0.02184276469051838,1.9595381021499634,1.1427483558654785,1.582140326499939,-0.4799850285053253,0.561249315738678,1.835027813911438,0.6892805695533752,-0.9743732213973999,-0.32358935475349426,1.6571952104568481,1.090141773223877,1.4451020956039429,-0.27127933502197266
-0.25676241517066956,-0.15695156157016754,0.021596217527985573,1.9596102237701416,1.1425291299819946,1.5819555521011353,-0.480017751455307,0.5607791543006897,1.8352255821228027,0.6899902820587158,-0.9745033979415894,-0.32354041934013367,1.6568480730056763,1.0903011560440063,1.4451210498809814,-0.270822137594223
-0.2566455900669098,-0.1570042371749878,0.02142959088087082,1.959444522857666,1.142548680305481,1.582233190536499,-0.4800042510032654,0.5605042576789856,1.8355737924575806,0.6906671524047852,-0.9745926856994629,-0.32344740629196167,1.6564768552780151,1.0905672311782837,1.444879174232483,-0.27033570408821106
-0.2565378248691559,-0.15710170567035675,0.02121482416987419,1.9595106840133667,1.1423355340957642,1.5821131467819214,-0.48003089427948,0.5602434873580933,1.8357592821121216,0.691289484500885,-0.974704384803772,-0.3233918845653534,1.6561435461044312,1.0907008647918701,1.4448325634002686,-0.2699132263660431
-0.2564423680305481,-0.157128244638443,0.021093139424920082,1.959311604499817,1.1423970460891724,1.5824693441390991,-0.48000335693359375,0.5599073171615601,1.8361008167266846,0.6918056011199951,-0.9747639298439026,-0.32328394055366516,1.6558136940002441,1.0909571647644043,1.4446001052856445,-0.2694551944732666
-0.25634944438934326,-0.15720206499099731,0.020918771624565125,1.9593513011932373,1.1422147750854492,1.582388997077942,-0.4800170958042145,0.559617817401886,1.8362646102905273,0.6922730803489685,-0.9748491048812866,-0.323216050863266,1.6555304527282715,1.091084599494934,1.444580316543579,-0.26906245946884155
-0.2562595009803772,-0.1572149097919464,0.020824525505304337,1.9591301679611206,1.1422842741012573,1.5827525854110718,-0.4799812436103821,0.5595211386680603,1.83656907081604,0.6926379203796387,-0.9748944044113159,-0.3231032192707062,1.6552361249923706,1.091338872909546,1.4443665742874146,-0.2686367928981781
-0.25615212321281433,-0.1572890281677246,0.020663360133767128,1.9591872692108154,1.1420717239379883,1.582610011100769,-0.47999307513237,0.559421956539154,1.8366867303848267,0.6929792165756226,-0.9749801158905029,-0.3230406939983368,1.6549831628799438,1.091471791267395,1.444374680519104,-0.26827701926231384
-0.2560282051563263,-0.15729889273643494,0.02061508409678936,1.9589745998382568,1.1421399116516113,1.5829588174819946,-0.47994810342788696,0.5591886043548584,1.8369807004928589,0.693337619304657,-0.9750261902809143,-0.3229292929172516,1.6547162532806396,1.0917704105377197,1.444128394126892,-0.2678741216659546
-0.2558908462524414,-0.15737256407737732,0.02048337087035179,1.959053874015808,1.1419222354888916,1.5827789306640625,-0.4799538254737854,0.5589632391929626,1.8370693922042847,0.6937042474746704,-0.9751127362251282,-0.32287004590034485,1.6544862985610962,1.0919350385665894,1.4441192150115967,-0.2675383687019348
-0.2557581663131714,-0.15738102793693542,0.020451538264751434,1.9588749408721924,1.1419804096221924,1.5830689668655396,-0.47990700602531433,0.558648407459259,1.8372944593429565,0.6941142082214355,-0.975153386592865,-0.3227614760398865,1.6542381048202515,1.0922298431396484,1.4439104795455933,-0.26716771721839905
-0.25563040375709534,-0.15743832290172577,0.020345481112599373,1.9589519500732422,1.1417951583862305,1.582912802696228,-0.47990331053733826,0.5583875179290771,1.8373181819915771,0.6945558786392212,-0.9752194285392761,-0.3226933777332306,1.6540240049362183,1.092388391494751,1.4439036846160889,-0.26686158776283264
-0.2555190920829773,-0.15743876993656158,0.020320100709795952,1.9588003158569336,1.1418352127075195,1.5831581354141235,-0.47985637187957764,0.5582901835441589,1.8374422788619995,0.6950247287750244,-0.9752441048622131,-0.3225829005241394,1.6537936925888062,1.0926419496536255,1.443720817565918,-0.26652950048446655
-0.2554118037223816,-0.15747985243797302,0.020232252776622772,1.9588656425476074,1.1416547298431396,1.5830260515213013,-0.4798458218574524,0.5582287311553955,1.8374043703079224,0.6955049633979797,-0.9752901792526245,-0.32250675559043884,1.6535987854003906,1.0927817821502686,1.4437098503112793,-0.2662582993507385
-0.2553081512451172,-0.15746870636940002,0.020222965627908707,1.958725094795227,1.1416679620742798,1.5832672119140625,-0.4797937572002411,0.5580958127975464,1.837491750717163,0.6959874033927917,-0.9753005504608154,-0.322392076253891,1.653398871421814,1.0930278301239014,1.4435428380966187,-0.2659692168235779
-0.2551949620246887,-0.15749725699424744,0.02016047015786171,1.9587693214416504,1.1414687633514404,1.5831727981567383,-0.4797739088535309,0.5579739809036255,1.8374686241149902,0.6964356899261475,-0.9753375053405762,-0.3223114609718323,1.6532349586486816,1.0931932926177979,1.4435259103775024,-0.26573607325553894
-0.2550724744796753,-0.15748529136180878,0.02016514167189598,1.9586474895477295,1.1414111852645874,1.5833808183670044,-0.47971946001052856,0.5577833652496338,1.8375744819641113,0.6968510150909424,-0.9753506779670715,-0.3222017288208008,1.6530731916427612,1.093463659286499,1.4433530569076538,-0.26549091935157776
-0.25494271516799927,-0.15750205516815186,0.020130598917603493,1.9586635828018188,1.1411882638931274,1.583337426185608,-0.4796887934207916,0.5576092004776001,1.8376052379608154,0.6972157955169678,-0.9753839373588562,-0.32211798429489136,1.6529419422149658,1.0936760902404785,1.4432908296585083,-0.26529353857040405
-0.25481748580932617,-0.15748853981494904,0.020138947293162346,1.9585679769515991,1.1410611867904663,1.5834946632385254,-0.4796353876590729,0.5574106574058533,1.8377126455307007,0.697542667388916,-0.9753973484039307,-0.3220140337944031,1.6528135538101196,1.093946933746338,1.4431473016738892,-0.2650969326496124
-0.2546980082988739,-0.15748876333236694,0.02012186124920845,1.9585603475570679,1.1408369541168213,1.5834977626800537,-0.4795965254306793,0.5572454333305359,1.837761640548706,0.6978316307067871,-0.9754181504249573,-0.32192462682724,1.6527043581008911,1.0941702127456665,1.4430795907974243,-0.2649369239807129
-0.2545889914035797,-0.15747274458408356,0.020123478025197983,1.9584972858428955,1.1406608819961548,1.5835973024368286,-0.4795474112033844,0.5572044253349304,1.837836742401123,0.698087215423584,-0.9754279255867004,-0.3218260109424591,1.652592420578003,1.0944123268127441,1.442967176437378,-0.26478344202041626
-0.2544849216938019,-0.157465860247612,0.020107822492718697,1.9584932327270508,1.1404284238815308,1.5835986137390137,-0.4795081317424774,0.5572531819343567,1.837872862815857,0.698319137096405,-0.9754432439804077,-0.32173779606819153,1.652485966682434,1.09462308883667,1.4428828954696655,-0.264655202627182
-0.2543829083442688,-0.15744894742965698,0.02010476589202881,1.9584649801254272,1.1402345895767212,1.5836505889892578,-0.47946226596832275,0.5572596192359924,1.8379329442977905,0.6985439658164978,-0.9754518866539001,-0.3216448426246643,1.6523789167404175,1.094851016998291,1.4427621364593506,-0.2645317018032074
-0.25428295135498047,-0.1574353128671646,0.020093966275453568,1.958465576171875,1.1400288343429565,1.583646297454834,-0.47942113876342773,0.5572325587272644,1.8379806280136108,0.6987679600715637,-0.9754621982574463,-0.321557879447937,1.6522767543792725,1.0950658321380615,1.4426586627960205,-0.2644217014312744
-0.25418850779533386,-0.15741576254367828,0.020087044686079025,1.9584565162658691,1.1398537158966064,1.583649754524231,-0.4793780446052551,0.5571695566177368,1.8380368947982788,0.6990012526512146,-0.9754671454429626,-0.32146981358528137,1.6521772146224976,1.0952823162078857,1.4425451755523682,-0.26431721448898315
-0.2541038691997528,-0.1573922038078308,0.02007897198200226,1.958442211151123,1.1397018432617188,1.5836408138275146,-0.47933563590049744,0.557080090045929,1.8380898237228394,0.6992444396018982,-0.9754672050476074,-0.32138246297836304,1.6520817279815674,1.095489263534546,1.4424525499343872,-0.2642189562320709
-0.25402891635894775,-0.15736787021160126,0.020065514370799065,1.9584362506866455,1.1395564079284668,1.5835989713668823,-0.47929641604423523,0.5569750070571899,1.8381307125091553,0.699495792388916,-0.9754646420478821,-0.32129809260368347,1.651991605758667,1.095679759979248,1.4423891305923462,-0.26412850618362427
-0.25396084785461426,-0.15733589231967926,0.02005978301167488,1.958404302597046,1.139445424079895,1.5835963487625122,-0.47925353050231934,0.5568491816520691,1.8381859064102173,0.6997503638267517,-0.9754563570022583,-0.32121068239212036,1.651900291442871,1.0958757400512695,1.4423187971115112,-0.2640385031700134
-0.25389304757118225,-0.1573125422000885,0.02004222758114338,1.9584137201309204,1.139294147491455,1.5835254192352295,-0.4792184829711914,0.5567187666893005,1.8382207155227661,0.6999980211257935,-0.9754546880722046,-0.32113224267959595,1.6518129110336304,1.0960521697998047,1.4422749280929565,-0.2639589011669159
-0.25382566452026367,-0.15728026628494263,0.020041676238179207,1.958373785018921,1.139182448387146,1.5835472345352173,-0.47917574644088745,0.5566743612289429,1.8382915258407593,0.7002291083335876,-0.9754500985145569,-0.32104843854904175,1.6517164707183838,1.0962542295455933,1.4421756267547607,-0.26387158036231995
-0.2537574768066406,-0.1572679877281189,0.020015163347125053,1.958414077758789,1.1389800310134888,1.5834317207336426,-0.47914931178092957,0.5566937923431396,1.8383147716522217,0.7004402279853821,-0.9754604697227478,-0.3209819495677948,1.6516252756118774,1.0964152812957764,1.442135214805603,-0.26380205154418945
-0.25369352102279663,-0.1572333723306656,0.020024213939905167,1.958349347114563,1.1388765573501587,1.5835071802139282,-0.47910499572753906,0.5567864775657654,1.8384075164794922,0.7006407976150513,-0.9754575490951538,-0.3208995461463928,1.6515228748321533,1.096624732017517,1.4419960975646973,-0.26371583342552185
-0.25363266468048096,-0.15722855925559998,0.01998913288116455,1.9584167003631592,1.1386423110961914,1.5833396911621094,-0.4790869951248169,0.5568821430206299,1.8384157419204712,0.7008324265480042,-0.975472629070282,-0.32084283232688904,1.6514400243759155,1.0967587232589722,1.4419753551483154,-0.26365867257118225
-0.2535809874534607,-0.15717759728431702,0.020021352916955948,1.9582808017730713,1.1386213302612305,1.5835195779800415,-0.47903338074684143,0.5568948984146118,1.8385531902313232,0.7010282874107361,-0.9754559397697449,-0.3207522928714752,1.6513463258743286,1.0969825983047485,1.4418175220489502,-0.26356521248817444
-0.2535315752029419,-0.15718334913253784,0.019969455897808075,1.9583897590637207,1.1383627653121948,1.583242654800415,-0.4790284335613251,0.556937038898468,1.8385288715362549,0.7012122869491577,-0.9754735827445984,-0.3207088112831116,1.651284098625183,1.0970685482025146,1.4418809413909912,-0.26352208852767944
-0.2534877359867096,-0.15711094439029694,0.02003640867769718,1.9581542015075684,1.1384685039520264,1.5835824012756348,-0.4789596199989319,0.5568547248840332,1.8387328386306763,0.7013473510742188,-0.9754397869110107,-0.32060545682907104,1.6511926651000977,1.097325086593628,1.4416823387145996,-0.26341181993484497
-0.2534366548061371,-0.15714843571186066,0.019946344196796417,1.958382487297058,1.138113260269165,1.583088755607605,-0.4789804518222809,0.5568435788154602,1.8386363983154297,0.7014689445495605,-0.9754770398139954,-0.3205898404121399,1.6511425971984863,1.0973403453826904,1.4418740272521973,-0.2633896768093109
-0.2533855438232422,-0.1570522040128708,0.020063167437911034,1.9580334424972534,1.1383661031723022,1.5836760997772217,-0.4788886606693268,0.5566468238830566,1.8389345407485962,0.7015576958656311,-0.9754288196563721,-0.32046863436698914,1.6510311365127563,1.0976650714874268,1.4415384531021118,-0.26324737071990967
-0.25332725048065186,-0.15713201463222504,0.01992298662662506,1.958434820175171,1.137863278388977,1.5829288959503174,-0.47894132137298584,0.5566072463989258,1.8387322425842285,0.7016517519950867,-0.9754939675331116,-0.32048672437667847,1.6509815454483032,1.0975959300994873,1.4418359994888306,-0.263245552778244
-0.25328898429870605,-0.15702402591705322,0.02006358653306961,1.9579894542694092,1.1382137537002563,1.5836989879608154,-0.4788390100002289,0.5566941499710083,1.8390568494796753,0.7017129063606262,-0.9754388332366943,-0.3203568458557129,1.650830864906311,1.0979400873184204,1.4414368867874146,-0.26307401061058044
-0.25324103236198425,-0.15712907910346985,0.01989085040986538,1.9584453105926514,1.1376492977142334,1.5828548669815063,-0.4789121448993683,0.5569324493408203,1.8387809991836548,0.7018183469772339,-0.975520670413971,-0.32039588689804077,1.6507617235183716,1.09781014919281,1.4418123960494995,-0.2630704641342163
-0.2532000243663788,-0.15705381333827972,0.01998962089419365,1.9581162929534912,1.1378939151763916,1.5834321975708008,-0.47883567214012146,0.5568947196006775,1.8390289545059204,0.7020549774169922,-0.9754853844642639,-0.3202926516532898,1.65061354637146,1.0980892181396484,1.4414896965026855,-0.2629052698612213
-0.253154456615448,-0.15708966553211212,0.019924795255064964,1.9582431316375732,1.1376714706420898,1.583174467086792,-0.4788513481616974,0.5569019317626953,1.8389729261398315,0.7023619413375854,-0.9755208492279053,-0.3202786445617676,1.6505143642425537,1.0981229543685913,1.4415738582611084,-0.2628234624862671
-0.25311535596847534,-0.15710988640785217,0.01988072320818901,1.9582953453063965,1.137526273727417,1.5830342769622803,-0.4788561761379242,0.5568488240242004,1.8389601707458496,0.7027520537376404,-0.9755434393882751,-0.32025405764579773,1.6504175662994385,1.098183035850525,1.4416029453277588,-0.2627250850200653
-0.2530902624130249,-0.15704573690891266,0.01995653659105301,1.9579795598983765,1.137753963470459,1.583525538444519,-0.478794664144516,0.5566835999488831,1.8391754627227783,0.7032090425491333,-0.9755081534385681,-0.32016515731811523,1.6502971649169922,1.0984137058258057,1.441357135772705,-0.2625560164451599
-0.2530635595321655,-0.1571202576160431,0.01982342265546322,1.958256483078003,1.1373728513717651,1.582938551902771,-0.47884994745254517,0.5566661357879639,1.838990569114685,0.7036607265472412,-0.9755601286888123,-0.3201882839202881,1.6502481698989868,1.0983227491378784,1.4416366815567017,-0.26250532269477844
-0.25304660201072693,-0.15704135596752167,0.019919153302907944,1.957867980003357,1.1376636028289795,1.5835314989089966,-0.47877904772758484,0.5564762353897095,1.8392407894134521,0.7041182518005371,-0.9755131006240845,-0.32009175419807434,1.6501410007476807,1.0985703468322754,1.4413763284683228,-0.26232635974884033
-0.2530137896537781,-0.15708224475383759,0.019846677780151367,1.9579799175262451,1.1374343633651733,1.5832453966140747,-0.47880393266677856,0.5564025044441223,1.8391730785369873,0.7045019865036011,-0.9755471348762512,-0.3200905919075012,1.6500846147537231,1.0985690355300903,1.441532015800476,-0.2622443735599518
-0.2529686391353607,-0.15709362924098969,0.019832322373986244,1.9579555988311768,1.1373389959335327,1.583241581916809,-0.4787992835044861,0.556279182434082,1.839216709136963,0.7048202753067017,-0.9755674004554749,-0.3200654089450836,1.6500089168548584,1.0986607074737549,1.4415313005447388,-0.2621323764324188
-0.2529142200946808,-0.1570662260055542,0.01988929510116577,1.957761526107788,1.1374166011810303,1.5835890769958496,-0.47875773906707764,0.5561040043830872,1.8393892049789429,0.7050718069076538,-0.9755671620368958,-0.320008248090744,1.6499073505401611,1.098860502243042,1.441341757774353,-0.26198291778564453
-0.25285017490386963,-0.15714812278747559,0.019793078303337097,1.9580371379852295,1.1370176076889038,1.583138346672058,-0.4788036644458771,0.5560532808303833,1.8392524719238281,0.7052387595176697,-0.9756397604942322,-0.3200364112854004,1.6498442888259888,1.0988222360610962,1.4415338039398193,-0.26192161440849304
-0.2527998387813568,-0.15711279213428497,0.01987358182668686,1.9578155279159546,1.1371304988861084,1.5835994482040405,-0.47875267267227173,0.5561007261276245,1.8394259214401245,0.7053742408752441,-0.9756360054016113,-0.3199706971645355,1.6497231721878052,1.0990312099456787,1.4412636756896973,-0.2617618441581726
-0.2527557909488678,-0.15716151893138885,0.01982659287750721,1.9579740762710571,1.1368732452392578,1.5833953619003296,-0.47877344489097595,0.5562466382980347,1.8393292427062988,0.7054712176322937,-0.9756824374198914,-0.31997138261795044,1.6496437788009644,1.0990262031555176,1.4413251876831055,-0.26167675852775574
-0.25272634625434875,-0.15717466175556183,0.01982705295085907,1.9579977989196777,1.1367734670639038,1.5834200382232666,-0.47876831889152527,0.5563512444496155,1.8393017053604126,0.7055634260177612,-0.9757006764411926,-0.3199445605278015,1.6495614051818848,1.099070429801941,1.4412966966629028,-0.2615675926208496
-0.2527070641517639,-0.1571444571018219,0.01988815702497959,1.9578412771224976,1.1368732452392578,1.5837364196777344,-0.4787299931049347,0.5563854575157166,1.8393806219100952,0.7056547403335571,-0.9756870865821838,-0.3198845386505127,1.6494742631912231,1.0991917848587036,1.4411507844924927,-0.2614265978336334
-0.25268059968948364,-0.1571952849626541,0.019830450415611267,1.958020567893982,1.1366385221481323,1.583415150642395,-0.4787588119506836,0.5564585328102112,1.8392393589019775,0.705718994140625,-0.9757252335548401,-0.31989002227783203,1.6494348049163818,1.099133849143982,1.4413233995437622,-0.2613525092601776
-0.2526512145996094,-0.1571543663740158,0.01991298235952854,1.9577968120574951,1.1368242502212524,1.583784580230713,-0.4787105917930603,0.5563719272613525,1.839379072189331,0.7057875990867615,-0.9757050275802612,-0.31982389092445374,1.6493662595748901,1.0992926359176636,1.4411557912826538,-0.2611999213695526
-0.25261053442955017,-0.15717904269695282,0.019901776686310768,1.9578375816345215,1.1367446184158325,1.5836563110351562,-0.4787152111530304,0.5563006401062012,1.8393559455871582,0.7058308720588684,-0.9757289886474609,-0.31981098651885986,1.649330973625183,1.0993186235427856,1.441230297088623,-0.2610997259616852
-0.25256839394569397,-0.1571914702653885,0.019908588379621506,1.957825779914856,1.1367292404174805,1.5836166143417358,-0.4787096083164215,0.5561850070953369,1.8393757343292236,0.7058714628219604,-0.9757452607154846,-0.31978943943977356,1.6492924690246582,1.0993744134902954,1.4412546157836914,-0.2609909772872925
-0.2525337040424347,-0.1571638435125351,0.019969800487160683,1.9576590061187744,1.1368870735168457,1.583866834640503,-0.478672593832016,0.5560265183448792,1.8394982814788818,0.7059230208396912,-0.9757338762283325,-0.31973719596862793,1.649236798286438,1.0995070934295654,1.4411269426345825,-0.26085540652275085
-0.25250592827796936,-0.1572028547525406,0.019923418760299683,1.9577997922897339,1.1367435455322266,1.5835899114608765,-0.4786936342716217,0.5559675097465515,1.8394089937210083,0.7059683799743652,-0.9757627248764038,-0.3197389841079712,1.6492080688476562,1.09946870803833,1.4412493705749512,-0.2607853412628174
-0.2524944543838501,-0.15716733038425446,0.019978070631623268,1.9576475620269775,1.1369074583053589,1.5838594436645508,-0.4786563217639923,0.5558634996414185,1.8395037651062012,0.7060290575027466,-0.9757407307624817,-0.3196829557418823,1.6491453647613525,1.0995721817016602,1.4411091804504395,-0.2606639266014099
-0.2524852454662323,-0.15717816352844238,0.01995842158794403,1.9577105045318604,1.1368495225906372,1.5837736129760742,-0.47865867614746094,0.5558428764343262,1.8394558429718018,0.7060756087303162,-0.9757484197616577,-0.31966471672058105,1.6490997076034546,1.0995625257492065,1.4411312341690063,-0.260590523481369
-0.2524731755256653,-0.15718385577201843,0.019945794716477394,1.9577569961547852,1.1367958784103394,1.583740234375,-0.4786560535430908,0.5558330416679382,1.8394290208816528,0.7061084508895874,-0.9757552146911621,-0.3196432590484619,1.6490495204925537,1.0995709896087646,1.4411147832870483,-0.2605188190937042
-0.25245365500450134,-0.1571616679430008,0.019977454096078873,1.9576789140701294,1.1368485689163208,1.5839413404464722,-0.4786282777786255,0.5557937026023865,1.8395012617111206,0.7061281204223633,-0.9757481813430786,-0.31960052251815796,1.6489869356155396,1.0996605157852173,1.4409725666046143,-0.26042690873146057
-0.2524203062057495,-0.1571982055902481,0.01992577128112316,1.9578365087509155,1.136634111404419,1.5837186574935913,-0.4786466360092163,0.5558100938796997,1.8394321203231812,0.7061222195625305,-0.9757837653160095,-0.31960535049438477,1.6489514112472534,1.0996415615081787,1.4410343170166016,-0.26038503646850586
-0.25238272547721863,-0.15718021988868713,0.0199566762894392,1.9577534198760986,1.1366459131240845,1.5839173793792725,-0.47861868143081665,0.5557605028152466,1.8395326137542725,0.706126868724823,-0.9757868647575378,-0.3195679485797882,1.6488981246948242,1.0997588634490967,1.440887451171875,-0.260299950838089
-0.2523420751094818,-0.15719683468341827,0.01993434876203537,1.957813024520874,1.1364985704421997,1.5838443040847778,-0.4786198139190674,0.555747926235199,1.8395370244979858,0.7061409950256348,-0.9758128523826599,-0.31955912709236145,1.6488673686981201,1.0998013019561768,1.4408793449401855,-0.26024705171585083
-0.2523071765899658,-0.15720391273498535,0.019920626655220985,1.957837462425232,1.1363856792449951,1.583816647529602,-0.47861531376838684,0.5557321310043335,1.8395540714263916,0.7061875462532043,-0.9758304357528687,-0.3195439279079437,1.6488416194915771,1.099853515625,1.4408565759658813,-0.26019176840782166
-0.2522834837436676,-0.15718097984790802,0.019944049417972565,1.957742691040039,1.1364015340805054,1.5839821100234985,-0.47858926653862,0.5556906461715698,1.8396323919296265,0.7062743902206421,-0.9758249521255493,-0.31950613856315613,1.6488107442855835,1.0999526977539062,1.4407564401626587,-0.2601175606250763
-0.2522653043270111,-0.1571977734565735,0.019902899861335754,1.9578255414962769,1.1362481117248535,1.5838171243667603,-0.47859862446784973,0.5556942820549011,1.8395781517028809,0.706384003162384,-0.975841760635376,-0.31950080394744873,1.6488019227981567,1.0999466180801392,1.440825343132019,-0.26008161902427673
-0.2522547245025635,-0.15716734528541565,0.019929293543100357,1.957709789276123,1.1363109350204468,1.5839961767196655,-0.4785703718662262,0.5556341409683228,1.839645504951477,0.7065174579620361,-0.9758259654045105,-0.3194586932659149,1.6487727165222168,1.1000361442565918,1.440740942955017,-0.26000988483428955
-0.2522395849227905,-0.15717214345932007,0.019906217232346535,1.957740068435669,1.1362353563308716,1.5839134454727173,-0.47857043147087097,0.5555881857872009,1.8396179676055908,0.7066425681114197,-0.9758332967758179,-0.31944483518600464,1.6487553119659424,1.1000522375106812,1.4407830238342285,-0.2599675953388214
-0.25221869349479675,-0.1571706086397171,0.019898323342204094,1.9577367305755615,1.136202096939087,1.5838969945907593,-0.47856324911117554,0.5555068850517273,1.8396215438842773,0.7067529559135437,-0.9758382439613342,-0.3194259703159332,1.6487294435501099,1.1000949144363403,1.4407869577407837,-0.259919136762619
-0.2521929442882538,-0.15715913474559784,0.019910916686058044,1.9576866626739502,1.1362217664718628,1.5839754343032837,-0.4785459339618683,0.5553956627845764,1.839665412902832,0.706841766834259,-0.9758386015892029,-0.3193991780281067,1.648693561553955,1.1001710891723633,1.4407380819320679,-0.2598626911640167
-0.2521637976169586,-0.15718059241771698,0.01987793669104576,1.9577776193618774,1.1360994577407837,1.583815336227417,-0.47855502367019653,0.5553200244903564,1.8396201133728027,0.7069001793861389,-0.9758610725402832,-0.3193986117839813,1.6486681699752808,1.1001774072647095,1.4408026933670044,-0.2598366141319275
-0.2521401047706604,-0.15716417133808136,0.019900981336832047,1.9577181339263916,1.1361331939697266,1.5839396715164185,-0.4785335063934326,0.5552231073379517,1.8396738767623901,0.7069466710090637,-0.975858211517334,-0.31936827301979065,1.648626685142517,1.1002612113952637,1.4407247304916382,-0.25978559255599976
-0.2521212697029114,-0.15717516839504242,0.01988070085644722,1.9577878713607788,1.136033296585083,1.5838438272476196,-0.4785363972187042,0.5551896095275879,1.839635968208313,0.706972599029541,-0.9758714437484741,-0.31936028599739075,1.6486003398895264,1.1002707481384277,1.4407562017440796,-0.25976577401161194
-0.2521098256111145,-0.1571674644947052,0.019884977489709854,1.9577890634536743,1.135999083518982,1.583873987197876,-0.4785257875919342,0.5551688075065613,1.839637279510498,0.7069886326789856,-0.9758709073066711,-0.319338321685791,1.6485719680786133,1.1003087759017944,1.440731406211853,-0.2597382962703705
-0.25210145115852356,-0.157154843211174,0.019895020872354507,1.9577749967575073,1.1359736919403076,1.583931565284729,-0.4785122275352478,0.5551667809486389,1.8396471738815308,0.7069934606552124,-0.9758665561676025,-0.3193133473396301,1.6485475301742554,1.1003518104553223,1.4406946897506714,-0.25971314311027527
-0.25209030508995056,-0.15716007351875305,0.019879629835486412,1.957832932472229,1.1358652114868164,1.5838543176651,-0.47851336002349854,0.5551910996437073,1.8396124839782715,0.7069827914237976,-0.9758745431900024,-0.3193034529685974,1.6485356092453003,1.1003588438034058,1.4407254457473755,-0.2597058415412903
-0.25207552313804626,-0.1571403592824936,0.01990414224565029,1.9577759504318237,1.1358667612075806,1.58397376537323,-0.4784929156303406,0.5551789402961731,1.8396615982055664,0.7069686055183411,-0.9758680462837219,-0.3192746043205261,1.6485161781311035,1.1004317998886108,1.4406585693359375,-0.2596779763698578
-0.2520536780357361,-0.1571497917175293,0.01988867297768593,1.957830548286438,1.1357494592666626,1.5838836431503296,-0.47849538922309875,0.5551804304122925,1.8396432399749756,0.7069474458694458,-0.9758821725845337,-0.3192696273326874,1.6485100984573364,1.1004517078399658,1.4406944513320923,-0.25967246294021606
-0.25203004479408264,-0.15714162588119507,0.019900990650057793,1.9578031301498413,1.135718584060669,1.5839334726333618,-0.47848275303840637,0.5551444292068481,1.839682698249817,0.7069395184516907,-0.9758855700492859,-0.31925132870674133,1.6484960317611694,1.1005170345306396,1.4406601190567017,-0.25965049862861633
-0.2520075738430023,-0.15714113414287567,0.019901102408766747,1.957806944847107,1.1356642246246338,1.5839245319366455,-0.47847697138786316,0.5551056861877441,1.839698314666748,0.7069503664970398,-0.9758930802345276,-0.31923970580101013,1.6484839916229248,1.1005626916885376,1.4406543970108032,-0.2596341073513031
-0.2519906163215637,-0.15714487433433533,0.019891666248440742,1.957834243774414,1.1355986595153809,1.5838745832443237,-0.47847625613212585,0.5550703406333923,1.839690089225769,0.7069873213768005,-0.9759010672569275,-0.3192319869995117,1.648472547531128,1.1005877256393433,1.440669059753418,-0.25962206721305847
-0.251982718706131,-0.15713098645210266,0.019903920590877533,1.9577949047088623,1.1356145143508911,1.5839459896087646,-0.4784630537033081,0.5550209283828735,1.8397148847579956,0.7070534229278564,-0.9758947491645813,-0.31921082735061646,1.6484522819519043,1.10063636302948,1.4406288862228394,-0.259597510099411
-0.2519795894622803,-0.15713666379451752,0.01988399215042591,1.9578454494476318,1.1355478763580322,1.5838603973388672,-0.47846758365631104,0.5549994111061096,1.839672327041626,0.7071335911750793,-0.9758990406990051,-0.31920570135116577,1.6484400033950806,1.1006298065185547,1.4406660795211792,-0.2595910429954529
-0.25197988748550415,-0.15712110698223114,0.019894666969776154,1.9578087329864502,1.135574460029602,1.58393394947052,-0.47845515608787537,0.5549576878547668,1.8396860361099243,0.7072228789329529,-0.975888729095459,-0.31918418407440186,1.64841890335083,1.1006659269332886,1.4406236410140991,-0.2595682144165039
-0.2519775927066803,-0.15712188184261322,0.01988268829882145,1.957837700843811,1.1355304718017578,1.5838903188705444,-0.4784558117389679,0.5549331307411194,1.839659571647644,0.7073001265525818,-0.9758897423744202,-0.3191761076450348,1.64840567111969,1.100669264793396,1.4406378269195557,-0.2595592439174652
-0.25197136402130127,-0.15711748600006104,0.019881483167409897,1.9578382968902588,1.1355080604553223,1.583896517753601,-0.478451132774353,0.5549004077911377,1.839659333229065,0.7073599100112915,-0.9758890867233276,-0.3191644251346588,1.6483919620513916,1.100692629814148,1.4406259059906006,-0.2595458924770355
-0.2519605755805969,-0.15711215138435364,0.01988503895699978,1.9578280448913574,1.13548743724823,1.5839205980300903,-0.47844451665878296,0.554865837097168,1.8396741151809692,0.7073976993560791,-0.9758896231651306,-0.31915244460105896,1.6483800411224365,1.1007272005081177,1.4406040906906128,-0.25953182578086853
-0.2519461512565613,-0.15711815655231476,0.01987423561513424,1.957861304283142,1.1354143619537354,1.5838661193847656,-0.47844651341438293,0.5548471212387085,1.8396650552749634,0.7074134945869446,-0.975898802280426,-0.3191498816013336,1.648375391960144,1.100742220878601,1.440621018409729,-0.25952771306037903
-0.2519323527812958,-0.15710870921611786,0.01988719403743744,1.9578291177749634,1.1354047060012817,1.5839298963546753,-0.4784356653690338,0.5548194050788879,1.839700698852539,0.7074195742607117,-0.975898265838623,-0.3191353976726532,1.6483664512634277,1.1007916927337646,1.4405800104141235,-0.2595120370388031
-0.25191986560821533,-0.1571146547794342,0.019876744598150253,1.9578652381896973,1.135325312614441,1.5838738679885864,-0.4784380793571472,0.5548192262649536,1.8396880626678467,0.7074174880981445,-0.9759070873260498,-0.3191334307193756,1.6483656167984009,1.1008020639419556,1.4405996799468994,-0.2595106065273285
-0.2519116997718811,-0.15710538625717163,0.01988755539059639,1.9578419923782349,1.1353111267089844,1.5839272737503052,-0.4784287214279175,0.5548117756843567,1.8397098779678345,0.7074198722839355,-0.9759048819541931,-0.31911954283714294,1.6483590602874756,1.1008388996124268,1.4405666589736938,-0.2594977617263794
-0.2519061863422394,-0.15710414946079254,0.019885338842868805,1.95785653591156,1.135264277458191,1.5839152336120605,-0.4784266948699951,0.5548179149627686,1.8397014141082764,0.7074252963066101,-0.9759067893028259,-0.3191121816635132,1.6483556032180786,1.1008511781692505,1.4405672550201416,-0.259491890668869
-0.2519024908542633,-0.1571001261472702,0.019886931404471397,1.9578607082366943,1.1352345943450928,1.5839227437973022,-0.4784226715564728,0.5548194050788879,1.8396964073181152,0.7074363827705383,-0.9759061932563782,-0.31910276412963867,1.6483500003814697,1.1008660793304443,1.4405590295791626,-0.2594829201698303
-0.2518989145755768,-0.1570931226015091,0.019893543794751167,1.957850694656372,1.1352248191833496,1.5839544534683228,-0.4784160554409027,0.5548105239868164,1.839699625968933,0.7074517607688904,-0.9759035706520081,-0.3190911114215851,1.6483417749404907,1.1008877754211426,1.4405391216278076,-0.2594698369503021
-0.2518935799598694,-0.15709561109542847,0.019887184724211693,1.957877278327942,1.1351813077926636,1.5839177370071411,-0.47841688990592957,0.5548027157783508,1.8396790027618408,0.7074671387672424,-0.9759073853492737,-0.3190872073173523,1.6483365297317505,1.1008907556533813,1.440553069114685,-0.2594626247882843
-0.25188755989074707,-0.15708743035793304,0.01989760808646679,1.9578553438186646,1.1351898908615112,1.583964467048645,-0.4784085750579834,0.5547751784324646,1.8396918773651123,0.7074854969978333,-0.975904643535614,-0.3190751075744629,1.6483262777328491,1.1009200811386108,1.4405258893966675,-0.25944504141807556
-0.25188031792640686,-0.15709175169467926,0.01988980732858181,1.9578839540481567,1.1351474523544312,1.5839171409606934,-0.478410542011261,0.5547580718994141,1.8396714925765991,0.7075018882751465,-0.9759102463722229,-0.31907325983047485,1.6483216285705566,1.100922703742981,1.4405457973480225,-0.2594371438026428
-0.2518744468688965,-0.1570848673582077,0.019898084923624992,1.9578653573989868,1.135153889656067,1.5839520692825317,-0.4784035384654999,0.5547307133674622,1.8396822214126587,0.7075212597846985,-0.9759083986282349,-0.3190629184246063,1.648313283920288,1.1009488105773926,1.4405256509780884,-0.2594204545021057
-0.25186973810195923,-0.15708504617214203,0.019894801080226898,1.9578781127929688,1.1351275444030762,1.5839295387268066,-0.47840291261672974,0.5547176003456116,1.8396708965301514,0.7075395584106445,-0.9759107828140259,-0.3190585970878601,1.6483094692230225,1.1009560823440552,1.4405347108840942,-0.25941091775894165
-0.2518671154975891,-0.1570805311203003,0.019897393882274628,1.9578720331192017,1.1351189613342285,1.5839394330978394,-0.4783989489078522,0.5547164082527161,1.8396708965301514,0.7075573801994324,-0.9759097695350647,-0.31905096769332886,1.64830482006073,1.1009705066680908,1.4405277967453003,-0.259398877620697
-0.2518656253814697,-0.15707577764987946,0.01989971660077572,1.957865834236145,1.1351090669631958,1.5839498043060303,-0.47839516401290894,0.5547236800193787,1.8396713733673096,0.7075728178024292,-0.9759085178375244,-0.3190435469150543,1.6483008861541748,1.1009836196899414,1.4405204057693481,-0.2593880593776703
-0.25186392664909363,-0.15707451105117798,0.0198969803750515,1.9578739404678345,1.1350830793380737,1.5839351415634155,-0.4783942997455597,0.5547350645065308,1.8396645784378052,0.7075839638710022,-0.9759097099304199,-0.3190392255783081,1.6482988595962524,1.1009893417358398,1.4405248165130615,-0.25938108563423157
-0.2518617510795593,-0.1570676863193512,0.01990320160984993,1.9578568935394287,1.1350821256637573,1.5839662551879883,-0.47838863730430603,0.554736852645874,1.8396778106689453,0.7075921893119812,-0.9759076833724976,-0.31903076171875,1.6482940912246704,1.101009488105774,1.4405053853988647,-0.2593698799610138
-0.25185808539390564,-0.15706954896450043,0.01989750936627388,1.9578742980957031,1.1350458860397339,1.5839364528656006,-0.47838982939720154,0.5547428727149963,1.83967125415802,0.7075955271720886,-0.9759116768836975,-0.31902942061424255,1.6482921838760376,1.1010128259658813,1.4405148029327393,-0.25936585664749146
-0.25185438990592957,-0.15706360340118408,0.019904058426618576,1.9578574895858765,1.1350462436676025,1.583969235420227,-0.478384405374527,0.5547352433204651,1.8396896123886108,0.7075995206832886,-0.9759107232093811,-0.3190220594406128,1.6482858657836914,1.1010347604751587,1.4404921531677246,-0.259355366230011
-0.2518507242202759,-0.15706589818000793,0.01989850588142872,1.957875370979309,1.135013461112976,1.583941102027893,-0.4783858358860016,0.5547338128089905,1.8396849632263184,0.7076036334037781,-0.9759149551391602,-0.3190213739871979,1.6482820510864258,1.1010377407073975,1.4404990673065186,-0.2593518793582916
-0.2518487870693207,-0.15706124901771545,0.019902799278497696,1.9578653573989868,1.1350126266479492,1.583964467048645,-0.47838184237480164,0.5547245144844055,1.8396973609924316,0.7076129913330078,-0.9759141206741333,-0.3190152645111084,1.6482747793197632,1.1010534763336182,1.4404805898666382,-0.25934311747550964
-0.2518482804298401,-0.15706101059913635,0.01989986188709736,1.9578757286071777,1.1349937915802002,1.5839520692825317,-0.478381872177124,0.5547218322753906,1.839693546295166,0.7076258659362793,-0.9759154319763184,-0.31901276111602783,1.6482692956924438,1.1010560989379883,1.4404804706573486,-0.2593386173248291
-0.25184929370880127,-0.15705761313438416,0.019901053979992867,1.957873821258545,1.1349895000457764,1.5839613676071167,-0.47837963700294495,0.5547176599502563,1.8396953344345093,0.7076424956321716,-0.9759141206741333,-0.31900787353515625,1.6482627391815186,1.1010628938674927,1.4404716491699219,-0.2593320906162262
-0.2518504559993744,-0.15705473721027374,0.019901597872376442,1.9578737020492554,1.1349836587905884,1.5839663743972778,-0.4783778488636017,0.5547148585319519,1.839694619178772,0.7076598405838013,-0.9759129881858826,-0.31900349259376526,1.6482571363449097,1.101068139076233,1.4404659271240234,-0.25932613015174866
-0.25185057520866394,-0.15705351531505585,0.019900459796190262,1.9578787088394165,1.1349714994430542,1.5839606523513794,-0.47837719321250916,0.5547129511833191,1.8396905660629272,0.7076751589775085,-0.9759131669998169,-0.3190004825592041,1.6482528448104858,1.1010713577270508,1.440466284751892,-0.2593212425708771
-0.25184929370880127,-0.15704979002475739,0.019904188811779022,1.957870364189148,1.134971022605896,1.5839771032333374,-0.47837403416633606,0.5547065138816833,1.8396961688995361,0.7076876163482666,-0.9759120941162109,-0.31899553537368774,1.6482481956481934,1.1010831594467163,1.4404563903808594,-0.25931379199028015
-0.2518463134765625,-0.1570509523153305,0.019901787862181664,1.9578800201416016,1.134950041770935,1.583959937095642,-0.47837451100349426,0.5547040700912476,1.8396905660629272,0.7076956033706665,-0.9759146571159363,-0.31899452209472656,1.6482460498809814,1.1010868549346924,1.440463662147522,-0.25930994749069214
-0.25184300541877747,-0.157047301530838,0.019907251000404358,1.9578667879104614,1.1349506378173828,1.583982229232788,-0.4783707559108734,0.5547069311141968,1.8396997451782227,0.707701563835144,-0.9759143590927124,-0.31898969411849976,1.6482419967651367,1.1011027097702026,1.4404516220092773,-0.2593017518520355
-0.2518394887447357,-0.15704962611198425,0.019904013723134995,1.9578787088394165,1.1349254846572876,1.5839595794677734,-0.4783719480037689,0.554716169834137,1.8396915197372437,0.7077058553695679,-0.9759178161621094,-0.31898966431617737,1.6482409238815308,1.1011048555374146,1.440462350845337,-0.259298712015152
-0.25183719396591187,-0.15704523026943207,0.01991044543683529,1.9578633308410645,1.1349297761917114,1.5839864015579224,-0.47836780548095703,0.5547183752059937,1.8397003412246704,0.707712709903717,-0.9759165048599243,-0.31898435950279236,1.6482372283935547,1.101120114326477,1.4404491186141968,-0.2592906355857849
-0.25183573365211487,-0.15704691410064697,0.019907353445887566,1.9578750133514404,1.1349083185195923,1.5839653015136719,-0.47836896777153015,0.5547276139259338,1.83968985080719,0.7077201008796692,-0.9759186506271362,-0.3189839720726013,1.6482363939285278,1.1011193990707397,1.440459966659546,-0.2592882513999939
-0.2518357038497925,-0.15704217553138733,0.019913354888558388,1.9578602313995361,1.134916067123413,1.5839916467666626,-0.47836509346961975,0.5547287464141846,1.8396960496902466,0.7077299356460571,-0.9759162068367004,-0.31897857785224915,1.6482325792312622,1.1011309623718262,1.4404488801956177,-0.25928112864494324
-0.25183549523353577,-0.15704353153705597,0.019910404458642006,1.9578709602355957,1.1348991394042969,1.5839725732803345,-0.47836625576019287,0.5547338724136353,1.8396857976913452,0.7077385783195496,-0.9759175777435303,-0.31897810101509094,1.6482311487197876,1.1011286973953247,1.4404596090316772,-0.2592792510986328
-0.25183507800102234,-0.15703977644443512,0.019915474578738213,1.9578591585159302,1.13490629196167,1.5839943885803223,-0.4783630669116974,0.5547294020652771,1.839692234992981,0.7077471017837524,-0.975915789604187,-0.3189736306667328,1.6482270956039429,1.101138949394226,1.4404492378234863,-0.25927308201789856
-0.2518336772918701,-0.1570415049791336,0.019912930205464363,1.9578691720962524,1.134891152381897,1.5839773416519165,-0.4783641993999481,0.5547274351119995,1.8396859169006348,0.7077527642250061,-0.9759177565574646,-0.318973571062088,1.648224949836731,1.1011384725570679,1.4404572248458862,-0.2592713534832001
-0.25183215737342834,-0.15703904628753662,0.019916851073503494,1.9578608274459839,1.1348949670791626,1.5839935541152954,-0.4783617854118347,0.554719090461731,1.8396931886672974,0.707757830619812,-0.9759171009063721,-0.318970263004303,1.6482208967208862,1.1011481285095215,1.4404480457305908,-0.2592662572860718
-0.2518305778503418,-0.15704050660133362,0.019914813339710236,1.957869291305542,1.1348814964294434,1.5839802026748657,-0.47836264967918396,0.5547157526016235,1.8396897315979004,0.7077614068984985,-0.9759189486503601,-0.3189701735973358,1.6482186317443848,1.1011487245559692,1.440453052520752,-0.2592647969722748
-0.2518298327922821,-0.15703825652599335,0.019917791709303856,1.9578629732131958,1.1348832845687866,1.5839935541152954,-0.478360652923584,0.554710865020752,1.839695692062378,0.7077658176422119,-0.9759182333946228,-0.31896722316741943,1.6482151746749878,1.1011563539505005,1.4404445886611938,-0.259260892868042
-0.2518296539783478,-0.15703865885734558,0.01991625316441059,1.957869052886963,1.1348724365234375,1.5839850902557373,-0.4783610701560974,0.5547121167182922,1.8396927118301392,0.707770049571991,-0.9759190082550049,-0.31896647810935974,1.648213505744934,1.10115647315979,1.4404469728469849,-0.2592598497867584
-0.2518300712108612,-0.1570361852645874,0.019918562844395638,1.9578635692596436,1.1348732709884644,1.5839970111846924,-0.47835925221443176,0.5547126531600952,1.8396967649459839,0.7077749371528625,-0.9759177565574646,-0.31896352767944336,1.648211121559143,1.101162075996399,1.4404393434524536,-0.25925686955451965
-0.2518302798271179,-0.15703605115413666,0.019917314872145653,1.9578678607940674,1.1348639726638794,1.5839910507202148,-0.4783593714237213,0.5547166466712952,1.8396943807601929,0.7077789306640625,-0.9759180545806885,-0.3189625144004822,1.648210048675537,1.1011624336242676,1.4404406547546387,-0.259255975484848
-0.2518300712108612,-0.1570339947938919,0.01991913467645645,1.9578630924224854,1.1348636150360107,1.5840004682540894,-0.47835779190063477,0.5547175407409668,1.8396984338760376,0.7077824473381042,-0.9759172797203064,-0.318960040807724,1.6482083797454834,1.1011680364608765,1.440434217453003,-0.25925329327583313
-0.25182902812957764,-0.1570342630147934,0.01991787739098072,1.9578670263290405,1.1348544359207153,1.583993673324585,-0.4783579409122467,0.5547190308570862,1.8396973609924316,0.7077847123146057,-0.975918173789978,-0.31895941495895386,1.648207664489746,1.1011698246002197,1.4404356479644775,-0.2592521905899048
-0.251827597618103,-0.15703284740447998,0.019919414073228836,1.9578628540039062,1.1348538398742676,1.5840007066726685,-0.47835657000541687,0.5547165870666504,1.8397020101547241,0.707787036895752,-0.9759181141853333,-0.31895747780799866,1.648206114768982,1.101176142692566,1.4404301643371582,-0.25924935936927795
-0.2518260180950165,-0.1570335030555725,0.019917955622076988,1.95786714553833,1.134845495223999,1.5839923620224,-0.47835686802864075,0.5547151565551758,1.839700698852539,0.7077895402908325,-0.9759193062782288,-0.3189571797847748,1.648205280303955,1.1011779308319092,1.4404323101043701,-0.2592480778694153
-0.2518249750137329,-0.15703195333480835,0.019919579848647118,1.9578626155853271,1.1348474025726318,1.5839999914169312,-0.47835540771484375,0.5547112226486206,1.8397045135498047,0.707793653011322,-0.9759188890457153,-0.31895512342453003,1.6482034921646118,1.101183533668518,1.4404267072677612,-0.2592450678348541
-0.2518244981765747,-0.15703245997428894,0.0199178047478199,1.9578677415847778,1.134840726852417,1.5839906930923462,-0.4783558249473572,0.5547104477882385,1.8397009372711182,0.7077984809875488,-0.9759195446968079,-0.3189547061920166,1.648202657699585,1.1011830568313599,1.4404298067092896,-0.25924402475357056
-0.2518247961997986,-0.1570301055908203,0.019919978454709053,1.9578616619110107,1.1348464488983154,1.584001898765564,-0.4783540368080139,0.5547075867652893,1.8397040367126465,0.7078044414520264,-0.9759180545806885,-0.3189520537853241,1.6482008695602417,1.1011875867843628,1.4404230117797852,-0.259240984916687
-0.2518251836299896,-0.15703073143959045,0.019917640835046768,1.9578684568405151,1.1348391771316528,1.5839900970458984,-0.4783547520637512,0.5547087788581848,1.839698314666748,0.7078092098236084,-0.9759184122085571,-0.3189517855644226,1.648200511932373,1.1011849641799927,1.4404276609420776,-0.2592407166957855
-0.25182557106018066,-0.1570277065038681,0.01992085576057434,1.9578596353530884,1.1348477602005005,1.5840061902999878,-0.4783523976802826,0.5547060370445251,1.8397034406661987,0.7078130841255188,-0.9759164452552795,-0.3189486563205719,1.6481988430023193,1.1011906862258911,1.4404184818267822,-0.2592376470565796
-0.25182515382766724,-0.15702944993972778,0.019917350262403488,1.9578701257705688,1.1348357200622559,1.5839874744415283,-0.4783538579940796,0.5547080636024475,1.8396965265274048,0.707813560962677,-0.9759177565574646,-0.3189493715763092,1.648199439048767,1.1011868715286255,1.4404264688491821,-0.259238600730896
-0.25182443857192993,-0.1570257544517517,0.019922295585274696,1.9578567743301392,1.1348475217819214,1.584011197090149,-0.4783506691455841,0.5547034740447998,1.8397064208984375,0.7078128457069397,-0.9759157299995422,-0.3189457952976227,1.648197889328003,1.1011962890625,1.4404131174087524,-0.25923508405685425
-0.25182291865348816,-0.15702947974205017,0.019916491582989693,1.957874059677124,1.1348272562026978,1.583979845046997,-0.47835350036621094,0.554706871509552,1.8396964073181152,0.7078090906143188,-0.9759186506271362,-0.3189481496810913,1.6481995582580566,1.1011899709701538,1.4404269456863403,-0.25923776626586914
-0.25182220339775085,-0.15702427923679352,0.01992398127913475,1.9578516483306885,1.134846568107605,1.5840179920196533,-0.4783489406108856,0.5547131896018982,1.8397119045257568,0.707805871963501,-0.9759159088134766,-0.31894347071647644,1.6481966972351074,1.1012035608291626,1.440407633781433,-0.2592330873012543
-0.25182053446769714,-0.15703172981739044,0.01991296000778675,1.9578819274902344,1.1348119974136353,1.5839614868164062,-0.4783547520637512,0.5547303557395935,1.8396927118301392,0.7078010439872742,-0.9759213924407959,-0.3189488649368286,1.6481990814208984,1.1011896133422852,1.4404350519180298,-0.2592386305332184
-0.2518196105957031,-0.15702253580093384,0.019926859065890312,1.9578412771224976,1.1348509788513184,1.5840318202972412,-0.4783467650413513,0.554724931716919,1.8397213220596313,0.7078018188476562,-0.9759160280227661,-0.31894102692604065,1.6481941938400269,1.1012132167816162,1.4403996467590332,-0.25923001766204834
-0.251817524433136,-0.15703585743904114,0.01990751177072525,1.9578949213027954,1.134793758392334,1.583932638168335,-0.47835737466812134,0.5547407865524292,1.8396869897842407,0.707801103591919,-0.9759252071380615,-0.3189510405063629,1.6481986045837402,1.101186752319336,1.44044828414917,-0.25923967361450195
-0.2518186867237091,-0.157019704580307,0.019931796938180923,1.9578176736831665,1.1348683834075928,1.584060788154602,-0.47834375500679016,0.5547631978988647,1.8397358655929565,0.7078063488006592,-0.9759153127670288,-0.3189377188682556,1.6481879949569702,1.1012251377105713,1.4403892755508423,-0.25922420620918274
-0.25181636214256287,-0.15704648196697235,0.01989339292049408,1.9579188823699951,1.1347602605819702,1.5838673114776611,-0.47836530208587646,0.5548194646835327,1.839667797088623,0.707806408405304,-0.9759334325790405,-0.31895843148231506,1.6481953859329224,1.1011704206466675,1.4404890537261963,-0.25924307107925415
-0.2518160343170166,-0.15701456367969513,0.019943242892622948,1.9577691555023193,1.134911060333252,1.5841208696365356,-0.47833800315856934,0.5547949075698853,1.8397701978683472,0.707822322845459,-0.9759136438369751,-0.318932443857193,1.6481773853302002,1.10124933719635,1.4403668642044067,-0.25921186804771423
-0.25181058049201965,-0.15706466138362885,0.019872287288308144,1.9579631090164185,1.1347099542617798,1.5837570428848267,-0.4783782958984375,0.5548487901687622,1.8396451473236084,0.7078256607055664,-0.9759470224380493,-0.31897154450416565,1.6481938362121582,1.1011472940444946,1.4405499696731567,-0.25924742221832275
-0.2518152892589569,-0.15700487792491913,0.01996447704732418,1.9576685428619385,1.1349989175796509,1.5842396020889282,-0.47832798957824707,0.5549303293228149,1.8398321866989136,0.707842230796814,-0.9759098887443542,-0.31892356276512146,1.6481549739837646,1.1012887954711914,1.4403313398361206,-0.2591886520385742
-0.25180646777153015,-0.1571081280708313,0.019818764179944992,1.9580527544021606,1.134592056274414,1.583504319190979,-0.47841116786003113,0.5551446676254272,1.8395755290985107,0.7078319787979126,-0.9759794473648071,-0.31900477409362793,1.6481841802597046,1.1010773181915283,1.44071364402771,-0.25926080346107483
-0.2518070638179779,-0.15699371695518494,0.020000647753477097,1.957486629486084,1.1351516246795654,1.5844346284866333,-0.47831305861473083,0.5553940534591675,1.8399521112442017,0.7077738642692566,-0.9759094715118408,-0.3189128041267395,1.6481106281280518,1.1013613939285278,1.4402518272399902,-0.2591456472873688
-0.2517876625061035,-0.1571820229291916,0.01973664201796055,1.9581786394119263,1.134431004524231,1.5831031799316406,-0.4784647524356842,0.5558663606643677,1.8395007848739624,0.7077021598815918,-0.9760350584983826,-0.31906166672706604,1.6481672525405884,1.1009807586669922,1.4409185647964478,-0.25927504897117615
-0.2517918646335602,-0.15699328482151031,0.020030342042446136,1.9572635889053345,1.1353741884231567,1.5845468044281006,-0.4783066511154175,0.5557895302772522,1.840122103691101,0.7076047658920288,-0.9759125113487244,-0.3189122676849365,1.6480680704116821,1.1014324426651,1.4402908086776733,-0.25907984375953674
-0.2517656981945038,-0.15721756219863892,0.01971813291311264,1.9580683708190918,1.1345819234848022,1.5829813480377197,-0.47848811745643616,0.5560391545295715,1.8396164178848267,0.7073465585708618,-0.9760568737983704,-0.3190898895263672,1.648138403892517,1.1009832620620728,1.441183090209961,-0.25921034812927246
-0.25176218152046204,-0.15709905326366425,0.019914550706744194,1.957435131072998,1.1352912187576294,1.5839418172836304,-0.4783862829208374,0.5557819604873657,1.8400827646255493,0.707348108291626,-0.9759750962257385,-0.3189932107925415,1.6480392217636108,1.1012941598892212,1.4407612085342407,-0.2590399384498596
-0.2517600953578949,-0.1571534425020218,0.019851164892315865,1.957525610923767,1.13528311252594,1.5836910009384155,-0.4784286320209503,0.5556297302246094,1.8400604724884033,0.707431972026825,-0.9760019183158875,-0.3190320134162903,1.6479878425598145,1.1012126207351685,1.4409459829330444,-0.25899556279182434
-0.2517784535884857,-0.1572573482990265,0.0197016391903162,1.957840085029602,1.135061264038086,1.5831001996994019,-0.47851648926734924,0.5555080771446228,1.8398644924163818,0.7077183127403259,-0.976054847240448,-0.3191090524196625,1.647934079170227,1.1009893417358398,1.4412873983383179,-0.25898367166519165
-0.25184184312820435,-0.15712618827819824,0.019882574677467346,1.9571689367294312,1.1358305215835571,1.5842173099517822,-0.4784163534641266,0.5554473996162415,1.8402780294418335,0.7082035541534424,-0.9759500622749329,-0.31899958848953247,1.647754192352295,1.101244330406189,1.4407628774642944,-0.2587749660015106
-0.2518870532512665,-0.15730422735214233,0.019602814689278603,1.9577962160110474,1.1352689266204834,1.5831252336502075,-0.4785715639591217,0.5557152032852173,1.8398184776306152,0.7085731029510498,-0.976046085357666,-0.3191348910331726,1.647706389427185,1.1008144617080688,1.4413694143295288,-0.25881490111351013
-0.25193366408348083,-0.15724721550941467,0.019670456647872925,1.9574342966079712,1.1356823444366455,1.5837184190750122,-0.47853147983551025,0.5556960701942444,1.840044379234314,0.7090572714805603,-0.9759932160377502,-0.31908565759658813,1.6475709676742554,1.1009283065795898,1.4410840272903442,-0.2586570680141449
-0.25195565819740295,-0.15724575519561768,0.019662735983729362,1.9572727680206299,1.1358524560928345,1.5839364528656006,-0.4785332679748535,0.5556953549385071,1.8401631116867065,0.7095097303390503,-0.9759839773178101,-0.3190825581550598,1.647475004196167,1.1009615659713745,1.440981149673462,-0.25853854417800903
-0.2519484758377075,-0.1573878824710846,0.019450196996331215,1.9576842784881592,1.1354135274887085,1.5831407308578491,-0.4786496162414551,0.5558193325996399,1.8399193286895752,0.7098445892333984,-0.9760743379592896,-0.3191949427127838,1.647458553314209,1.1007132530212402,1.4413976669311523,-0.25853368639945984
-0.25195127725601196,-0.15729071199893951,0.019589921459555626,1.9570741653442383,1.1359868049621582,1.584033727645874,-0.47856876254081726,0.5556504130363464,1.8403598070144653,0.710319995880127,-0.9760117530822754,-0.31912049651145935,1.647352933883667,1.1010030508041382,1.440974473953247,-0.2583330273628235
-0.25193139910697937,-0.1573990285396576,0.019434571266174316,1.95731782913208,1.135703682899475,1.5834770202636719,-0.47865408658981323,0.5556828379631042,1.8402314186096191,0.7106230854988098,-0.9760846495628357,-0.3192075788974762,1.647340178489685,1.1008505821228027,1.441299319267273,-0.2582966685295105
-0.25191396474838257,-0.15745095908641815,0.019368736073374748,1.95733642578125,1.1356697082519531,1.583328366279602,-0.4786910116672516,0.5556279420852661,1.8402512073516846,0.7109425663948059,-0.9761203527450562,-0.3192477226257324,1.64729905128479,1.1008201837539673,1.441397786140442,-0.25821006298065186
-0.2519097328186035,-0.15739336609840393,0.019469207152724266,1.9569214582443237,1.136106252670288,1.5839598178863525,-0.478636771440506,0.5554385185241699,1.840549349784851,0.7113179564476013,-0.9760819673538208,-0.3191976845264435,1.6472015380859375,1.1010147333145142,1.441076636314392,-0.25803080201148987
-0.25190067291259766,-0.15752965211868286,0.01929032802581787,1.9573414325714111,1.1357324123382568,1.5832290649414062,-0.47874096035957336,0.5554647445678711,1.8402647972106934,0.7115275263786316,-0.9761660099029541,-0.3192962110042572,1.6471761465072632,1.1007580757141113,1.4414689540863037,-0.25800761580467224
-0.2519140839576721,-0.15750029683113098,0.019357159733772278,1.9571057558059692,1.136048674583435,1.5836546421051025,-0.47870931029319763,0.555326521396637,1.840399146080017,0.7118162512779236,-0.9761377573013306,-0.3192598819732666,1.6470755338668823,1.1008371114730835,1.4412506818771362,-0.25785112380981445
-0.2519305646419525,-0.15750111639499664,0.019383730366826057,1.9570200443267822,1.1362262964248657,1.5838590860366821,-0.47870180010795593,0.5552458167076111,1.8404152393341064,0.712023913860321,-0.9761268496513367,-0.31924399733543396,1.6469900608062744,1.1008305549621582,1.4411531686782837,-0.25772204995155334
-0.25193729996681213,-0.1575995534658432,0.01927272416651249,1.9573522806167603,1.1359769105911255,1.5833683013916016,-0.47877269983291626,0.5552966594696045,1.8401421308517456,0.71208256483078,-0.9761800169944763,-0.31930291652679443,1.646956443786621,1.1006051301956177,1.4414290189743042,-0.2576759457588196
-0.2519461512565613,-0.15753298997879028,0.019409319385886192,1.95700204372406,1.1363999843597412,1.5840214490890503,-0.4787057340145111,0.555185854434967,1.8403304815292358,0.71216881275177,-0.976128339767456,-0.3192306458950043,1.6468697786331177,1.1007511615753174,1.4411057233810425,-0.25749972462654114
-0.251931369304657,-0.15758800506591797,0.019373832270503044,1.9571492671966553,1.1362955570220947,1.5838128328323364,-0.47873538732528687,0.5552213788032532,1.8401920795440674,0.7120795845985413,-0.9761606454849243,-0.3192543387413025,1.6468539237976074,1.1006498336791992,1.4412434101104736,-0.257425993680954
-0.2519032657146454,-0.15763147175312042,0.019358452409505844,1.957241415977478,1.1362254619598389,1.583670973777771,-0.47875308990478516,0.5552530884742737,1.840099573135376,0.7119290232658386,-0.976189911365509,-0.319269597530365,1.6468511819839478,1.1005927324295044,1.4413484334945679,-0.2573470175266266
-0.25187286734580994,-0.15757890045642853,0.019482573494315147,1.9569339752197266,1.1365478038787842,1.5841805934906006,-0.4786909818649292,0.5551872253417969,1.840280532836914,0.7118092775344849,-0.9761592745780945,-0.31921011209487915,1.6468214988708496,1.1007570028305054,1.441107988357544,-0.2571949362754822
-0.251830130815506,-0.15765956044197083,0.01940622366964817,1.957184910774231,1.136305809020996,1.5837348699569702,-0.4787386357784271,0.5552752614021301,1.8400838375091553,0.7115920186042786,-0.9762163162231445,-0.31925681233406067,1.6468555927276611,1.1006284952163696,1.4413702487945557,-0.2571568489074707
-0.2517981231212616,-0.15764878690242767,0.01945449970662594,1.95707106590271,1.1364442110061646,1.5839011669158936,-0.47871336340904236,0.5552689433097839,1.8401265144348145,0.7114697694778442,-0.9762122631072998,-0.319232314825058,1.6468520164489746,1.1006889343261719,1.441301703453064,-0.25705111026763916
-0.2517741918563843,-0.15763022005558014,0.01950358785688877,1.9569414854049683,1.1366146802902222,1.5840991735458374,-0.4786844253540039,0.5552554130554199,1.8401728868484497,0.7114022970199585,-0.9762008190155029,-0.3192025423049927,1.6468411684036255,1.10075044631958,1.441208004951477,-0.2569458782672882
-0.2517513334751129,-0.1576981246471405,0.019416341558098793,1.957184076309204,1.1364219188690186,1.5836782455444336,-0.4787289798259735,0.5553317666053772,1.8399659395217896,0.711327314376831,-0.9762438535690308,-0.31924188137054443,1.6468605995178223,1.1006088256835938,1.4414331912994385,-0.2569175660610199
-0.25174155831336975,-0.15765568614006042,0.019482918083667755,1.956978678703308,1.1366877555847168,1.5840189456939697,-0.47868505120277405,0.5552754998207092,1.840065360069275,0.7113789319992065,-0.9762138724327087,-0.31919509172439575,1.646827220916748,1.1007018089294434,1.44124436378479,-0.25680628418922424
-0.25172844529151917,-0.1576773226261139,0.01945088803768158,1.9570400714874268,1.1366780996322632,1.5839130878448486,-0.4786948263645172,0.5552753806114197,1.8399968147277832,0.7114169001579285,-0.976226270198822,-0.3192000687122345,1.6468173265457153,1.1006556749343872,1.441284418106079,-0.2567538321018219
-0.25171300768852234,-0.15771500766277313,0.019392607733607292,1.9571648836135864,1.1365894079208374,1.5836982727050781,-0.47871845960617065,0.555280864238739,1.8399019241333008,0.7114593386650085,-0.9762506484985352,-0.3192191421985626,1.646813988685608,1.1005810499191284,1.4413762092590332,-0.25672200322151184
-0.25170156359672546,-0.15767410397529602,0.01944749616086483,1.9569607973098755,1.136813759803772,1.5840317010879517,-0.4786783456802368,0.5551949739456177,1.8400455713272095,0.7115610241889954,-0.9762253761291504,-0.3191777467727661,1.6467803716659546,1.1006863117218018,1.4411730766296387,-0.2566350996494293
-0.2516828775405884,-0.15772077441215515,0.01937265694141388,1.957116961479187,1.1366534233093262,1.5837522745132446,-0.47871091961860657,0.5552092790603638,1.8399604558944702,0.7115944027900696,-0.9762585759162903,-0.3192070424556732,1.6467887163162231,1.1006051301956177,1.4412944316864014,-0.2566290497779846
-0.2516688406467438,-0.1577199101448059,0.019365530461072922,1.957078456878662,1.1366753578186035,1.5837962627410889,-0.4787057936191559,0.5551822185516357,1.8400152921676636,0.7116529941558838,-0.9762610793113708,-0.31920021772384644,1.6467818021774292,1.1006287336349487,1.44124436378479,-0.2565945088863373
-0.25165900588035583,-0.1576974242925644,0.019388461485505104,1.9569555521011353,1.1367754936218262,1.5839818716049194,-0.47868433594703674,0.555144727230072,1.8401305675506592,0.7117176651954651,-0.9762490391731262,-0.31917741894721985,1.6467686891555786,1.1006969213485718,1.4411202669143677,-0.25655171275138855
-0.25164714455604553,-0.15774136781692505,0.019313635304570198,1.9571137428283691,1.1365917921066284,1.58369779586792,-0.47871842980384827,0.5551906824111938,1.8400559425354004,0.711725652217865,-0.976279616355896,-0.3192077875137329,1.6467839479446411,1.1006157398223877,1.4412471055984497,-0.25657033920288086
-0.2516426742076874,-0.15771371126174927,0.019344476982951164,1.9569816589355469,1.136709213256836,1.5839083194732666,-0.4786944091320038,0.5551613569259644,1.8401740789413452,0.7117764353752136,-0.9762625098228455,-0.3191819489002228,1.646766185760498,1.1006885766983032,1.4411120414733887,-0.2565358281135559
-0.2516363859176636,-0.1577208936214447,0.01932699978351593,1.9569971561431885,1.1366878747940063,1.5838781595230103,-0.47869884967803955,0.5551663637161255,1.840188980102539,0.7117936015129089,-0.9762675762176514,-0.3191835582256317,1.6467585563659668,1.1006847620010376,1.4411064386367798,-0.25653207302093506
-0.25162819027900696,-0.15774917602539062,0.019282430410385132,1.9571013450622559,1.1365878582000732,1.5837056636810303,-0.478720098733902,0.5551857352256775,1.8401395082473755,0.7117874622344971,-0.9762860536575317,-0.3192015588283539,1.6467548608779907,1.10063636302948,1.4411789178848267,-0.2565460801124573
-0.2516234815120697,-0.1577218621969223,0.019323261454701424,1.9569759368896484,1.136729121208191,1.5839241743087769,-0.4786951541900635,0.5551344752311707,1.840239405632019,0.7118143439292908,-0.9762677550315857,-0.31917527318000793,1.646723985671997,1.1007115840911865,1.4410474300384521,-0.2565147280693054
-0.25161439180374146,-0.15775306522846222,0.01928207278251648,1.957092523574829,1.1366300582885742,1.583737850189209,-0.4787178039550781,0.5551419854164124,1.8401696681976318,0.7117937803268433,-0.9762871861457825,-0.3191947937011719,1.6467167139053345,1.1006592512130737,1.4411373138427734,-0.2565307319164276
-0.25160813331604004,-0.15775679051876068,0.01928364671766758,1.9570960998535156,1.1366455554962158,1.583741307258606,-0.4787179231643677,0.5551192164421082,1.840168833732605,0.7117891907691956,-0.9762879014015198,-0.3191923499107361,1.6466994285583496,1.1006656885147095,1.4411338567733765,-0.2565249800682068
-0.2516045868396759,-0.1577422320842743,0.019313521683216095,1.957025170326233,1.1367321014404297,1.5838679075241089,-0.4787033498287201,0.5550814867019653,1.8402113914489746,0.7117948532104492,-0.9762759804725647,-0.3191753625869751,1.6466783285140991,1.1007095575332642,1.4410730600357056,-0.25650566816329956
-0.2515990138053894,-0.15777254104614258,0.01927868463099003,1.957140564918518,1.1366219520568848,1.5836783647537231,-0.47872593998908997,0.5551010370254517,1.8401230573654175,0.7117652893066406,-0.9762928485870361,-0.31919386982917786,1.646681308746338,1.100652813911438,1.4411879777908325,-0.2565245032310486
-0.2515975832939148,-0.15775345265865326,0.019316716119647026,1.9570519924163818,1.1367088556289673,1.583829402923584,-0.47870832681655884,0.5550733804702759,1.8401696681976318,0.7117679715156555,-0.9762774109840393,-0.3191736340522766,1.6466681957244873,1.100703477859497,1.4411269426345825,-0.2565048933029175
-0.2515939772129059,-0.1577567458152771,0.019322561100125313,1.9570553302764893,1.1366933584213257,1.5838253498077393,-0.47870907187461853,0.5550748705863953,1.8401546478271484,0.7117512822151184,-0.9762770533561707,-0.3191714286804199,1.6466680765151978,1.1007065773010254,1.4411510229110718,-0.25650468468666077
-0.2515883147716522,-0.1577725112438202,0.01931048557162285,1.9571093320846558,1.1366193294525146,1.5837373733520508,-0.47871989011764526,0.5550912618637085,1.8401079177856445,0.7117239832878113,-0.9762856364250183,-0.3191795349121094,1.6466747522354126,1.1006851196289062,1.4412193298339844,-0.2565152943134308
-0.25158432126045227,-0.1577516496181488,0.01935168169438839,1.9570118188858032,1.1366949081420898,1.5839070081710815,-0.47870057821273804,0.5550662279129028,1.8401663303375244,0.7117246985435486,-0.9762710928916931,-0.31915926933288574,1.6466655731201172,1.1007463932037354,1.4411473274230957,-0.25649645924568176
-0.25157710909843445,-0.15777163207530975,0.01933186687529087,1.9570846557617188,1.1365976333618164,1.583794355392456,-0.47871482372283936,0.5550850033760071,1.8401124477386475,0.7117021083831787,-0.976283848285675,-0.31917184591293335,1.646672248840332,1.1007189750671387,1.4412211179733276,-0.25651097297668457
-0.2515723705291748,-0.15777067840099335,0.01934034936130047,1.9570741653442383,1.136587142944336,1.5838255882263184,-0.4787123501300812,0.5550805330276489,1.8401156663894653,0.7117047905921936,-0.976283073425293,-0.3191685378551483,1.6466683149337769,1.1007357835769653,1.4412134885787964,-0.25650882720947266
-0.2515699565410614,-0.15776248276233673,0.019356299191713333,1.9570380449295044,1.136606216430664,1.5839020013809204,-0.47870466113090515,0.5550695061683655,1.840135931968689,0.7117252945899963,-0.9762773513793945,-0.3191601634025574,1.646660327911377,1.1007647514343262,1.4411776065826416,-0.25650131702423096
-0.25156745314598083,-0.1577824205160141,0.019327785819768906,1.9571220874786377,1.13650643825531,1.5837754011154175,-0.47872087359428406,0.5550917387008667,1.8400744199752808,0.7117379307746887,-0.9762897491455078,-0.3191746771335602,1.6466642618179321,1.100727915763855,1.4412468671798706,-0.2565171718597412
-0.25156888365745544,-0.15776774287223816,0.01934700831770897,1.9570655822753906,1.1365500688552856,1.583881139755249,-0.47870945930480957,0.5550774931907654,1.8401072025299072,0.7117849588394165,-0.9762793779373169,-0.319162517786026,1.6466549634933472,1.1007636785507202,1.4411907196044922,-0.25650525093078613
-0.2515692114830017,-0.15777286887168884,0.019335292279720306,1.9570914506912231,1.1365090608596802,1.5838422775268555,-0.4787147343158722,0.5550852417945862,1.8400852680206299,0.7118226289749146,-0.9762821793556213,-0.31916654109954834,1.6466562747955322,1.100754976272583,1.4412111043930054,-0.25650933384895325
-0.25156882405281067,-0.15777894854545593,0.019321242347359657,1.9571200609207153,1.1364624500274658,1.583791971206665,-0.47872090339660645,0.5550925731658936,1.8400633335113525,0.7118597030639648,-0.9762861132621765,-0.3191717565059662,1.646660327911377,1.1007449626922607,1.4412379264831543,-0.25651365518569946
-0.25156891345977783,-0.15776365995407104,0.01933835633099079,1.9570586681365967,1.136504054069519,1.5838873386383057,-0.47870945930480957,0.5550739765167236,1.840104341506958,0.7119085788726807,-0.9762767553329468,-0.3191603422164917,1.6466572284698486,1.1007834672927856,1.441187858581543,-0.2564997375011444
-0.2515661120414734,-0.15777599811553955,0.01931547001004219,1.9571104049682617,1.1364294290542603,1.5837897062301636,-0.47872045636177063,0.5550839304924011,1.8400710821151733,0.7119320034980774,-0.976285994052887,-0.319170743227005,1.6466666460037231,1.1007628440856934,1.4412411451339722,-0.2565072178840637
-0.25156474113464355,-0.15776774287223816,0.019323188811540604,1.9570775032043457,1.1364408731460571,1.5838346481323242,-0.4787144064903259,0.5550705790519714,1.8400954008102417,0.7119642496109009,-0.9762820601463318,-0.3191647231578827,1.6466668844223022,1.1007871627807617,1.4412188529968262,-0.25649702548980713
-0.2515639364719391,-0.15776264667510986,0.019326690584421158,1.9570599794387817,1.136439561843872,1.583857536315918,-0.4787108600139618,0.5550619959831238,1.840108871459961,0.7119885683059692,-0.9762802124023438,-0.3191608786582947,1.6466667652130127,1.1008027791976929,1.4412083625793457,-0.2564886212348938
-0.2515634298324585,-0.1577707976102829,0.01931115798652172,1.9571003913879395,1.1363838911056519,1.583788514137268,-0.4787181317806244,0.5550705790519714,1.8400816917419434,0.711997926235199,-0.976286768913269,-0.3191670775413513,1.646669864654541,1.100786566734314,1.4412466287612915,-0.2564903199672699
-0.25156572461128235,-0.15775653719902039,0.019328806549310684,1.957051396369934,1.1364233493804932,1.5838754177093506,-0.4787069857120514,0.5550572276115417,1.8401131629943848,0.7120176553726196,-0.9762784838676453,-0.31915515661239624,1.6466610431671143,1.1008167266845703,1.4412013292312622,-0.25647324323654175
-0.2515670955181122,-0.1577618569135666,0.01931844837963581,1.9570854902267456,1.1363825798034668,1.5838271379470825,-0.47871172428131104,0.5550676584243774,1.840087652206421,0.712016761302948,-0.9762829542160034,-0.3191583454608917,1.6466584205627441,1.1008026599884033,1.4412275552749634,-0.2564714848995209
-0.25156867504119873,-0.1577596217393875,0.019319957122206688,1.9570889472961426,1.1363751888275146,1.5838323831558228,-0.47870999574661255,0.5550706386566162,1.8400827646255493,0.7120142579078674,-0.9762826561927795,-0.31915536522865295,1.6466515064239502,1.100805401802063,1.4412250518798828,-0.2564629912376404
-0.2515697181224823,-0.15775112807750702,0.019331518560647964,1.957065463066101,1.1363955736160278,1.5838820934295654,-0.4787028133869171,0.5550665259361267,1.8400967121124268,0.712009608745575,-0.9762786030769348,-0.3191473186016083,1.646641731262207,1.1008234024047852,1.441198706626892,-0.2564488351345062
-0.25156837701797485,-0.15775920450687408,0.0193195678293705,1.9571086168289185,1.136348009109497,1.5838170051574707,-0.4787089228630066,0.555079996585846,1.8400667905807495,0.7119880318641663,-0.9762857556343079,-0.3191523551940918,1.6466397047042847,1.1008070707321167,1.44123375415802,-0.2564477026462555
-0.25156745314598083,-0.15774953365325928,0.019333867356181145,1.9570766687393188,1.1363757848739624,1.5838744640350342,-0.4787003695964813,0.5550731420516968,1.840088129043579,0.7119771242141724,-0.9762815833091736,-0.31914347410202026,1.6466314792633057,1.1008309125900269,1.4412039518356323,-0.25643202662467957
-0.25156551599502563,-0.15775048732757568,0.01933247223496437,1.9570873975753784,1.1363600492477417,1.5838567018508911,-0.47870054841041565,0.5550776124000549,1.8400808572769165,0.711959719657898,-0.9762843251228333,-0.3191430866718292,1.646628975868225,1.1008316278457642,1.441214680671692,-0.25642508268356323
-0.2515639662742615,-0.15775145590305328,0.019330495968461037,1.9570976495742798,1.1363450288772583,1.5838371515274048,-0.4787009656429291,0.555081844329834,1.8400734663009644,0.711946427822113,-0.9762868285179138,-0.31914281845092773,1.646627426147461,1.100831389427185,1.4412264823913574,-0.25641849637031555
-0.2515639662742615,-0.1577419489622116,0.019343120977282524,1.9570647478103638,1.1363749504089355,1.583889126777649,-0.47869306802749634,0.5550739169120789,1.8400946855545044,0.7119465470314026,-0.9762821197509766,-0.31913435459136963,1.6466219425201416,1.100852608680725,1.441199779510498,-0.2564038932323456
-0.25156369805336,-0.1577470600605011,0.0193337295204401,1.957092523574829,1.1363449096679688,1.5838395357131958,-0.47869738936424255,0.5550808906555176,1.840074896812439,0.7119423151016235,-0.9762866497039795,-0.3191375136375427,1.6466224193572998,1.1008403301239014,1.4412262439727783,-0.2564016282558441
-0.25156480073928833,-0.15774017572402954,0.01934148743748665,1.9570707082748413,1.1363664865493774,1.5838745832443237,-0.47869202494621277,0.5550726652145386,1.8400888442993164,0.7119519114494324,-0.976283073425293,-0.3191312551498413,1.6466171741485596,1.1008535623550415,1.4412063360214233,-0.2563900947570801
-0.25156569480895996,-0.15773838758468628,0.01934170536696911,1.9570696353912354,1.136367917060852,1.5838767290115356,-0.47869086265563965,0.5550679564476013,1.8400899171829224,0.7119612097740173,-0.9762827754020691,-0.319129079580307,1.646613359451294,1.1008555889129639,1.4412024021148682,-0.25638318061828613
-0.251566082239151,-0.15774120390415192,0.019335299730300903,1.9570869207382202,1.1363508701324463,1.5838496685028076,-0.4786933958530426,0.5550668239593506,1.8400797843933105,0.7119686007499695,-0.976285457611084,-0.3191305994987488,1.6466110944747925,1.1008480787277222,1.4412126541137695,-0.256380558013916
-0.25156694650650024,-0.15773405134677887,0.019343620166182518,1.9570624828338623,1.1363754272460938,1.583893895149231,-0.47868773341178894,0.555054247379303,1.8400989770889282,0.7119829654693604,-0.9762817025184631,-0.319124311208725,1.6466046571731567,1.100862979888916,1.4411839246749878,-0.25637054443359375
-0.25156670808792114,-0.15773868560791016,0.01933487132191658,1.9570860862731934,1.136350154876709,1.5838576555252075,-0.4786916971206665,0.555055558681488,1.8400864601135254,0.7119875550270081,-0.9762856960296631,-0.3191274106502533,1.6466039419174194,1.100852608680725,1.4411976337432861,-0.2563709318637848
-0.25156688690185547,-0.15773548185825348,0.019337685778737068,1.957076907157898,1.1363567113876343,1.5838762521743774,-0.4786892533302307,0.5550500750541687,1.840096116065979,0.7119960784912109,-0.9762845635414124,-0.31912440061569214,1.6466009616851807,1.1008596420288086,1.4411823749542236,-0.2563658356666565
-0.2515668570995331,-0.1577334702014923,0.01933886855840683,1.9570722579956055,1.1363574266433716,1.5838862657546997,-0.4786878228187561,0.5550479888916016,1.8401023149490356,0.7120019197463989,-0.9762841463088989,-0.31912240386009216,1.6465997695922852,1.100864052772522,1.4411723613739014,-0.25636252760887146
-0.2515662908554077,-0.1577366143465042,0.019332725554704666,1.9570883512496948,1.136336326599121,1.5838600397109985,-0.47869059443473816,0.5550531148910522,1.8400936126708984,0.7120024561882019,-0.9762870073318481,-0.3191245198249817,1.646601915359497,1.1008572578430176,1.4411826133728027,-0.25636395812034607
-0.2515661418437958,-0.1577308177947998,0.01934000477194786,1.9570668935775757,1.1363530158996582,1.5838959217071533,-0.47868600487709045,0.5550487637519836,1.8401093482971191,0.7120082974433899,-0.9762839674949646,-0.31911957263946533,1.6466010808944702,1.1008702516555786,1.4411609172821045,-0.25635841488838196
-0.2515650689601898,-0.1577339470386505,0.019334709271788597,1.95708167552948,1.1363334655761719,1.5838702917099,-0.47868862748146057,0.5550535917282104,1.840099811553955,0.7120070457458496,-0.9762867093086243,-0.3191215991973877,1.646604299545288,1.100864052772522,1.4411729574203491,-0.25636011362075806
-0.2515641450881958,-0.15773212909698486,0.01933714561164379,1.9570753574371338,1.1363362073898315,1.583879828453064,-0.4786870777606964,0.5550515651702881,1.8401035070419312,0.7120091915130615,-0.9762861132621765,-0.3191196322441101,1.6466052532196045,1.100869059562683,1.4411671161651611,-0.2563576400279999
-0.2515631914138794,-0.1577303558588028,0.019339947029948235,1.957068920135498,1.1363404989242554,1.5838899612426758,-0.4786854684352875,0.5550481677055359,1.8401063680648804,0.7120116949081421,-0.976285457611084,-0.31911760568618774,1.6466058492660522,1.1008740663528442,1.4411616325378418,-0.25635504722595215
-0.2515620291233063,-0.15773355960845947,0.019335735589265823,1.9570831060409546,1.1363252401351929,1.583866000175476,-0.47868791222572327,0.5550493597984314,1.8400944471359253,0.7120110988616943,-0.9762879014015198,-0.3191194236278534,1.6466081142425537,1.1008678674697876,1.441174864768982,-0.25635647773742676
-0.2515617311000824,-0.15772949159145355,0.019342275336384773,1.9570674896240234,1.1363410949707031,1.583892822265625,-0.4786843955516815,0.5550423860549927,1.8401018381118774,0.7120161056518555,-0.9762853980064392,-0.31911543011665344,1.6466069221496582,1.100877046585083,1.4411615133285522,-0.25635215640068054
-0.2515612840652466,-0.15773208439350128,0.019339045509696007,1.9570797681808472,1.1363290548324585,1.5838731527328491,-0.4786864221096039,0.5550433993339539,1.8400901556015015,0.7120161652565002,-0.9762871861457825,-0.3191166818141937,1.6466083526611328,1.1008710861206055,1.4411731958389282,-0.25635358691215515
-0.25156131386756897,-0.15773089230060577,0.01934129372239113,1.9570765495300293,1.136332392692566,1.5838795900344849,-0.4786854088306427,0.5550411343574524,1.840088963508606,0.7120181918144226,-0.9762864112854004,-0.3191149830818176,1.6466082334518433,1.1008732318878174,1.4411711692810059,-0.25635242462158203
-0.25156134366989136,-0.15772932767868042,0.01934405043721199,1.9570716619491577,1.1363366842269897,1.5838886499404907,-0.47868409752845764,0.5550392866134644,1.8400896787643433,0.712019145488739,-0.976285457611084,-0.3191130757331848,1.6466081142425537,1.1008764505386353,1.4411677122116089,-0.2563514709472656
-0.25156092643737793,-0.15773171186447144,0.019340991973876953,1.957082748413086,1.1363238096237183,1.583870530128479,-0.47868603467941284,0.5550423264503479,1.840080738067627,0.7120157480239868,-0.9762871861457825,-0.31911441683769226,1.646609902381897,1.1008715629577637,1.441178560256958,-0.2563542127609253
-0.25156068801879883,-0.15772846341133118,0.01934610866010189,1.957070231437683,1.13633394241333,1.583891749382019,-0.47868335247039795,0.5550392866134644,1.840088963508606,0.7120152711868286,-0.9762853980064392,-0.3191114068031311,1.6466094255447388,1.1008796691894531,1.4411680698394775,-0.2563527822494507
-0.25155991315841675,-0.15773062407970428,0.019343174993991852,1.9570797681808472,1.1363213062286377,1.5838755369186401,-0.4786851108074188,0.5550420880317688,1.840083360671997,0.7120105624198914,-0.9762872457504272,-0.3191128075122833,1.6466110944747925,1.1008763313293457,1.4411770105361938,-0.25635606050491333
-0.25155940651893616,-0.15772973001003265,0.01934446580708027,1.9570766687393188,1.1363215446472168,1.5838805437088013,-0.4786844253540039,0.5550413131713867,1.8400869369506836,0.7120088934898376,-0.9762870669364929,-0.3191118836402893,1.646611213684082,1.1008796691894531,1.4411741495132446,-0.2563570737838745
-0.2515591084957123,-0.1577288955450058,0.01934535801410675,1.9570740461349487,1.136322021484375,1.5838849544525146,-0.47868385910987854,0.5550403594970703,1.8400903940200806,0.7120089530944824,-0.9762868881225586,-0.31911107897758484,1.6466110944747925,1.100882649421692,1.4411710500717163,-0.25635826587677
-0.25155895948410034,-0.15773077309131622,0.019341932609677315,1.957082986831665,1.136311650276184,1.5838700532913208,-0.478685587644577,0.5550421476364136,1.8400859832763672,0.7120092511177063,-0.9762883186340332,-0.31911247968673706,1.6466116905212402,1.1008790731430054,1.4411779642105103,-0.256361722946167
-0.25155943632125854,-0.15772826969623566,0.0193446297198534,1.9570740461349487,1.1363201141357422,1.5838851928710938,-0.47868382930755615,0.5550387501716614,1.8400932550430298,0.71201491355896,-0.976286768913269,-0.3191104531288147,1.646610140800476,1.1008845567703247,1.4411686658859253,-0.25636154413223267
-0.2515597343444824,-0.1577301025390625,0.019340844824910164,1.957082986831665,1.1363110542297363,1.5838701725006104,-0.4786856472492218,0.5550397634506226,1.8400882482528687,0.7120190262794495,-0.9762879610061646,-0.3191118538379669,1.6466102600097656,1.1008802652359009,1.4411754608154297,-0.25636476278305054
-0.25156018137931824,-0.15772899985313416,0.01934133842587471,1.9570796489715576,1.1363145112991333,1.5838755369186401,-0.47868502140045166,0.5550372004508972,1.840091347694397,0.7120258212089539,-0.9762872457504272,-0.3191109597682953,1.6466091871261597,1.1008824110031128,1.4411715269088745,-0.25636541843414307
-0.25156038999557495,-0.1577286422252655,0.019340889528393745,1.9570789337158203,1.136315107345581,1.5838760137557983,-0.4786849617958069,0.5550352334976196,1.8400927782058716,0.7120317220687866,-0.9762870073318481,-0.3191106617450714,1.646608591079712,1.1008832454681396,1.441170334815979,-0.25636643171310425
-0.2515602111816406,-0.157729834318161,0.019338376820087433,1.9570841789245605,1.1363091468811035,1.5838661193847656,-0.4786860942840576,0.5550350546836853,1.8400901556015015,0.7120354771614075,-0.976287841796875,-0.31911158561706543,1.646608829498291,1.1008810997009277,1.4411749839782715,-0.256368488073349
-0.2515600621700287,-0.15772798657417297,0.019340533763170242,1.9570765495300293,1.1363157033920288,1.583877682685852,-0.4786846339702606,0.5550318956375122,1.8400962352752686,0.7120400071144104,-0.9762867093086243,-0.31911009550094604,1.6466079950332642,1.1008858680725098,1.4411684274673462,-0.25636789202690125
-0.2515595257282257,-0.1577296406030655,0.01933777518570423,1.9570832252502441,1.1363074779510498,1.5838652849197388,-0.47868597507476807,0.555033266544342,1.840092420578003,0.7120406031608582,-0.9762879014015198,-0.31911134719848633,1.646608829498291,1.10088312625885,1.441174864768982,-0.2563699781894684
-0.25155919790267944,-0.15772844851016998,0.019339336082339287,1.957078218460083,1.1363110542297363,1.58387291431427,-0.4786849617958069,0.5550321936607361,1.8400962352752686,0.7120419144630432,-0.9762871861457825,-0.31911033391952515,1.646608591079712,1.1008864641189575,1.4411709308624268,-0.25636962056159973
-0.2515588104724884,-0.1577286422252655,0.019339004531502724,1.9570791721343994,1.1363087892532349,1.5838711261749268,-0.47868505120277405,0.5550332069396973,1.8400957584381104,0.7120411396026611,-0.9762873649597168,-0.31911036372184753,1.646608829498291,1.100886583328247,1.4411721229553223,-0.2563702464103699
-0.25155845284461975,-0.15772920846939087,0.01933828555047512,1.9570817947387695,1.136305332183838,1.5838671922683716,-0.4786854088306427,0.5550349354743958,1.8400938510894775,0.7120393514633179,-0.9762877225875854,-0.3191106617450714,1.6466090679168701,1.1008857488632202,1.4411745071411133,-0.2563709616661072
-0.25155821442604065,-0.15772804617881775,0.01934022828936577,1.9570772647857666,1.1363093852996826,1.5838756561279297,-0.47868430614471436,0.5550346374511719,1.8400965929031372,0.7120383381843567,-0.9762869477272034,-0.31910955905914307,1.6466084718704224,1.100888729095459,1.4411702156066895,-0.25637003779411316
-0.25155776739120483,-0.15772952139377594,0.019338423386216164,1.9570835828781128,1.1363028287887573,1.5838662385940552,-0.4786853492259979,0.5550369620323181,1.8400919437408447,0.7120351791381836,-0.9762879014015198,-0.31911054253578186,1.646608829498291,1.1008858680725098,1.4411754608154297,-0.25637102127075195
-0.25155749917030334,-0.15772844851016998,0.019340410828590393,1.9570791721343994,1.1363072395324707,1.5838747024536133,-0.47868427634239197,0.5550361275672913,1.8400944471359253,0.7120338678359985,-0.9762871861457825,-0.3191095292568207,1.6466079950332642,1.1008886098861694,1.4411711692810059,-0.2563697099685669
-0.2515571117401123,-0.15772923827171326,0.019339686259627342,1.9570822715759277,1.1363041400909424,1.5838701725006104,-0.4786847233772278,0.5550370216369629,1.8400918245315552,0.7120314240455627,-0.9762876629829407,-0.3191100060939789,1.6466079950332642,1.1008872985839844,1.4411739110946655,-0.25636976957321167
