GDPC,VABI,EMP,PAG,QOA,QOR,YUA,CO2,REST,EBSG,FDI,GGFC,LBGD,PC,ARP,ROL,GE,COC,RQ,SSB,PT,EUPC
1.0200090408325195,1.0200049877166748,1.0198675394058228,0.9800138473510742,0.9800655245780945,1.0196417570114136,1.0103996992111206,0.9800413250923157,0.9800110459327698,1.0199209451675415,0.9801082611083984,1.0194422006607056,1.019913911819458,1.019928216934204,0.9804126024246216,1.0198957920074463,1.0200130939483643,0.9801329970359802,1.0200133323669434,0.980333149433136,1.0195907354354858,1.0195648670196533
1.0293822288513184,1.0300239324569702,1.0294249057769775,0.9700585007667542,0.970235288143158,1.0281074047088623,1.0054130554199219,0.9700701236724854,0.9700765013694763,1.0297342538833618,0.9702125191688538,1.0273722410202026,1.029613971710205,1.0298048257827759,0.9716359376907349,1.0295569896697998,1.0300484895706177,0.9703941345214844,1.030049204826355,0.9708876609802246,1.0277998447418213,1.0277520418167114
1.03452730178833,1.0400723218917847,1.038438081741333,0.9601662158966064,0.9605405330657959,1.033911108970642,0.9984763264656067,0.9600520730018616,0.9602020382881165,1.0394457578659058,0.9602523446083069,1.0325435400009155,1.0389528274536133,1.0386512279510498,0.9641744494438171,1.0388152599334717,1.0401146411895752,0.9607216715812683,1.0401161909103394,0.9614980816841125,1.0328705310821533,1.0329768657684326
1.0332918167114258,1.0501618385314941,1.0464891195297241,0.9503800272941589,0.9509906768798828,1.0353175401687622,0.9904775023460388,0.9499796628952026,0.950419545173645,1.0489475727081299,0.9502250552177429,1.0335760116577148,1.0476855039596558,1.0473928451538086,0.958419680595398,1.0472654104232788,1.0502192974090576,0.9509894251823425,1.0502201318740845,0.952168345451355,1.03318190574646,1.033790946006775
1.028556227684021,1.0603028535842896,1.0531132221221924,0.9407520294189453,0.9415890574455261,1.032833456993103,0.9818369746208191,0.9398564100265503,0.9406639933586121,1.0581012964248657,0.9401283264160156,1.0309308767318726,1.0556023120880127,1.0562180280685425,0.9548475742340088,1.0543242692947388,1.060369849205017,0.9411419630050659,1.0603641271591187,0.9427812099456787,1.029784083366394,1.0309224128723145
1.0220431089401245,1.0705041885375977,1.0579804182052612,0.9313422441482544,0.9323440194129944,1.027876853942871,0.9727790355682373,0.9296942353248596,0.9308521151542664,1.0667909383773804,0.9299649596214294,1.0258814096450806,1.0626500844955444,1.0635145902633667,0.953953206539154,1.0594053268432617,1.0705748796463013,0.9311752319335938,1.070549488067627,0.9332436323165894,1.024181842803955,1.0257258415222168
1.0144596099853516,1.080773115158081,1.0607550144195557,0.9222065806388855,0.9232573509216309,1.0213462114334106,0.9634482860565186,0.9194974899291992,0.9209569096565247,1.0746315717697144,0.9197292327880859,1.0192742347717285,1.0687520503997803,1.069396734237671,0.9557042717933655,1.0618492364883423,1.0808420181274414,0.9210897088050842,1.0807738304138184,0.9235489964485168,1.0172067880630493,1.0190390348434448
1.0061770677566528,1.0911167860031128,1.0609793663024902,0.9133803248405457,0.9143073558807373,1.0137635469436646,0.9539658427238464,0.9092453122138977,0.910994827747345,1.0803354978561401,0.9094170928001404,1.0116466283798218,1.0735065937042236,1.076417326927185,0.9595444202423096,1.0611108541488647,1.0911768674850464,0.9108925461769104,1.091025710105896,0.9137412309646606,1.0093244314193726,1.0113497972488403
0.9973636269569397,1.1015421152114868,1.0589100122451782,0.9049110412597656,0.905501127243042,1.0054439306259155,0.9443085789680481,0.8989335894584656,0.9009222388267517,1.0832241773605347,0.8990223407745361,1.0033090114593506,1.0769785642623901,1.0843185186386108,0.9650753736495972,1.057790756225586,1.101589322090149,0.9005851149559021,1.1013035774230957,0.9037830233573914,1.0007930994033813,1.0029531717300415
0.9881317019462585,1.1120556592941284,1.0548732280731201,0.8968333005905151,0.8968365788459778,0.9965730905532837,0.9344674348831177,0.8885480165481567,0.8907257914543152,1.0829733610153198,0.8885438442230225,0.9944432973861694,1.0791524648666382,1.0927857160568237,0.9718706011772156,1.0525338649749756,1.112087607383728,0.8901680707931519,1.1116061210632324,0.8936722874641418,0.9917687773704529,0.9940246939659119
0.9785497784614563,1.122663974761963,1.04927396774292,0.889181911945343,0.8883168697357178,0.9872645139694214,0.9244280457496643,0.8780779242515564,0.8803926706314087,1.080076813697815,0.8779727220535278,0.985152542591095,1.0801552534103394,1.1017652750015259,0.979617178440094,1.0458894968032837,1.1226799488067627,0.8796384334564209,1.1219402551651,0.883404016494751,0.9823459386825562,0.984671950340271
0.9686673283576965,1.1333732604980469,1.0424500703811646,0.8819879293441772,0.8799389004707336,0.9775943160057068,0.914188802242279,0.8675122261047363,0.8699172139167786,1.075174331665039,0.8673001527786255,0.9755046963691711,1.0801130533218384,1.111175298690796,0.9880916476249695,1.0382261276245117,1.1333730220794678,0.8689932823181152,1.1323174238204956,0.872978925704956,0.9725887775421143,0.9749667048454285
0.9585204124450684,1.144189476966858,1.0346661806106567,0.8752807974815369,0.8716915249824524,0.9676153063774109,0.9037554860115051,0.8568411469459534,0.859296977519989,1.068791389465332,0.8565179109573364,0.9655470252037048,1.079157829284668,1.1209492683410645,0.9971398711204529,1.0297871828079224,1.1441726684570312,0.8582294583320618,1.1427522897720337,0.8623991012573242,0.9625422358512878,0.9649587273597717
0.948135256767273,1.1551179885864258,1.0261223316192627,0.8690900206565857,0.8635542392730713,0.9573649168014526,0.8931367993354797,0.8460566997528076,0.8485308289527893,1.0612990856170654,0.8456189036369324,0.9553139209747314,1.0774463415145874,1.1310369968414307,1.006653070449829,1.0207364559173584,1.1550836563110352,0.8473436832427979,1.153260588645935,0.8516664505004883,0.9522385001182556,0.9546835422515869
0.9375306963920593,1.166163682937622,1.0169674158096313,0.8634483218193054,0.8555015921592712,0.9468697309494019,0.8823419809341431,0.8351535201072693,0.8376179933547974,1.0529533624649048,0.8345972299575806,0.9448311924934387,1.0752290487289429,1.141400694847107,1.016552448272705,1.0111873149871826,1.1661105155944824,0.8363324403762817,1.1638582944869995,0.8407818078994751,0.9417005777359009,0.9441667199134827
0.926724910736084,1.1771700382232666,1.0073292255401611,0.858467698097229,0.8475890159606934,0.936149537563324,0.871394157409668,0.8241563439369202,0.8265613913536072,1.044000506401062,0.8234665393829346,0.9341254234313965,1.0739083290100098,1.1520007848739624,1.0267969369888306,1.0012376308441162,1.1772607564926147,0.8252031803131104,1.1745831966400146,0.8297492265701294,0.9309458136558533,0.9334301352500916
0.9157288670539856,1.188193440437317,0.9972723722457886,0.8541741371154785,0.8397706747055054,0.925219714641571,0.8602984547615051,0.8130505084991455,0.8153607845306396,1.0345138311386108,0.8122169375419617,0.9232121109962463,1.0738897323608398,1.1628254652023315,1.037340521812439,0.9909372925758362,1.1885371208190918,0.8139505386352539,1.1854382753372192,0.8185680508613586,0.9199880361557007,0.9224884510040283
0.90455162525177,1.1992768049240112,0.9868506789207458,0.8505873680114746,0.8320003747940063,0.9140923619270325,0.8490595817565918,0.8018243312835693,0.8040158152580261,1.024558424949646,0.8008400797843933,0.9121032953262329,1.0755956172943115,1.173864483833313,1.048147439956665,0.9803255200386047,1.1999423503875732,0.8025720119476318,1.196424126625061,0.8072381019592285,0.9088380336761475,0.9113530516624451
0.8931941986083984,1.2105506658554077,0.9761069416999817,0.8476051092147827,0.8241196870803833,0.9027774930000305,0.837659478187561,0.7904418706893921,0.792521595954895,1.014194130897522,0.7893213033676147,0.9008016586303711,1.0782806873321533,1.1851086616516113,1.0591466426849365,0.9694262742996216,1.2114728689193726,0.7910512685775757,1.2075080871582031,0.795758068561554,0.8975045680999756,0.9000298976898193
0.8816621899604797,1.222013235092163,0.9650728106498718,0.8452296257019043,0.8160969018936157,0.891279935836792,0.8261069059371948,0.7789041996002197,0.7808775901794434,1.0034726858139038,0.7776577472686768,0.8893146514892578,1.082477331161499,1.1965457201004028,1.0703331232070923,0.9582657814025879,1.2231333255767822,0.7793908715248108,1.2186919450759888,0.7841257452964783,0.8859918713569641,0.8885253071784973
0.8699617385864258,1.2336595058441162,0.9537742137908936,0.8434501886367798,0.8079012036323547,0.8796048164367676,0.8144105672836304,0.7672113180160522,0.7690837383270264,0.992434561252594,0.7658473253250122,0.8776488304138184,1.0883641242980957,1.208163857460022,1.0817039012908936,0.9468648433685303,1.234928011894226,0.7675958275794983,1.2299741506576538,0.7723405361175537,0.8743042945861816,0.8768450021743774
0.8580994009971619,1.2454845905303955,0.9422324299812317,0.8422508835792542,0.7995064854621887,0.8677569627761841,0.8025804162025452,0.7553634643554688,0.7571405172348022,0.9811100959777832,0.7538880705833435,0.8658099174499512,1.0957603454589844,1.2199515104293823,1.0932585000991821,0.9352399706840515,1.2468605041503906,0.755673885345459,1.241353154182434,0.7604026794433594,0.862446129322052,0.8649941086769104
0.8460816740989685,1.2574832439422607,0.930465042591095,0.841611921787262,0.7908876538276672,0.855741024017334,0.7906274199485779,0.7433608770370483,0.7450485825538635,0.9695225954055786,0.7417783737182617,0.8538030385971069,1.104326844215393,1.2318973541259766,1.1049948930740356,0.9234046339988708,1.258933663368225,0.7436343431472778,1.2528280019760132,0.7483130097389221,0.8504211902618408,0.8529770374298096
0.8339144587516785,1.2696504592895508,0.918486475944519,0.8415142297744751,0.7820196151733398,0.8435609936714172,0.7785634398460388,0.7312039732933044,0.7328087091445923,0.9576902389526367,0.7295169830322266,0.8416330218315125,1.1137672662734985,1.2439911365509033,1.1169087886810303,0.911370038986206,1.271148920059204,0.7314871549606323,1.264399766921997,0.7360725402832031,0.8382328748703003,0.8407977819442749
0.8216027021408081,1.2819814682006836,0.9063084721565247,0.8419436812400818,0.7728772163391113,0.8312203288078308,0.766401469707489,0.7188935279846191,0.7204217314720154,0.9456274509429932,0.7171031832695007,0.8293048143386841,1.1238782405853271,1.2562246322631836,1.1289931535720825,0.8991459012031555,1.2835062742233276,0.7192426919937134,1.2760719060897827,0.7236822247505188,0.825884222984314,0.8284597992897034
0.809156060218811,1.2944726943969727,0.893943727016449,0.8429274559020996,0.7634596228599548,0.8187246918678284,0.754167377948761,0.7064348459243774,0.7078914642333984,0.9333463311195374,0.7045392394065857,0.8168277740478516,1.134507179260254,1.268455982208252,1.141250491142273,0.8867443203926086,1.2960058450698853,0.7069231271743774,1.2878605127334595,0.7111460566520691,0.8133803606033325,0.8159688711166382
0.7965761423110962,1.3071199655532837,0.8813991546630859,0.8444653749465942,0.7537413835525513,0.8060758113861084,0.7418761849403381,0.6938284635543823,0.6952183246612549,0.9208583831787109,0.6918259859085083,0.8042067289352417,1.1455851793289185,1.2807042598724365,1.15366792678833,0.8741733431816101,1.3086436986923218,0.6945381760597229,1.299770712852478,0.6984641551971436,0.8007230758666992,0.8033272624015808
0.7838645577430725,1.3199195861816406,0.8686808347702026,0.8465652465820312,0.7437035441398621,0.7932755351066589,0.7295287251472473,0.6810756325721741,0.6824032068252563,0.908173680305481,0.6789652705192566,0.7914472818374634,1.1570602655410767,1.2929846048355103,1.1662335395812988,0.8614411950111389,1.3214144706726074,0.6821000576019287,1.3118083477020264,0.6856370568275452,0.7879143953323364,0.7905372381210327
0.771025538444519,1.332868218421936,0.8557956218719482,0.8492506742477417,0.7333407998085022,0.7803270220756531,0.7170215845108032,0.6681793928146362,0.6694484949111938,0.8953020572662354,0.6659606099128723,0.7785572409629822,1.1688878536224365,1.3053112030029297,1.1789425611495972,0.8485575318336487,1.334313154220581,0.6696295142173767,1.323981523513794,0.6726670861244202,0.7749574184417725,0.7776023745536804
0.7580581307411194,1.3459614515304565,0.842746376991272,0.8525130152702332,0.7226375937461853,0.7672304511070251,0.7045336961746216,0.6551387906074524,0.6563535928726196,0.8822495341300964,0.6528117060661316,0.7655391097068787,1.1810452938079834,1.3176770210266113,1.191780686378479,0.8355266451835632,1.3473325967788696,0.6571372747421265,1.336287260055542,0.6595534086227417,0.7618525624275208,0.7645231485366821
0.7449653744697571,1.3591973781585693,0.8295373916625977,0.8563498854637146,0.7115927338600159,0.7539877891540527,0.6921074390411377,0.6419544816017151,0.6431195735931396,0.8690220713615417,0.6395193934440613,0.7523971796035767,1.193507194519043,1.3300691843032837,1.20474374294281,0.8223536014556885,1.360467791557312,0.6446436047554016,1.3487235307693481,0.6462974548339844,0.7486016154289246,0.7513014078140259
0.7318171858787537,1.372287392616272,0.8162140846252441,0.8610361814498901,0.7003462314605713,0.740634024143219,0.6799176931381226,0.6286660432815552,0.6297804713249207,0.8556647300720215,0.6261286735534668,0.7391953468322754,1.2061771154403687,1.34257972240448,1.2179186344146729,0.8090935945510864,1.3737397193908691,0.6323434114456177,1.361360788345337,0.6329412460327148,0.735237181186676,0.7379719614982605
0.7185125946998596,1.3855655193328857,0.802715003490448,0.8660898804664612,0.6886894702911377,0.7271177768707275,0.6677213311195374,0.6152108311653137,0.6162834763526917,0.84212327003479,0.6125698685646057,0.7258390188217163,1.2191555500030518,1.3554136753082275,1.2311134338378906,0.7956659197807312,1.3871018886566162,0.6199884414672852,1.3740522861480713,0.6194219589233398,0.7217110991477966,0.724482536315918
0.7050672769546509,1.3990164995193481,0.7890496253967285,0.871520459651947,0.6766551733016968,0.7134465575218201,0.6555517911911011,0.6015961766242981,0.602635383605957,0.8284051418304443,0.598849356174469,0.7123405337333679,1.2324106693267822,1.3685593605041504,1.2443517446517944,0.7820804119110107,1.4005579948425293,0.6076221466064453,1.3868006467819214,0.6057476997375488,0.7080303430557251,0.7108404636383057
0.6915632486343384,1.412273645401001,0.7752639651298523,0.8776679039001465,0.664376437664032,0.6996585726737976,0.6436396241188049,0.5878641605377197,0.5888739824295044,0.8145495057106018,0.585010290145874,0.698773205280304,1.245880365371704,1.3819851875305176,1.2577959299087524,0.7683947086334229,1.4141416549682617,0.5954973697662354,1.3997101783752441,0.5919635891914368,0.6942306756973267,0.6970839500427246
0.6779792308807373,1.4257583618164062,0.7613444924354553,0.8844423890113831,0.6518211960792542,0.6857427358627319,0.6319496631622314,0.5740022659301758,0.5749881267547607,0.8005454540252686,0.5710381865501404,0.6851202845573425,1.2595791816711426,1.3945614099502563,1.2713958024978638,0.7545939087867737,1.4278358221054077,0.5835878849029541,1.4127413034439087,0.5780555605888367,0.6803022623062134,0.6832022070884705
0.66431725025177,1.4394453763961792,0.7472937107086182,0.8918702006340027,0.6389986872673035,0.6717013120651245,0.6205145716667175,0.5600138902664185,0.5609806180000305,0.7863984107971191,0.5569379329681396,0.6713923811912537,1.2734999656677246,1.4062947034835815,1.2851402759552002,0.7406880259513855,1.441626787185669,0.5719477534294128,1.425890326499939,0.5640263557434082,0.6662481427192688,0.669198215007782
0.6506708860397339,1.452943205833435,0.7331674098968506,0.9002668857574463,0.6260325312614441,0.6575793623924255,0.6096606254577637,0.5459508895874023,0.5468971133232117,0.772170901298523,0.5427747368812561,0.6576934456825256,1.287605881690979,1.4173990488052368,1.299122929573059,0.7267647385597229,1.455533742904663,0.5609726309776306,1.4392566680908203,0.549933135509491,0.6521123647689819,0.6551181674003601
0.6370316743850708,1.4662659168243408,0.7189599275588989,0.9095964431762695,0.6129123568534851,0.6433734893798828,0.5994383692741394,0.5318112969398499,0.5327358245849609,0.7578606009483337,0.5285487771034241,0.6440344452857971,1.3019083738327026,1.4278064966201782,1.3133200407028198,0.7128362655639648,1.4695314168930054,0.550771176815033,1.4528262615203857,0.5357732772827148,0.6378933191299438,0.6409603357315063
0.6232871413230896,1.4798827171325684,0.7046080827713013,0.919564962387085,0.599514365196228,0.6290338039398193,0.589523434638977,0.5175396203994751,0.5184478759765625,0.7434006929397583,0.5141908526420593,0.6303150653839111,1.3164231777191162,1.437078595161438,1.3275772333145142,0.6988224983215332,1.4835435152053833,0.5410317182540894,1.4664701223373413,0.521484375,0.6235447525978088,0.6266756057739258
0.6094874143600464,1.4937580823898315,0.690138578414917,0.9302614331245422,0.585891604423523,0.6145832538604736,0.5800822973251343,0.5031613111495972,0.504056453704834,0.7288210391998291,0.49973157048225403,0.6165938973426819,1.3311325311660767,1.4452680349349976,1.3419604301452637,0.6847714185714722,1.4972190856933594,0.5320321917533875,1.4802314043045044,0.5070963501930237,0.6090895533561707,0.6122875213623047
0.5956037044525146,1.5078431367874146,0.6755344867706299,0.9415730237960815,0.5720169544219971,0.6000086069107056,0.5709914565086365,0.4886603355407715,0.48954787850379944,0.7141030430793762,0.48514872789382935,0.6028419137001038,1.3460355997085571,1.4521465301513672,1.356393575668335,0.6706580519676208,1.5109392404556274,0.5237261056900024,1.4940459728240967,0.4925926923751831,0.5945155024528503,0.5977824330329895
0.581657350063324,1.5221047401428223,0.6608036160469055,0.953482985496521,0.5579075217247009,0.5853172540664673,0.5622721910476685,0.474043607711792,0.47492921352386475,0.6992548108100891,0.47044771909713745,0.5890781283378601,1.361125111579895,1.4576921463012695,1.3708807229995728,0.6564940810203552,1.5246888399124146,0.516262412071228,1.5079033374786377,0.47798341512680054,0.5798302888870239,0.5831676721572876
0.5677201747894287,1.5365253686904907,0.6459771990776062,0.9660330414772034,0.5436159372329712,0.5705363750457764,0.5541239976882935,0.4593404531478882,0.4602275788784027,0.6843101978302002,0.4556615948677063,0.5753775238990784,1.3763936758041382,1.462094783782959,1.385507345199585,0.6423344612121582,1.5380481481552124,0.5100423097610474,1.5218555927276611,0.46330496668815613,0.5650611519813538,0.5684707760810852
0.553750216960907,1.5510622262954712,0.6310330629348755,0.9791149497032166,0.5291107892990112,0.5556485652923584,0.5463417768478394,0.4445311427116394,0.4454258382320404,0.6692453622817993,0.44076430797576904,0.5617018342018127,1.391836166381836,1.4650771617889404,1.4001643657684326,0.6281499862670898,1.5514546632766724,0.5049842596054077,1.5358129739761353,0.4485355317592621,0.5501922965049744,0.5536744594573975
0.5397656559944153,1.5656925439834595,0.6159822940826416,0.9927096962928772,0.514411985874176,0.5406642556190491,0.5389357805252075,0.42962777614593506,0.4305354952812195,0.6540742516517639,0.42577090859413147,0.548088788986206,1.407444953918457,1.4665428400039673,1.41485595703125,0.6139785051345825,1.564858078956604,0.5013067722320557,1.549774169921875,0.43369060754776,0.5352360606193542,0.5387904644012451
0.5256734490394592,1.5803592205047607,0.6007881760597229,1.0066903829574585,0.4994749426841736,0.5255521535873413,0.5314740538597107,0.41459599137306213,0.4155254364013672,0.6387583017349243,0.4106403887271881,0.5344520807266235,1.4231951236724854,1.4709337949752808,1.4292958974838257,0.5997648239135742,1.5780974626541138,0.49867695569992065,1.5635457038879395,0.41872885823249817,0.5201630592346191,0.5237872004508972
0.511620283126831,1.5950829982757568,0.5855220556259155,1.0211422443389893,0.4843982756137848,0.5103738307952881,0.5244298577308655,0.39950481057167053,0.4004591703414917,0.6233770251274109,0.3954569697380066,0.5209807753562927,1.439098596572876,1.4733377695083618,1.4438179731369019,0.5856702923774719,1.5912429094314575,0.49789750576019287,1.5773348808288574,0.4037334620952606,0.5050368905067444,0.5087289810180664
0.49778902530670166,1.6091464757919312,0.5702649354934692,1.0360355377197266,0.4692947268486023,0.4951966404914856,0.5183906555175781,0.38443008065223694,0.38540560007095337,0.6080238819122314,0.3803156018257141,0.5079072117805481,1.4551620483398438,1.4743647575378418,1.4586495161056519,0.5718867182731628,1.6043908596038818,0.49967116117477417,1.5913257598876953,0.38879865407943726,0.48992711305618286,0.49368563294410706
0.4841877222061157,1.6225628852844238,0.5550105571746826,1.05131196975708,0.45415204763412476,0.4800153970718384,0.5132750868797302,0.36936572194099426,0.3703595995903015,0.5926892757415771,0.3652036488056183,0.49525168538093567,1.4713762998580933,1.4741230010986328,1.4737284183502197,0.558426022529602,1.6175057888031006,0.5037978887557983,1.605452299118042,0.37391793727874756,0.47483029961586,0.47865211963653564
0.470642626285553,1.636163592338562,0.5396789908409119,1.0669068098068237,0.4388607144355774,0.46476396918296814,0.5083343386650085,0.3542364239692688,0.35525351762771606,0.5772771835327148,0.35002031922340393,0.4828144311904907,1.4877079725265503,1.4722265005111694,1.4887053966522217,0.5451279282569885,1.630393147468567,0.5096155405044556,1.6193889379501343,0.35899627208709717,0.45968058705329895,0.4635598659515381
0.45717698335647583,1.6498901844024658,0.5242869257926941,1.0827949047088623,0.4234432578086853,0.4494556188583374,0.5035287141799927,0.33905690908432007,0.3401011526584625,0.5618053078651428,0.3347838819026947,0.47065073251724243,1.504148244857788,1.4687867164611816,1.5035743713378906,0.5320587158203125,1.6430026292800903,0.5170770883560181,1.6330947875976562,0.3440505564212799,0.44449302554130554,0.44842278957366943
0.4436524212360382,1.6636247634887695,0.5087890625,1.0989232063293457,0.4078466296195984,0.4340512156486511,0.49823999404907227,0.3237825632095337,0.3248623311519623,0.5462197065353394,0.31943970918655396,0.45861580967903137,1.5206512212753296,1.4692368507385254,1.5178791284561157,0.5191388726234436,1.6550840139389038,0.5257845520973206,1.6461862325668335,0.329022079706192,0.42922845482826233,0.43320006132125854
0.43046510219573975,1.6764737367630005,0.4933612048625946,1.115299940109253,0.392294317483902,0.41869309544563293,0.49375998973846436,0.3085736036300659,0.3096827566623688,0.5307195782661438,0.3041919767856598,0.4472510814666748,1.5372856855392456,1.4683020114898682,1.5324883460998535,0.5068480372428894,1.6669985055923462,0.5361908674240112,1.659301519393921,0.3141102194786072,0.41403496265411377,0.41803959012031555
0.41741490364074707,1.689416766166687,0.4779202342033386,1.1319085359573364,0.3766763210296631,0.40331169962882996,0.48926255106925964,0.29334890842437744,0.29448971152305603,0.5151998400688171,0.288930743932724,0.4363062381744385,1.5540025234222412,1.4657626152038574,1.546901822090149,0.49498942494392395,1.678505778312683,0.5478163361549377,1.6719075441360474,0.2992079257965088,0.3988403379917145,0.40286773443222046
0.4045247733592987,1.7023775577545166,0.4624831974506378,1.14873206615448,0.36101412773132324,0.3879183232784271,0.4846864938735962,0.2781187891960144,0.27929309010505676,0.49967262148857117,0.2736659049987793,0.42582133412361145,1.5707951784133911,1.461904525756836,1.5610663890838623,0.48361992835998535,1.6895872354507446,0.5605041980743408,1.6838397979736328,0.28432369232177734,0.3836556673049927,0.3876948058605194
0.39180970191955566,1.715286374092102,0.4470716416835785,1.1657567024230957,0.3453355133533478,0.37252742052078247,0.4799884557723999,0.26289740204811096,0.2641066610813141,0.4841550588607788,0.2584162950515747,0.4158473610877991,1.587652325630188,1.4568912982940674,1.5749353170394897,0.4728424847126007,1.7001953125,0.5741147994995117,1.6949198246002197,0.26947107911109924,0.368495911359787,0.3725351393222809
0.3794967830181122,1.7269669771194458,0.4317970275878906,1.1829698085784912,0.32978466153144836,0.357223242521286,0.4758600890636444,0.2477780431509018,0.24901583790779114,0.4687664210796356,0.24330639839172363,0.4067370891571045,1.604604721069336,1.451241135597229,1.5889923572540283,0.46305015683174133,1.7105250358581543,0.5885846614837646,1.7054805755615234,0.2547655403614044,0.3534492552280426,0.3574761152267456
0.36736080050468445,1.738574504852295,0.4165782928466797,1.2003604173660278,0.3142552375793457,0.34193921089172363,0.4714413583278656,0.23268187046051025,0.23395054042339325,0.45340338349342346,0.22823071479797363,0.39819833636283875,1.6215872764587402,1.4447193145751953,1.6025495529174805,0.45404353737831116,1.7202744483947754,0.6037111878395081,1.714660882949829,0.24010153114795685,0.33844491839408875,0.34244710206985474
0.3554210066795349,1.7500096559524536,0.4014379680156708,1.2179198265075684,0.2987757623195648,0.3266896605491638,0.4666701555252075,0.21762093901634216,0.2189226746559143,0.438080370426178,0.21320156753063202,0.3902580440044403,1.6385912895202637,1.4376050233840942,1.6154963970184326,0.44589200615882874,1.7294400930404663,0.6194038391113281,1.7221499681472778,0.22548918426036835,0.32349562644958496,0.3274611532688141
0.34368813037872314,1.76117742061615,0.38640305399894714,1.2356411218643188,0.28338170051574707,0.3114919662475586,0.46150150895118713,0.20261095464229584,0.2039477676153183,0.4228166937828064,0.19824007153511047,0.3829491138458252,1.6556024551391602,1.430069088935852,1.6277194023132324,0.43871110677719116,1.7379920482635498,0.6355879306793213,1.7276668548583984,0.21094362437725067,0.3086179196834564,0.31253519654273987
0.33247625827789307,1.770750880241394,0.3716321587562561,1.2535229921340942,0.2682831287384033,0.2964611053466797,0.45688751339912415,0.18777798116207123,0.18914097547531128,0.40777698159217834,0.18351858854293823,0.376745343208313,1.672675609588623,1.4227559566497803,1.6400916576385498,0.4330473840236664,1.7451698780059814,0.652226984500885,1.7318611145019531,0.19662271440029144,0.29393139481544495,0.29778850078582764
0.32144424319267273,1.7799837589263916,0.3570069670677185,1.2715516090393066,0.25332316756248474,0.2815045416355133,0.4516817331314087,0.17301321029663086,0.1744055151939392,0.3928166627883911,0.16889217495918274,0.37118569016456604,1.6897015571594238,1.4152125120162964,1.6513556241989136,0.4285663068294525,1.7517272233963013,0.6692282557487488,1.7335700988769531,0.18238233029842377,0.2793367803096771,0.28312382102012634
0.3105982542037964,1.7887537479400635,0.3425542414188385,1.289721965789795,0.2385367602109909,0.2666386365890503,0.4458176791667938,0.1583300679922104,0.15975430607795715,0.3779520094394684,0.15437465906143188,0.3662712872028351,1.7066625356674194,1.4077606201171875,1.6612796783447266,0.4252925217151642,1.7576723098754883,0.6865492463111877,1.7327293157577515,0.16823449730873108,0.26484766602516174,0.26855653524398804
0.29993289709091187,1.7969502210617065,0.3283061683177948,1.3080302476882935,0.22396761178970337,0.2518835663795471,0.43924739956855774,0.1437467485666275,0.14520472288131714,0.36320579051971436,0.13999255001544952,0.36201211810112,1.7235311269760132,1.400546908378601,1.6696454286575317,0.4233080744743347,1.7629753351211548,0.7041558623313904,1.72943913936615,0.15419822931289673,0.2504824697971344,0.2541068494319916
0.2894343137741089,1.8044722080230713,0.31429803371429443,1.3264729976654053,0.20966452360153198,0.2372613549232483,0.4319308400154114,0.1292838603258133,0.1307762861251831,0.34860414266586304,0.1257796585559845,0.35841941833496094,1.7402716875076294,1.3935973644256592,1.6762454509735107,0.42271652817726135,1.7675861120224,0.7220199704170227,1.7239086627960205,0.14029636979103088,0.23626194894313812,0.23979753255844116
0.27908724546432495,1.8112086057662964,0.30055737495422363,1.345045566558838,0.1956644356250763,0.22278830409049988,0.4238012731075287,0.11495491862297058,0.1164812445640564,0.33416345715522766,0.11175165325403214,0.35547563433647156,1.7568469047546387,1.387210726737976,1.6807990074157715,0.42348092794418335,1.771514892578125,0.7401151657104492,1.7163660526275635,0.1265420913696289,0.22219903767108917,0.2256445735692978
0.2689289152622223,1.8171107769012451,0.28714069724082947,1.3637471199035645,0.1820436418056488,0.20850075781345367,0.4149562418460846,0.10079596936702728,0.10235186666250229,0.3199303448200226,0.09795685112476349,0.3532545268535614,1.7732353210449219,1.3817832469940186,1.683347225189209,0.4256197512149811,1.7748669385910034,0.7579063177108765,1.7071493864059448,0.11297780275344849,0.2083275467157364,0.2116851955652237
0.2588578760623932,1.822045922279358,0.27404871582984924,1.382568359375,0.1688041239976883,0.19439558684825897,0.40518918633461,0.08679965883493423,0.08838123828172684,0.30589359998703003,0.08438998460769653,0.35164040327072144,1.7893476486206055,1.3772578239440918,1.6834437847137451,0.4290377199649811,1.7775142192840576,0.7759963870048523,1.6964263916015625,0.09959098696708679,0.19464051723480225,0.19791625440120697
0.24883246421813965,1.8259594440460205,0.2613149881362915,1.401505470275879,0.15599286556243896,0.18049262464046478,0.3944928050041199,0.07298436015844345,0.0745854377746582,0.2920767068862915,0.07108501344919205,0.3506205976009369,1.805116891860962,1.373594880104065,1.6810778379440308,0.43372026085853577,1.7794253826141357,0.7943480014801025,1.6844499111175537,0.08640242367982864,0.18115493655204773,0.1843588799238205
0.2388184517621994,1.8288040161132812,0.24896739423274994,1.4205530881881714,0.14364628493785858,0.16680747270584106,0.3828802704811096,0.05936311185359955,0.060974497348070145,0.27849525213241577,0.0580546036362648,0.35017362236976624,1.820413589477539,1.3712375164031982,1.6763033866882324,0.4394945204257965,1.7806708812713623,0.8129287958145142,1.6714304685592651,0.07342447340488434,0.16788078844547272,0.17102904617786407
0.2287607491016388,1.8305611610412598,0.23703406751155853,1.4397058486938477,0.13180217146873474,0.1533554196357727,0.3703761100769043,0.04594925791025162,0.04755900055170059,0.2651660144329071,0.04532311111688614,0.3502759039402008,1.8351441621780396,1.3702290058135986,1.669276237487793,0.4462619423866272,1.7812540531158447,0.8317118287086487,1.6575584411621094,0.06067071855068207,0.154828742146492,0.15794336795806885
0.2187967598438263,1.8314049243927002,0.22564978897571564,1.458642840385437,0.12065018713474274,0.1402224898338318,0.3573460280895233,0.03283410519361496,0.03441934287548065,0.2522121071815491,0.03303281590342522,0.35121819376945496,1.849175214767456,1.3708508014678955,1.6606789827346802,0.4541589617729187,1.7814900875091553,0.8506940603256226,1.6431649923324585,0.04825599864125252,0.1420830637216568,0.14519286155700684
0.2088433802127838,1.8313158750534058,0.2148253172636032,1.4774394035339355,0.11020195484161377,0.1274092197418213,0.3437453806400299,0.020014222711324692,0.02154950238764286,0.23962776362895966,0.021171003580093384,0.35293129086494446,1.862369179725647,1.373456358909607,1.6505175828933716,0.4629161059856415,1.7814375162124634,0.8698490262031555,1.628344178199768,0.03617054596543312,0.12963604927062988,0.13277868926525116
0.19882363080978394,1.8303231000900269,0.20458577573299408,1.4961557388305664,0.10048825293779373,0.11492517590522766,0.3295780420303345,0.007497130893170834,0.008954202756285667,0.22742398083209991,0.009760444983839989,0.3553817570209503,1.8745778799057007,1.3777663707733154,1.6389185190200806,0.47242334485054016,1.7810869216918945,0.8891561627388,1.6132169961929321,0.024419749155640602,0.11749134212732315,0.12071236968040466
0.18861962854862213,1.8284268379211426,0.19492702186107635,1.514831304550171,0.09149433672428131,0.10276004672050476,0.31480512022972107,-0.004731445573270321,-0.0033816779032349586,0.21558178961277008,-0.0012141130864620209,0.35846462845802307,1.8858988285064697,1.3835581541061401,1.625961184501648,0.4824751317501068,1.7803841829299927,0.9085908532142639,1.597852349281311,0.012979150749742985,0.1056307777762413,0.10898445546627045
0.17814861238002777,1.8256652355194092,0.18585839867591858,1.5335047245025635,0.08322276175022125,0.09091220051050186,0.2994615435600281,-0.01667674258351326,-0.015465782023966312,0.20409315824508667,-0.011764606460928917,0.3621278405189514,1.8961992263793945,1.3908851146697998,1.6118017435073853,0.49281996488571167,1.7793822288513184,0.9281331300735474,1.5823317766189575,0.0018335487693548203,0.09404303133487701,0.09759444743394852
0.16722342371940613,1.8220105171203613,0.1773248016834259,1.5524691343307495,0.07558929175138474,0.07933812588453293,0.2834840416908264,-0.028389379382133484,-0.027344871312379837,0.19288741052150726,-0.021949686110019684,0.3661388158798218,1.9054865837097168,1.3991625308990479,1.5965182781219482,0.5031972527503967,1.7778476476669312,0.9473727941513062,1.566644549369812,-0.009090808220207691,0.08267539739608765,0.08649849146604538
0.1557358056306839,1.8174889087677002,0.1693081259727478,1.5716619491577148,0.06856190413236618,0.06801701337099075,0.26692378520965576,-0.03989699110388756,-0.03904639184474945,0.18192747235298157,-0.031818877905607224,0.3703709840774536,1.9136247634887695,1.4080798625946045,1.5802668333053589,0.5131840109825134,1.7757982015609741,0.9667410850524902,1.5508224964141846,-0.019843287765979767,0.07149316370487213,0.07567523419857025
0.14378930628299713,1.8123489618301392,0.1619555801153183,1.5910636186599731,0.062361642718315125,0.05703262612223625,0.25004836916923523,-0.05111457407474518,-0.05049548298120499,0.17133669555187225,-0.04121103137731552,0.3751043677330017,1.9199291467666626,1.4151151180267334,1.5633288621902466,0.5229668617248535,1.7735416889190674,0.9862488508224487,1.535140037536621,-0.030323170125484467,0.060570716857910156,0.06521347165107727
0.13136421144008636,1.8066257238388062,0.15523797273635864,1.6106263399124146,0.056909624487161636,0.0463666133582592,0.23283058404922485,-0.06206504628062248,-0.06171676144003868,0.16108457744121552,-0.05020313709974289,0.38035282492637634,1.9242324829101562,1.4218562841415405,1.5458017587661743,0.5319277048110962,1.771209478378296,1.0058587789535522,1.5196336507797241,-0.040551550686359406,0.04987810552120209,0.05509678274393082
0.11849961429834366,1.8004412651062012,0.1491425484418869,1.6303126811981201,0.05213788151741028,0.03602117300033569,0.2152472734451294,-0.07274387776851654,-0.07270559668540955,0.15118259191513062,-0.05874519795179367,0.3862415850162506,1.92672598361969,1.427051067352295,1.5278230905532837,0.5401449799537659,1.7686142921447754,1.0255486965179443,1.5044409036636353,-0.05049256607890129,0.03942088782787323,0.04533274844288826
0.10542816668748856,1.794074296951294,0.14376923441886902,1.6498607397079468,0.04810791835188866,0.02607644349336624,0.19743816554546356,-0.08306163549423218,-0.0833856537938118,0.14175748825073242,-0.06672579050064087,0.3932928740978241,1.9274929761886597,1.4319006204605103,1.5096501111984253,0.5475786328315735,1.7661994695663452,1.044981598854065,1.4898927211761475,-0.05999398231506348,0.02928001619875431,0.036012522876262665
0.0921357050538063,1.7875248193740845,0.13899797201156616,1.6692715883255005,0.04456493258476257,0.0164758563041687,0.1792861372232437,-0.09307567030191422,-0.09380972385406494,0.13272950053215027,-0.07426360994577408,0.40149906277656555,1.9263510704040527,1.437086582183838,1.4912874698638916,0.5536642074584961,1.7637859582901,1.0645287036895752,1.4759602546691895,-0.06908831000328064,0.01940063387155533,0.027084875851869583
0.07873670756816864,1.7809479236602783,0.1348169445991516,1.6885591745376587,0.04143121838569641,0.007235335186123848,0.1608157753944397,-0.10276307910680771,-0.10395496338605881,0.12413261085748672,-0.08126775175333023,0.41102689504623413,1.923349142074585,1.4429863691329956,1.472880244255066,0.55881667137146,1.761171817779541,1.0838191509246826,1.4628465175628662,-0.07769248634576797,0.009811603464186192,0.018576083704829216
0.06512564420700073,1.7742105722427368,0.13102756440639496,1.7076971530914307,0.03836849704384804,-0.0017548063769936562,0.14195333421230316,-0.11224086582660675,-0.11392677575349808,0.11579742282629013,-0.08798278123140335,0.4216579794883728,1.9189404249191284,1.4506239891052246,1.454318642616272,0.5621393322944641,1.7580760717391968,1.1031818389892578,1.4503262042999268,-0.08592890948057175,0.000400531105697155,0.010379270650446415
0.0514281690120697,1.767497181892395,0.1276654750108719,1.7267082929611206,0.03539357706904411,-0.010459007695317268,0.12281490862369537,-0.12146944552659988,-0.12368795275688171,0.10777805745601654,-0.09431550651788712,0.4335320293903351,1.9127700328826904,1.4592947959899902,1.4357528686523438,0.5639693737030029,1.7545642852783203,1.122603416442871,1.438609004020691,-0.09371798485517502,-0.008792795240879059,0.002541101537644863
0.03766592592000961,1.760882019996643,0.12469970434904099,1.7455865144729614,0.03244540095329285,-0.01889062486588955,0.10346981883049011,-0.13046452403068542,-0.13325022161006927,0.10004999488592148,-0.10027005523443222,0.4465904235839844,1.9050711393356323,1.4685521125793457,1.417223572731018,0.5643331408500671,1.750571608543396,1.1420412063598633,1.427740454673767,-0.10106761753559113,-0.017782684415578842,-0.004943710286170244
0.02381066232919693,1.7543643712997437,0.12206890434026718,1.7643183469772339,0.029426703229546547,-0.0270894393324852,0.08397382497787476,-0.13927334547042847,-0.14265508949756622,0.09254105389118195,-0.10595561563968658,0.46070677042007446,1.8960540294647217,1.4791443347930908,1.3987048864364624,0.5628499388694763,1.7461351156234741,1.161434292793274,1.4176403284072876,-0.10804498195648193,-0.026618316769599915,-0.012108176946640015
0.009925327263772488,1.7481034994125366,0.11982878297567368,1.7829055786132812,0.026434820145368576,-0.03502446040511131,0.06446215510368347,-0.14786730706691742,-0.1518731266260147,0.08529047667980194,-0.11126459389925003,0.47584566473960876,1.8860383033752441,1.4900007247924805,1.3802934885025024,0.5599366426467896,1.7413219213485718,1.1803808212280273,1.408469796180725,-0.11462103575468063,-0.03527228534221649,-0.018911998718976974
-0.004027566872537136,1.7421061992645264,0.11795250326395035,1.801322340965271,0.02345457300543785,-0.04272385686635971,0.0450095608830452,-0.15628443658351898,-0.16093577444553375,0.07823940366506577,-0.11625874787569046,0.4918596148490906,1.8752416372299194,1.5013155937194824,1.3619565963745117,0.5554591417312622,1.7361611127853394,1.1988674402236938,1.4001595973968506,-0.12087180465459824,-0.04378463327884674,-0.025377271696925163
-0.018082065507769585,1.7363721132278442,0.11642685532569885,1.8195369243621826,0.020501133054494858,-0.05021127685904503,0.025700164958834648,-0.16455921530723572,-0.16987085342407227,0.07133298367261887,-0.12099150568246841,0.5086123943328857,1.8638755083084106,1.513211965560913,1.3436626195907593,0.5493659973144531,1.7306960821151733,1.216873049736023,1.3926366567611694,-0.12687742710113525,-0.052192047238349915,-0.03152161464095116
-0.032231349498033524,1.730971097946167,0.11529402434825897,1.8375171422958374,0.017689958214759827,-0.05747610330581665,0.00666021928191185,-0.17268933355808258,-0.17867079377174377,0.06457096338272095,-0.12538625299930573,0.5260061621665955,1.8521864414215088,1.5242490768432617,1.325437307357788,0.5420039892196655,1.7249162197113037,1.2344356775283813,1.3859522342681885,-0.13267022371292114,-0.060491904616355896,-0.037328217178583145
-0.04655098915100098,1.7257933616638184,0.11449690908193588,1.855199933052063,0.014980693347752094,-0.06457458436489105,-0.012074880301952362,-0.18074573576450348,-0.1873958855867386,0.05784333497285843,-0.1295895278453827,0.543878972530365,1.8403016328811646,1.535218358039856,1.307183861732483,0.5331751704216003,1.7188031673431396,1.251914143562317,1.3798893690109253,-0.13839155435562134,-0.06875579059123993,-0.042850010097026825
-0.0610656812787056,1.720805287361145,0.11403091251850128,1.8725184202194214,0.012426563538610935,-0.07152660936117172,-0.030431445688009262,-0.18875879049301147,-0.19606707990169525,0.05110103264451027,-0.13359782099723816,0.5621123313903809,1.8288851976394653,1.5446760654449463,1.2888773679733276,0.5231094360351562,1.7122448682785034,1.2692089080810547,1.3743764162063599,-0.1441224366426468,-0.07701042294502258,-0.04810385778546333
-0.07573230564594269,1.7160310745239258,0.11395001411437988,1.8894304037094116,0.010154318064451218,-0.07831428200006485,-0.04828370735049248,-0.19671908020973206,-0.20467133820056915,0.04434872418642044,-0.13737165927886963,0.5806574821472168,1.8180882930755615,1.5518953800201416,1.2705481052398682,0.5120671987533569,1.7053347826004028,1.2862552404403687,1.3694335222244263,-0.14988616108894348,-0.0852452740073204,-0.05306337773799896
-0.09047446399927139,1.7114843130111694,0.11432456970214844,1.9059085845947266,0.008289610967040062,-0.0849103331565857,-0.06549561023712158,-0.20460787415504456,-0.21319010853767395,0.03759978711605072,-0.14093297719955444,0.5994999408721924,1.807523250579834,1.5584050416946411,1.2522327899932861,0.5001718997955322,1.698354959487915,1.302992582321167,1.3650689125061035,-0.15568937361240387,-0.09344370663166046,-0.05768706649541855
-0.10516396909952164,1.707289218902588,0.11528287082910538,1.9219365119934082,0.00707002729177475,-0.0912388488650322,-0.08187307417392731,-0.2123517543077469,-0.2215522676706314,0.03095141611993313,-0.14409175515174866,0.6186567544937134,1.7974339723587036,1.5616590976715088,1.2340478897094727,0.4879668056964874,1.6914535760879517,1.3190321922302246,1.3615055084228516,-0.16144663095474243,-0.10152829438447952,-0.06188451126217842
-0.11976288259029388,1.70332670211792,0.1167902946472168,1.937437653541565,0.006450964137911797,-0.09732045233249664,-0.0974220484495163,-0.21997635066509247,-0.22977803647518158,0.02435477264225483,-0.14696954190731049,0.6380597949028015,1.7878543138504028,1.5637081861495972,1.2159651517868042,0.47548744082450867,1.684651255607605,1.3342806100845337,1.3586139678955078,-0.16719548404216766,-0.1095181405544281,-0.06566188484430313
-0.13416463136672974,1.6996132135391235,0.1188717633485794,1.952351689338684,0.006484692916274071,-0.10312135517597198,-0.11208682507276535,-0.22744432091712952,-0.2378285527229309,0.017858318984508514,-0.14948098361492157,0.657701849937439,1.7788689136505127,1.563430666923523,1.1980564594268799,0.4631575345993042,1.6779056787490845,1.3487752676010132,1.356499195098877,-0.1728663444519043,-0.11736524105072021,-0.06896868348121643
-0.14828069508075714,1.6960763931274414,0.12149448692798615,1.9666045904159546,0.007124221418052912,-0.10863693803548813,-0.12589193880558014,-0.234746515750885,-0.24569173157215118,0.011467931792140007,-0.1516575962305069,0.6775540709495544,1.7704741954803467,1.5616236925125122,1.1803520917892456,0.45125114917755127,1.6711574792861938,1.3624762296676636,1.355154037475586,-0.17841599881649017,-0.1250489205121994,-0.07178055495023727
-0.16201485693454742,1.6926414966583252,0.12461714446544647,1.9801242351531982,0.008307436481118202,-0.11386068165302277,-0.1388784646987915,-0.24186931550502777,-0.25335195660591125,0.005196947604417801,-0.1535373479127884,0.6975935697555542,1.7626399993896484,1.559037446975708,1.1628894805908203,0.44005709886550903,1.6643524169921875,1.3753374814987183,1.3545793294906616,-0.18378661572933197,-0.1325439214706421,-0.07406893372535706
-0.17524348199367523,1.6893163919448853,0.1282309889793396,1.9928596019744873,0.010045948438346386,-0.11875292658805847,-0.15104345977306366,-0.24876157939434052,-0.2607583999633789,-0.0008824490942060947,-0.15502433478832245,0.7178176045417786,1.7553731203079224,1.5546830892562866,1.145763874053955,0.4301224946975708,1.6574040651321411,1.3874059915542603,1.3549171686172485,-0.18885920941829681,-0.1397860199213028,-0.07577268779277802
-0.18795306980609894,1.6858782768249512,0.13218840956687927,2.0046844482421875,0.012112630531191826,-0.12337072938680649,-0.16256923973560333,-0.25547343492507935,-0.2679540514945984,-0.006848019082099199,-0.156341090798378,0.7381401658058167,1.7489897012710571,1.5508817434310913,1.1289172172546387,0.42141205072402954,1.6501418352127075,1.3984832763671875,1.355951189994812,-0.1936604082584381,-0.14681383967399597,-0.07692833989858627
-0.1999979466199875,1.6824512481689453,0.13652600347995758,2.0155913829803467,0.0146370530128479,-0.12762939929962158,-0.1733827441930771,-0.2619045674800873,-0.27484267950057983,-0.012551108375191689,-0.1572185903787613,0.7585843801498413,1.7434659004211426,1.5447403192520142,1.112521767616272,0.41473817825317383,1.6424978971481323,1.408742070198059,1.3579976558685303,-0.19799846410751343,-0.15351468324661255,-0.07743305712938309
-0.21137544512748718,1.6787877082824707,0.14109142124652863,2.0254735946655273,0.0173738244920969,-0.13159513473510742,-0.1836795210838318,-0.26811736822128296,-0.2814823091030121,-0.01809188351035118,-0.15800142288208008,0.7790635228157043,1.7385672330856323,1.5409404039382935,1.0964915752410889,0.4097536504268646,1.6345000267028809,1.417900562286377,1.3607560396194458,-0.20193006098270416,-0.15994739532470703,-0.0773293673992157
-0.2219652384519577,1.6750694513320923,0.14593985676765442,2.0343618392944336,0.020532459020614624,-0.13516555726528168,-0.19334596395492554,-0.27399522066116333,-0.28776195645332336,-0.023295141756534576,-0.1583394855260849,0.7995897531509399,1.734309196472168,1.5354909896850586,1.0810242891311646,0.40720993280410767,1.6261190176010132,1.4261945486068726,1.3645912408828735,-0.20525413751602173,-0.16598623991012573,-0.07650846987962723
-0.2317795753479004,1.6711492538452148,0.15096986293792725,2.0421974658966064,0.023996107280254364,-0.1383734941482544,-0.2025030106306076,-0.27956974506378174,-0.2937113642692566,-0.028212789446115494,-0.15843860805034637,0.8200708031654358,1.7305257320404053,1.5311013460159302,1.0660755634307861,0.40681374073028564,1.6174179315567017,1.4334501028060913,1.3693181276321411,-0.20800372958183289,-0.17166270315647125,-0.0749930813908577
-0.24077798426151276,1.6670547723770142,0.1561879962682724,2.0490074157714844,0.02784874103963375,-0.14118054509162903,-0.21112968027591705,-0.2848009169101715,-0.29929500818252563,-0.032789237797260284,-0.15827229619026184,0.8404650092124939,1.7267868518829346,1.528290033340454,1.0517117977142334,0.4085487723350525,1.608566403388977,1.4396880865097046,1.3749920129776,-0.210121750831604,-0.1769394427537918,-0.07274375855922699
-0.24894708395004272,1.6628973484039307,0.1616341918706894,2.054844379425049,0.032277967780828476,-0.1435219645500183,-0.21914555132389069,-0.2896227240562439,-0.30445098876953125,-0.036923546344041824,-0.1576283574104309,0.8607096672058105,1.7231708765029907,1.5244306325912476,1.038043737411499,0.41252437233924866,1.5996280908584595,1.4450632333755493,1.3817816972732544,-0.2115250527858734,-0.1817513108253479,-0.06971455365419388
-0.2563785910606384,1.6584986448287964,0.16721604764461517,2.059682607650757,0.0371675081551075,-0.1454559713602066,-0.22668486833572388,-0.29410338401794434,-0.30924516916275024,-0.04072194918990135,-0.15681160986423492,0.8806411027908325,1.7195378541946411,1.5230408906936646,1.024956226348877,0.4181448519229889,1.590745210647583,1.4493626356124878,1.3893920183181763,-0.21234257519245148,-0.18617556989192963,-0.06597651541233063
-0.26308825612068176,1.6539963483810425,0.17300039529800415,2.063619613647461,0.04274138808250427,-0.14691483974456787,-0.23364123702049255,-0.29817840456962585,-0.31361812353134155,-0.044084176421165466,-0.15559044480323792,0.9001649618148804,1.7159870862960815,1.5210243463516235,1.01255464553833,0.42542698979377747,1.5820269584655762,1.4527888298034668,1.397986888885498,-0.21251671016216278,-0.1901530623435974,-0.0615013986825943
-0.2691510319709778,1.649355173110962,0.1789717823266983,2.066711187362671,0.04902581498026848,-0.14790748059749603,-0.2400432676076889,-0.30186572670936584,-0.3175889253616333,-0.04703759774565697,-0.1540491133928299,0.9191122651100159,1.7124841213226318,1.518977403640747,1.0008068084716797,0.4340187907218933,1.573616623878479,1.4553275108337402,1.4074517488479614,-0.21211740374565125,-0.19371166825294495,-0.056333694607019424
-0.27468234300613403,1.6444745063781738,0.1850685030221939,2.068992853164673,0.055960413068532944,-0.14847935736179352,-0.24598369002342224,-0.30522066354751587,-0.32121071219444275,-0.04966489225625992,-0.15236571431159973,0.9372429847717285,1.709225058555603,1.518053650856018,0.9896233081817627,0.4434937536716461,1.565582036972046,1.4569002389907837,1.4175790548324585,-0.21126888692378998,-0.19691622257232666,-0.05055665224790573
-0.27969643473625183,1.6395270824432373,0.1913672238588333,2.0706188678741455,0.06374487280845642,-0.14856314659118652,-0.2513445317745209,-0.30817633867263794,-0.32442304491996765,-0.051861394196748734,-0.1502828449010849,0.9544302821159363,1.7062573432922363,1.5148615837097168,0.9791197776794434,0.4538843631744385,1.5580393075942993,1.4577831029891968,1.4285342693328857,-0.2099137306213379,-0.19970685243606567,-0.04415881633758545
-0.2842983901500702,1.6343576908111572,0.19777289032936096,2.071639060974121,0.07219944149255753,-0.14824089407920837,-0.25628191232681274,-0.310820996761322,-0.3273119330406189,-0.053763099014759064,-0.14813755452632904,0.9704222679138184,1.7034252882003784,1.5126773118972778,0.9691580533981323,0.4646746516227722,1.5510907173156738,1.4578180313110352,1.4400070905685425,-0.20821470022201538,-0.20218303799629211,-0.03725278377532959
-0.28850167989730835,1.6290937662124634,0.20430885255336761,2.0722033977508545,0.08140090852975845,-0.1474810391664505,-0.2607423663139343,-0.31311550736427307,-0.3298429250717163,-0.05530639365315437,-0.1457657516002655,0.9850896596908569,1.7007447481155396,1.5091263055801392,0.9598188400268555,0.4758758246898651,1.5447874069213867,1.457235336303711,1.4520879983901978,-0.2061357945203781,-0.20431029796600342,-0.029858214780688286
-0.2923450469970703,1.623740553855896,0.210921049118042,2.0724220275878906,0.09125914424657822,-0.14631448686122894,-0.264785498380661,-0.31508076190948486,-0.3320380449295044,-0.056519679725170135,-0.14323170483112335,0.9982853531837463,1.6981525421142578,1.5043712854385376,0.9510890245437622,0.4873187839984894,1.5391418933868408,1.456100583076477,1.4646872282028198,-0.20371685922145844,-0.20611396431922913,-0.022044165059924126
-0.29587987065315247,1.6182239055633545,0.21749979257583618,2.0723772048950195,0.10156895220279694,-0.14481696486473083,-0.26854926347732544,-0.31677889823913574,-0.3339579999446869,-0.05749420076608658,-0.14075595140457153,1.0098743438720703,1.695533275604248,1.5002021789550781,0.9428922533988953,0.49872949719429016,1.5341262817382812,1.4543651342391968,1.4776008129119873,-0.2010461986064911,-0.20765958726406097,-0.01391303725540638
-0.2990829050540924,1.6127054691314697,0.2240365743637085,2.072221279144287,0.11234427243471146,-0.14296750724315643,-0.27198725938796997,-0.31816285848617554,-0.3355600833892822,-0.05814811959862709,-0.13812211155891418,1.0198737382888794,1.692923903465271,1.4938766956329346,0.9353383779525757,0.5102841258049011,1.5296754837036133,1.4523144960403442,1.4909604787826538,-0.19804070889949799,-0.20889760553836823,-0.005487636663019657
-0.30200737714767456,1.6070561408996582,0.23037447035312653,2.072007179260254,0.12327322363853455,-0.14088289439678192,-0.2752952575683594,-0.3193279802799225,-0.33693578839302063,-0.0586216002702713,-0.13566768169403076,1.0282396078109741,1.690180778503418,1.488266944885254,0.9283015131950378,0.5216628313064575,1.5257019996643066,1.4498072862625122,1.5044734477996826,-0.19482098519802094,-0.2099241316318512,0.003101913258433342
-0.3046259582042694,1.6014013290405273,0.23649325966835022,2.0718634128570557,0.1343120038509369,-0.13856858015060425,-0.27845290303230286,-0.3202495276927948,-0.3380638360977173,-0.05886615812778473,-0.1332635134458542,1.0351080894470215,1.687190055847168,1.481783151626587,0.9218539595603943,0.5330003499984741,1.522143006324768,1.4470584392547607,1.518214464187622,-0.1913287192583084,-0.21071147918701172,0.011819079518318176
-0.3069547414779663,1.5957502126693726,0.24231339991092682,2.0718629360198975,0.14529015123844147,-0.13608641922473907,-0.2815307080745697,-0.32096171379089355,-0.338977575302124,-0.058923784643411636,-0.13098131120204926,1.0405817031860352,1.6839438676834106,1.4746626615524292,0.9159685373306274,0.544239342212677,1.5188921689987183,1.4441137313842773,1.5320857763290405,-0.18759353458881378,-0.21129129827022552,0.020581327378749847
-0.309026300907135,1.5900565385818481,0.24774399399757385,2.0720536708831787,0.15598227083683014,-0.13352347910404205,-0.28463244438171387,-0.32152727246284485,-0.3397372364997864,-0.05888194590806961,-0.12900197505950928,1.0447711944580078,1.6803984642028809,1.4682704210281372,0.9105654358863831,0.5552137494087219,1.5158576965332031,1.440921425819397,1.5458991527557373,-0.18369297683238983,-0.21172526478767395,0.029287906363606453
-0.31083375215530396,1.5844565629959106,0.2528071105480194,2.0725173950195312,0.16640596091747284,-0.13087895512580872,-0.2876923382282257,-0.3219205141067505,-0.34031936526298523,-0.05868792161345482,-0.12713299691677094,1.0478683710098267,1.6766735315322876,1.4604246616363525,0.9057053923606873,0.5660759806632996,1.5129586458206177,1.4377071857452393,1.5597524642944336,-0.1795816868543625,-0.21198442578315735,0.03791002929210663
-0.31243452429771423,1.5788500308990479,0.2574313282966614,2.073263645172119,0.1763184368610382,-0.1282569169998169,-0.29082509875297546,-0.3222312033176422,-0.34080958366394043,-0.0584741048514843,-0.12564527988433838,1.0499794483184814,1.672705054283142,1.4533580541610718,0.9012500047683716,0.5767336487770081,1.5101392269134521,1.4343161582946777,1.5733596086502075,-0.17539626359939575,-0.2121603637933731,0.04633612185716629
-0.3138374090194702,1.5733495950698853,0.261679470539093,2.074342727661133,0.1857832819223404,-0.12565360963344574,-0.29394835233688354,-0.3224427402019501,-0.34119313955307007,-0.05820493772625923,-0.12437199056148529,1.0512899160385132,1.6686160564422607,1.4453387260437012,0.8972291946411133,0.5872113704681396,1.507371187210083,1.4309250116348267,1.586787223815918,-0.17112478613853455,-0.21223635971546173,0.05454511195421219
-0.31508105993270874,1.5679529905319214,0.2655807435512543,2.0757691860198975,0.19475676119327545,-0.12311042845249176,-0.29706037044525146,-0.32259222865104675,-0.34150609374046326,-0.05793263390660286,-0.1233643963932991,1.051934003829956,1.6644443273544312,1.436761736869812,0.8935770988464355,0.5973646640777588,1.5046499967575073,1.427523136138916,1.5999106168746948,-0.16684414446353912,-0.21225228905677795,0.06248189136385918
-0.3162064254283905,1.5626479387283325,0.2691771388053894,2.0775468349456787,0.20321467518806458,-0.12066502124071121,-0.3001561760902405,-0.32271823287010193,-0.34178584814071655,-0.057713501155376434,-0.12268049269914627,1.0520328283309937,1.6602251529693604,1.4281485080718994,0.8902199268341064,0.6070384979248047,1.5019856691360474,1.4240808486938477,1.6125893592834473,-0.16263945400714874,-0.21225033700466156,0.07009845227003098
-0.3172268569469452,1.5575352907180786,0.2725754678249359,2.0796878337860107,0.21131198108196259,-0.11829271912574768,-0.3031271994113922,-0.32279837131500244,-0.3420120179653168,-0.057506442070007324,-0.12213048338890076,1.0517395734786987,1.6560901403427124,1.4180251359939575,0.887180507183075,0.6162535548210144,1.4993903636932373,1.4207603931427002,1.6249011754989624,-0.1585051566362381,-0.2122098207473755,0.07740446925163269
-0.31820425391197205,1.552512288093567,0.27578112483024597,2.082157611846924,0.21894879639148712,-0.11606001108884811,-0.30603480339050293,-0.32290753722190857,-0.34225553274154663,-0.05742734298110008,-0.12191232293844223,1.0511072874069214,1.6521263122558594,1.4080144166946411,0.8843205571174622,0.6247735023498535,1.4968520402908325,1.4173957109451294,1.636555552482605,-0.15458258986473083,-0.21220946311950684,0.08433591574430466
-0.3191382586956024,1.5476864576339722,0.2789040803909302,2.0849509239196777,0.22632132470607758,-0.11392530053853989,-0.3087603449821472,-0.32300910353660583,-0.3424822986125946,-0.057413142174482346,-0.12179575115442276,1.0502818822860718,1.648443341255188,1.3965682983398438,0.8816832900047302,0.6326980590820312,1.4943772554397583,1.414171576499939,1.6476778984069824,-0.1508369743824005,-0.21221265196800232,0.09093087166547775
-0.3200593590736389,1.5429949760437012,0.2819673717021942,2.0880346298217773,0.23339612782001495,-0.11192447692155838,-0.31133225560188293,-0.3231472373008728,-0.3427344858646393,-0.05753212422132492,-0.12188732624053955,1.0493419170379639,1.6450345516204834,1.384727120399475,0.8791798949241638,0.6399332284927368,1.4919623136520386,1.4109888076782227,1.658070683479309,-0.1473517119884491,-0.2122652232646942,0.09716662019491196
-0.32097193598747253,1.5384572744369507,0.2850182354450226,2.0913782119750977,0.24024832248687744,-0.11005035042762756,-0.3137146234512329,-0.3233194053173065,-0.3430097699165344,-0.057776015251874924,-0.12211533635854721,1.0483916997909546,1.641941785812378,1.3722492456436157,0.8767998814582825,0.6465503573417664,1.4895868301391602,1.4078954458236694,1.6677201986312866,-0.14412803947925568,-0.2123631089925766,0.10306413471698761
-0.3218739330768585,1.5340914726257324,0.2880897521972656,2.094944953918457,0.2469453513622284,-0.1082935482263565,-0.31587839126586914,-0.3235189914703369,-0.3433017432689667,-0.058129191398620605,-0.12240275740623474,1.0475300550460815,1.6391993761062622,1.358918309211731,0.8745413422584534,0.6526610851287842,1.4872169494628906,1.4049428701400757,1.676630973815918,-0.14115160703659058,-0.21249668300151825,0.10865119099617004
-0.3227759599685669,1.5298279523849487,0.2911652624607086,2.098691940307617,0.2534230947494507,-0.10668527334928513,-0.3178755044937134,-0.3237810730934143,-0.3436434268951416,-0.058643605560064316,-0.12285216897726059,1.0468182563781738,1.6367753744125366,1.3457155227661133,0.8723355531692505,0.6582874655723572,1.4848158359527588,1.4020286798477173,1.684631586074829,-0.13846659660339355,-0.21269868314266205,0.11392254382371902
-0.3235794007778168,1.5258234739303589,0.2943739593029022,2.102186679840088,0.2599252760410309,-0.10513664782047272,-0.31955793499946594,-0.32401400804519653,-0.343951940536499,-0.059173934161663055,-0.12319385260343552,1.0465022325515747,1.634790301322937,1.3318049907684326,0.8703141808509827,0.6638056635856628,1.4825173616409302,1.3993875980377197,1.6920478343963623,-0.13591186702251434,-0.2128751575946808,0.11898921430110931
-0.3243022561073303,1.521963357925415,0.29765573143959045,2.1054909229278564,0.26629388332366943,-0.10370054841041565,-0.3210288882255554,-0.324266642332077,-0.3442731201648712,-0.05979325994849205,-0.12361147254705429,1.0465725660324097,1.633147120475769,1.3183597326278687,0.8683907389640808,0.6692289710044861,1.4802416563034058,1.3968650102615356,1.6986722946166992,-0.13353970646858215,-0.21307110786437988,0.1238047331571579
-0.32492801547050476,1.5182883739471436,0.3010239601135254,2.108586311340332,0.27259549498558044,-0.10235060006380081,-0.3222600221633911,-0.32450905442237854,-0.3445785343647003,-0.06044576317071915,-0.12398707121610641,1.0470809936523438,1.6318522691726685,1.3047078847885132,0.8666054606437683,0.6747210025787354,1.4779479503631592,1.394558072090149,1.7046395540237427,-0.13128109276294708,-0.2132520228624344,0.12839943170547485
-0.3254663050174713,1.514754295349121,0.30445387959480286,2.1115047931671143,0.27877435088157654,-0.1011003777384758,-0.32329899072647095,-0.3247574269771576,-0.34488341212272644,-0.06115015968680382,-0.12438005954027176,1.0480231046676636,1.6308472156524658,1.2912800312042236,0.8649224638938904,0.6802819967269897,1.4756027460098267,1.3924047946929932,1.7098944187164307,-0.12914541363716125,-0.21343253552913666,0.13276369869709015
-0.32592543959617615,1.5113463401794434,0.3079385757446289,2.1142663955688477,0.28482264280319214,-0.0999462902545929,-0.3241688311100006,-0.32501500844955444,-0.34519094228744507,-0.06190388277173042,-0.12479894608259201,1.049391508102417,1.6300904750823975,1.2782049179077148,0.8633249402046204,0.6858893632888794,1.4731972217559814,1.3903800249099731,1.7144453525543213,-0.12712810933589935,-0.21361596882343292,0.13690370321273804
-0.32630738615989685,1.5081000328063965,0.3114984631538391,2.11686110496521,0.2908139228820801,-0.09885717928409576,-0.3248487114906311,-0.3252609372138977,-0.3454815149307251,-0.06266465038061142,-0.1251572221517563,1.0511860847473145,1.6295747756958008,1.2650535106658936,0.8618338108062744,0.691526472568512,1.470746636390686,1.388534426689148,1.7184159755706787,-0.12519225478172302,-0.21378250420093536,0.14085236191749573
-0.3266393542289734,1.5049583911895752,0.31511399149894714,2.1193485260009766,0.29668527841567993,-0.09784597903490067,-0.3253990411758423,-0.32552456855773926,-0.34578317403793335,-0.06347259879112244,-0.12556113302707672,1.0533523559570312,1.629225254058838,1.2525490522384644,0.8603870868682861,0.6969873309135437,1.4682714939117432,1.3867483139038086,1.7217148542404175,-0.1233866736292839,-0.213965505361557,0.14459986984729767
-0.3269195854663849,1.501999855041504,0.31882742047309875,2.1216909885406494,0.3025798201560974,-0.09685751050710678,-0.32576194405555725,-0.3257652819156647,-0.3460576832294464,-0.06425297260284424,-0.12584666907787323,1.0558876991271973,1.6290640830993652,1.2398192882537842,0.8590366840362549,0.7022146582603455,1.465814471244812,1.3851323127746582,1.7245670557022095,-0.1216503381729126,-0.21412694454193115,0.14820469915866852
-0.3271862864494324,1.4991475343704224,0.3226010799407959,2.123948812484741,0.3083987236022949,-0.09591533243656158,-0.3260175883769989,-0.3260249197483063,-0.34634435176849365,-0.06506524980068207,-0.1261577308177948,1.0589585304260254,1.6289997100830078,1.2277047634124756,0.8577010035514832,0.7070597410202026,1.463382601737976,1.383529782295227,1.7268437147140503,-0.12005366384983063,-0.2143130749464035,0.15164914727210999
-0.3274345397949219,1.4964754581451416,0.3264687955379486,2.1260855197906494,0.3142678439617157,-0.09496765583753586,-0.3261135518550873,-0.32626473903656006,-0.3466067910194397,-0.06583835929632187,-0.1263461410999298,1.0624738931655884,1.629051685333252,1.215457797050476,0.8564306497573853,0.7114303112030029,1.4610230922698975,1.382038950920105,1.7287673950195312,-0.11853670328855515,-0.21448779106140137,0.15499195456504822
-0.32768309116363525,1.4939430952072144,0.3304021656513214,2.1281416416168213,0.32012471556663513,-0.09402256458997726,-0.32610008120536804,-0.32650598883628845,-0.3468649983406067,-0.06659942120313644,-0.12649360299110413,1.0663992166519165,1.6291559934616089,1.2035918235778809,0.855180025100708,0.715228796005249,1.4587531089782715,1.3805618286132812,1.7302988767623901,-0.11713111400604248,-0.21467526257038116,0.15823490917682648
-0.3279297947883606,1.4915788173675537,0.334396630525589,2.13010311126709,0.326003760099411,-0.09305592626333237,-0.32596781849861145,-0.32673197984695435,-0.347103089094162,-0.06731393188238144,-0.12654291093349457,1.070670485496521,1.629301905632019,1.1918531656265259,0.8539685010910034,0.7184038162231445,1.4565937519073486,1.3791258335113525,1.7315623760223389,-0.11580336093902588,-0.2148597091436386,0.16141396760940552
-0.3281739056110382,1.489383339881897,0.33842602372169495,2.1319713592529297,0.33188581466674805,-0.09206029772758484,-0.32573261857032776,-0.3269392251968384,-0.34731748700141907,-0.06796955317258835,-0.1264912337064743,1.075240969657898,1.6294615268707275,1.1802741289138794,0.8527964949607849,0.7209382653236389,1.4545503854751587,1.3777166604995728,1.7326196432113647,-0.11453592777252197,-0.21503740549087524,0.16455088555812836
-0.3284149765968323,1.4873343706130981,0.3424467444419861,2.133760690689087,0.3377082645893097,-0.09104208648204803,-0.3254302442073822,-0.32713478803634644,-0.3475145101547241,-0.06857206672430038,-0.1263798624277115,1.0800793170928955,1.629594087600708,1.1691067218780518,0.8516495227813721,0.7228528261184692,1.452614665031433,1.3762874603271484,1.7334799766540527,-0.1133238822221756,-0.21521401405334473,0.1676555871963501
-0.3286740779876709,1.4854172468185425,0.34638237953186035,2.135643720626831,0.3434177041053772,-0.09001104533672333,-0.3250933587551117,-0.32732093334198,-0.3476937711238861,-0.0691150650382042,-0.1261855661869049,1.085042953491211,1.6296640634536743,1.157926321029663,0.8505290150642395,0.7241430282592773,1.45068359375,1.3748526573181152,1.7341935634613037,-0.11214911937713623,-0.21538636088371277,0.17072580754756927
-0.32893839478492737,1.483575463294983,0.350178062915802,2.1376075744628906,0.3488910496234894,-0.08899249136447906,-0.32478058338165283,-0.32751554250717163,-0.3478725552558899,-0.0696273073554039,-0.12602588534355164,1.0901434421539307,1.6296132802963257,1.1473920345306396,0.8494051098823547,0.7249447107315063,1.4487521648406982,1.373321294784546,1.7347016334533691,-0.11101697385311127,-0.21556931734085083,0.17374584078788757
-0.3291832506656647,1.4818565845489502,0.35381701588630676,2.1396121978759766,0.3541916608810425,-0.0879606306552887,-0.3244541883468628,-0.3276798129081726,-0.34801366925239563,-0.07004395127296448,-0.1257815808057785,1.0952776670455933,1.6294705867767334,1.136806607246399,0.8483436107635498,0.7253901362419128,1.4467962980270386,1.3718082904815674,1.7352005243301392,-0.10984257608652115,-0.2157183438539505,0.176747664809227
-0.32940176129341125,1.4801762104034424,0.35724517703056335,2.1416523456573486,0.3591863811016083,-0.0869506224989891,-0.32418572902679443,-0.3278457820415497,-0.3481479287147522,-0.0704210102558136,-0.12561935186386108,1.100473165512085,1.6291780471801758,1.127103328704834,0.8472897410392761,0.7256319522857666,1.4448180198669434,1.3701797723770142,1.7355530261993408,-0.10866119712591171,-0.21586327254772186,0.1797078400850296
-0.3295741081237793,1.4786001443862915,0.3604678809642792,2.1436805725097656,0.36401599645614624,-0.0859232097864151,-0.32390859723091125,-0.32796499133110046,-0.3482288122177124,-0.07068052142858505,-0.12536722421646118,1.105583906173706,1.6287989616394043,1.1172987222671509,0.8463234901428223,0.7257773280143738,1.4427974224090576,1.3685928583145142,1.7359907627105713,-0.10738274455070496,-0.21595048904418945,0.18267005681991577
-0.32970261573791504,1.4770244359970093,0.3634473979473114,2.1457018852233887,0.36855819821357727,-0.0849173292517662,-0.3236996829509735,-0.32808151841163635,-0.3482990264892578,-0.07090231031179428,-0.12522926926612854,1.1106517314910889,1.6282778978347778,1.1085314750671387,0.8453662991523743,0.7259498834609985,1.4407559633255005,1.366877794265747,1.7363115549087524,-0.10607550293207169,-0.21602441370487213,0.18560414016246796
-0.32977524399757385,1.4755325317382812,0.3662166893482208,2.1476635932922363,0.37302646040916443,-0.08388072997331619,-0.3234664797782898,-0.32813966274261475,-0.34830522537231445,-0.07099872827529907,-0.12498914450407028,1.1154940128326416,1.627705454826355,1.0995910167694092,0.8445073962211609,0.7261984348297119,1.4386848211288452,1.3652244806289673,1.7367759943008423,-0.1046508178114891,-0.21602599322795868,0.18856164813041687
-0.32980239391326904,1.4740123748779297,0.36875778436660767,2.1495814323425293,0.37731224298477173,-0.08285292983055115,-0.3232863247394562,-0.3281913995742798,-0.348298043012619,-0.07106497138738632,-0.12487078458070755,1.1201701164245605,1.6270287036895752,1.0917128324508667,0.8436523675918579,0.7266010046005249,1.4366233348846436,1.3634421825408936,1.7371423244476318,-0.10320193320512772,-0.21601013839244843,0.19150595366954803
-0.3297801911830902,1.4725533723831177,0.37112686038017273,2.1514029502868652,0.3816588521003723,-0.0817779079079628,-0.32305705547332764,-0.3281821310520172,-0.3482254147529602,-0.07101592421531677,-0.12464597821235657,1.1244953870773315,1.6263478994369507,1.0836448669433594,0.8428874611854553,0.727144718170166,1.4345719814300537,1.3617260456085205,1.7376710176467896,-0.10165155678987503,-0.2159210443496704,0.19448642432689667
-0.3297201693058014,1.4710603952407837,0.37332385778427124,2.1531505584716797,0.38586223125457764,-0.08068916201591492,-0.3228427469730377,-0.32815930247306824,-0.34813398122787476,-0.07093936949968338,-0.12451229989528656,1.128543496131897,1.6256208419799805,1.0764689445495605,0.8421258926391602,0.7278715372085571,1.4325766563415527,1.3599061965942383,1.7381430864334106,-0.10009068250656128,-0.21581034362316132,0.19746653735637665
-0.32962530851364136,1.469600796699524,0.37539801001548767,2.154782772064209,0.39024823904037476,-0.0795467346906662,-0.3225664496421814,-0.3280849754810333,-0.34798768162727356,-0.07077662646770477,-0.12429853528738022,1.1321773529052734,1.624925136566162,1.069240927696228,0.8414281010627747,0.7287407517433167,1.4306354522705078,1.3581268787384033,1.738748550415039,-0.09846971929073334,-0.2156400829553604,0.20047609508037567
-0.3295040726661682,1.4681224822998047,0.3773561120033264,2.1563148498535156,0.3947010636329651,-0.07837165892124176,-0.3222637176513672,-0.32798802852630615,-0.3478151857852936,-0.07058170437812805,-0.12411773204803467,1.1354552507400513,1.6242402791976929,1.0625600814819336,0.8407425284385681,0.7297672033309937,1.4287760257720947,1.3562910556793213,1.7393617630004883,-0.09684566408395767,-0.21544219553470612,0.2034866213798523
-0.32935982942581177,1.466651201248169,0.3792212903499603,2.1577320098876953,0.39933690428733826,-0.07715340703725815,-0.3219069838523865,-0.3278573155403137,-0.3476063907146454,-0.07033876329660416,-0.12391023337841034,1.1383450031280518,1.6235984563827515,1.0560868978500366,0.8400883674621582,0.7309290766716003,1.426997184753418,1.3544495105743408,1.7400506734848022,-0.09520601481199265,-0.21520616114139557,0.20649860799312592
-0.32919546961784363,1.4651894569396973,0.3810013234615326,2.1590347290039062,0.4041590392589569,-0.0758974626660347,-0.3214958906173706,-0.32769614458084106,-0.3473650813102722,-0.07005491107702255,-0.1236773431301117,1.1408723592758179,1.623006820678711,1.0498054027557373,0.8394627571105957,0.7322205901145935,1.425297737121582,1.3526023626327515,1.7408173084259033,-0.09355750679969788,-0.21493598818778992,0.20949721336364746
-0.3290131688117981,1.4637196063995361,0.3826902508735657,2.1602373123168945,0.4090716242790222,-0.07462342083454132,-0.3210544288158417,-0.327520489692688,-0.34710729122161865,-0.06975752860307693,-0.12347455322742462,1.1431164741516113,1.6224497556686401,1.043980598449707,0.8388432860374451,0.7336522936820984,1.4236767292022705,1.3507051467895508,1.7416044473648071,-0.09192382544279099,-0.2146485298871994,0.21245424449443817
-0.32881155610084534,1.4622888565063477,0.384294718503952,2.1613259315490723,0.4141761064529419,-0.07332354038953781,-0.3205525577068329,-0.32731199264526367,-0.34681570529937744,-0.06941388547420502,-0.12320973724126816,1.1450692415237427,1.6219565868377686,1.0380957126617432,0.838267982006073,0.7351986765861511,1.4221090078353882,1.348839521408081,1.7425199747085571,-0.09026900678873062,-0.21432411670684814,0.21536844968795776
-0.32859230041503906,1.4608489274978638,0.3857910931110382,2.1623380184173584,0.41923341155052185,-0.07203701883554459,-0.3200496733188629,-0.3271055221557617,-0.34652456641197205,-0.069081611931324,-0.12301867455244064,1.146886944770813,1.6214781999588013,1.032826542854309,0.8376849293708801,0.7368906140327454,1.4205971956253052,1.34689462184906,1.743416428565979,-0.08864329755306244,-0.2139989137649536,0.21819351613521576
-0.32835331559181213,1.459472894668579,0.38718876242637634,2.16325044631958,0.4244108200073242,-0.07074610143899918,-0.3194965422153473,-0.32686954736709595,-0.3462037146091461,-0.06870408356189728,-0.12275227159261703,1.1485306024551392,1.6210582256317139,1.0273637771606445,0.8371556401252747,0.7386781573295593,1.4191052913665771,1.3450007438659668,1.7444628477096558,-0.08698732405900955,-0.21363933384418488,0.22093985974788666
-0.328097403049469,1.45809805393219,0.38846227526664734,2.1641130447387695,0.4294133484363556,-0.06949556618928909,-0.3189662992954254,-0.3266471028327942,-0.34589534997940063,-0.0683525949716568,-0.12258101999759674,1.1501829624176025,1.620633602142334,1.022557258605957,0.8366138935089111,0.7405911087989807,1.4176440238952637,1.3430181741714478,1.7454668283462524,-0.08536630123853683,-0.2132904976606369,0.22355690598487854
-0.3278258144855499,1.4568015336990356,0.38962674140930176,2.164900302886963,0.4344397485256195,-0.06826157867908478,-0.3184030055999756,-0.3264036774635315,-0.3455662727355957,-0.0679655522108078,-0.1223406121134758,1.1517794132232666,1.6202538013458252,1.0175303220748901,0.8361245393753052,0.7425771951675415,1.4161797761917114,1.3410893678665161,1.7466059923171997,-0.08371981233358383,-0.2129162698984146,0.22606518864631653
-0.3275422751903534,1.4555246829986572,0.390669047832489,2.1656627655029297,0.43922436237335205,-0.06708100438117981,-0.317871630191803,-0.3261786997318268,-0.34525537490844727,-0.0676092803478241,-0.12218868732452393,1.1534823179244995,1.619861364364624,1.013075590133667,0.8356248140335083,0.7446005940437317,1.4147337675094604,1.339084267616272,1.7476948499679565,-0.08211266994476318,-0.2125590592622757,0.22842271625995636
-0.3272521197795868,1.4543298482894897,0.39160966873168945,2.166379690170288,0.44395315647125244,-0.06592955440282822,-0.31732282042503357,-0.32594355940818787,-0.3449350893497467,-0.06723350286483765,-0.12198557704687119,1.155218482017517,1.619500994682312,1.0084587335586548,0.8351663947105408,0.7466129064559937,1.4132840633392334,1.3371235132217407,1.7488734722137451,-0.08050031960010529,-0.21218977868556976,0.23065480589866638
-0.32696089148521423,1.4531739950180054,0.3924493193626404,2.16709041595459,0.4484482407569885,-0.06482934206724167,-0.3168005645275116,-0.32572659850120544,-0.3446334898471832,-0.06688695400953293,-0.1218423992395401,1.1570931673049927,1.6191339492797852,1.004238247871399,0.8347023725509644,0.7485699653625488,1.4118537902832031,1.3351154327392578,1.7499995231628418,-0.07893490046262741,-0.21183989942073822,0.23273730278015137
-0.32667508721351624,1.4520933628082275,0.3932095170021057,2.1677844524383545,0.45283982157707214,-0.06376161426305771,-0.31627264618873596,-0.32551053166389465,-0.3443340063095093,-0.0665402039885521,-0.12167193740606308,1.1590476036071777,1.6187903881072998,0.9999655485153198,0.8342623710632324,0.7504225373268127,1.410435676574707,1.3331354856491089,1.7511483430862427,-0.07739461958408356,-0.21149271726608276,0.23469284176826477
-0.3264000713825226,1.4510670900344849,0.3939005136489868,2.1684837341308594,0.45706087350845337,-0.06273232400417328,-0.31575706601142883,-0.32530832290649414,-0.3440496325492859,-0.06621666997671127,-0.12152228504419327,1.161119818687439,1.6184557676315308,0.995885968208313,0.8338236808776855,0.7521169185638428,1.4090468883514404,1.331145167350769,1.752243161201477,-0.07590851187705994,-0.21116356551647186,0.2365185022354126
-0.32614079117774963,1.4501023292541504,0.3945372998714447,2.169188976287842,0.461161732673645,-0.06173256039619446,-0.3152441382408142,-0.3251156806945801,-0.3437763750553131,-0.06591016799211502,-0.12136797606945038,1.1632803678512573,1.6181410551071167,0.9918730854988098,0.8333926200866699,0.7536293864250183,1.4076900482177734,1.3291682004928589,1.7532883882522583,-0.07447627931833267,-0.2108491212129593,0.23823048174381256
-0.32590073347091675,1.4491984844207764,0.39513057470321655,2.169902801513672,0.4651701748371124,-0.06075654551386833,-0.31473055481910706,-0.32493138313293457,-0.343513160943985,-0.06561990082263947,-0.12119969725608826,1.1655082702636719,1.617851972579956,0.9878840446472168,0.832970142364502,0.7549465298652649,1.406368374824524,1.3272151947021484,1.7542717456817627,-0.07310126721858978,-0.21054892241954803,0.2398436963558197
-0.32568126916885376,1.4483383893966675,0.395684152841568,2.1706364154815674,0.469054251909256,-0.05980643630027771,-0.3142280876636505,-0.3247624337673187,-0.34326690435409546,-0.06535913050174713,-0.12104688584804535,1.1678123474121094,1.6175812482833862,0.9840705990791321,0.832543671131134,0.7560611963272095,1.4050897359848022,1.325264811515808,1.7551401853561401,-0.07179833203554153,-0.2102707028388977,0.2413659244775772
-0.32548293471336365,1.4475384950637817,0.3962039649486542,2.1713755130767822,0.47291064262390137,-0.05886918678879738,-0.31371763348579407,-0.32459598779678345,-0.34302493929862976,-0.06510654091835022,-0.12085411697626114,1.1701284646987915,1.6173492670059204,0.9801592230796814,0.8321347832679749,0.7570017576217651,1.4038419723510742,1.3233671188354492,1.7559386491775513,-0.0705467015504837,-0.21000057458877563,0.2428244948387146
-0.3253031373023987,1.4467623233795166,0.39668264985084534,2.172140121459961,0.4766310751438141,-0.05795760452747345,-0.31322988867759705,-0.32444852590560913,-0.34280338883399963,-0.06489132344722748,-0.12069736421108246,1.1725059747695923,1.6171315908432007,0.9765309691429138,0.8317155241966248,0.757777988910675,1.4026360511779785,1.3214627504348755,1.7565699815750122,-0.06937232613563538,-0.20975545048713684,0.24421729147434235
-0.3251400589942932,1.4460422992706299,0.39712220430374146,2.1729013919830322,0.48036864399909973,-0.05705296993255615,-0.31273186206817627,-0.3242972195148468,-0.3425796329975128,-0.0646739974617958,-0.12048043310642242,1.1748460531234741,1.6169606447219849,0.9727109670639038,0.8313254714012146,0.758448600769043,1.4014465808868408,1.3196356296539307,1.757134199142456,-0.06823311746120453,-0.209509938955307,0.2455800622701645
-0.3249881863594055,1.445325255393982,0.3975087106227875,2.1736884117126465,0.483941912651062,-0.05617780610918999,-0.3122713565826416,-0.32416802644729614,-0.34237900376319885,-0.06449951231479645,-0.12032356858253479,1.1772421598434448,1.616795301437378,0.9692949056625366,0.8309212327003479,0.7590259909629822,1.4002907276153564,1.3177891969680786,1.757494568824768,-0.06716762483119965,-0.20929054915905,0.24689854681491852
-0.3248453736305237,1.444662094116211,0.39784571528434753,2.174457550048828,0.4875689148902893,-0.055306028574705124,-0.3117986023426056,-0.3240276277065277,-0.34216856956481934,-0.06430953741073608,-0.12008541822433472,1.1795568466186523,1.6166813373565674,0.9655893445014954,0.8305604457855225,0.7595813274383545,1.3991329669952393,1.3160433769226074,1.7578115463256836,-0.06611417233943939,-0.20906060934066772,0.24821580946445465
-0.3247049152851105,1.443981409072876,0.398118793964386,2.175250768661499,0.49099037051200867,-0.05446935072541237,-0.3113788962364197,-0.3239130675792694,-0.34198468923568726,-0.06416795402765274,-0.11993567645549774,1.1819337606430054,1.6165595054626465,0.9624279141426086,0.8301805257797241,0.7601099610328674,1.398003339767456,1.3142592906951904,1.757902979850769,-0.06512969732284546,-0.20885871350765228,0.24950255453586578
-0.324566513299942,1.4433568716049194,0.39833909273147583,2.1760082244873047,0.4945095181465149,-0.05363132059574127,-0.31094083189964294,-0.32377901673316956,-0.3417825996875763,-0.06399506330490112,-0.1196783259510994,1.1841858625411987,1.6164926290512085,0.9588572978973389,0.8298591375350952,0.7606801986694336,1.3968580961227417,1.3125994205474854,1.7579987049102783,-0.06413313001394272,-0.2086358219385147,0.2508103549480438
-0.32442349195480347,1.4426974058151245,0.39849576354026794,2.1767871379852295,0.49778372049331665,-0.052832454442977905,-0.31056785583496094,-0.3236750662326813,-0.3416111171245575,-0.06387646496295929,-0.11953744292259216,1.1865121126174927,1.6164026260375977,0.9559694528579712,0.8295114636421204,0.7612573504447937,1.3957446813583374,1.3108781576156616,1.7578632831573486,-0.06320454180240631,-0.20844461023807526,0.2520931363105774
-0.32427868247032166,1.4420983791351318,0.39860934019088745,2.177513360977173,0.5012039542198181,-0.052025772631168365,-0.310167133808136,-0.32354459166526794,-0.3414144217967987,-0.06371266394853592,-0.11926431953907013,1.1886745691299438,1.616369366645813,0.9525651335716248,0.8292334675788879,0.7618989944458008,1.3946126699447632,1.3092988729476929,1.757790446281433,-0.06224631518125534,-0.20822472870349884,0.25341060757637024
-0.3241259455680847,1.4414564371109009,0.3986739218235016,2.178255319595337,0.5043708682060242,-0.05125688388943672,-0.30983319878578186,-0.32344552874565125,-0.3412497043609619,-0.06360393017530441,-0.11911877989768982,1.1909115314483643,1.616302728652954,0.9498986601829529,0.8289251327514648,0.7625442743301392,1.3935232162475586,1.307645320892334,1.7575091123580933,-0.061355236917734146,-0.20803850889205933,0.2547045350074768
-0.32397034764289856,1.4408715963363647,0.3987148106098175,2.178936719894409,0.5076979398727417,-0.050476692616939545,-0.3094683289527893,-0.3233197331428528,-0.3410596549510956,-0.0634479969739914,-0.11884250491857529,1.1929736137390137,1.6162859201431274,0.9467333555221558,0.8286844491958618,0.7632352709770203,1.3924262523651123,1.306126594543457,1.757325291633606,-0.06043316423892975,-0.2078244537115097,0.2560337781906128
-0.3238133490085602,1.4402507543563843,0.39872390031814575,2.1796185970306396,0.5108141303062439,-0.04972868040204048,-0.3091600239276886,-0.32322224974632263,-0.3408982753753662,-0.06333854049444199,-0.11866984516382217,1.1950725317001343,1.6162348985671997,0.9441506862640381,0.8284175992012024,0.7638855576515198,1.3913700580596924,1.3046152591705322,1.7569925785064697,-0.059573836624622345,-0.20764188468456268,0.25733691453933716
-0.3236532211303711,1.4396716356277466,0.3987310230731964,2.180253744125366,0.514028787612915,-0.04897378757596016,-0.3088310956954956,-0.3231082260608673,-0.34072187542915344,-0.06319771707057953,-0.11841147392988205,1.1970462799072266,1.6162137985229492,0.9412911534309387,0.8281986713409424,0.7645283937454224,1.3903342485427856,1.303167462348938,1.7567453384399414,-0.05870222672820091,-0.20744413137435913,0.25865882635116577
-0.32349327206611633,1.4390861988067627,0.39873337745666504,2.1808722019195557,0.5171462297439575,-0.04823537543416023,-0.30852675437927246,-0.3230069875717163,-0.34055909514427185,-0.06307457387447357,-0.11818773299455643,1.1990031003952026,1.6161773204803467,0.9386869668960571,0.8279778957366943,0.7651063799858093,1.3893407583236694,1.3017466068267822,1.7564619779586792,-0.057868361473083496,-0.20726288855075836,0.2599630057811737
-0.3233335614204407,1.438512921333313,0.39874276518821716,2.1814630031585693,0.5202376842498779,-0.04750468581914902,-0.3082277774810791,-0.322908490896225,-0.3404000997543335,-0.06295090168714523,-0.11795496940612793,1.2009093761444092,1.6161386966705322,0.936134397983551,0.8277714848518372,0.7656190991401672,1.3883861303329468,1.3003649711608887,1.7562062740325928,-0.05705491453409195,-0.20708787441253662,0.2612559497356415
-0.323173850774765,1.4379640817642212,0.3987672030925751,2.182018995285034,0.5233495831489563,-0.046776559203863144,-0.3079211115837097,-0.3228059709072113,-0.3402383029460907,-0.06281441450119019,-0.11768417060375214,1.202744722366333,1.616106629371643,0.9334955811500549,0.8275904059410095,0.7660698294639587,1.3874664306640625,1.2990304231643677,1.7560228109359741,-0.0562494657933712,-0.2069120556116104,0.26254066824913025
-0.323015034198761,1.437401533126831,0.39880040287971497,2.1825644969940186,0.526317298412323,-0.04607096314430237,-0.3076431453227997,-0.32272231578826904,-0.34009602665901184,-0.0627036839723587,-0.11747102439403534,1.2046012878417969,1.6160461902618408,0.931186318397522,0.8273962736129761,0.766432523727417,1.386594295501709,1.2977138757705688,1.7558108568191528,-0.05548902973532677,-0.2067594975233078,0.2637878954410553
-0.32285448908805847,1.4368817806243896,0.39885663986206055,2.1830642223358154,0.5293768048286438,-0.04536169767379761,-0.30733776092529297,-0.3226238489151001,-0.33994027972221375,-0.06256071478128433,-0.11717469990253448,1.2063578367233276,1.6160067319869995,0.9285731911659241,0.8272453546524048,0.7667591571807861,1.3857448101043701,1.296455979347229,1.755736231803894,-0.05471433699131012,-0.2065940946340561,0.2650316059589386
-0.32269322872161865,1.4363340139389038,0.39891892671585083,2.183562755584717,0.532223641872406,-0.044684652239084244,-0.30707302689552307,-0.32255202531814575,-0.3398115336894989,-0.062456533312797546,-0.1169704869389534,1.2081794738769531,1.615926742553711,0.9264211058616638,0.8270682096481323,0.7670128345489502,1.3849400281906128,1.295204758644104,1.755601406097412,-0.05399336665868759,-0.20645925402641296,0.26622307300567627
-0.32252827286720276,1.4358301162719727,0.3990025818347931,2.1840145587921143,0.5351705551147461,-0.04400588572025299,-0.3067774474620819,-0.3224634826183319,-0.33966726064682007,-0.062316980212926865,-0.11667707562446594,1.209903359413147,1.6158714294433594,0.9239224195480347,0.8269373774528503,0.7672653198242188,1.3841463327407837,1.2940123081207275,1.7556120157241821,-0.05325034260749817,-0.2063082903623581,0.267409086227417
-0.3223605453968048,1.4352989196777344,0.3990900218486786,2.184465169906616,0.5379098653793335,-0.04336053505539894,-0.30651918053627014,-0.3223995268344879,-0.3395478427410126,-0.06221349164843559,-0.11647011339664459,1.2116938829421997,1.6157804727554321,0.9218404293060303,0.8267832398414612,0.7674835324287415,1.383386254310608,1.292826771736145,1.7555646896362305,-0.05255378410220146,-0.20618444681167603,0.2685425281524658
-0.3221883177757263,1.434796690940857,0.3991929590702057,2.1848788261413574,0.540699303150177,-0.042721036821603775,-0.3062411844730377,-0.32232555747032166,-0.33941930532455444,-0.06208750233054161,-0.11620510369539261,1.2134160995483398,1.6157071590423584,0.9195353984832764,0.8266631364822388,0.7677263617515564,1.3826321363449097,1.291689395904541,1.7556179761886597,-0.05184408277273178,-0.20605047047138214,0.2696623206138611
-0.3220125734806061,1.4342801570892334,0.3993016481399536,2.18528413772583,0.5433549880981445,-0.04210750386118889,-0.30598390102386475,-0.32226625084877014,-0.3393058180809021,-0.061982411891222,-0.1159876137971878,1.2151665687561035,1.6156169176101685,0.9174633622169495,0.8265347480773926,0.7679760456085205,1.3818976879119873,1.2905689477920532,1.7556445598602295,-0.051163170486688614,-0.20593218505382538,0.27074122428894043
-0.3218335211277008,1.433769941329956,0.3994212746620178,2.185668468475342,0.5459823608398438,-0.041508376598358154,-0.3057249188423157,-0.3222082853317261,-0.33919423818588257,-0.06187646836042404,-0.11576232314109802,1.2168889045715332,1.6155319213867188,0.9153795838356018,0.8264191150665283,0.7682568430900574,1.3811718225479126,1.2894808053970337,1.7556989192962646,-0.05048920959234238,-0.20581522583961487,0.27179548144340515
-0.32165229320526123,1.433262825012207,0.39955246448516846,2.18603515625,0.5485785007476807,-0.04092326760292053,-0.30546554923057556,-0.3221527636051178,-0.3390856683254242,-0.06177280843257904,-0.11553479731082916,1.2185828685760498,1.615452766418457,0.9133063554763794,0.8263129591941833,0.7685703635215759,1.3804545402526855,1.288422703742981,1.7557660341262817,-0.049825601279735565,-0.20570072531700134,0.2728252112865448
-0.3214704692363739,1.4327421188354492,0.3996933400630951,2.186396837234497,0.5510774850845337,-0.04035792499780655,-0.30522042512893677,-0.3221088945865631,-0.33898913860321045,-0.06168845668435097,-0.11534472554922104,1.2202810049057007,1.6153677701950073,0.9114149808883667,0.8261992335319519,0.768903911113739,1.3797527551651,1.2873826026916504,1.7557927370071411,-0.049189917743206024,-0.20559857785701752,0.2738214135169983
-0.32128918170928955,1.4322386980056763,0.3998517394065857,2.1867353916168213,0.5536317229270935,-0.03979536145925522,-0.3049582242965698,-0.32205790281295776,-0.33888623118400574,-0.061592139303684235,-0.11511287093162537,1.221901297569275,1.6153064966201782,0.9093627333641052,0.8261079788208008,0.7692752480506897,1.3790537118911743,1.2863824367523193,1.7558612823486328,-0.048552148044109344,-0.20548897981643677,0.2748069763183594
-0.3211103677749634,1.4317106008529663,0.4000198245048523,2.1870806217193604,0.5560478568077087,-0.03925388306379318,-0.304720014333725,-0.32202470302581787,-0.33880141377449036,-0.061527617275714874,-0.11494556814432144,1.2235432863235474,1.6152325868606567,0.9076091647148132,0.825995922088623,0.769646942615509,1.3783767223358154,1.2853914499282837,1.7558451890945435,-0.04795648530125618,-0.20539866387844086,0.27575457096099854
-0.320934921503067,1.4312081336975098,0.40020751953125,2.18740177154541,0.5585647821426392,-0.03870806097984314,-0.3044568598270416,-0.3219793736934662,-0.3387053310871124,-0.061444006860256195,-0.11471614241600037,1.225080132484436,1.615190863609314,0.9056094288825989,0.8259121775627136,0.7700465321540833,1.377700686454773,1.2844445705413818,1.7558833360671997,-0.047353245317935944,-0.20529602468013763,0.2766995429992676
-0.3207641839981079,1.4306795597076416,0.4004029929637909,2.1877360343933105,0.560930073261261,-0.038181960582733154,-0.3042212724685669,-0.3219532370567322,-0.33862873911857605,-0.061395563185214996,-0.1145583912730217,1.226643443107605,1.6151340007781982,0.9039390683174133,0.8258032202720642,0.7704280614852905,1.3770495653152466,1.2835032939910889,1.755821704864502,-0.04679637402296066,-0.2052145004272461,0.2776064872741699
-0.3205985426902771,1.4301787614822388,0.4006141126155853,2.1880500316619873,0.5633949637413025,-0.03764977306127548,-0.30396217107772827,-0.32191455364227295,-0.3385404944419861,-0.06132771819829941,-0.11433793604373932,1.228101134300232,1.6151082515716553,0.9020222425460815,0.8257217407226562,0.7708216905593872,1.3763997554779053,1.282604455947876,1.7558112144470215,-0.046231724321842194,-0.20512042939662933,0.27851247787475586
-0.3204384446144104,1.42965829372406,0.40082797408103943,2.188377857208252,0.5657167434692383,-0.03713463991880417,-0.30372920632362366,-0.3218924105167389,-0.33846914768218994,-0.06129045784473419,-0.11417963355779648,1.2295812368392944,1.6150681972503662,0.9003932476043701,0.82561856508255,0.771186351776123,1.3757728338241577,1.2817120552062988,1.755711317062378,-0.04570816457271576,-0.20504476130008698,0.27938392758369446
-0.32028377056121826,1.429162859916687,0.4010487496852875,2.1886918544769287,0.5680994987487793,-0.036616213619709015,-0.30348122119903564,-0.32186079025268555,-0.3383890688419342,-0.06123858317732811,-0.11397336423397064,1.230977177619934,1.6150506734848022,0.8985818028450012,0.8255373239517212,0.771547794342041,1.3751482963562012,1.2808558940887451,1.7556480169296265,-0.045180074870586395,-0.20495973527431488,0.2802511751651764
-0.32013431191444397,1.4286587238311768,0.40126553177833557,2.189016342163086,0.5703632235527039,-0.03611157462000847,-0.30325445532798767,-0.3218405246734619,-0.3383207619190216,-0.061207666993141174,-0.11380931735038757,1.2323849201202393,1.6150219440460205,0.8969720005989075,0.8254427909851074,0.7718774676322937,1.3745415210723877,1.2800096273422241,1.7555222511291504,-0.04468158632516861,-0.20488743484020233,0.2810898423194885
-0.3199896812438965,1.4281740188598633,0.4014793038368225,2.1893341541290283,0.5726326107978821,-0.035608530044555664,-0.3030238747596741,-0.3218154311180115,-0.33824828267097473,-0.06116938591003418,-0.11361952871084213,1.233739972114563,1.6150041818618774,0.8952746391296387,0.8253622055053711,0.7721914649009705,1.3739391565322876,1.2791908979415894,1.7554138898849487,-0.04418360814452171,-0.20481054484844208,0.28191888332366943
-0.3198494613170624,1.4276925325393677,0.4016835689544678,2.1896567344665527,0.5748159289360046,-0.03511560708284378,-0.30280768871307373,-0.3217957317829132,-0.33818164467811584,-0.0611409954726696,-0.1134488433599472,1.2350921630859375,1.614979863166809,0.8936800956726074,0.8252781629562378,0.7724754214286804,1.3733487129211426,1.278386116027832,1.7552756071090698,-0.043702274560928345,-0.20473983883857727,0.2827264070510864
-0.3197133541107178,1.427224040031433,0.40187761187553406,2.1899781227111816,0.5769543051719666,-0.03462865948677063,-0.3025975823402405,-0.3217758238315582,-0.33811530470848083,-0.061112578958272934,-0.11327450722455978,1.236420750617981,1.6149559020996094,0.8920921683311462,0.8251998424530029,0.7727341055870056,1.3727658987045288,1.2776002883911133,1.7551363706588745,-0.04322708398103714,-0.2046692967414856,0.28351926803588867
-0.3195810914039612,1.4267687797546387,0.4020601511001587,2.190298080444336,0.5790439248085022,-0.034147731959819794,-0.30239418148994446,-0.3217557966709137,-0.33804938197135925,-0.06108418107032776,-0.11309807002544403,1.2377285957336426,1.6149308681488037,0.8905178904533386,0.8251265287399292,0.7729659080505371,1.372191071510315,1.2768317461013794,1.7549970149993896,-0.04275768622756004,-0.2045990377664566,0.2842978537082672
-0.3194524943828583,1.4263204336166382,0.4022299647331238,2.190620183944702,0.5810536742210388,-0.03367535024881363,-0.3022034764289856,-0.3217392861843109,-0.33798742294311523,-0.06106209009885788,-0.11293619126081467,1.2390328645706177,1.614898681640625,0.8890282511711121,0.825051486492157,0.7731655836105347,1.3716280460357666,1.2760746479034424,1.7548412084579468,-0.042300209403038025,-0.2045329511165619,0.28505849838256836
-0.31932762265205383,1.4258923530578613,0.40239018201828003,2.190934419631958,0.5830549001693726,-0.03320450335741043,-0.3020114004611969,-0.3217180371284485,-0.33792129158973694,-0.06103213503956795,-0.11275434494018555,1.2402960062026978,1.6148715019226074,0.8874784708023071,0.8249878287315369,0.7733424305915833,1.371071219444275,1.2753373384475708,1.7547096014022827,-0.04184075817465782,-0.20446227490901947,0.28581181168556213
-0.31920626759529114,1.4254649877548218,0.40253904461860657,2.1912527084350586,0.5849550366401672,-0.032743316143751144,-0.30183592438697815,-0.32170331478118896,-0.337862104177475,-0.061014093458652496,-0.11260201036930084,1.241567611694336,1.6148325204849243,0.886077344417572,0.8249156475067139,0.7734838724136353,1.3705310821533203,1.2746050357818604,1.7545475959777832,-0.04139917343854904,-0.20439915359020233,0.2865452766418457
-0.31909021735191345,1.425061583518982,0.40268057584762573,2.1915552616119385,0.5869889259338379,-0.03228014335036278,-0.3016524314880371,-0.3216807246208191,-0.33779555559158325,-0.06098301336169243,-0.11241539567708969,1.2427723407745361,1.6148042678833008,0.8845489621162415,0.8248586654663086,0.7736064195632935,1.3699926137924194,1.273893117904663,1.7544260025024414,-0.04095134884119034,-0.20432811975479126,0.2872769236564636
-0.3189781904220581,1.4246519804000854,0.4028133153915405,2.191861867904663,0.5889405608177185,-0.03182774409651756,-0.3014889657497406,-0.32166802883148193,-0.3377391993999481,-0.060970012098550797,-0.11227227747440338,1.2439956665039062,1.6147611141204834,0.883228063583374,0.8247860074043274,0.7736924290657043,1.369474172592163,1.2731800079345703,1.754258155822754,-0.040528327226638794,-0.20426829159259796,0.2879875898361206
-0.3188718557357788,1.4242725372314453,0.40294480323791504,2.192142963409424,0.5910642743110657,-0.03136809170246124,-0.3013077676296234,-0.3216436207294464,-0.3376716375350952,-0.06093756482005119,-0.11207592487335205,1.245133638381958,1.6147390604019165,0.8817144632339478,0.8247333765029907,0.7737656831741333,1.3689563274383545,1.2724899053573608,1.7541486024856567,-0.04009401798248291,-0.20419664680957794,0.28870776295661926
-0.3187689483165741,1.423880696296692,0.40307116508483887,2.1924281120300293,0.5930531024932861,-0.03092050552368164,-0.30114972591400146,-0.3216327130794525,-0.3376178741455078,-0.06092961132526398,-0.11193695664405823,1.2463109493255615,1.6147006750106812,0.8804776668548584,0.8246577382087708,0.7738041877746582,1.3684630393981934,1.2717928886413574,1.7539749145507812,-0.03969138488173485,-0.20414014160633087,0.2894078195095062
-0.3186715841293335,1.4235260486602783,0.4032001495361328,2.192678213119507,0.5952584743499756,-0.030461754649877548,-0.3009645938873291,-0.3216058611869812,-0.3375486731529236,-0.06089470535516739,-0.11172366887331009,1.2473859786987305,1.6146936416625977,0.8789694309234619,0.8246087431907654,0.7738425135612488,1.3679656982421875,1.271122694015503,1.7538803815841675,-0.03927009180188179,-0.204067200422287,0.2901272475719452
-0.31857630610466003,1.4231504201889038,0.4033246636390686,2.1929359436035156,0.5972550511360168,-0.030019283294677734,-0.30080968141555786,-0.321597695350647,-0.33749836683273315,-0.06089301034808159,-0.11158881336450577,1.248533010482788,1.6146646738052368,0.8778308629989624,0.8245278596878052,0.7738514542579651,1.3674960136413574,1.2704392671585083,1.753697156906128,-0.038888271898031235,-0.20401474833488464,0.2908228933811188
-0.31848618388175964,1.4228211641311646,0.4034532606601715,2.1931495666503906,0.59952712059021,-0.029562372714281082,-0.30061766505241394,-0.32156816124916077,-0.33742716908454895,-0.06085435301065445,-0.11135362088680267,1.2495572566986084,1.6146771907806396,0.8763159513473511,0.8244830965995789,0.7738770842552185,1.367013692855835,1.2697887420654297,1.7536206245422363,-0.038476865738630295,-0.20393973588943481,0.2915465533733368
-0.31839635968208313,1.4224592447280884,0.4035756587982178,2.1933789253234863,0.6014915704727173,-0.029128484427928925,-0.30046722292900085,-0.32156431674957275,-0.3373817801475525,-0.060860492289066315,-0.11122670769691467,1.250697135925293,1.6146576404571533,0.8752935528755188,0.8243951797485352,0.7738774418830872,1.3665626049041748,1.2691173553466797,1.7534228563308716,-0.038114793598651886,-0.20389236509799957,0.2922374904155731
-0.31831157207489014,1.4221549034118652,0.4037027359008789,2.1935555934906006,0.6038073301315308,-0.028676573187112808,-0.30026859045028687,-0.3215324282646179,-0.3373088836669922,-0.06081734970211983,-0.11096863448619843,1.2516863346099854,1.6146899461746216,0.8737655878067017,0.8243554830551147,0.7739100456237793,1.3660885095596313,1.2684872150421143,1.7533657550811768,-0.037709757685661316,-0.2038150131702423,0.2929641008377075
-0.31822559237480164,1.4218052625656128,0.4038219153881073,2.193758726119995,0.6057099103927612,-0.028254851698875427,-0.30012446641921997,-0.321533739566803,-0.33726927638053894,-0.060831472277641296,-0.11085189133882523,1.252835750579834,1.6146774291992188,0.8728604912757874,0.8242606520652771,0.7739161252975464,1.3656502962112427,1.2678289413452148,1.75315260887146,-0.03736510127782822,-0.2037731409072876,0.29364603757858276
-0.31814512610435486,1.4215221405029297,0.4039469063282013,2.193904161453247,0.6080285906791687,-0.027812110260128975,-0.29992347955703735,-0.32150164246559143,-0.33719679713249207,-0.06078629940748215,-0.11057939380407333,1.2538084983825684,1.6147241592407227,0.8713437914848328,0.8242238759994507,0.7739617824554443,1.3651812076568604,1.2672193050384521,1.753108024597168,-0.036967113614082336,-0.20369543135166168,0.2943679392337799
-0.3180631697177887,1.4211879968643188,0.4040645956993103,2.1940834522247314,0.6098831295967102,-0.027402734383940697,-0.299782931804657,-0.3215061128139496,-0.33716100454330444,-0.06080382317304611,-0.11046350747346878,1.2549608945846558,1.614719033241272,0.8705025911331177,0.8241267204284668,0.7739763259887695,1.3647505044937134,1.2665796279907227,1.7528924942016602,-0.03663472458720207,-0.2036568820476532,0.29503726959228516
-0.31798726320266724,1.4209147691726685,0.4041932225227356,2.1942074298858643,0.6121671199798584,-0.026972871273756027,-0.29958847165107727,-0.32147911190986633,-0.33709436655044556,-0.06076515093445778,-0.11020063608884811,1.2559319734573364,1.614768147468567,0.8690837621688843,0.8240845799446106,0.774019718170166,1.3642938137054443,1.2659863233566284,1.752845287322998,-0.036252956837415695,-0.20358508825302124,0.29573971033096313
-0.3179086446762085,1.420604944229126,0.404325395822525,2.1943588256835938,0.6139316558837891,-0.02656708098948002,-0.299437552690506,-0.32147887349128723,-0.3370549976825714,-0.060772351920604706,-0.11005600541830063,1.2570381164550781,1.6147785186767578,0.8681895732879639,0.8239983320236206,0.7740359306335449,1.3638767004013062,1.2653752565383911,1.752679705619812,-0.03592102974653244,-0.20354269444942474,0.2963982820510864
-0.31783440709114075,1.4203299283981323,0.4044707417488098,2.19447660446167,0.6159135699272156,-0.0261507797986269,-0.2992565333843231,-0.3214612901210785,-0.33699896931648254,-0.060748133808374405,-0.10983052849769592,1.2580270767211914,1.6148182153701782,0.8669870495796204,0.8239430785179138,0.7740600109100342,1.363452672958374,1.2647950649261475,1.7526181936264038,-0.035564735531806946,-0.2034827023744583,0.2970673441886902
-0.3177606165409088,1.420047402381897,0.404625803232193,2.1945977210998535,0.6177040934562683,-0.025743214413523674,-0.2990877032279968,-0.3214513063430786,-0.3369511663913727,-0.06073632836341858,-0.109639473259449,1.259033441543579,1.6148462295532227,0.8659492135047913,0.8238763809204102,0.7740684747695923,1.3630503416061401,1.2642186880111694,1.7525368928909302,-0.035226646810770035,-0.20343194901943207,0.2977125644683838
-0.31768783926963806,1.4197635650634766,0.40479087829589844,2.1947178840637207,0.619383692741394,-0.02534114383161068,-0.2989240884780884,-0.3214443027973175,-0.3369070291519165,-0.06072889640927315,-0.1094638928771019,1.2600274085998535,1.6148680448532104,0.8649904727935791,0.8238062262535095,0.7740657925605774,1.362664818763733,1.2636512517929077,1.752458095550537,-0.03489894047379494,-0.20338548719882965,0.2983379364013672
-0.3176182508468628,1.419501781463623,0.40496689081192017,2.1948182582855225,0.6212036609649658,-0.0249338336288929,-0.2987418472766876,-0.3214254081249237,-0.33685171604156494,-0.06069987639784813,-0.10923842340707779,1.2609224319458008,1.6149053573608398,0.8638325929641724,0.8237580060958862,0.7740668654441833,1.3622791767120361,1.2631092071533203,1.752454161643982,-0.03455623239278793,-0.20332732796669006,0.29896098375320435
-0.3175463080406189,1.419211506843567,0.405146986246109,2.194943904876709,0.6226557493209839,-0.024545330554246902,-0.2985924780368805,-0.3214247524738312,-0.33681532740592957,-0.060702260583639145,-0.10910268872976303,1.2618896961212158,1.6149088144302368,0.8630464673042297,0.8236806392669678,0.7740494608879089,1.3619263172149658,1.2625597715377808,1.7523717880249023,-0.03424922004342079,-0.20328962802886963,0.2995414733886719
-0.3174784779548645,1.4189589023590088,0.40533483028411865,2.1950390338897705,0.6244292259216309,-0.024145551025867462,-0.2984089255332947,-0.3214017450809479,-0.33675727248191833,-0.0606648214161396,-0.10887326300144196,1.2626968622207642,1.6149413585662842,0.8618665933609009,0.8236435651779175,0.7740527391433716,1.3615590333938599,1.262047290802002,1.752410888671875,-0.03390856832265854,-0.2032286673784256,0.3001314401626587
-0.317406564950943,1.4186698198318481,0.40552133321762085,2.1951687335968018,0.6257621049880981,-0.023769719526171684,-0.29826703667640686,-0.3214011490345001,-0.3367222845554352,-0.06066633388400078,-0.10875621438026428,1.2636033296585083,1.6149312257766724,0.8611385226249695,0.8235705494880676,0.7740429639816284,1.3612266778945923,1.2615230083465576,1.7523441314697266,-0.03360983729362488,-0.20319229364395142,0.3006725311279297
-0.31733787059783936,1.41841459274292,0.40571069717407227,2.1952731609344482,0.6273902058601379,-0.02338588237762451,-0.29809537529945374,-0.321380078792572,-0.3366674780845642,-0.06063155084848404,-0.1085563525557518,1.2643628120422363,1.614945888519287,0.860052227973938,0.8235349059104919,0.774060070514679,1.360878825187683,1.2610334157943726,1.752382755279541,-0.033280063420534134,-0.20313434302806854,0.3012210726737976
-0.31726592779159546,1.4181350469589233,0.4058964252471924,2.195403575897217,0.6287069916725159,-0.02302156202495098,-0.2979535162448883,-0.32137399911880493,-0.3366282880306244,-0.0606229230761528,-0.1084362119436264,1.2651835680007935,1.61492919921875,0.8592748045921326,0.8234761357307434,0.7740765810012817,1.3605551719665527,1.2605397701263428,1.752346396446228,-0.03297940269112587,-0.2030927538871765,0.30173176527023315
-0.3171951472759247,1.4178705215454102,0.4060811400413513,2.195526123046875,0.6301262378692627,-0.02265886589884758,-0.2978014349937439,-0.32135912775993347,-0.33658096194267273,-0.060598861426115036,-0.10828673094511032,1.265928864479065,1.6149194240570068,0.8583561182022095,0.8234347105026245,0.7741131782531738,1.3602275848388672,1.2600675821304321,1.7523515224456787,-0.0326678566634655,-0.20304200053215027,0.30223703384399414
-0.3171239197254181,1.417604923248291,0.40626347064971924,2.195655107498169,0.6314760446548462,-0.022305360063910484,-0.29765570163726807,-0.32134562730789185,-0.33653563261032104,-0.0605774000287056,-0.10815359652042389,1.266660213470459,1.6149015426635742,0.8574849963188171,0.8233931660652161,0.7741605043411255,1.3599075078964233,1.2596054077148438,1.752345323562622,-0.032363176345825195,-0.2029930055141449,0.3027251958847046
-0.3170519173145294,1.4173327684402466,0.40644341707229614,2.1957950592041016,0.6326959133148193,-0.021963438019156456,-0.2975218594074249,-0.32133719325065613,-0.3364959955215454,-0.06056525185704231,-0.10805253684520721,1.2674012184143066,1.6148707866668701,0.8567284941673279,0.8233449459075928,0.7742133140563965,1.3595993518829346,1.2591488361358643,1.7523080110549927,-0.03207232058048248,-0.20294980704784393,0.30319321155548096
-0.31698253750801086,1.4170804023742676,0.4066236913204193,2.195923089981079,0.6340632438659668,-0.02162078581750393,-0.29737311601638794,-0.32131829857826233,-0.33644652366638184,-0.060535259544849396,-0.1079106330871582,1.2680613994598389,1.6148535013198853,0.8557907342910767,0.8233163356781006,0.7742813229560852,1.3592852354049683,1.2587140798568726,1.7523167133331299,-0.031769637018442154,-0.2028958648443222,0.30366337299346924
-0.3169114887714386,1.4168081283569336,0.4068019688129425,2.196073293685913,0.6351457834243774,-0.02129543200135231,-0.29725024104118347,-0.32131364941596985,-0.3364119827747345,-0.060531098395586014,-0.10783971846103668,1.2687894105911255,1.614811897277832,0.8551353812217712,0.8232649564743042,0.7743410468101501,1.3589946031570435,1.2582738399505615,1.7522474527359009,-0.031497709453105927,-0.2028578221797943,0.30410492420196533
-0.3168450593948364,1.4165661334991455,0.40698233246803284,2.1962013244628906,0.6364803314208984,-0.020964153110980988,-0.29710227251052856,-0.3212932348251343,-0.3363623023033142,-0.060499995946884155,-0.10769984126091003,1.2694073915481567,1.6147953271865845,0.8541930317878723,0.8232419490814209,0.7744137644767761,1.358691930770874,1.257859706878662,1.752251386642456,-0.03120599500834942,-0.20280355215072632,0.30455923080444336
-0.31677722930908203,1.4163028001785278,0.40716102719306946,2.1963517665863037,0.6375007629394531,-0.020650498569011688,-0.29698243737220764,-0.32128897309303284,-0.33632946014404297,-0.06049824878573418,-0.1076362207531929,1.2701084613800049,1.6147541999816895,0.8535640239715576,0.8231927156448364,0.7744712829589844,1.3584154844284058,1.257436752319336,1.7521690130233765,-0.030948881059885025,-0.20276740193367004,0.3049856424331665
-0.31671419739723206,1.4160680770874023,0.40734097361564636,2.1964802742004395,0.6387470364570618,-0.02033160999417305,-0.29684022068977356,-0.3212708830833435,-0.336283415555954,-0.06047302857041359,-0.10750915110111237,1.2707136869430542,1.6147377490997314,0.8526803851127625,0.8231686353683472,0.7745362520217896,1.3581290245056152,1.2570364475250244,1.7521520853042603,-0.030675357207655907,-0.20271718502044678,0.3054251968860626
-0.316650927066803,1.415820837020874,0.40751832723617554,2.196622371673584,0.6397632360458374,-0.020026396960020065,-0.29671844840049744,-0.321264386177063,-0.33624961972236633,-0.06046910211443901,-0.10743450373411179,1.2713783979415894,1.61470627784729,0.8520205616950989,0.8231263160705566,0.7745877504348755,1.3578625917434692,1.2566308975219727,1.7520742416381836,-0.030428245663642883,-0.20268021523952484,0.3058452308177948
-0.31659117341041565,1.415591835975647,0.40769368410110474,2.1967506408691406,0.6408848166465759,-0.01972096972167492,-0.29658636450767517,-0.3212510347366333,-0.3362095355987549,-0.06045382469892502,-0.10732601583003998,1.2719917297363281,1.6146900653839111,0.8512347936630249,0.8230975270271301,0.7746405005455017,1.357593297958374,1.2562392950057983,1.752029538154602,-0.030175643041729927,-0.20263656973838806,0.3062710165977478
-0.316532701253891,1.4153640270233154,0.40786439180374146,2.1968796253204346,0.6419191360473633,-0.01942330412566662,-0.2964622676372528,-0.32124146819114685,-0.3361738324165344,-0.06044585630297661,-0.10723206400871277,1.2726194858551025,1.6146725416183472,0.8505234122276306,0.8230643272399902,0.7746866941452026,1.3573334217071533,1.2558497190475464,1.751965880393982,-0.029934987425804138,-0.20259761810302734,0.30668893456459045
-0.31647592782974243,1.4151414632797241,0.408029168844223,2.1970055103302,0.6429110765457153,-0.019131598994135857,-0.29634249210357666,-0.32123324275016785,-0.3361400365829468,-0.0604407973587513,-0.10714095085859299,1.2732470035552979,1.614657998085022,0.8498403429985046,0.8230310082435608,0.7747289538383484,1.3570795059204102,1.2554644346237183,1.7518965005874634,-0.029701508581638336,-0.2025606632232666,0.3071024715900421
-0.31642186641693115,1.414932370185852,0.4081871807575226,2.1971206665039062,0.6439546346664429,-0.01884203404188156,-0.29621896147727966,-0.321221262216568,-0.33610299229621887,-0.060429561883211136,-0.10702893137931824,1.273842692375183,1.614654541015625,0.8490895628929138,0.8230064511299133,0.7747718691825867,1.3568247556686401,1.2550885677337646,1.7518481016159058,-0.029465999454259872,-0.20252014696598053,0.30751845240592957
-0.3163679838180542,1.4147177934646606,0.4083364009857178,2.19724178314209,0.6448372006416321,-0.01856311224400997,-0.29611143469810486,-0.32121706008911133,-0.33607426285743713,-0.060432471334934235,-0.10694953799247742,1.2744768857955933,1.6146435737609863,0.8484899401664734,0.8229709267616272,0.7748066782951355,1.3565831184387207,1.2547096014022827,1.7517632246017456,-0.029247688129544258,-0.20248843729496002,0.30792126059532166
-0.31631797552108765,1.414524793624878,0.4084778428077698,2.197345018386841,0.6458688974380493,-0.018282216042280197,-0.29599207639694214,-0.32120391726493835,-0.3360370397567749,-0.060419972985982895,-0.10682565718889236,1.2750446796417236,1.6146517992019653,0.8477264046669006,0.8229529857635498,0.7748462557792664,1.3563339710235596,1.254345178604126,1.751726508140564,-0.029017943888902664,-0.20244751870632172,0.30833297967910767
-0.3162674605846405,1.4143197536468506,0.4086095988750458,2.197460174560547,0.6466736793518066,-0.018014131113886833,-0.2958950996398926,-0.3212020993232727,-0.3360116481781006,-0.060427840799093246,-0.10675164312124252,1.2756701707839966,1.614646315574646,0.8471829295158386,0.8229177594184875,0.7748745083808899,1.356102705001831,1.2539739608764648,1.751636028289795,-0.028811141848564148,-0.2024192065000534,0.3087260127067566
-0.3162215054035187,1.4141392707824707,0.408733993768692,2.19755482673645,0.6476746201515198,-0.017741786316037178,-0.2957824468612671,-0.3211889863014221,-0.33597537875175476,-0.06041611731052399,-0.10662318021059036,1.2762106657028198,1.614663004875183,0.8464329838752747,0.8229038119316101,0.774908185005188,1.3558614253997803,1.253619909286499,1.751605749130249,-0.02858891710639,-0.20237916707992554,0.3091302216053009
-0.3161749839782715,1.4139444828033447,0.4088496267795563,2.1976637840270996,0.6484334468841553,-0.017482243478298187,-0.2956934869289398,-0.3211880028247833,-0.3359517455101013,-0.06042621284723282,-0.10654967278242111,1.2768110036849976,1.6146637201309204,0.8459204435348511,0.8228707313537598,0.774928629398346,1.3556398153305054,1.253258466720581,1.751517653465271,-0.02839123085141182,-0.20235265791416168,0.30951356887817383
-0.31613320112228394,1.4137731790542603,0.408959299325943,2.197753429412842,0.6493915319442749,-0.017217937856912613,-0.2955886125564575,-0.321175754070282,-0.33591723442077637,-0.060416724532842636,-0.10642307251691818,1.2773230075836182,1.6146855354309082,0.8452035188674927,0.8228583931922913,0.7749532461166382,1.3554089069366455,1.252914547920227,1.751489520072937,-0.028178416192531586,-0.20231449604034424,0.3099069893360138
-0.3160910904407501,1.413588523864746,0.409061998128891,2.1978566646575928,0.6501290202140808,-0.016965165734291077,-0.2955050766468048,-0.3211745023727417,-0.3358941972255707,-0.0604269802570343,-0.10634753853082657,1.277885913848877,1.614691972732544,0.844703733921051,0.8228282928466797,0.7749650478363037,1.3551968336105347,1.2525646686553955,1.7514089345932007,-0.02798839472234249,-0.2022886574268341,0.3102799355983734
-0.3160533010959625,1.4134238958358765,0.40916022658348083,2.197943925857544,0.6510381102561951,-0.01670864224433899,-0.29540786147117615,-0.3211635649204254,-0.33586183190345764,-0.06042037531733513,-0.10622763633728027,1.2783691883087158,1.6147156953811646,0.8440308570861816,0.8228157162666321,0.7749800086021423,1.3549776077270508,1.2522310018539429,1.7513799667358398,-0.02778603509068489,-0.20225287973880768,0.3106597363948822
-0.316015362739563,1.4132486581802368,0.4092532992362976,2.198042392730713,0.651767373085022,-0.016462042927742004,-0.2953278124332428,-0.3211614191532135,-0.3358387053012848,-0.06042947247624397,-0.10614988207817078,1.2788902521133423,1.6147263050079346,0.8435342907905579,0.8227887749671936,0.7749850749969482,1.3547745943069458,1.2518941164016724,1.7513093948364258,-0.027602599933743477,-0.20222701132297516,0.3110209107398987
-0.31598085165023804,1.4130889177322388,0.40934309363365173,2.1981289386749268,0.6526251435279846,-0.016213659197092056,-0.2952375113964081,-0.32115188241004944,-0.33580854535102844,-0.06042559817433357,-0.1060396358370781,1.2793478965759277,1.6147489547729492,0.8429088592529297,0.8227750658988953,0.7749935388565063,1.3545669317245483,1.2515711784362793,1.7512785196304321,-0.027410436421632767,-0.20219363272190094,0.31138482689857483
-0.31594622135162354,1.4129220247268677,0.4094291627407074,2.19822359085083,0.6533482670783997,-0.015973782166838646,-0.29515981674194336,-0.32114866375923157,-0.3357851207256317,-0.06043286621570587,-0.1059611439704895,1.279830813407898,1.6147611141204834,0.8424136638641357,0.8227509260177612,0.7749966382980347,1.3543719053268433,1.251247763633728,1.751218318939209,-0.027232550084590912,-0.20216745138168335,0.31173256039619446
-0.3159139156341553,1.412766456604004,0.4095129072666168,2.1983096599578857,0.6541552543640137,-0.01573430560529232,-0.295075386762619,-0.3211404085159302,-0.33575698733329773,-0.06043102964758873,-0.10586171597242355,1.2802683115005493,1.6147804260253906,0.8418335914611816,0.8227359056472778,0.7750041484832764,1.3541743755340576,1.2509359121322632,1.7511861324310303,-0.027049314230680466,-0.20213615894317627,0.31207919120788574
-0.3158814609050751,1.412606954574585,0.40959420800209045,2.1984004974365234,0.6548675298690796,-0.015502192080020905,-0.29499951004981995,-0.32113632559776306,-0.3357333838939667,-0.06043627858161926,-0.10578449070453644,1.2807213068008423,1.6147915124893188,0.8413427472114563,0.82271409034729,0.7750105261802673,1.3539859056472778,1.2506258487701416,1.7511355876922607,-0.02687610685825348,-0.20210964977741241,0.3124120235443115
-0.3158504068851471,1.412455439567566,0.40967419743537903,2.1984853744506836,0.6556262373924255,-0.015272256918251514,-0.2949196994304657,-0.32112911343574524,-0.3357069790363312,-0.06043563038110733,-0.10569552332162857,1.2811449766159058,1.614805817604065,0.8408030271530151,0.8226979374885559,0.775022029876709,1.3537968397140503,1.2503252029418945,1.7511035203933716,-0.026700330898165703,-0.20208004117012024,0.31274086236953735
-0.3158192038536072,1.4123024940490723,0.40975311398506165,2.1985726356506348,0.6563214063644409,-0.0150486771017313,-0.29484519362449646,-0.321124404668808,-0.3356834650039673,-0.06043900176882744,-0.10562106221914291,1.2815771102905273,1.614814043045044,0.840320885181427,0.822677731513977,0.7750349044799805,1.3536142110824585,1.2500278949737549,1.7510615587234497,-0.026531433686614037,-0.20205341279506683,0.3130580484867096
-0.31578880548477173,1.4121551513671875,0.4098319709300995,2.198655605316162,0.6570362448692322,-0.014828304760158062,-0.29476863145828247,-0.32111796736717224,-0.33565855026245117,-0.060438841581344604,-0.10554108768701553,1.2819914817810059,1.6148229837417603,0.839815616607666,0.8226606845855713,0.7750521898269653,1.3534324169158936,1.2497384548187256,1.7510310411453247,-0.026362154632806778,-0.20202518999576569,0.313369482755661
-0.3157584071159363,1.412008285522461,0.40991127490997314,2.1987388134002686,0.657710075378418,-0.014613279141485691,-0.29469501972198486,-0.32111290097236633,-0.33563536405563354,-0.06044064834713936,-0.10546987503767014,1.2824089527130127,1.6148277521133423,0.8393458127975464,0.8226414918899536,0.7750712037086487,1.3532556295394897,1.2494534254074097,1.7509962320327759,-0.02619781158864498,-0.2019987553358078,0.3136711120605469
-0.3157285749912262,1.411865472793579,0.4099917411804199,2.1988189220428467,0.6583866477012634,-0.014401806518435478,-0.29462048411369324,-0.32110702991485596,-0.3356117010116577,-0.0604405552148819,-0.10539685189723969,1.2828158140182495,1.6148319244384766,0.8388696312904358,0.8226237893104553,0.7750927805900574,1.3530811071395874,1.2491750717163086,1.750968098640442,-0.026034772396087646,-0.20197178423404694,0.3139662742614746
-0.3156990110874176,1.4117244482040405,0.41007378697395325,2.1988978385925293,0.6590378284454346,-0.014194715768098831,-0.29454731941223145,-0.3211018145084381,-0.3355890214443207,-0.06044116988778114,-0.10532847791910172,1.2832214832305908,1.6148334741592407,0.8384143114089966,0.8226050734519958,0.7751150131225586,1.3529108762741089,1.2489017248153687,1.7509390115737915,-0.025875618681311607,-0.20194587111473083,0.3142533302307129
-0.315669983625412,1.4115865230560303,0.410157710313797,2.198974132537842,0.6596813797950745,-0.013991152867674828,-0.2944740056991577,-0.32109639048576355,-0.3355664610862732,-0.06044100597500801,-0.10526037216186523,1.2836202383041382,1.614834189414978,0.8379631638526917,0.8225868940353394,0.7751376032829285,1.3527438640594482,1.2486343383789062,1.750913143157959,-0.025718988850712776,-0.20192012190818787,0.31453385949134827
-0.31564146280288696,1.4114511013031006,0.41024354100227356,2.1990482807159424,0.6603103280067444,-0.013791194185614586,-0.29440122842788696,-0.3210911452770233,-0.3355444073677063,-0.060440775007009506,-0.10519400984048843,1.284014344215393,1.6148335933685303,0.8375231623649597,0.8225685954093933,0.7751595973968506,1.3525806665420532,1.2483723163604736,1.7508882284164429,-0.02556559257209301,-0.20189496874809265,0.3148077726364136
-0.3156135082244873,1.4113181829452515,0.4103310704231262,2.19912052154541,0.6609243750572205,-0.013594718649983406,-0.29432910680770874,-0.3210861086845398,-0.3355228900909424,-0.060440581291913986,-0.10512930899858475,1.2844034433364868,1.6148319244384766,0.837094783782959,0.8225501775741577,0.7751803994178772,1.3524212837219238,1.2481156587600708,1.7508636713027954,-0.025415511801838875,-0.20187045633792877,0.31507542729377747
-0.31558623909950256,1.4111883640289307,0.41041988134384155,2.199190378189087,0.6615320444107056,-0.013401336036622524,-0.29425713419914246,-0.32108086347579956,-0.335501492023468,-0.06043973192572594,-0.10506416112184525,1.2847845554351807,1.6148301362991333,0.8366701006889343,0.8225324153900146,0.7751999497413635,1.3522651195526123,1.2478647232055664,1.7508412599563599,-0.02526802197098732,-0.2018461525440216,0.31533774733543396
-0.315559446811676,1.4110603332519531,0.4105093777179718,2.199259042739868,0.6621175408363342,-0.013211573474109173,-0.29418686032295227,-0.3210762143135071,-0.3354809880256653,-0.06043965369462967,-0.10500213503837585,1.2851625680923462,1.6148271560668945,0.83626389503479,0.8225141167640686,0.7752176523208618,1.3521130084991455,1.247618556022644,1.7508165836334229,-0.025124382227659225,-0.20182287693023682,0.31559401750564575
-0.31553345918655396,1.4109361171722412,0.41059890389442444,2.1993248462677,0.6627050638198853,-0.013024569489061832,-0.29411646723747253,-0.32107093930244446,-0.33546018600463867,-0.06043825298547745,-0.10493754595518112,1.2855291366577148,1.6148251295089722,0.8358533382415771,0.8224974274635315,0.7752343416213989,1.3519632816314697,1.2473783493041992,1.7507953643798828,-0.02498246356844902,-0.20179931819438934,0.31584617495536804
-0.31550776958465576,1.4108128547668457,0.41068771481513977,2.199390411376953,0.6632601618766785,-0.012841565534472466,-0.29404905438423157,-0.3210667669773102,-0.3354407846927643,-0.06043855473399162,-0.10487831383943558,1.2858952283859253,1.6148215532302856,0.8354704976081848,0.8224795460700989,0.7752488851547241,1.3518180847167969,1.2471423149108887,1.7507686614990234,-0.02484504133462906,-0.20177729427814484,0.3160921633243561
-0.3154830038547516,1.4106943607330322,0.4107752740383148,2.1994526386260986,0.6638301610946655,-0.012660909444093704,-0.2939808666706085,-0.321061372756958,-0.3354204297065735,-0.06043645367026329,-0.10481352359056473,1.2862451076507568,1.614820122718811,0.8350710868835449,0.8224645256996155,0.7752628922462463,1.3516740798950195,1.2469128370285034,1.7507480382919312,-0.02470807544887066,-0.20175427198410034,0.31633538007736206
-0.3154582977294922,1.4105753898620605,0.41086095571517944,2.1995162963867188,0.6643503904342651,-0.012484893202781677,-0.2939174175262451,-0.32105791568756104,-0.3354022800922394,-0.06043759733438492,-0.10475809872150421,1.2865996360778809,1.6148159503936768,0.8347151279449463,0.8224470615386963,0.7752742171287537,1.351535439491272,1.246686577796936,1.7507171630859375,-0.02457689493894577,-0.20173364877700806,0.3165716230869293
-0.31543484330177307,1.4104630947113037,0.4109446108341217,2.1995749473571777,0.6649096608161926,-0.01231039222329855,-0.29385143518447876,-0.32105204463005066,-0.33538198471069336,-0.06043430417776108,-0.10469165444374084,1.2869296073913574,1.6148160696029663,0.8343200087547302,0.8224346041679382,0.7752856612205505,1.3513963222503662,1.2464678287506104,1.7506979703903198,-0.024444110691547394,-0.2017107456922531,0.31680700182914734
-0.3154110014438629,1.4103477001190186,0.41102585196495056,2.1996376514434814,0.6653857231140137,-0.012141660787165165,-0.2937930226325989,-0.3210497498512268,-0.33536556363105774,-0.060437191277742386,-0.10464230924844742,1.287274718284607,1.614810824394226,0.8339990377426147,0.8224169611930847,0.7752928137779236,1.3512648344039917,1.2462503910064697,1.7506601810455322,-0.024319881573319435,-0.20169198513031006,0.3170333206653595
-0.3153890371322632,1.4102426767349243,0.4111049771308899,2.1996922492980957,0.6659497022628784,-0.011972690932452679,-0.2937280833721161,-0.3210427165031433,-0.3353446125984192,-0.06043153256177902,-0.10457098484039307,1.2875791788101196,1.6148139238357544,0.833594024181366,0.8224083781242371,0.7753011584281921,1.3511297702789307,1.2460427284240723,1.7506458759307861,-0.024190131574869156,-0.20166842639446259,0.31726211309432983
-0.3153657913208008,1.4101290702819824,0.4111816883087158,2.199755907058716,0.6663615107536316,-0.011811787262558937,-0.2936761975288391,-0.32104256749153137,-0.33533087372779846,-0.06043802946805954,-0.10453258454799652,1.2879211902618408,1.6148062944412231,0.8333262801170349,0.822388768196106,0.7753024697303772,1.3510069847106934,1.2458328008651733,1.7505961656570435,-0.024074703454971313,-0.2016526311635971,0.3174772262573242
-0.31534576416015625,1.4100337028503418,0.41125670075416565,2.1998040676116943,0.6669631004333496,-0.011647069826722145,-0.2936093509197235,-0.3210327923297882,-0.33530768752098083,-0.06042736768722534,-0.10444929450750351,1.2881896495819092,1.6148149967193604,0.8328814506530762,0.8223865628242493,0.7753078937530518,1.3508741855621338,1.2456374168395996,1.750594973564148,-0.02394557185471058,-0.20162677764892578,0.3177015483379364
-0.3153224289417267,1.409918189048767,0.4113295376300812,2.1998720169067383,0.6672650575637817,-0.011495396494865417,-0.2935672402381897,-0.3210369944572449,-0.3352988660335541,-0.06044147536158562,-0.10443242639303207,1.288543939590454,1.6148014068603516,0.8327082395553589,0.8223610520362854,0.7753013968467712,1.3507635593414307,1.2454321384429932,1.7505227327346802,-0.023842858150601387,-0.2016163468360901,0.3179022967815399
-0.3153051733970642,1.4098378419876099,0.4114013910293579,2.199908971786499,0.6679739356040955,-0.011332446709275246,-0.2934923470020294,-0.3210211992263794,-0.33527010679244995,-0.06041999161243439,-0.10432170331478119,1.2887547016143799,1.6148210763931274,0.8321601152420044,0.8223707675933838,0.7753061652183533,1.3506286144256592,1.2452518939971924,1.7505519390106201,-0.023708805441856384,-0.20158463716506958,0.3181266486644745
-0.3152802586555481,1.4097126722335815,0.41147106885910034,2.19998836517334,0.6680669188499451,-0.01119330432265997,-0.2934674322605133,-0.32103443145751953,-0.3352709412574768,-0.06045008450746536,-0.10434872657060623,1.2891545295715332,1.6147937774658203,0.8321701884269714,0.8223310708999634,0.7752897143363953,1.350536584854126,1.2450459003448486,1.750434160232544,-0.023626714944839478,-0.2015846222639084,0.3183063864707947
-0.31526732444763184,1.4096574783325195,0.4115407466888428,2.2000038623809814,0.669016420841217,-0.011027533560991287,-0.29337310791015625,-0.3210061490535736,-0.33523011207580566,-0.06040634587407112,-0.10418014973402023,1.2892652750015259,1.6148350238800049,0.8313965201377869,0.8223636150360107,0.7752999663352966,1.3503903150558472,1.244886875152588,1.7505273818969727,-0.023476598784327507,-0.20154008269309998,0.3185398578643799
-0.31523820757865906,1.4095101356506348,0.4116077125072479,2.2001054286956787,0.6687389612197876,-0.010906428098678589,-0.29337772727012634,-0.32103604078292847,-0.335248202085495,-0.060465820133686066,-0.104286789894104,1.2897645235061646,1.6147817373275757,0.831731379032135,0.8222965002059937,0.7752719521522522,1.3503267765045166,1.2446719408035278,1.7503265142440796,-0.023427551612257957,-0.20155858993530273,0.3186885416507721
-0.3152307868003845,1.4094890356063843,0.4116762578487396,2.200090169906616,0.6700382232666016,-0.010733786039054394,-0.2932538390159607,-0.3209897577762604,-0.3351896107196808,-0.06038982421159744,-0.10403299331665039,1.2897385358810425,1.6148545742034912,0.8306289315223694,0.8223614692687988,0.775295615196228,1.3501605987548828,1.244539499282837,1.7505130767822266,-0.023251337930560112,-0.20149508118629456,0.31894052028656006
-0.31519821286201477,1.4093258380889893,0.4117415249347687,2.200207233428955,0.6694761514663696,-0.01062812004238367,-0.29328054189682007,-0.3210325241088867,-0.3352210819721222,-0.06047147884964943,-0.10419928282499313,1.290313482284546,1.6147825717926025,0.8312024474143982,0.8222737312316895,0.7752653360366821,1.3501185178756714,1.2443197965621948,1.7502508163452148,-0.02322794497013092,-0.20152780413627625,0.3190663158893585
-0.31518930196762085,1.4092984199523926,0.4118085205554962,2.2001965045928955,0.6706103682518005,-0.010466674342751503,-0.29316821694374084,-0.3209933638572693,-0.3351699709892273,-0.06040725111961365,-0.1039753332734108,1.2903227806091309,1.6148484945297241,0.8302348852157593,0.8223282694816589,0.7752954363822937,1.349963665008545,1.2441883087158203,1.7504067420959473,-0.023067094385623932,-0.20147211849689484,0.3193065822124481
-0.3151666820049286,1.40919029712677,0.41187357902526855,2.2002594470977783,0.6706899404525757,-0.01034553162753582,-0.29314184188842773,-0.32100576162338257,-0.33517104387283325,-0.060433559119701385,-0.10399109125137329,1.29067862033844,1.6148334741592407,0.830214262008667,0.8222951292991638,0.7753022909164429,1.3498784303665161,1.2440086603164673,1.750307321548462,-0.022994913160800934,-0.20147202908992767,0.31947654485702515
-0.3151453137397766,1.4090847969055176,0.41193804144859314,2.2003173828125,0.6707843542098999,-0.01022777147591114,-0.29311439394950867,-0.32101842761039734,-0.33517250418663025,-0.060459304600954056,-0.10400260984897614,1.2910301685333252,1.6148231029510498,0.8301770091056824,0.8222628831863403,0.7753210663795471,1.3497909307479858,1.2438335418701172,1.7502132654190063,-0.022924257442355156,-0.20147214829921722,0.31964924931526184
-0.31513744592666626,1.4090505838394165,0.41200339794158936,2.200305938720703,0.6717713475227356,-0.01008271612226963,-0.2930142283439636,-0.32098904252052307,-0.33513158559799194,-0.060409341007471085,-0.10380881279706955,1.2910865545272827,1.6148874759674072,0.8293319940567017,0.8223045468330383,0.775378942489624,1.3496423959732056,1.243706226348877,1.7503395080566406,-0.022783255204558372,-0.20142678916454315,0.31988462805747986
-0.3151121139526367,1.408911108970642,0.41206762194633484,2.2003910541534424,0.6713938117027283,-0.009988229721784592,-0.29302534461021423,-0.3210265338420868,-0.3351583182811737,-0.06047669053077698,-0.10392484813928604,1.2915936708450317,1.6148467063903809,0.8297061324119568,0.8222323656082153,0.7754040956497192,1.3495838642120361,1.2435157299041748,1.750136137008667,-0.02275657095015049,-0.2014535516500473,0.32003024220466614
-0.315103679895401,1.4088592529296875,0.41213318705558777,2.2003915309906006,0.6721186637878418,-0.009858625009655952,-0.29294702410697937,-0.32101190090179443,-0.33513250946998596,-0.06045044586062431,-0.10378725826740265,1.2917336225509644,1.61489737033844,0.8290866613388062,0.8222514390945435,0.7754722833633423,1.3494502305984497,1.2433834075927734,1.7502052783966064,-0.022642457857728004,-0.20142404735088348,0.3202526867389679
-0.3150925636291504,1.408781886100769,0.41219863295555115,2.2004144191741943,0.6725068092346191,-0.009743768721818924,-0.29289722442626953,-0.3210148811340332,-0.3351246118545532,-0.060454122722148895,-0.10372614115476608,1.2919846773147583,1.6149238348007202,0.8287661671638489,0.8222415447235107,0.7755365371704102,1.3493382930755615,1.2432382106781006,1.7501953840255737,-0.02255917526781559,-0.2014136016368866,0.3204537630081177
-0.31507569551467896,1.408660888671875,0.41226375102996826,2.200477361679077,0.6723252534866333,-0.009651357308030128,-0.29289522767066956,-0.3210465610027313,-0.33514586091041565,-0.06050746142864227,-0.1037946566939354,1.2924227714538574,1.6149067878723145,0.8289525508880615,0.82218337059021,0.7755870819091797,1.349264144897461,1.243068814277649,1.75005042552948,-0.022525575011968613,-0.20143428444862366,0.3206169009208679
-0.31507548689842224,1.4086229801177979,0.4123297333717346,2.2004618644714355,0.6731929779052734,-0.009524905122816563,-0.2928093373775482,-0.32102859020233154,-0.3351171016693115,-0.06047162786126137,-0.1036224216222763,1.2925065755844116,1.6149749755859375,0.8281975984573364,0.8222121000289917,0.7756717801094055,1.3491193056106567,1.2429547309875488,1.7501662969589233,-0.022408705204725266,-0.2014015167951584,0.3208509385585785
-0.31506454944610596,1.4085135459899902,0.4123947024345398,2.200514554977417,0.6731313467025757,-0.009432746097445488,-0.292801171541214,-0.3210563361644745,-0.33513471484184265,-0.06051572412252426,-0.10366223007440567,1.2928942441940308,1.614969253540039,0.8282695412635803,0.8221630454063416,0.7757270336151123,1.3490372896194458,1.242798924446106,1.750060796737671,-0.022370286285877228,-0.20141835510730743,0.32102060317993164
-0.3150593042373657,1.408424973487854,0.41245877742767334,2.2005488872528076,0.6733250617980957,-0.009333809837698936,-0.2927747666835785,-0.3210724890232086,-0.3351408541202545,-0.06053837016224861,-0.10364385694265366,1.2931902408599854,1.6149835586547852,0.8281127214431763,0.8221349716186523,0.7757882475852966,1.3489384651184082,1.2426592111587524,1.7500227689743042,-0.02231312356889248,-0.20142298936843872,0.321205198764801
-0.31506267189979553,1.4083746671676636,0.412521630525589,2.2005488872528076,0.6739966869354248,-0.009220213629305363,-0.2927122116088867,-0.32106611132621765,-0.3351244032382965,-0.0605202279984951,-0.10351651161909103,1.293318748474121,1.6150349378585815,0.8275290727615356,0.8221466541290283,0.7758610248565674,1.3488081693649292,1.2425464391708374,1.7501068115234375,-0.022218506783246994,-0.20140357315540314,0.32141897082328796
-0.3150554299354553,1.4082566499710083,0.412582129240036,2.200615167617798,0.673783540725708,-0.009138805791735649,-0.2927243709564209,-0.3211025297641754,-0.33515146374702454,-0.06057729944586754,-0.10359136015176773,1.2937331199645996,1.6150137186050415,0.8277315497398376,0.8220851421356201,0.7759023308753967,1.3487385511398315,1.242393970489502,1.7499812841415405,-0.022197255864739418,-0.20143072307109833,0.3215687870979309
-0.3150594234466553,1.4081944227218628,0.4126405715942383,2.200631618499756,0.6742694973945618,-0.009034836664795876,-0.2926824986934662,-0.3211052417755127,-0.33514469861984253,-0.060574132949113846,-0.1035068929195404,1.2939034700393677,1.6150462627410889,0.8273118734359741,0.8220823407173157,0.7759610414505005,1.3486227989196777,1.2422789335250854,1.7500314712524414,-0.022119563072919846,-0.20142178237438202,0.3217615783214569
-0.31506285071372986,1.4081233739852905,0.41269630193710327,2.2006590366363525,0.6746270060539246,-0.00893686804920435,-0.292653888463974,-0.3211139440536499,-0.3351442515850067,-0.060581304132938385,-0.10345257073640823,1.2941066026687622,1.6150659322738647,0.8270071744918823,0.822069525718689,0.7760117053985596,1.3485170602798462,1.2421607971191406,1.7500553131103516,-0.022052880376577377,-0.2014196664094925,0.3219408392906189
-0.31506043672561646,1.4080158472061157,0.41274914145469666,2.200723886489868,0.6744982600212097,-0.008857084438204765,-0.2926672697067261,-0.321145623922348,-0.3351673185825348,-0.06062908470630646,-0.10350996255874634,1.2944616079330444,1.6150439977645874,0.8271352052688599,0.8220171928405762,0.7760435938835144,1.3484457731246948,1.242021918296814,1.7499654293060303,-0.022026116028428078,-0.20144270360469818,0.3220822513103485
-0.315068781375885,1.4079663753509521,0.4127996265888214,2.2007362842559814,0.6750974655151367,-0.00875352043658495,-0.2926236093044281,-0.32114163041114807,-0.33515459299087524,-0.0606137178838253,-0.10340180993080139,1.2945613861083984,1.6150778532028198,0.8266185522079468,0.8220263123512268,0.7760944962501526,1.3483270406723022,1.2419211864471436,1.750056505203247,-0.02193993516266346,-0.20142753422260284,0.32226836681365967
-0.3150703012943268,1.4078785181045532,0.41284751892089844,2.200787305831909,0.6751828789710999,-0.008668908849358559,-0.2926233112812042,-0.3211615979671478,-0.3351663649082184,-0.06064106151461601,-0.10341161489486694,1.2948225736618042,1.6150680780410767,0.8265594244003296,0.8219938278198242,0.7761270403862,1.3482452630996704,1.241797924041748,1.7500258684158325,-0.02189570851624012,-0.20143857598304749,0.32241517305374146
-0.31507179141044617,1.4077913761138916,0.4128932058811188,2.2008395195007324,0.6752582788467407,-0.008585890755057335,-0.2926250398159027,-0.32118120789527893,-0.33517804741859436,-0.060668181627988815,-0.10342451930046082,1.295076847076416,1.6150554418563843,0.8265120387077332,0.8219614624977112,0.7761574387550354,1.3481663465499878,1.2416764497756958,1.7499948740005493,-0.0218524020165205,-0.20144955813884735,0.3225572407245636
-0.3150796890258789,1.4077423810958862,0.41293707489967346,2.200857162475586,0.6758024096488953,-0.008487933315336704,-0.2925894260406494,-0.32117733359336853,-0.33516621589660645,-0.06065421923995018,-0.10333109647035599,1.295163869857788,1.6150786876678467,0.8260524272918701,0.8219690918922424,0.7762009501457214,1.3480581045150757,1.2415798902511597,1.7500792741775513,-0.021770978346467018,-0.20143546164035797,0.32272759079933167
-0.3150787949562073,1.4076485633850098,0.4129793047904968,2.200918436050415,0.6757442355155945,-0.00841178186237812,-0.2926027178764343,-0.321201354265213,-0.3351828157901764,-0.060690298676490784,-0.1033751517534256,1.2954435348510742,1.6150527000427246,0.8261280655860901,0.8219278454780579,0.7762256264686584,1.34799325466156,1.241456151008606,1.7500184774398804,-0.021738730370998383,-0.20145177841186523,0.32285401225090027
-0.3150821924209595,1.407583475112915,0.41302013397216797,2.2009530067443848,0.6760308146476746,-0.008325002156198025,-0.2925877869129181,-0.32120776176452637,-0.33518186211586,-0.06069590151309967,-0.10334086418151855,1.2955989837646484,1.615053653717041,0.8259019255638123,0.8219162225723267,0.7762609124183655,1.3479076623916626,1.2413508892059326,1.7500416040420532,-0.021678652614355087,-0.20144934952259064,0.3230011761188507
-0.3150862753391266,1.4075279235839844,0.41305971145629883,2.200978994369507,0.6764134764671326,-0.008236190304160118,-0.29256439208984375,-0.32120850682258606,-0.33517539501190186,-0.06069221347570419,-0.10328466445207596,1.2957146167755127,1.6150622367858887,0.8255937099456787,0.8219136595726013,0.776299774646759,1.34781813621521,1.2412519454956055,1.750087857246399,-0.021611057221889496,-0.20144103467464447,0.3231525421142578
-0.3150833547115326,1.407440423965454,0.4130980968475342,2.201035261154175,0.6763546466827393,-0.00816377718001604,-0.2925756573677063,-0.32122930884361267,-0.33518943190574646,-0.060724854469299316,-0.10332845896482468,1.2959716320037842,1.615035891532898,0.8256770372390747,0.8218756914138794,0.7763261795043945,1.3477611541748047,1.2411333322525024,1.750027060508728,-0.021579625084996223,-0.20145463943481445,0.3232719600200653
-0.3150862455368042,1.4073923826217651,0.413135290145874,2.201054096221924,0.6767733097076416,-0.008076398633420467,-0.2925470769405365,-0.3212261497974396,-0.3351794183254242,-0.060715798288583755,-0.10326296836137772,1.2960618734359741,1.6150484085083008,0.8253408074378967,0.8218784332275391,0.7763679623603821,1.3476741313934326,1.2410392761230469,1.7500815391540527,-0.021509671583771706,-0.20144256949424744,0.3234218657016754
-0.3150850832462311,1.4073294401168823,0.41317126154899597,2.2010867595672607,0.6769666075706482,-0.00799818616360426,-0.29253533482551575,-0.32123276591300964,-0.3351794481277466,-0.060724757611751556,-0.10324782133102417,1.296222448348999,1.6150439977645874,0.8252042531967163,0.8218637704849243,0.7764038443565369,1.347604751586914,1.240936040878296,1.7500810623168945,-0.0214583408087492,-0.20144122838974,0.3235545754432678
-0.3150809407234192,1.4072576761245728,0.41320592164993286,2.201127529144287,0.6770110130310059,-0.007926582358777523,-0.2925342321395874,-0.3212454915046692,-0.33518582582473755,-0.06074526160955429,-0.1032654196023941,1.2964282035827637,1.6150288581848145,0.8251994252204895,0.8218380808830261,0.7764357328414917,1.3475477695465088,1.240827202796936,1.7500442266464233,-0.021419424563646317,-0.20144669711589813,0.32367515563964844
-0.3150838315486908,1.4072160720825195,0.4132358133792877,2.2011349201202393,0.6774391531944275,-0.007844810374081135,-0.2925030589103699,-0.32124030590057373,-0.33517399430274963,-0.06073414534330368,-0.10319630801677704,1.2964924573898315,1.6150445938110352,0.8249030709266663,0.8218434453010559,0.7764760255813599,1.3474618196487427,1.2407368421554565,1.7500956058502197,-0.021352151408791542,-0.2014327198266983,0.3238189220428467
-0.315081387758255,1.4071478843688965,0.41326987743377686,2.2011682987213135,0.6774895787239075,-0.0077761271968483925,-0.2924988567829132,-0.3212524652481079,-0.3351799249649048,-0.06075476109981537,-0.10321260243654251,1.2966773509979248,1.61503267288208,0.8249365091323853,0.8218175768852234,0.7764973044395447,1.3474072217941284,1.2406306266784668,1.7500535249710083,-0.021318813785910606,-0.2014380693435669,0.32393497228622437
-0.31508171558380127,1.4070934057235718,0.4133110046386719,2.2011895179748535,0.6776898503303528,-0.0077019911259412766,-0.2924780249595642,-0.3212571144104004,-0.3351784348487854,-0.0607631541788578,-0.10319560021162033,1.2968043088912964,1.6150357723236084,0.8248379826545715,0.8218029737472534,0.7765106558799744,1.347350001335144,1.2405340671539307,1.7500437498092651,-0.0212787464261055,-0.20143605768680573,0.32405886054039
-0.315085232257843,1.4070537090301514,0.4133598208427429,2.201198101043701,0.6780547499656677,-0.007622011937201023,-0.2924390733242035,-0.3212537169456482,-0.3351689577102661,-0.060758307576179504,-0.10314244031906128,1.2968685626983643,1.615054965019226,0.8245944976806641,0.8218005895614624,0.7765158414840698,1.3472890853881836,1.240447998046875,1.7500693798065186,-0.02123132534325123,-0.20142608880996704,0.32419121265411377
-0.31508463621139526,1.4069905281066895,0.4134148061275482,2.20123028755188,0.6780873537063599,-0.007553835399448872,-0.29242241382598877,-0.32126593589782715,-0.33517542481422424,-0.06078202649950981,-0.10316574573516846,1.2970383167266846,1.6150505542755127,0.8246404528617859,0.8217698335647583,0.7765013575553894,1.3472570180892944,1.2403486967086792,1.7500110864639282,-0.021215908229351044,-0.20143362879753113,0.3242979049682617
-0.3150882124900818,1.4069526195526123,0.41347241401672363,2.201240301132202,0.6784203052520752,-0.007477219216525555,-0.29237818717956543,-0.32126355171203613,-0.33516719937324524,-0.06078038737177849,-0.10312212258577347,1.2971032857894897,1.6150721311569214,0.8244187235832214,0.8217636346817017,0.7764919996261597,1.3472082614898682,1.2402664422988892,1.7500226497650146,-0.021179525181651115,-0.2014256864786148,0.32442110776901245
-0.3150895833969116,1.406909465789795,0.4135286211967468,2.2012569904327393,0.6786545515060425,-0.007407057099044323,-0.2923398017883301,-0.32126542925834656,-0.3351633548736572,-0.06078646704554558,-0.10310150682926178,1.2972002029418945,1.6150872707366943,0.8242764472961426,0.821750283241272,0.7764829397201538,1.3471671342849731,1.2401820421218872,1.7500096559524536,-0.021152079105377197,-0.2014223039150238,0.324533075094223
-0.3150871694087982,1.4068565368652344,0.4135796129703522,2.201284646987915,0.6787280440330505,-0.007346574682742357,-0.2923136353492737,-0.3212743103504181,-0.3351666331291199,-0.06080487743020058,-0.10311742126941681,1.2973519563674927,1.6150901317596436,0.824265718460083,0.8217256665229797,0.7764787077903748,1.347135066986084,1.240092396736145,1.749959111213684,-0.021136276423931122,-0.2014261782169342,0.32462894916534424
-0.31508657336235046,1.4068267345428467,0.4136223793029785,2.2012922763824463,0.6790699362754822,-0.0072818719781935215,-0.29226648807525635,-0.3212696611881256,-0.33515626192092896,-0.06079898774623871,-0.10307237505912781,1.2974151372909546,1.6151143312454224,0.8240099549293518,0.8217259049415588,0.7764959931373596,1.347081184387207,1.2400177717208862,1.7499758005142212,-0.021095752716064453,-0.20141488313674927,0.32473722100257874
-0.31508028507232666,1.4067795276641846,0.41365593671798706,2.2013180255889893,0.6791541576385498,-0.007230706047266722,-0.2922414243221283,-0.3212764263153076,-0.33515745401382446,-0.06081293895840645,-0.10308481007814407,1.2975660562515259,1.6151175498962402,0.8239696025848389,0.8217081427574158,0.7765201330184937,1.3470404148101807,1.2399327754974365,1.7499343156814575,-0.021072037518024445,-0.20141534507274628,0.32482194900512695
-0.31507301330566406,1.4067386388778687,0.41368064284324646,2.2013394832611084,0.679292619228363,-0.007181848399341106,-0.29221394658088684,-0.3212797939777374,-0.33515527844429016,-0.060820575803518295,-0.10308407247066498,1.2976983785629272,1.6151244640350342,0.8238741159439087,0.8216978311538696,0.7765580415725708,1.3469921350479126,1.2398521900177002,1.7499099969863892,-0.021040096879005432,-0.2014116644859314,0.32490408420562744
-0.31506702303886414,1.406707763671875,0.4136974811553955,2.2013516426086426,0.679547905921936,-0.007132306229323149,-0.29217982292175293,-0.32127732038497925,-0.3351472318172455,-0.060817621648311615,-0.10305646806955338,1.2977858781814575,1.6151398420333862,0.8236849308013916,0.8216989040374756,0.7766059637069702,1.3469321727752686,1.2397783994674683,1.7499161958694458,-0.020996607840061188,-0.20140133798122406,0.3249882161617279
-0.3150574862957001,1.4066599607467651,0.41371211409568787,2.201381206512451,0.6795641779899597,-0.007091826293617487,-0.29216596484184265,-0.321285605430603,-0.33515024185180664,-0.060833998024463654,-0.1030818447470665,1.2979469299316406,1.6151361465454102,0.8237023949623108,0.821681797504425,0.7766454219818115,1.3468893766403198,1.2396949529647827,1.7498681545257568,-0.020971596240997314,-0.20140279829502106,0.3250505030155182
-0.31505271792411804,1.4066275358200073,0.4137268364429474,2.201395273208618,0.6797835230827332,-0.00704451696947217,-0.29213735461235046,-0.32128453254699707,-0.33514389395713806,-0.06083407998085022,-0.10306159406900406,1.298026442527771,1.6151480674743652,0.8235663771629333,0.8216807246208191,0.7766801118850708,1.3468340635299683,1.239621877670288,1.749868392944336,-0.02093270979821682,-0.20139454305171967,0.3251209557056427
-0.3150489926338196,1.4065912961959839,0.4137488007545471,2.201414108276367,0.6799487471580505,-0.006996556185185909,-0.29211190342903137,-0.3212859630584717,-0.33514031767845154,-0.0608394555747509,-0.10305358469486237,1.2981115579605103,1.6151567697525024,0.823481559753418,0.8216739892959595,0.7766956686973572,1.3467895984649658,1.2395479679107666,1.749855399131775,-0.02090248093008995,-0.20138990879058838,0.32518383860588074
-0.31504642963409424,1.4065488576889038,0.41378074884414673,2.2014400959014893,0.6800300478935242,-0.0069481623359024525,-0.29209116101264954,-0.3212914764881134,-0.335141122341156,-0.06085306033492088,-0.1030648946762085,1.2982114553451538,1.6151602268218994,0.8234756588935852,0.8216583728790283,0.7766876220703125,1.3467594385147095,1.2394720315933228,1.7498207092285156,-0.0208847988396883,-0.20139080286026,0.3252381384372711
-0.3150489628314972,1.4065220355987549,0.41382235288619995,2.2014520168304443,0.6803134083747864,-0.006890022195875645,-0.29205211997032166,-0.321287602186203,-0.3351326584815979,-0.060850840061903,-0.10303124785423279,1.2982317209243774,1.6151809692382812,0.82329922914505,0.8216571807861328,0.7766661047935486,1.3467237949371338,1.2394075393676758,1.7498325109481812,-0.0208565853536129,-0.2013825625181198,0.3253040909767151
-0.3150506615638733,1.4064829349517822,0.413871169090271,2.2014760971069336,0.6804301142692566,-0.006835693959146738,-0.292024701833725,-0.32129165530204773,-0.3351324200630188,-0.060863181948661804,-0.10303522646427155,1.2982996702194214,1.6151894330978394,0.8232702612876892,0.8216409683227539,0.776626706123352,1.3467053174972534,1.2393370866775513,1.7498033046722412,-0.020845819264650345,-0.20138365030288696,0.32535767555236816
-0.3150538504123688,1.4064499139785767,0.4139227271080017,2.2014946937561035,0.6806144118309021,-0.0067790839821100235,-0.29199108481407166,-0.3212924003601074,-0.3351289629936218,-0.06086967512965202,-0.10302374511957169,1.2983415126800537,1.6152034997940063,0.82318115234375,0.8216300010681152,0.776585578918457,1.3466846942901611,1.2392717599868774,1.7497903108596802,-0.020831245929002762,-0.20138147473335266,0.32541540265083313
-0.31505724787712097,1.40642249584198,0.41397225856781006,2.201508045196533,0.6808555126190186,-0.0067224097438156605,-0.2919532358646393,-0.32129013538360596,-0.3351224958896637,-0.06087036430835724,-0.10299865901470184,1.2983657121658325,1.615221619606018,0.8230370283126831,0.8216246366500854,0.7765520811080933,1.3466590642929077,1.2392109632492065,1.7497925758361816,-0.02081097662448883,-0.20137591660022736,0.3254770338535309
-0.31505680084228516,1.4063844680786133,0.41401582956314087,2.2015316486358643,0.6809331774711609,-0.006674551405012608,-0.2919296324253082,-0.32129502296447754,-0.33512330055236816,-0.06088292971253395,-0.10300885140895844,1.2984498739242554,1.6152257919311523,0.8230257034301758,0.8216080069541931,0.7765278220176697,1.3466404676437378,1.239144206047058,1.7497589588165283,-0.02080027014017105,-0.20137761533260345,0.325528085231781
-0.3150562047958374,1.4063587188720703,0.4140506982803345,2.2015435695648193,0.6811449527740479,-0.006626423913985491,-0.2918972671031952,-0.3212929368019104,-0.33511704206466675,-0.06088205426931381,-0.10298722237348557,1.2984964847564697,1.6152390241622925,0.822887122631073,0.8216050267219543,0.7765260934829712,1.3466068506240845,1.2390855550765991,1.7497612237930298,-0.020773878321051598,-0.20137105882167816,0.32558882236480713
-0.3150521516799927,1.4063278436660767,0.4140765070915222,2.2015602588653564,0.6812630891799927,-0.006585670635104179,-0.29187455773353577,-0.3212945759296417,-0.3351145386695862,-0.0608866848051548,-0.10298464447259903,1.2985819578170776,1.6152433156967163,0.8228188157081604,0.8215973377227783,0.7765405774116516,1.3465733528137207,1.2390241622924805,1.7497456073760986,-0.020749680697917938,-0.20136778056621552,0.32564395666122437
-0.3150457441806793,1.4062954187393188,0.41409459710121155,2.201578378677368,0.6813358664512634,-0.0065499418415129185,-0.2918574810028076,-0.32129770517349243,-0.3351135849952698,-0.06089305505156517,-0.10299033671617508,1.2986881732940674,1.6152427196502686,0.8227807879447937,0.8215885162353516,0.7765690684318542,1.3465379476547241,1.238962173461914,1.7497230768203735,-0.020724613219499588,-0.20136556029319763,0.325696736574173
-0.3150397837162018,1.4062721729278564,0.41410768032073975,2.201587677001953,0.6815094351768494,-0.006513054016977549,-0.2918339669704437,-0.3212955892086029,-0.33510735630989075,-0.06088948994874954,-0.10297174751758575,1.2987630367279053,1.6152490377426147,0.8226494193077087,0.8215896487236023,0.7766092419624329,1.346492886543274,1.2389063835144043,1.749727725982666,-0.020688632503151894,-0.2013573795557022,0.32575687766075134
-0.31503182649612427,1.4062398672103882,0.4141194522380829,2.201605796813965,0.6815479397773743,-0.0064813122153282166,-0.2918221354484558,-0.3212994933128357,-0.33510732650756836,-0.06089632958173752,-0.10298196971416473,1.2988816499710083,1.6152441501617432,0.8226327896118164,0.8215806484222412,0.7766463756561279,1.3464568853378296,1.238845705986023,1.7497023344039917,-0.020662574097514153,-0.20135575532913208,0.3258083760738373
-0.31502586603164673,1.406214714050293,0.4141330420970917,2.2016170024871826,0.6816716194152832,-0.006445939186960459,-0.29180389642715454,-0.3212992250919342,-0.33510321378707886,-0.06089583411812782,-0.10297201573848724,1.2989665269851685,1.6152459383010864,0.8225436806678772,0.8215785026550293,0.7766794562339783,1.3464175462722778,1.238790512084961,1.749698281288147,-0.02063080109655857,-0.20135000348091125,0.32586580514907837
-0.3150213360786438,1.406190276145935,0.4141509234905243,2.2016279697418213,0.6817973852157593,-0.006408657878637314,-0.2917853891849518,-0.3212987780570984,-0.33509913086891174,-0.0608954094350338,-0.1029607355594635,1.2990429401397705,1.6152480840682983,0.8224566578865051,0.8215758204460144,0.7767007946968079,1.3463823795318604,1.2387367486953735,1.7496949434280396,-0.02060135267674923,-0.20134471356868744,0.3259233236312866
-0.3150175213813782,1.4061610698699951,0.4141741394996643,2.201643705368042,0.6818569898605347,-0.006371291354298592,-0.2917718291282654,-0.3213014602661133,-0.33509838581085205,-0.0609009750187397,-0.10296354442834854,1.2991323471069336,1.6152455806732178,0.8224319219589233,0.8215667605400085,0.7767059803009033,1.3463568687438965,1.2386811971664429,1.7496756315231323,-0.020580310374498367,-0.20134350657463074,0.3259761333465576
-0.31501686573028564,1.4061408042907715,0.4142020642757416,2.2016513347625732,0.6820296049118042,-0.0063280682079494,-0.29174908995628357,-0.3212988078594208,-0.3350924253463745,-0.0608975775539875,-0.10294041782617569,1.2991747856140137,1.6152523756027222,0.8223143219947815,0.8215660452842712,0.776701033115387,1.346328616142273,1.238632321357727,1.749682903289795,-0.020553212612867355,-0.20133723318576813,0.3260360360145569
-0.31501615047454834,1.4061144590377808,0.41423314809799194,2.201664924621582,0.682117223739624,-0.006286290008574724,-0.2917332053184509,-0.32130005955696106,-0.3350905776023865,-0.0609014555811882,-0.1029355451464653,1.2992382049560547,1.6152527332305908,0.8222735524177551,0.8215579986572266,0.7766836881637573,1.3463096618652344,1.2385807037353516,1.7496702671051025,-0.020534927025437355,-0.20133569836616516,0.3260895311832428
-0.3150164484977722,1.4060912132263184,0.41426485776901245,2.2016761302948,0.68223637342453,-0.006243141833692789,-0.2917154133319855,-0.32129964232444763,-0.3350871801376343,-0.060902539640665054,-0.10292278975248337,1.299285888671875,1.61525559425354,0.8222067356109619,0.8215526938438416,0.7766624689102173,1.3462904691696167,1.2385318279266357,1.7496658563613892,-0.02051488123834133,-0.20133265852928162,0.3261442482471466
-0.31501710414886475,1.4060711860656738,0.41429460048675537,2.2016847133636475,0.6823858618736267,-0.006199790630489588,-0.2916962206363678,-0.3212975263595581,-0.33508214354515076,-0.060900527983903885,-0.10290230810642242,1.2993208169937134,1.6152606010437012,0.822112500667572,0.821550726890564,0.7766428589820862,1.3462690114974976,1.2384856939315796,1.7496700286865234,-0.02049180679023266,-0.20132781565189362,0.326200008392334
-0.31501591205596924,1.40604567527771,0.4143204689025879,2.2016987800598145,0.6824496388435364,-0.00616103783249855,-0.2916851341724396,-0.3212990462779999,-0.3350808620452881,-0.06090474873781204,-0.102899931371212,1.2993841171264648,1.6152584552764893,0.8220889568328857,0.8215432167053223,0.7766261100769043,1.3462517261505127,1.2384368181228638,1.749655842781067,-0.02047383040189743,-0.20132675766944885,0.3262489140033722
-0.3150154650211334,1.4060264825820923,0.41434040665626526,2.2017061710357666,0.682588517665863,-0.0061223478987813,-0.2916699945926666,-0.3212970197200775,-0.3350759446620941,-0.06090220436453819,-0.10288025438785553,1.2994216680526733,1.6152617931365967,0.8220047354698181,0.8215428590774536,0.7766197323799133,1.3462257385253906,1.2383924722671509,1.7496602535247803,-0.020448267459869385,-0.20132148265838623,0.32630234956741333
-0.31501325964927673,1.4060038328170776,0.4143563210964203,2.2017173767089844,0.6826652884483337,-0.006087989546358585,-0.2916606068611145,-0.3212975263595581,-0.33507364988327026,-0.0609038881957531,-0.10287369042634964,1.2994813919067383,1.6152600049972534,0.8219687938690186,0.8215389251708984,0.7766188979148865,1.3462018966674805,1.2383465766906738,1.749651551246643,-0.02042587473988533,-0.20131872594356537,0.32635045051574707
-0.3150104284286499,1.4059820175170898,0.41436973214149475,2.201728343963623,0.6827396154403687,-0.006055628415197134,-0.2916516661643982,-0.32129791378974915,-0.33507126569747925,-0.06090513616800308,-0.10286728292703629,1.2995426654815674,1.615257978439331,0.8219306468963623,0.8215357661247253,0.7766231298446655,1.3461769819259644,1.2383019924163818,1.7496432065963745,-0.02040286548435688,-0.20131568610668182,0.32639721035957336
-0.3150079548358917,1.4059641361236572,0.4143824279308319,2.2017359733581543,0.6828537583351135,-0.006023343652486801,-0.29163920879364014,-0.3212963044643402,-0.33506691455841064,-0.060902778059244156,-0.10285193473100662,1.2995903491973877,1.6152594089508057,0.8218551278114319,0.8215362429618835,0.776630699634552,1.3461494445800781,1.2382606267929077,1.74964439868927,-0.02037695422768593,-0.20131048560142517,0.32644549012184143
-0.3150045871734619,1.4059417247772217,0.41439616680145264,2.2017483711242676,0.6828985214233398,-0.005994211882352829,-0.29163140058517456,-0.32129791378974915,-0.3350658714771271,-0.060906171798706055,-0.10285221040248871,1.2996598482131958,1.6152559518814087,0.8218375444412231,0.8215311169624329,0.7766355872154236,1.3461277484893799,1.2382173538208008,1.7496287822723389,-0.02035774663090706,-0.20130889117717743,0.3264879584312439
-0.31500244140625,1.405924677848816,0.41441190242767334,2.201756000518799,0.6830058097839355,-0.005963471718132496,-0.2916175425052643,-0.3212966024875641,-0.3350619673728943,-0.06090458482503891,-0.102838896214962,1.2997061014175415,1.6152580976486206,0.8217653632164001,0.8215306997299194,0.7766395807266235,1.3461036682128906,1.2381783723831177,1.7496272325515747,-0.020335424691438675,-0.2013043761253357,0.32653340697288513
-0.3150003254413605,1.405905842781067,0.414430171251297,2.201765775680542,0.6830825209617615,-0.005934006068855524,-0.2916048765182495,-0.3212967813014984,-0.33505964279174805,-0.060905829071998596,-0.10283277183771133,1.2997597455978394,1.6152586936950684,0.8217193484306335,0.8215273022651672,0.7766391038894653,1.3460838794708252,1.238139271736145,1.7496176958084106,-0.020317591726779938,-0.2013017237186432,0.32657551765441895
-0.31499847769737244,1.4058870077133179,0.41445061564445496,2.2017757892608643,0.6831514239311218,-0.0059050945565104485,-0.2915917634963989,-0.3212973475456238,-0.33505779504776,-0.06090797483921051,-0.10282869637012482,1.2998132705688477,1.6152594089508057,0.8216798901557922,0.8215229511260986,0.7766352295875549,1.3460665941238403,1.2381010055541992,1.7496058940887451,-0.020302241668105125,-0.2012997269630432,0.32661569118499756
-0.31499743461608887,1.405871868133545,0.4144722819328308,2.201782703399658,0.6832618713378906,-0.005875330418348312,-0.2915745973587036,-0.32129594683647156,-0.3350540101528168,-0.0609067939221859,-0.10281556844711304,1.2998504638671875,1.6152640581130981,0.8216042518615723,0.8215218186378479,0.7766307592391968,1.3460479974746704,1.2380657196044922,1.7496037483215332,-0.020284932106733322,-0.20129579305648804,0.32665714621543884
-0.31499555706977844,1.405853033065796,0.41449400782585144,2.2017931938171387,0.6833152770996094,-0.005848282482475042,-0.2915616035461426,-0.32129713892936707,-0.3350529074668884,-0.06091024726629257,-0.10281509906053543,1.2999049425125122,1.615264654159546,0.8215765357017517,0.8215162754058838,0.7766247987747192,1.3460339307785034,1.2380287647247314,1.7495887279510498,-0.02027273178100586,-0.20129472017288208,0.32669320702552795
-0.31499433517456055,1.405837893486023,0.41451409459114075,2.2018001079559326,0.6834118366241455,-0.005821069236844778,-0.2915455102920532,-0.3212963044643402,-0.3350497782230377,-0.060910072177648544,-0.10280502587556839,1.2999428510665894,1.6152689456939697,0.821514368057251,0.8215144872665405,0.7766220569610596,1.3460164070129395,1.2379945516586304,1.749584436416626,-0.020257268100976944,-0.20129141211509705,0.3267306387424469
-0.3149922788143158,1.4058218002319336,0.41453275084495544,2.201808452606201,0.6834840774536133,-0.005795736331492662,-0.29153141379356384,-0.3212963342666626,-0.3350476026535034,-0.06091143190860748,-0.10279998183250427,1.2999885082244873,1.6152716875076294,0.8214672207832336,0.8215115070343018,0.7766218185424805,1.3460005521774292,1.2379602193832397,1.7495759725570679,-0.020243171602487564,-0.20128901302814484,0.3267650902271271
-0.3149896264076233,1.4058054685592651,0.4145490527153015,2.201817274093628,0.6835435032844543,-0.005772016476839781,-0.2915188670158386,-0.321296751499176,-0.33504584431648254,-0.06091342493891716,-0.10279738157987595,1.3000376224517822,1.6152737140655518,0.8214269280433655,0.8215082287788391,0.7766254544258118,1.345984935760498,1.2379262447357178,1.7495661973953247,-0.020229307934641838,-0.2012869268655777,0.3267977237701416
-0.31498733162879944,1.4057916402816772,0.4145618975162506,2.2018232345581055,0.6836320161819458,-0.00574866496026516,-0.29150518774986267,-0.32129576802253723,-0.33504271507263184,-0.0609128400683403,-0.10278802365064621,1.3000750541687012,1.6152782440185547,0.8213634490966797,0.8215078711509705,0.7766345143318176,1.34596586227417,1.2378944158554077,1.7495644092559814,-0.0202124435454607,-0.20128318667411804,0.32683172821998596
-0.31498390436172485,1.4057750701904297,0.41457250714302063,2.2018322944641113,0.6836738586425781,-0.005727625451982021,-0.2914958596229553,-0.32129666209220886,-0.3350415527820587,-0.06091556325554848,-0.10278831422328949,1.300127387046814,1.6152794361114502,0.8213325142860413,0.8215045928955078,0.7766462564468384,1.3459497690200806,1.2378613948822021,1.7495537996292114,-0.020198199898004532,-0.20128141343593597,0.3268621861934662
-0.31498122215270996,1.4057613611221313,0.4145798683166504,2.2018380165100098,0.6837502717971802,-0.0057063293643295765,-0.2914852797985077,-0.32129597663879395,-0.33503881096839905,-0.06091540679335594,-0.10278049111366272,1.3001651763916016,1.6152836084365845,0.821275532245636,0.8215044140815735,0.7766618728637695,1.3459299802780151,1.237830638885498,1.7495524883270264,-0.020180748775601387,-0.20127783715724945,0.3268948495388031
-0.31497830152511597,1.4057464599609375,0.41458550095558167,2.201845169067383,0.6838048696517944,-0.005686021875590086,-0.29147738218307495,-0.32129615545272827,-0.3350370228290558,-0.060916800051927567,-0.10277676582336426,1.3002080917358398,1.6152863502502441,0.8212342858314514,0.8215029239654541,0.7766780853271484,1.3459118604660034,1.2377997636795044,1.7495478391647339,-0.020164526998996735,-0.20127519965171814,0.32692599296569824
-0.31497570872306824,1.4057316780090332,0.4145897924900055,2.2018520832061768,0.6838553547859192,-0.005665882956236601,-0.29147082567214966,-0.32129648327827454,-0.33503541350364685,-0.06091845780611038,-0.10277322679758072,1.300249457359314,1.6152889728546143,0.8211963772773743,0.8215012550354004,0.77669358253479,1.34589421749115,1.237769603729248,1.7495436668395996,-0.020148538053035736,-0.20127278566360474,0.3269568979740143
-0.3149741291999817,1.4057186841964722,0.41459304094314575,2.201856851577759,0.6839277148246765,-0.005644920282065868,-0.291463702917099,-0.3212958574295044,-0.3350329101085663,-0.06091844290494919,-0.10276420414447784,1.3002797365188599,1.6152933835983276,0.8211432695388794,0.8215012550354004,0.776707649230957,1.3458752632141113,1.237741231918335,1.7495458126068115,-0.020131150260567665,-0.20126944780349731,0.3269893527030945
-0.314972460269928,1.4057039022445679,0.41459667682647705,2.201864004135132,0.6839670538902283,-0.005624518264085054,-0.29145967960357666,-0.3212966024875641,-0.3350319266319275,-0.06092100590467453,-0.10276161879301071,1.300318717956543,1.61529541015625,0.8211150765419006,0.8214986324310303,0.7767176032066345,1.3458600044250488,1.2377122640609741,1.7495418787002563,-0.020116599276661873,-0.201267808675766,0.327019602060318
-0.3149721324443817,1.4056916236877441,0.4145999550819397,2.2018685340881348,0.6840382218360901,-0.005602833349257708,-0.29145413637161255,-0.32129597663879395,-0.33502960205078125,-0.06092114746570587,-0.10275138169527054,1.300343632698059,1.6152998208999634,0.8210645318031311,0.8214982151985168,0.7767249345779419,1.3458428382873535,1.2376855611801147,1.7495461702346802,-0.0201001837849617,-0.20126484334468842,0.3270520865917206
-0.3149719536304474,1.405678391456604,0.4146038293838501,2.2018744945526123,0.6840876936912537,-0.005581459496170282,-0.29145070910453796,-0.3212962746620178,-0.3350282907485962,-0.06092295050621033,-0.10274515300989151,1.300374150276184,1.6153024435043335,0.8210303783416748,0.8214960098266602,0.7767282724380493,1.3458282947540283,1.237658977508545,1.7495466470718384,-0.020085817202925682,-0.20126305520534515,0.32708314061164856
-0.3149723708629608,1.4056658744812012,0.4146077632904053,2.2018799781799316,0.6841412782669067,-0.005559867713600397,-0.29144755005836487,-0.321296364068985,-0.3350268602371216,-0.060924384742975235,-0.10273739695549011,1.3004018068313599,1.6153051853179932,0.8209934234619141,0.8214939832687378,0.7767291069030762,1.3458138704299927,1.237633466720581,1.7495489120483398,-0.020071489736437798,-0.20126119256019592,0.3271145224571228
-0.3149733543395996,1.4056545495986938,0.4146113991737366,2.2018842697143555,0.6842043399810791,-0.0055381436832249165,-0.29144418239593506,-0.32129600644111633,-0.33502501249313354,-0.060924965888261795,-0.1027270182967186,1.300425410270691,1.6153082847595215,0.820949375629425,0.821492612361908,0.7767286896705627,1.3457988500595093,1.2376093864440918,1.7495540380477905,-0.02005663700401783,-0.20125894248485565,0.32714658975601196
-0.3149740397930145,1.405642032623291,0.41461506485939026,2.201890230178833,0.6842427849769592,-0.00551748787984252,-0.29144296050071716,-0.32129666209220886,-0.33502426743507385,-0.060927264392375946,-0.10272153466939926,1.3004578351974487,1.6153091192245483,0.8209227323532104,0.8214893341064453,0.7767271399497986,1.3457857370376587,1.2375853061676025,1.7495542764663696,-0.020043618977069855,-0.2012578547000885,0.3271769881248474
-0.3149753510951996,1.4056316614151,0.4146178066730499,2.2018940448760986,0.6843050122261047,-0.005496749188750982,-0.2914403975009918,-0.32129624485969543,-0.3350224494934082,-0.060927532613277435,-0.10271055996417999,1.3004822731018066,1.6153113842010498,0.8208780288696289,0.8214879035949707,0.7767269015312195,1.345770239830017,1.2375632524490356,1.7495602369308472,-0.020028777420520782,-0.20125560462474823,0.327208936214447
-0.31497615575790405,1.4056200981140137,0.41462036967277527,2.201899766921997,0.6843422651290894,-0.005477423779666424,-0.29143980145454407,-0.3212968409061432,-0.3350217044353485,-0.06092950329184532,-0.10270480811595917,1.3005163669586182,1.6153113842010498,0.8208506107330322,0.8214846849441528,0.7767271399497986,1.3457562923431396,1.2375411987304688,1.7495607137680054,-0.020015675574541092,-0.2012544572353363,0.3272389769554138
-0.31497713923454285,1.4056096076965332,0.41462230682373047,2.201904535293579,0.6843896508216858,-0.005458578001707792,-0.29143860936164856,-0.32129696011543274,-0.335020512342453,-0.06093050166964531,-0.10269679129123688,1.300547480583191,1.6153117418289185,0.8208150267601013,0.821482241153717,0.7767291069030762,1.3457410335540771,1.237520456314087,1.749563455581665,-0.020001797005534172,-0.201252743601799,0.32726937532424927
-0.3149780333042145,1.4055993556976318,0.41462403535842896,2.201909303665161,0.684434711933136,-0.005440536420792341,-0.291437566280365,-0.3212971091270447,-0.33501937985420227,-0.06093153730034828,-0.10268935561180115,1.3005799055099487,1.615311622619629,0.8207805752754211,0.8214796781539917,0.7767323851585388,1.345725655555725,1.2375006675720215,1.7495653629302979,-0.019988201558589935,-0.2012510895729065,0.3272990882396698
-0.3149786591529846,1.4055885076522827,0.41462597250938416,2.2019150257110596,0.6844674944877625,-0.00542349461466074,-0.2914372384548187,-0.3212977349758148,-0.3350187838077545,-0.0609334260225296,-0.10268474370241165,1.3006166219711304,1.6153104305267334,0.8207547068595886,0.8214761018753052,0.7767362594604492,1.3457112312316895,1.2374812364578247,1.7495640516281128,-0.01997579075396061,-0.20124997198581696,0.32732731103897095
-0.3149796724319458,1.4055790901184082,0.41462796926498413,2.2019193172454834,0.6845175623893738,-0.005406524054706097,-0.29143545031547546,-0.32129761576652527,-0.33501744270324707,-0.06093396618962288,-0.1026766449213028,1.3006466627120972,1.6153104305267334,0.8207163214683533,0.8214737772941589,0.776741087436676,1.3456954956054688,1.2374634742736816,1.7495660781860352,-0.019962579011917114,-0.20124804973602295,0.32735586166381836
-0.31498026847839355,1.4055684804916382,0.41463080048561096,2.201925277709961,0.6845471858978271,-0.00539057981222868,-0.29143476486206055,-0.3212983310222626,-0.33501699566841125,-0.0609361007809639,-0.10267328470945358,1.3006829023361206,1.6153088808059692,0.8206930756568909,0.821469783782959,0.7767453193664551,1.34568190574646,1.237445592880249,1.7495629787445068,-0.01995147578418255,-0.20124712586402893,0.32738202810287476
-0.3149813115596771,1.4055591821670532,0.41463395953178406,2.201929807662964,0.6845937371253967,-0.005374549888074398,-0.29143258929252625,-0.3212983310222626,-0.33501583337783813,-0.060937006026506424,-0.10266659408807755,1.300711750984192,1.6153087615966797,0.8206581473350525,0.8214669227600098,0.7767497301101685,1.3456674814224243,1.2374292612075806,1.7495630979537964,-0.01993982121348381,-0.2012454718351364,0.3274082839488983
-0.31498220562934875,1.40554940700531,0.4146377742290497,2.201935052871704,0.6846305131912231,-0.005359150003641844,-0.2914307713508606,-0.3212987184524536,-0.33501511812210083,-0.06093874201178551,-0.1026623547077179,1.300742268562317,1.615308165550232,0.8206309080123901,0.8214632272720337,0.7767534255981445,1.3456544876098633,1.2374131679534912,1.7495607137680054,-0.01992957852780819,-0.20124433934688568,0.3274327516555786
-0.31498315930366516,1.405539870262146,0.4146418869495392,2.2019402980804443,0.6846685409545898,-0.005344085860997438,-0.2914285957813263,-0.3212990462779999,-0.33501437306404114,-0.0609404519200325,-0.10265813022851944,1.3007704019546509,1.6153079271316528,0.8206034302711487,0.8214595913887024,0.7767568826675415,1.3456419706344604,1.2373977899551392,1.7495583295822144,-0.0199198666960001,-0.20124319195747375,0.32745614647865295
-0.3149842917919159,1.4055309295654297,0.4146459102630615,2.2019448280334473,0.6847132444381714,-0.0053292568773031235,-0.29142579436302185,-0.32129907608032227,-0.33501335978507996,-0.060941699892282486,-0.10265268385410309,1.300794243812561,1.615308403968811,0.8205716013908386,0.8214564323425293,0.7767605185508728,1.3456294536590576,1.2373833656311035,1.7495574951171875,-0.0199101734906435,-0.20124176144599915,0.32747888565063477
-0.31498512625694275,1.405521273612976,0.4146498441696167,2.2019503116607666,0.684744656085968,-0.00531527865678072,-0.29142385721206665,-0.32129964232444763,-0.33501291275024414,-0.06094398722052574,-0.10265027731657028,1.3008208274841309,1.6153082847595215,0.8205497860908508,0.8214523792266846,0.7767640352249146,1.3456183671951294,1.2373689413070679,1.749553918838501,-0.019901825115084648,-0.20124097168445587,0.327499657869339
-0.3149861991405487,1.405512809753418,0.4146529734134674,2.2019543647766113,0.684790313243866,-0.005301436875015497,-0.29142093658447266,-0.32129958271980286,-0.3350118398666382,-0.06094516068696976,-0.10264486074447632,1.3008406162261963,1.6153095960617065,0.820517897605896,0.8214495778083801,0.7767685055732727,1.3456062078475952,1.2373555898666382,1.749553918838501,-0.019892657175660133,-0.20123949646949768,0.32752037048339844
-0.3149868845939636,1.4055036306381226,0.41465556621551514,2.2019593715667725,0.6848207116127014,-0.005288584623485804,-0.2914191782474518,-0.3213001489639282,-0.33501142263412476,-0.06094744801521301,-0.10264275223016739,1.3008642196655273,1.6153100728988647,0.8204970955848694,0.8214458227157593,0.77677321434021,1.3455954790115356,1.237342119216919,1.7495511770248413,-0.019884729757905006,-0.2012387067079544,0.3275390863418579
-0.3149876892566681,1.4054954051971436,0.41465720534324646,2.201963424682617,0.6848598122596741,-0.0052760508842766285,-0.2914169132709503,-0.32130029797554016,-0.3350106179714203,-0.06094897910952568,-0.10263866931200027,1.3008832931518555,1.6153115034103394,0.820469856262207,0.8214429616928101,0.7767787575721741,1.3455840349197388,1.237329363822937,1.7495510578155518,-0.01987621933221817,-0.20123746991157532,0.3275575041770935
-0.31498831510543823,1.405487060546875,0.41465818881988525,2.201967716217041,0.6848930716514587,-0.0052641998045146465,-0.29141518473625183,-0.3213006854057312,-0.3350100517272949,-0.0609508641064167,-0.10263572633266449,1.300903081893921,1.6153126955032349,0.820446789264679,0.8214399218559265,0.7767844796180725,1.3455730676651,1.2373168468475342,1.749550461769104,-0.019868185743689537,-0.20123647153377533,0.3275747001171112
-0.3149888515472412,1.4054789543151855,0.4146586060523987,2.2019717693328857,0.684923529624939,-0.005252878647297621,-0.2914137542247772,-0.321301132440567,-0.3350095748901367,-0.06095285713672638,-0.10263320058584213,1.3009226322174072,1.6153138875961304,0.8204256296157837,0.821436882019043,0.7767901420593262,1.34556245803833,1.2373045682907104,1.7495501041412354,-0.019860440865159035,-0.2012355923652649,0.3275909125804901
-0.31498947739601135,1.4054715633392334,0.4146585762500763,2.201975107192993,0.6849595308303833,-0.005241770297288895,-0.29141199588775635,-0.32130131125450134,-0.3350088596343994,-0.06095432862639427,-0.10262928158044815,1.3009390830993652,1.6153157949447632,0.8204003572463989,0.821434497833252,0.776795506477356,1.345551609992981,1.237293004989624,1.7495516538619995,-0.01985243521630764,-0.20123444497585297,0.32760676741600037
-0.3149898946285248,1.4054638147354126,0.4146585762500763,2.201979160308838,0.6849846839904785,-0.0052312514744699,-0.29141098260879517,-0.3213019073009491,-0.3350085914134979,-0.06095654144883156,-0.10262751579284668,1.300958275794983,1.6153169870376587,0.8203829526901245,0.8214314579963684,0.776799738407135,1.345542073249817,1.237281322479248,1.7495514154434204,-0.019845440983772278,-0.20123381912708282,0.327621191740036
-0.3149905800819397,1.4054571390151978,0.41465845704078674,2.201982021331787,0.685020387172699,-0.005220660008490086,-0.2914091944694519,-0.32130202651023865,-0.3350078761577606,-0.06095785275101662,-0.10262326151132584,1.300972580909729,1.6153191328048706,0.8203579783439636,0.8214293122291565,0.7768032550811768,1.3455320596694946,1.237270474433899,1.7495540380477905,-0.019837936386466026,-0.20123273134231567,0.3276357352733612
-0.3149910867214203,1.4054501056671143,0.41465872526168823,2.2019855976104736,0.6850451827049255,-0.00521055469289422,-0.29140812158584595,-0.3213025629520416,-0.33500760793685913,-0.060959912836551666,-0.10262119770050049,1.3009898662567139,1.6153204441070557,0.8203410506248474,0.8214264512062073,0.7768053412437439,1.3455233573913574,1.2372595071792603,1.7495545148849487,-0.019831523299217224,-0.2012321799993515,0.32764896750450134
-0.3149917721748352,1.405443787574768,0.4146591126918793,2.201988458633423,0.6850773692131042,-0.0052004181779921055,-0.29140645265579224,-0.32130274176597595,-0.3350070118904114,-0.060961317270994186,-0.10261740535497665,1.3010036945343018,1.6153223514556885,0.8203189373016357,0.8214241862297058,0.7768067121505737,1.3455144166946411,1.2372492551803589,1.7495567798614502,-0.01982485130429268,-0.20123130083084106,0.32766225934028625
-0.31499236822128296,1.4054374694824219,0.4146597683429718,2.201991558074951,0.6851048469543457,-0.0051906052976846695,-0.2914050817489624,-0.3213030695915222,-0.33500659465789795,-0.0609629862010479,-0.10261452943086624,1.301018476486206,1.6153239011764526,0.8203004598617554,0.8214216828346252,0.7768073081970215,1.3455063104629517,1.237239122390747,1.7495578527450562,-0.019818782806396484,-0.20123066008090973,0.32767486572265625
-0.3149929344654083,1.4054313898086548,0.41466057300567627,2.2019946575164795,0.6851320862770081,-0.005181027576327324,-0.2914036810398102,-0.3213033676147461,-0.3350061774253845,-0.06096456199884415,-0.10261163115501404,1.3010329008102417,1.6153253316879272,0.8202822804450989,0.8214192390441895,0.7768076062202454,1.3454984426498413,1.237229347229004,1.749558687210083,-0.0198129341006279,-0.2012300193309784,0.32768717408180237
-0.3149935007095337,1.4054256677627563,0.41466134786605835,2.2019975185394287,0.6851619482040405,-0.0051716407760977745,-0.29140207171440125,-0.32130348682403564,-0.33500561118125916,-0.06096581369638443,-0.10260812193155289,1.3010458946228027,1.6153268814086914,0.8202623128890991,0.8214170932769775,0.7768081426620483,1.3454904556274414,1.2372201681137085,1.7495598793029785,-0.019807029515504837,-0.20122922956943512,0.3276994824409485
-0.31499385833740234,1.4054197072982788,0.4146621823310852,2.202000856399536,0.6851850152015686,-0.005162742454558611,-0.2914009392261505,-0.3213038444519043,-0.3350053131580353,-0.06096745282411575,-0.10260606557130814,1.3010610342025757,1.6153278350830078,0.8202474117279053,0.821414589881897,0.7768088579177856,1.3454830646514893,1.237210988998413,1.7495591640472412,-0.01980171911418438,-0.20122872292995453,0.32771119475364685
-0.31499427556991577,1.405414342880249,0.41466277837753296,2.2020034790039062,0.6852149963378906,-0.005153966136276722,-0.29139935970306396,-0.3213038742542267,-0.33500468730926514,-0.06096842885017395,-0.1026025041937828,1.301073431968689,1.6153291463851929,0.8202275633811951,0.8214126825332642,0.7768102884292603,1.3454750776290894,1.237202525138855,1.7495596408843994,-0.019795963540673256,-0.20122785866260529,0.32772326469421387
-0.3149944543838501,1.4054086208343506,0.4146633744239807,2.2020068168640137,0.6852360963821411,-0.005145749542862177,-0.29139843583106995,-0.32130423188209534,-0.33500441908836365,-0.06096995249390602,-0.10260086506605148,1.301088571548462,1.615329623222351,0.8202142715454102,0.8214102387428284,0.7768120765686035,1.3454678058624268,1.2371940612792969,1.7495578527450562,-0.01979091577231884,-0.2012273669242859,0.3277346193790436
-0.3149946928024292,1.4054034948349,0.41466376185417175,2.202009439468384,0.6852638721466064,-0.005137636326253414,-0.2913970947265625,-0.3213042616844177,-0.3350038230419159,-0.06097083538770676,-0.10259778052568436,1.3011009693145752,1.6153305768966675,0.8201962113380432,0.8214084506034851,0.7768144607543945,1.3454599380493164,1.2371861934661865,1.7495572566986084,-0.01978544518351555,-0.20122653245925903,0.32774630188941956
-0.314994752407074,1.4053981304168701,0.41466420888900757,2.202012538909912,0.6852851510047913,-0.005129960831254721,-0.29139620065689087,-0.3213045299053192,-0.33500349521636963,-0.06097209453582764,-0.10259609669446945,1.3011152744293213,1.6153309345245361,0.8201829791069031,0.8214063048362732,0.7768169045448303,1.3454527854919434,1.2371784448623657,1.7495551109313965,-0.019780542701482773,-0.20122598111629486,0.3277573883533478
-0.31499484181404114,1.405393123626709,0.4146646559238434,2.2020153999328613,0.6853095889091492,-0.0051224129274487495,-0.2913950979709625,-0.3213046193122864,-0.3350030183792114,-0.06097299978137016,-0.10259371250867844,1.3011277914047241,1.6153314113616943,0.8201675415039062,0.8214044570922852,0.7768194079399109,1.3454455137252808,1.2371711730957031,1.7495535612106323,-0.01977553404867649,-0.20122526586055756,0.327768474817276
-0.3149948716163635,1.4053881168365479,0.41466525197029114,2.2020182609558105,0.6853321194648743,-0.005115104373544455,-0.29139411449432373,-0.3213047683238983,-0.335002601146698,-0.06097394600510597,-0.10259170085191727,1.301140308380127,1.6153316497802734,0.8201535940170288,0.8214026093482971,0.7768216133117676,1.3454385995864868,1.2371641397476196,1.7495516538619995,-0.01977081410586834,-0.2012246549129486,0.3277791738510132
-0.3149948716163635,1.4053832292556763,0.41466599702835083,2.2020211219787598,0.6853532791137695,-0.0051079983823001385,-0.2913931906223297,-0.32130494713783264,-0.33500224351882935,-0.06097490340471268,-0.1025899276137352,1.3011525869369507,1.615331768989563,0.8201407194137573,0.8214007616043091,0.7768233418464661,1.3454320430755615,1.2371573448181152,1.7495496273040771,-0.01976636052131653,-0.20122411847114563,0.32778945565223694
-0.3149949312210083,1.4053786993026733,0.4146668314933777,2.20202374458313,0.6853768229484558,-0.0051009864546358585,-0.291392058134079,-0.3213050067424774,-0.33500176668167114,-0.060975588858127594,-0.10258757323026657,1.3011631965637207,1.615332007408142,0.8201262354850769,0.8213991522789001,0.7768247127532959,1.3454256057739258,1.2371509075164795,1.749548316001892,-0.01976189948618412,-0.2012234777212143,0.32779955863952637
-0.3149949014186859,1.4053739309310913,0.41466784477233887,2.202026605606079,0.6853954792022705,-0.005094279069453478,-0.2913912534713745,-0.3213052451610565,-0.33500149846076965,-0.060976553708314896,-0.10258618742227554,1.3011748790740967,1.6153318881988525,0.820115327835083,0.8213973045349121,0.776825487613678,1.3454198837280273,1.2371444702148438,1.7495462894439697,-0.019757937639951706,-0.20122309029102325,0.3278089761734009
-0.3149949610233307,1.405369758605957,0.41466882824897766,2.20202898979187,0.6854188442230225,-0.005087629891932011,-0.2913901209831238,-0.3213052749633789,-0.33500102162361145,-0.06097707152366638,-0.10258369147777557,1.3011841773986816,1.6153321266174316,0.8201009631156921,0.8213959336280823,0.776826024055481,1.3454139232635498,1.2371385097503662,1.749545693397522,-0.019753750413656235,-0.2012224942445755,0.327818363904953
-0.3149948716163635,1.405365228652954,0.41466987133026123,2.2020316123962402,0.6854358315467834,-0.005081369541585445,-0.29138943552970886,-0.3213055431842804,-0.33500081300735474,-0.0609779879450798,-0.10258247703313828,1.3011950254440308,1.615332007408142,0.820091187953949,0.8213942050933838,0.7768262028694153,1.3454086780548096,1.2371324300765991,1.7495441436767578,-0.019750118255615234,-0.20122219622135162,0.32782694697380066
-0.31499484181404114,1.405361294746399,0.4146707057952881,2.202033758163452,0.6854576468467712,-0.005075204651802778,-0.2913883924484253,-0.32130560278892517,-0.3350003957748413,-0.060978442430496216,-0.10258010774850845,1.3012036085128784,1.6153322458267212,0.8200777769088745,0.8213930130004883,0.7768265604972839,1.3454031944274902,1.2371268272399902,1.7495441436767578,-0.019746186211705208,-0.20122167468070984,0.3278355002403259
-0.3149946630001068,1.4053571224212646,0.41467148065567017,2.202036142349243,0.6854736804962158,-0.005069443956017494,-0.29138776659965515,-0.32130587100982666,-0.335000216960907,-0.06097925454378128,-0.10257889330387115,1.3012136220932007,1.6153321266174316,0.8200684785842896,0.8213915228843689,0.7768268585205078,1.3453983068466187,1.2371211051940918,1.749543309211731,-0.01974271610379219,-0.20122140645980835,0.3278433084487915
-0.3149945139884949,1.405353307723999,0.41467204689979553,2.202038049697876,0.6854931712150574,-0.0050638336688280106,-0.2913869023323059,-0.3213059902191162,-0.3349998891353607,-0.06097972393035889,-0.1025768369436264,1.3012219667434692,1.6153323650360107,0.8200565576553345,0.8213904500007629,0.7768274545669556,1.345393180847168,1.237115740776062,1.74954354763031,-0.019739024341106415,-0.20122097432613373,0.3278510570526123
-0.3149942457675934,1.4053493738174438,0.41467252373695374,2.202040195465088,0.6855088472366333,-0.00505856703966856,-0.29138630628585815,-0.3213062286376953,-0.3349997103214264,-0.060980409383773804,-0.10257552564144135,1.3012311458587646,1.6153323650360107,0.8200473189353943,0.8213892579078674,0.7768282294273376,1.345388412475586,1.2371103763580322,1.749543309211731,-0.01973564550280571,-0.20122070610523224,0.32785823941230774
-0.3149939775466919,1.4053456783294678,0.4146728515625,2.2020418643951416,0.6855258941650391,-0.005053481552749872,-0.29138562083244324,-0.32130640745162964,-0.3349994421005249,-0.06098092347383499,-0.10257384181022644,1.301239252090454,1.6153326034545898,0.8200370073318481,0.8213882446289062,0.7768293023109436,1.345383644104004,1.2371052503585815,1.74954354763031,-0.019732218235731125,-0.2012203484773636,0.32786524295806885
-0.31499364972114563,1.4053419828414917,0.4146731495857239,2.2020435333251953,0.6855416297912598,-0.0050486302934587,-0.2913849949836731,-0.32130661606788635,-0.3349992334842682,-0.06098148599267006,-0.10257239639759064,1.3012473583221436,1.615332841873169,0.8200276494026184,0.8213872909545898,0.7768304944038391,1.345379114151001,1.2371002435684204,1.7495436668395996,-0.019728969782590866,-0.2012200504541397,0.3278718888759613
-0.314993292093277,1.4053384065628052,0.41467344760894775,2.202045202255249,0.6855567097663879,-0.0050439657643437386,-0.29138436913490295,-0.32130682468414307,-0.33499905467033386,-0.06098204851150513,-0.1025710478425026,1.301255226135254,1.615333080291748,0.8200188279151917,0.8213863372802734,0.7768317461013794,1.3453747034072876,1.2370953559875488,1.7495436668395996,-0.019725868478417397,-0.20121978223323822,0.3278782367706299
-0.3149929344654083,1.4053350687026978,0.414673775434494,2.2020466327667236,0.685572624206543,-0.005039427429437637,-0.29138365387916565,-0.321306973695755,-0.33499881625175476,-0.06098250672221184,-0.10256946831941605,1.301262378692627,1.6153334379196167,0.8200094103813171,0.8213855624198914,0.7768329977989197,1.3453704118728638,1.2370907068252563,1.7495439052581787,-0.019722824916243553,-0.20121946930885315,0.32788440585136414
-0.3149925470352173,1.4053316116333008,0.41467419266700745,2.2020483016967773,0.6855862140655518,-0.005035089794546366,-0.2913830578327179,-0.3213072121143341,-0.3349986672401428,-0.06098310649394989,-0.1025683656334877,1.3012698888778687,1.6153336763381958,0.8200017213821411,0.8213846683502197,0.7768341302871704,1.3453664779663086,1.2370861768722534,1.74954354763031,-0.019720084965229034,-0.20121926069259644,0.32789018750190735
-0.314992219209671,1.4053285121917725,0.41467463970184326,2.202049732208252,0.6856021881103516,-0.005030812229961157,-0.2913822531700134,-0.32130733132362366,-0.3349984288215637,-0.060983482748270035,-0.10256669670343399,1.3012760877609253,1.615334153175354,0.8199923038482666,0.8213840126991272,0.7768352031707764,1.3453624248504639,1.2370818853378296,1.7495436668395996,-0.01971728913486004,-0.20121894776821136,0.3278959393501282
-0.3149918019771576,1.4053252935409546,0.41467517614364624,2.2020514011383057,0.6856145858764648,-0.005026761908084154,-0.2913816571235657,-0.32130756974220276,-0.33499830961227417,-0.06098409369587898,-0.10256577283143997,1.3012832403182983,1.615334391593933,0.8199855089187622,0.8213831186294556,0.7768360376358032,1.3453588485717773,1.2370775938034058,1.7495429515838623,-0.01971486769616604,-0.20121879875659943,0.32790127396583557
-0.31499147415161133,1.4053224325180054,0.41467565298080444,2.202052593231201,0.6856302618980408,-0.005022746045142412,-0.2913808226585388,-0.32130762934684753,-0.3349980413913727,-0.06098439544439316,-0.10256408154964447,1.3012889623641968,1.6153348684310913,0.819976270198822,0.8213825821876526,0.7768369317054749,1.3453550338745117,1.2370736598968506,1.7495429515838623,-0.019712282344698906,-0.20121847093105316,0.32790666818618774
-0.3149910569190979,1.405319333076477,0.41467615962028503,2.202054262161255,0.6856414675712585,-0.005018988624215126,-0.29138028621673584,-0.32130786776542664,-0.3349979519844055,-0.060984984040260315,-0.10256330668926239,1.3012959957122803,1.6153349876403809,0.8199701905250549,0.8213817477226257,0.7768376469612122,1.3453516960144043,1.2370697259902954,1.7495418787002563,-0.019710084423422813,-0.2012183517217636,0.3279116451740265
-0.31499072909355164,1.405316710472107,0.4146765172481537,2.2020554542541504,0.6856564283370972,-0.005015262868255377,-0.29137948155403137,-0.3213079273700714,-0.33499768376350403,-0.060985222458839417,-0.10256164520978928,1.30130136013031,1.6153353452682495,0.8199612498283386,0.8213812708854675,0.776838481426239,1.3453481197357178,1.2370660305023193,1.7495416402816772,-0.01970764808356762,-0.20121802389621735,0.3279167413711548
-0.3149902820587158,1.4053138494491577,0.41467687487602234,2.202057123184204,0.6856665015220642,-0.005011808127164841,-0.29137903451919556,-0.3213081657886505,-0.33499762415885925,-0.06098577752709389,-0.10256098210811615,1.301308274269104,1.6153353452682495,0.8199557662010193,0.8213804960250854,0.7768391370773315,1.3453450202941895,1.2370623350143433,1.7495403289794922,-0.019705595448613167,-0.201217919588089,0.32792142033576965
-0.31498992443084717,1.4053114652633667,0.41467705368995667,2.2020583152770996,0.685680627822876,-0.005008363164961338,-0.29137831926345825,-0.3213081955909729,-0.33499735593795776,-0.060985952615737915,-0.10255935788154602,1.3013135194778442,1.6153357028961182,0.8199472427368164,0.8213801383972168,0.7768399715423584,1.3453415632247925,1.2370589971542358,1.7495399713516235,-0.019703252241015434,-0.20121759176254272,0.32792627811431885
-0.31498947739601135,1.4053088426589966,0.414677232503891,2.202059745788574,0.6856895089149475,-0.005005176644772291,-0.291377991437912,-0.321308434009552,-0.334997296333313,-0.0609864667057991,-0.10255877673625946,1.3013203144073486,1.6153355836868286,0.8199423551559448,0.8213794827461243,0.7768405675888062,1.3453385829925537,1.2370555400848389,1.7495386600494385,-0.019701305776834488,-0.20121748745441437,0.3279306888580322
-0.3149891197681427,1.4053065776824951,0.41467729210853577,2.2020609378814697,0.685702919960022,-0.005001962184906006,-0.29137736558914185,-0.321308434009552,-0.3349970281124115,-0.06098657846450806,-0.10255714505910873,1.3013253211975098,1.6153358221054077,0.8199341297149658,0.8213791847229004,0.7768412232398987,1.3453353643417358,1.2370524406433105,1.7495384216308594,-0.01969904638826847,-0.2012171596288681,0.3279353380203247
-0.3149886727333069,1.4053040742874146,0.41467738151550293,2.2020623683929443,0.6857107877731323,-0.00499898474663496,-0.29137712717056274,-0.3213086426258087,-0.3349969685077667,-0.06098706275224686,-0.10255663096904755,1.3013319969177246,1.6153357028961182,0.8199298977851868,0.8213785290718079,0.7768416404724121,1.3453326225280762,1.2370492219924927,1.7495371103286743,-0.019697222858667374,-0.20121708512306213,0.327939510345459
-0.3149883449077606,1.4053020477294922,0.41467738151550293,2.2020633220672607,0.6857238411903381,-0.004995929077267647,-0.291376531124115,-0.32130861282348633,-0.33499667048454285,-0.06098710373044014,-0.10255491733551025,1.301336407661438,1.6153359413146973,0.8199219107627869,0.8213783502578735,0.7768420577049255,1.3453295230865479,1.2370463609695435,1.7495369911193848,-0.01969505287706852,-0.20121675729751587,0.32794395089149475
-0.3149878978729248,1.4052996635437012,0.4146775007247925,2.2020647525787354,0.6857306957244873,-0.004993104841560125,-0.29137638211250305,-0.32130882143974304,-0.33499664068222046,-0.060987576842308044,-0.10255448520183563,1.3013427257537842,1.6153357028961182,0.8199183940887451,0.8213777542114258,0.7768421769142151,1.3453271389007568,1.2370433807373047,1.7495356798171997,-0.01969338208436966,-0.2012167125940323,0.32794785499572754
-0.3149876296520233,1.405297875404358,0.41467753052711487,2.2020654678344727,0.6857438087463379,-0.004990160930901766,-0.2913757860660553,-0.32130876183509827,-0.3349963128566742,-0.06098753586411476,-0.1025526225566864,1.3013464212417603,1.6153360605239868,0.8199103474617004,0.8213776350021362,0.7768423557281494,1.3453242778778076,1.2370407581329346,1.7495359182357788,-0.01969129778444767,-0.20121635496616364,0.3279520869255066
-0.3149872124195099,1.4052956104278564,0.4146777093410492,2.202066659927368,0.685749351978302,-0.004987487103790045,-0.29137569665908813,-0.32130900025367737,-0.3349963128566742,-0.060988038778305054,-0.10255233943462372,1.3013525009155273,1.6153358221054077,0.8199077844619751,0.8213769793510437,0.7768422365188599,1.3453221321105957,1.2370378971099854,1.7495346069335938,-0.019689805805683136,-0.20121634006500244,0.3279557228088379
-0.3149869740009308,1.4052940607070923,0.4146777391433716,2.2020671367645264,0.6857629418373108,-0.004984661005437374,-0.2913750410079956,-0.3213088810443878,-0.33499595522880554,-0.06098789721727371,-0.10255026817321777,1.3013553619384766,1.6153361797332764,0.8198994398117065,0.8213769793510437,0.7768423557281494,1.345319390296936,1.2370353937149048,1.7495352029800415,-0.01968776248395443,-0.2012159526348114,0.327959805727005
-0.31498655676841736,1.4052919149398804,0.4146779179573059,2.202068328857422,0.6857666373252869,-0.00498218322172761,-0.291375070810318,-0.3213091492652893,-0.3349960148334503,-0.06098847836256027,-0.10255029797554016,1.3013614416122437,1.6153358221054077,0.8198981881141663,0.8213762640953064,0.7768421769142151,1.3453176021575928,1.2370326519012451,1.749533772468567,-0.019686471670866013,-0.20121601223945618,0.32796308398246765
-0.31498637795448303,1.4052904844284058,0.4146778881549835,2.202068567276001,0.6857813000679016,-0.004979486111551523,-0.2913743257522583,-0.3213089406490326,-0.3349955976009369,-0.06098819151520729,-0.10254792869091034,1.3013633489608765,1.6153364181518555,0.8198890089988708,0.8213764429092407,0.7768424153327942,1.345314860343933,1.2370303869247437,1.7495348453521729,-0.01968439668416977,-0.20121555030345917,0.3279670178890228
-0.31498590111732483,1.4052882194519043,0.41467806696891785,2.2020699977874756,0.6857823133468628,-0.004977259784936905,-0.2913745045661926,-0.32130929827690125,-0.33499574661254883,-0.06098892167210579,-0.10254848748445511,1.3013699054718018,1.6153359413146973,0.8198896646499634,0.8213756084442139,0.7768424153327942,1.345313310623169,1.237027645111084,1.74953293800354,-0.019683340564370155,-0.2012157142162323,0.32796987891197205
-0.3149857819080353,1.4052871465682983,0.4146779477596283,2.2020699977874756,0.6857991218566895,-0.004974686075001955,-0.2913735806941986,-0.321308970451355,-0.33499521017074585,-0.0609884150326252,-0.1025456115603447,1.301370620727539,1.6153366565704346,0.8198788166046143,0.8213760256767273,0.7768430113792419,1.3453104496002197,1.2370257377624512,1.7495346069335938,-0.019681144505739212,-0.20121511816978455,0.32797372341156006
-0.3149852156639099,1.4052847623825073,0.4146781265735626,2.20207142829895,0.6857959032058716,-0.00497275497764349,-0.2913740277290344,-0.32130947709083557,-0.3349955379962921,-0.06098940968513489,-0.1025470420718193,1.3013782501220703,1.6153359413146973,0.8198823928833008,0.8213749527931213,0.7768431305885315,1.3453093767166138,1.2370229959487915,1.7495319843292236,-0.019680432975292206,-0.201215460896492,0.3279760777950287
-0.3149851858615875,1.40528404712677,0.4146779179573059,2.202070951461792,0.6858168244361877,-0.00497023668140173,-0.29137280583381653,-0.3213089406490326,-0.3349948227405548,-0.06098853796720505,-0.10254324227571487,1.3013771772384644,1.6153370141983032,0.8198684453964233,0.8213757276535034,0.7768439650535583,1.3453062772750854,1.2370214462280273,1.7495347261428833,-0.019677989184856415,-0.20121465623378754,0.3279799520969391
-0.314984530210495,1.4052813053131104,0.4146782159805298,2.202072858810425,0.685806930065155,-0.004968647845089436,-0.29137369990348816,-0.3213097155094147,-0.33499541878700256,-0.06099000200629234,-0.1025460958480835,1.301386833190918,1.6153358221054077,0.8198767900466919,0.8213741779327393,0.7768439054489136,1.3453058004379272,1.2370187044143677,1.7495306730270386,-0.019677838310599327,-0.20121529698371887,0.3279816210269928
-0.3149847090244293,1.4052813053131104,0.4146779179573059,2.2020716667175293,0.6858355402946472,-0.004966058302670717,-0.2913718819618225,-0.32130885124206543,-0.3349943459033966,-0.06098850071430206,-0.10254061967134476,1.3013825416564941,1.6153374910354614,0.8198571801185608,0.8213755488395691,0.7768449783325195,1.3453021049499512,1.2370176315307617,1.7495352029800415,-0.019674912095069885,-0.20121413469314575,0.3279857933521271
-0.3149838447570801,1.405277967453003,0.4146784543991089,2.2020745277404785,0.6858143210411072,-0.004964915104210377,-0.29137352108955383,-0.3213100731372833,-0.33499544858932495,-0.060990795493125916,-0.10254590213298798,1.3013958930969238,1.615335464477539,0.819873571395874,0.8213732242584229,0.7768445014953613,1.345302700996399,1.2370145320892334,1.7495287656784058,-0.019675683230161667,-0.20121529698371887,0.3279864490032196
-0.31498438119888306,1.4052790403366089,0.4146779775619507,2.2020723819732666,0.6858569383621216,-0.004962060134857893,-0.291370689868927,-0.32130858302116394,-0.33499377965927124,-0.06098819151520729,-0.1025373712182045,1.3013862371444702,1.6153382062911987,0.8198437094688416,0.8213756680488586,0.7768458127975464,1.345297932624817,1.2370141744613647,1.7495365142822266,-0.01967182569205761,-0.20121347904205322,0.3279913663864136
-0.3149831295013428,1.405274510383606,0.4146789014339447,2.2020769119262695,0.6858158111572266,-0.004961586557328701,-0.29137369990348816,-0.3213106393814087,-0.33499574661254883,-0.06099197641015053,-0.10254693031311035,1.3014062643051147,1.6153347492218018,0.8198744058609009,0.821371853351593,0.7768446207046509,1.345300316810608,1.2370104789733887,1.7495256662368774,-0.019674144685268402,-0.20121558010578156,0.32799044251441956
-0.3149842619895935,1.4052774906158447,0.41467800736427307,2.2020726203918457,0.6858843564987183,-0.004958127159625292,-0.2913690507411957,-0.32130804657936096,-0.3349929451942444,-0.060987357050180435,-0.1025327518582344,1.301387071609497,1.6153395175933838,0.8198256492614746,0.8213762640953064,0.7768465876579285,1.345293402671814,1.237011432647705,1.7495392560958862,-0.019668467342853546,-0.201212540268898,0.32799696922302246
-0.3149822950363159,1.4052705764770508,0.41467952728271484,2.2020797729492188,0.6858066916465759,-0.004958780016750097,-0.2913745641708374,-0.3213116228580475,-0.3349964916706085,-0.06099390611052513,-0.10255014896392822,1.301419734954834,1.6153333187103271,0.8198825716972351,0.8213697671890259,0.7768442630767822,1.3452990055084229,1.2370063066482544,1.7495204210281372,-0.019673530012369156,-0.20121634006500244,0.3279934525489807
-0.3149845004081726,1.405276894569397,0.41467782855033875,2.20207142829895,0.6859241127967834,-0.004954077769070864,-0.2913665175437927,-0.321306973695755,-0.33499154448509216,-0.060985516756772995,-0.10252534598112106,1.3013827800750732,1.6153417825698853,0.8197983503341675,0.8213778734207153,0.7768477201461792,1.3452879190444946,1.2370094060897827,1.7495449781417847,-0.019664328545331955,-0.20121100544929504,0.32800325751304626
-0.3149811029434204,1.4052654504776,0.4146804213523865,2.2020840644836426,0.6857779026031494,-0.004956744145601988,-0.2913767993450165,-0.32131344079971313,-0.33499807119369507,-0.060997266322374344,-0.1025574803352356,1.301439642906189,1.615330457687378,0.8199046850204468,0.8213663101196289,0.7768435478210449,1.3452993631362915,1.237001657485962,1.7495111227035522,-0.01967444270849228,-0.20121800899505615,0.3279950022697449
-0.31498533487319946,1.405278205871582,0.4146771728992462,2.202068328857422,0.6859886646270752,-0.004949552472680807,-0.2913622260093689,-0.3213048279285431,-0.334989070892334,-0.060981687158346176,-0.10251235961914062,1.301369071006775,1.615346074104309,0.8197526335716248,0.8213814496994019,0.7768499255180359,1.345280408859253,1.2370086908340454,1.749556541442871,-0.019658416509628296,-0.20120829343795776,0.3280112147331238
-0.3149791359901428,1.405258059501648,0.41468197107315063,2.2020912170410156,0.6857114434242249,-0.004955951124429703,-0.2913815677165985,-0.32131680846214294,-0.33500126004219055,-0.06100340932607651,-0.10257264226675034,1.3014723062515259,1.6153250932693481,0.8199533224105835,0.8213601112365723,0.7768421769142151,1.345302939414978,1.2369955778121948,1.7494937181472778,-0.019678140059113503,-0.20122140645980835,0.32799404859542847
-0.3149871826171875,1.4052830934524536,0.41467589139938354,2.2020609378814697,0.6861006617546082,-0.004943872801959515,-0.2913544476032257,-0.3213006556034088,-0.3349844515323639,-0.060974087566137314,-0.10248854011297226,1.3013375997543335,1.6153544187545776,0.8196713328361511,0.8213887214660645,0.7768542170524597,1.3452686071395874,1.2370102405548096,1.7495791912078857,-0.01964900642633438,-0.20120330154895782,0.32802271842956543
-0.31497570872306824,1.405246376991272,0.41468504071235657,2.2021031379699707,0.6855771541595459,-0.004957188386470079,-0.2913907766342163,-0.32132306694984436,-0.33500736951828003,-0.06101461127400398,-0.10260168462991714,1.3015284538269043,1.6153151988983154,0.8200491070747375,0.821349024772644,0.7768397331237793,1.3453121185302734,1.2369871139526367,1.7494620084762573,-0.01968679390847683,-0.20122796297073364,0.3279890716075897
-0.3149906098842621,1.405293583869934,0.4146741032600403,2.2020466327667236,0.6862866878509521,-0.004936191253364086,-0.29134082794189453,-0.32129329442977905,-0.33497652411460876,-0.060960471630096436,-0.10244682431221008,1.3012783527374268,1.615369439125061,0.8195323348045349,0.8214018940925598,0.7768624424934387,1.345249891281128,1.2370154857635498,1.749619722366333,-0.01963391900062561,-0.20119470357894897,0.3280407786369324
-0.3149799704551697,1.4052191972732544,0.41467714309692383,2.202110528945923,0.6853362321853638,-0.0049681286327540874,-0.2914164364337921,-0.32133960723876953,-0.3350229561328888,-0.061041515320539474,-0.10265838354825974,1.3015904426574707,1.6152918338775635,0.8204203248023987,0.8213225603103638,0.7768198847770691,1.3453073501586914,1.2369667291641235,1.7493906021118164,-0.019712725654244423,-0.20124459266662598,0.3279721438884735
-0.3150150775909424,1.4052889347076416,0.4146791696548462,2.2020113468170166,0.6864624619483948,-0.004935326054692268,-0.2913324534893036,-0.32129693031311035,-0.33497801423072815,-0.06096295267343521,-0.1024179458618164,1.3011525869369507,1.615374207496643,0.8197796940803528,0.8213967084884644,0.7767938375473022,1.3452062606811523,1.2370059490203857,1.7496222257614136,-0.01964966394007206,-0.2011980563402176,0.3280393183231354
-0.31502285599708557,1.405180811882019,0.41474804282188416,2.2020883560180664,0.6852518916130066,-0.004966882523149252,-0.291408509016037,-0.3213663101196289,-0.3350469172000885,-0.06108621880412102,-0.10271071642637253,1.3014940023422241,1.6152809858322144,0.8211257457733154,0.8212674260139465,0.7766252160072327,1.3453037738800049,1.236939787864685,1.7492786645889282,-0.019803987815976143,-0.2012767344713211,0.3279484510421753
-0.31507644057273865,1.405255675315857,0.41489118337631226,2.201993227005005,0.6864939332008362,-0.00490223104134202,-0.2912556529045105,-0.3213237226009369,-0.33500248193740845,-0.061014942824840546,-0.10246600955724716,1.3009790182113647,1.6153985261917114,0.8203575611114502,0.8213194608688354,0.7764423489570618,1.3452762365341187,1.2369931936264038,1.7494877576828003,-0.01980419270694256,-0.20123876631259918,0.3280300796031952
-0.3151129484176636,1.4051918983459473,0.41510874032974243,2.202033519744873,0.6859825849533081,-0.004887882620096207,-0.29121044278144836,-0.32136985659599304,-0.3350478708744049,-0.06110333651304245,-0.10263846069574356,1.3010623455047607,1.615390658378601,0.8210841417312622,0.8212074041366577,0.7761517763137817,1.3454077243804932,1.2369686365127563,1.749241828918457,-0.019987579435110092,-0.2013002336025238,0.3279995918273926
-0.3151650130748749,1.405188798904419,0.4153672456741333,2.2020156383514404,0.6863107085227966,-0.004848208744078875,-0.29107165336608887,-0.3213808536529541,-0.33505719900131226,-0.061129722744226456,-0.10263979434967041,1.300877571105957,1.6154638528823853,0.8210610151290894,0.8211507201194763,0.7758888602256775,1.3454971313476562,1.2369871139526367,1.7491698265075684,-0.020131168887019157,-0.2013244777917862,0.3280353844165802
-0.3152182996273041,1.4052112102508545,0.4156300127506256,2.201972246170044,0.6869907379150391,-0.004812336526811123,-0.29088911414146423,-0.32137855887413025,-0.3350522816181183,-0.06112990900874138,-0.1025770828127861,1.3006165027618408,1.6155744791030884,0.820684552192688,0.8211185932159424,0.7757072448730469,1.3455530405044556,1.2370240688323975,1.7491692304611206,-0.020254259929060936,-0.20133203268051147,0.32810235023498535
-0.31524085998535156,1.4051299095153809,0.41586408019065857,2.202028274536133,0.6863041520118713,-0.004848470911383629,-0.2908129394054413,-0.3214431405067444,-0.33511412143707275,-0.061243291944265366,-0.10283516347408295,1.3008860349655151,1.6155786514282227,0.8214108347892761,0.8209791779518127,0.7756129503250122,1.3456724882125854,1.2369968891143799,1.7488447427749634,-0.020475178956985474,-0.20140692591667175,0.3280789256095886
-0.3152720630168915,1.4051756858825684,0.4160352945327759,2.201960563659668,0.68723064661026,-0.004861669614911079,-0.2906137704849243,-0.3214302659034729,-0.3350963890552521,-0.06121310591697693,-0.10272974520921707,1.3006662130355835,1.6157128810882568,0.8206673264503479,0.820986807346344,0.7757294178009033,1.3456312417984009,1.2370439767837524,1.7489296197891235,-0.020536214113235474,-0.2013912796974182,0.3281663656234741
-0.3152657747268677,1.4051061868667603,0.41614004969596863,2.2020041942596436,0.6866223812103271,-0.0049569555558264256,-0.2905539572238922,-0.321490079164505,-0.33515143394470215,-0.06130493804812431,-0.1029747799038887,1.3010333776474,1.6157188415527344,0.8211681246757507,0.8208837509155273,0.7759571671485901,1.3456474542617798,1.2370145320892334,1.7486754655838013,-0.020686622709035873,-0.201447531580925,0.3281426429748535
-0.3152560293674469,1.4050809144973755,0.4161783456802368,2.20200514793396,0.686562716960907,-0.005056079011410475,-0.2904694080352783,-0.3215222954750061,-0.3351779878139496,-0.06134287640452385,-0.10309149324893951,1.3012466430664062,1.615764856338501,0.8211415410041809,0.8208420872688293,0.7763257026672363,1.3455828428268433,1.2370052337646484,1.7485898733139038,-0.020758941769599915,-0.20146852731704712,0.32814842462539673
-0.3152458369731903,1.4050801992416382,0.41617000102996826,2.2019832134246826,0.6868212819099426,-0.0051539186388254166,-0.2903793752193451,-0.3215382397174835,-0.33518800139427185,-0.061349451541900635,-0.10313030332326889,1.3013529777526855,1.615832805633545,0.8208138942718506,0.8208383917808533,0.7767663598060608,1.3454716205596924,1.2370039224624634,1.748617172241211,-0.020781435072422028,-0.20146912336349487,0.32816553115844727
-0.3152221441268921,1.4049921035766602,0.4161449670791626,2.2020483016967773,0.6859748363494873,-0.005283818114548922,-0.29039716720581055,-0.32160690426826477,-0.33525195717811584,-0.06144953519105911,-0.10341493040323257,1.301809310913086,1.615808367729187,0.8214395046234131,0.8207480907440186,0.7771618366241455,1.3454362154006958,1.2369427680969238,1.7484097480773926,-0.020883431658148766,-0.20152704417705536,0.3280945420265198
-0.31522688269615173,1.4050042629241943,0.4161226451396942,2.2020184993743896,0.6864744424819946,-0.005349314771592617,-0.29032084345817566,-0.321610689163208,-0.3352510333061218,-0.06143775209784508,-0.1033833846449852,1.3017369508743286,1.6158932447433472,0.820936381816864,0.8207694888114929,0.7775260210037231,1.345324158668518,1.236938238143921,1.7485543489456177,-0.02087731473147869,-0.20151770114898682,0.32810738682746887
-0.31523314118385315,1.404944896697998,0.4161265194416046,2.202061414718628,0.6861158609390259,-0.005416613072156906,-0.2903268337249756,-0.3216564655303955,-0.33529382944107056,-0.061504531651735306,-0.10354024916887283,1.3018850088119507,1.615908145904541,0.8212194442749023,0.8207141160964966,0.7777446508407593,1.345304250717163,1.2368861436843872,1.748510718345642,-0.02095271646976471,-0.20155863463878632,0.32805344462394714
-0.31525784730911255,1.404898762702942,0.416160523891449,2.202094316482544,0.6859910488128662,-0.005445659626275301,-0.2903248369693756,-0.32169148325920105,-0.3353269398212433,-0.06155703589320183,-0.10363462567329407,1.3018733263015747,1.6159422397613525,0.8213546872138977,0.820671558380127,0.7778390049934387,1.3453035354614258,1.2368395328521729,1.7485380172729492,-0.021023130044341087,-0.2015933245420456,0.32801344990730286
-0.3153049945831299,1.404900074005127,0.41621893644332886,2.2020833492279053,0.6865233182907104,-0.005424855276942253,-0.2902800142765045,-0.3216947317123413,-0.33532896637916565,-0.06155731528997421,-0.10356824100017548,1.301567792892456,1.6160287857055664,0.8209695816040039,0.8206785321235657,0.7778376340866089,1.3452867269515991,1.2368199825286865,1.7487356662750244,-0.021050354465842247,-0.2015983760356903,0.32802248001098633
-0.3153468370437622,1.4048243761062622,0.41629257798194885,2.2021493911743164,0.6860766410827637,-0.005417249631136656,-0.29032599925994873,-0.32174453139305115,-0.3353789448738098,-0.061641886830329895,-0.10371506214141846,1.3015611171722412,1.616031289100647,0.8214542865753174,0.8206018805503845,0.7777245044708252,1.345356822013855,1.2367515563964844,1.748705267906189,-0.021160399541258812,-0.20165687799453735,0.32797226309776306
-0.31540489196777344,1.4048219919204712,0.4163590669631958,2.2021448612213135,0.6865577101707458,-0.005367661826312542,-0.29030826687812805,-0.321747750043869,-0.3353821337223053,-0.06164408475160599,-0.1036369726061821,1.3012202978134155,1.6161037683486938,0.8211458921432495,0.8206055164337158,0.7776105999946594,1.3453630208969116,1.2367267608642578,1.7489075660705566,-0.021186815574765205,-0.20166592299938202,0.3280016779899597
-0.31545427441596985,1.4047884941101074,0.4164064824581146,2.2021708488464355,0.6865934133529663,-0.005332533270120621,-0.2903386950492859,-0.32177025079727173,-0.3354049324989319,-0.06167823076248169,-0.10364967584609985,1.3010519742965698,1.61613130569458,0.8212068676948547,0.8205782175064087,0.7774980068206787,1.3453878164291382,1.2366820573806763,1.7490068674087524,-0.021233737468719482,-0.2016948163509369,0.32801952958106995
-0.3154934346675873,1.4047380685806274,0.4164251983165741,2.2022125720977783,0.6863483786582947,-0.005313444416970015,-0.290402352809906,-0.32180365920066833,-0.33543860912323,-0.06172821670770645,-0.1037164032459259,1.3010205030441284,1.616126537322998,0.8214804530143738,0.8205359578132629,0.7774264812469482,1.3454093933105469,1.2366268634796143,1.7490394115447998,-0.021282542496919632,-0.2017330825328827,0.32804086804389954
-0.3155340254306793,1.4047443866729736,0.4164121448993683,2.202197790145874,0.6867645382881165,-0.005281779915094376,-0.2904191315174103,-0.3218023478984833,-0.3354366719722748,-0.061712928116321564,-0.1036224514245987,1.3008097410202026,1.6161671876907349,0.821147620677948,0.8205576539039612,0.7774421572685242,1.3453577756881714,1.236607551574707,1.7492293119430542,-0.02125559374690056,-0.20173071324825287,0.32813334465026855
-0.3155547082424164,1.4046885967254639,0.4163798391819,2.202242136001587,0.6863191723823547,-0.005289245862513781,-0.29050853848457336,-0.3218405544757843,-0.3354743421077728,-0.061763983219861984,-0.10372062027454376,1.3009495735168457,1.6161295175552368,0.8215222954750061,0.8205134272575378,0.7774907946586609,1.3453449010849,1.2365527153015137,1.7491999864578247,-0.021282801404595375,-0.2017683982849121,0.3281901776790619
-0.31557711958885193,1.4046751260757446,0.4163382053375244,2.2022438049316406,0.6863710284233093,-0.005286365747451782,-0.2905544638633728,-0.32185307145118713,-0.3354856073856354,-0.061767417937517166,-0.10370159894227982,1.3009597063064575,1.616127848625183,0.8214420676231384,0.8205134868621826,0.7775975465774536,1.3452829122543335,1.2365275621414185,1.7492759227752686,-0.021260496228933334,-0.20177648961544037,0.3283042907714844
-0.3155967593193054,1.404661774635315,0.41630467772483826,2.2022440433502197,0.6863991022109985,-0.005286333616822958,-0.2905944883823395,-0.3218659460544586,-0.33549702167510986,-0.06177081912755966,-0.10368841886520386,1.3010081052780151,1.616121768951416,0.8213685750961304,0.8205099105834961,0.7777182459831238,1.3452200889587402,1.236507534980774,1.749325156211853,-0.02124079130589962,-0.20178449153900146,0.3284350335597992
-0.31561046838760376,1.404615044593811,0.41629400849342346,2.2022759914398193,0.6859914660453796,-0.0052987365052104,-0.29065853357315063,-0.32189980149269104,-0.335529625415802,-0.061812084168195724,-0.10377831012010574,1.3012230396270752,1.6160796880722046,0.8216688632965088,0.8204647302627563,0.7778130173683167,1.345196008682251,1.2364726066589355,1.749245047569275,-0.02126544900238514,-0.2018158882856369,0.32854780554771423
-0.3156359791755676,1.4046214818954468,0.41631072759628296,2.202255964279175,0.6862726211547852,-0.005282156635075808,-0.29065293073654175,-0.32190021872520447,-0.3355284035205841,-0.061796367168426514,-0.10371367633342743,1.3011999130249023,1.6160959005355835,0.821381151676178,0.8204707503318787,0.7779003381729126,1.3451377153396606,1.2364758253097534,1.7493106126785278,-0.021246353164315224,-0.20181262493133545,0.32871484756469727
-0.31565651297569275,1.4045867919921875,0.4163586497306824,2.2022764682769775,0.6860391497612,-0.005277206189930439,-0.2906765341758728,-0.32192569971084595,-0.33555272221565247,-0.061827581375837326,-0.10377248376607895,1.3013501167297363,1.6160715818405151,0.821548342704773,0.8204269409179688,0.777934730052948,1.3451329469680786,1.236458659172058,1.749232292175293,-0.021283390000462532,-0.20183828473091125,0.3288443088531494
-0.31568142771720886,1.404567837715149,0.41642895340919495,2.202282428741455,0.686019241809845,-0.0052606272511184216,-0.29067227244377136,-0.32194045186042786,-0.33556637167930603,-0.06184261292219162,-0.10378646850585938,1.3014168739318848,1.6160664558410645,0.8215409517288208,0.8203965425491333,0.7779459953308105,1.3451273441314697,1.2364544868469238,1.7491945028305054,-0.02131318300962448,-0.20185384154319763,0.3289802372455597
-0.3157089948654175,1.4045672416687012,0.41651010513305664,2.2022719383239746,0.686236560344696,-0.005234821233898401,-0.2906419336795807,-0.3219427466392517,-0.33556753396987915,-0.061838019639253616,-0.10374898463487625,1.301392674446106,1.6160814762115479,0.8213338851928711,0.8203848600387573,0.7779495716094971,1.3451133966445923,1.236463189125061,1.7492109537124634,-0.021327825263142586,-0.20185668766498566,0.32911795377731323
-0.315726637840271,1.4045289754867554,0.41659119725227356,2.2022995948791504,0.6859634518623352,-0.0052284314297139645,-0.2906492054462433,-0.32196736335754395,-0.3355914354324341,-0.06187467277050018,-0.10382632166147232,1.3015340566635132,1.6160554885864258,0.8215494155883789,0.8203343152999878,0.7779391407966614,1.3451359272003174,1.2364486455917358,1.7491122484207153,-0.021380627527832985,-0.20188367366790771,0.3292011022567749
-0.3157464861869812,1.4045308828353882,0.4166580140590668,2.2022900581359863,0.6861868500709534,-0.005210598465055227,-0.2906169295310974,-0.321965754032135,-0.3355887830257416,-0.061866261065006256,-0.10378915816545486,1.3014991283416748,1.6160694360733032,0.8213298916816711,0.8203310370445251,0.7779622673988342,1.345118522644043,1.2364569902420044,1.749145746231079,-0.02138425223529339,-0.20188146829605103,0.329295814037323
-0.315756231546402,1.404510259628296,0.416705846786499,2.2023041248321533,0.6861000657081604,-0.0052105444483459,-0.2906138002872467,-0.32197698950767517,-0.33559921383857727,-0.06188149377703667,-0.10382261872291565,1.3015702962875366,1.616056203842163,0.8213700652122498,0.8203088641166687,0.7780003547668457,1.345115065574646,1.236448884010315,1.7491183280944824,-0.02140210196375847,-0.20189198851585388,0.3293435871601105
-0.3157598078250885,1.4044872522354126,0.4167323708534241,2.202322006225586,0.6859597563743591,-0.005219039041548967,-0.2906198501586914,-0.32198867201805115,-0.33561012148857117,-0.06189841404557228,-0.10386675596237183,1.3016557693481445,1.6160377264022827,0.8214495182037354,0.8202895522117615,0.7780605554580688,1.3451071977615356,1.236436128616333,1.7490936517715454,-0.021412726491689682,-0.20190180838108063,0.3293628990650177
-0.3157636523246765,1.404489517211914,0.41674014925956726,2.2023167610168457,0.6861235499382019,-0.005221626255661249,-0.2906053364276886,-0.32198366522789,-0.335604190826416,-0.061887096613645554,-0.10383870452642441,1.301626205444336,1.6160448789596558,0.821263313293457,0.8203021287918091,0.7781450152397156,1.3450723886489868,1.2364357709884644,1.749157190322876,-0.021389096975326538,-0.20189279317855835,0.3293810486793518
-0.31575942039489746,1.4044593572616577,0.41673845052719116,2.2023441791534424,0.6858590841293335,-0.005240305792540312,-0.2906288206577301,-0.3219982385635376,-0.3356182277202606,-0.06191197410225868,-0.10390778630971909,1.3017323017120361,1.6160186529159546,0.8214503526687622,0.820282518863678,0.7782148718833923,1.3450678586959839,1.2364130020141602,1.7491259574890137,-0.021396296098828316,-0.20190484821796417,0.3293498754501343
-0.3157602548599243,1.4044567346572876,0.4167332351207733,2.202345609664917,0.6859421730041504,-0.005245089530944824,-0.2906247079372406,-0.32199516892433167,-0.33561453223228455,-0.06190767511725426,-0.10389513522386551,1.3016986846923828,1.6160248517990112,0.8213459849357605,0.8202936053276062,0.77828049659729,1.3450435400009155,1.236405372619629,1.7491846084594727,-0.021375136449933052,-0.20189830660820007,0.329328715801239
-0.3157617151737213,1.404447078704834,0.4167328476905823,2.2023541927337646,0.6859354972839355,-0.00524849584326148,-0.2906269431114197,-0.3219963312149048,-0.33561527729034424,-0.06191302090883255,-0.10390219837427139,1.301676630973816,1.6160283088684082,0.8213323354721069,0.8202962279319763,0.7783160209655762,1.3450347185134888,1.2363924980163574,1.7492210865020752,-0.02136605605483055,-0.20189739763736725,0.3292917013168335
-0.3157641887664795,1.4044275283813477,0.4167414903640747,2.2023725509643555,0.6858029961585999,-0.005250588990747929,-0.2906371057033539,-0.3220038414001465,-0.335622638463974,-0.06193162500858307,-0.10393749177455902,1.3016806840896606,1.6160266399383545,0.8214415311813354,0.8202858567237854,0.7783156037330627,1.3450454473495483,1.2363733053207397,1.7492222785949707,-0.021374432370066643,-0.20190462470054626,0.32924145460128784
-0.3157741129398346,1.404434323310852,0.416758269071579,2.202364921569824,0.6860033273696899,-0.005235990975052118,-0.2906169593334198,-0.32199549674987793,-0.33561402559280396,-0.06192375347018242,-0.10389493405818939,1.30155611038208,1.6160575151443481,0.8212745785713196,0.820300817489624,0.778297483921051,1.3450419902801514,1.2363704442977905,1.7492977380752563,-0.021362440660595894,-0.2018958032131195,0.3292151093482971
-0.31578144431114197,1.4044172763824463,0.4167822003364563,2.2023801803588867,0.6858874559402466,-0.005228790920227766,-0.29061996936798096,-0.32200291752815247,-0.3356213867664337,-0.06194450706243515,-0.1039242371916771,1.3015382289886475,1.6160662174224854,0.8213872313499451,0.8202868700027466,0.778249979019165,1.345067024230957,1.2363532781600952,1.7492876052856445,-0.021382000297307968,-0.201904758810997,0.329170823097229
-0.31579217314720154,1.404417634010315,0.4168068468570709,2.202378034591675,0.6859750747680664,-0.00521364901214838,-0.29060426354408264,-0.32200056314468384,-0.3356187641620636,-0.06194792315363884,-0.10390498489141464,1.301455020904541,1.6160943508148193,0.8213238716125488,0.8202890157699585,0.7782037258148193,1.3450785875320435,1.2363473176956177,1.749319076538086,-0.021386992186307907,-0.20190325379371643,0.3291483223438263
-0.3158018887042999,1.4044196605682373,0.4168276786804199,2.20237398147583,0.6860554814338684,-0.005200364626944065,-0.2905881106853485,-0.3219984769821167,-0.33561626076698303,-0.0619509220123291,-0.10388556122779846,1.3013886213302612,1.6161227226257324,0.821260392665863,0.820290744304657,0.7781650424003601,1.345086932182312,1.2363425493240356,1.749341607093811,-0.02139151655137539,-0.2019015997648239,0.32913467288017273
-0.3158068060874939,1.4044090509414673,0.41684141755104065,2.2023818492889404,0.6859405040740967,-0.005197274964302778,-0.2905878722667694,-0.32200562953948975,-0.3356229066848755,-0.06196872144937515,-0.10390928387641907,1.3014109134674072,1.6161341667175293,0.8213549852371216,0.8202772736549377,0.7781375646591187,1.3451019525527954,1.236330270767212,1.7493104934692383,-0.02140846475958824,-0.20190906524658203,0.32911738753318787
-0.31581273674964905,1.4044207334518433,0.41684529185295105,2.2023680210113525,0.6860776543617249,-0.005189751740545034,-0.29056739807128906,-0.32200002670288086,-0.33561640977859497,-0.061962246894836426,-0.1038728728890419,1.3013676404953003,1.6161645650863647,0.8212192058563232,0.8202868700027466,0.778140127658844,1.3450901508331299,1.2363317012786865,1.7493364810943604,-0.02139943465590477,-0.20190170407295227,0.32912781834602356
-0.31581273674964905,1.4044148921966553,0.41684210300445557,2.20237135887146,0.685961902141571,-0.00519468542188406,-0.2905682325363159,-0.3220062553882599,-0.33562177419662476,-0.06197503209114075,-0.10389344394207001,1.301433801651001,1.61617112159729,0.8212909698486328,0.82027667760849,0.7781539559364319,1.3450883626937866,1.2363225221633911,1.74929678440094,-0.021406445652246475,-0.20190629363059998,0.3291292190551758
-0.3158125579357147,1.4044185876846313,0.4168342649936676,2.2023658752441406,0.6859468817710876,-0.005198447033762932,-0.29056113958358765,-0.3220071792602539,-0.3356216549873352,-0.06197710707783699,-0.10388992726802826,1.3014808893203735,1.616182804107666,0.8212685585021973,0.8202757835388184,0.7781834602355957,1.3450740575790405,1.2363194227218628,1.7492785453796387,-0.02140173129737377,-0.20190457999706268,0.32914483547210693
-0.31581249833106995,1.4044265747070312,0.4168265163898468,2.2023568153381348,0.6859775185585022,-0.0052009038627147675,-0.29055020213127136,-0.32200556993484497,-0.3356190025806427,-0.061973974108695984,-0.1038757786154747,1.3015214204788208,1.6161949634552002,0.8212048411369324,0.820278525352478,0.7782169580459595,1.3450548648834229,1.2363193035125732,1.749268651008606,-0.021392060443758965,-0.20190007984638214,0.3291686177253723
-0.31581056118011475,1.4044214487075806,0.4168238043785095,2.2023613452911377,0.6858401894569397,-0.005207405425608158,-0.29055255651474,-0.3220120072364807,-0.3356245756149292,-0.0619848370552063,-0.10390105098485947,1.3016228675842285,1.6161900758743286,0.8212898373603821,0.8202659487724304,0.7782376408576965,1.3450497388839722,1.2363115549087524,1.7492154836654663,-0.021397307515144348,-0.20190468430519104,0.3291831612586975
-0.3158130645751953,1.404433250427246,0.41682785749435425,2.20235013961792,0.6859293580055237,-0.005202942062169313,-0.29053571820259094,-0.32200732827186584,-0.3356190621852875,-0.06197632476687431,-0.10387510061264038,1.3016411066055298,1.6162011623382568,0.8211867213249207,0.8202706575393677,0.7782516479492188,1.3450331687927246,1.2363146543502808,1.7492161989212036,-0.021386319771409035,-0.201897993683815,0.32921409606933594
-0.3158148527145386,1.4044315814971924,0.416840523481369,2.20235276222229,0.6858615875244141,-0.0052001322619616985,-0.2905314266681671,-0.3220102787017822,-0.3356214761734009,-0.06198180839419365,-0.10388686507940292,1.3017061948776245,1.616196632385254,0.8212292790412903,0.820260226726532,0.7782438397407532,1.3450336456298828,1.2363097667694092,1.749178409576416,-0.02139132469892502,-0.2019004374742508,0.329232394695282
-0.3158189654350281,1.4044342041015625,0.41685962677001953,2.2023515701293945,0.6858676671981812,-0.005191406235098839,-0.2905213236808777,-0.3220095634460449,-0.3356204032897949,-0.06198138743638992,-0.1038830354809761,1.301735758781433,1.6161959171295166,0.8212181925773621,0.8202546238899231,0.7782239317893982,1.3450342416763306,1.2363076210021973,1.7491599321365356,-0.02139255963265896,-0.2018996924161911,0.32925280928611755
-0.3158246874809265,1.4044407606124878,0.41688206791877747,2.2023468017578125,0.6859426498413086,-0.005178032908588648,-0.29050663113594055,-0.32200536131858826,-0.33561593294143677,-0.061975203454494476,-0.10386458784341812,1.3017319440841675,1.6161986589431763,0.8211560249328613,0.8202542066574097,0.7781975865364075,1.3450335264205933,1.2363077402114868,1.7491613626480103,-0.021388961002230644,-0.20189568400382996,0.3292740285396576
-0.31582823395729065,1.4044349193572998,0.41690459847450256,2.2023541927337646,0.6858745813369751,-0.005168798379600048,-0.2905054986476898,-0.3220078945159912,-0.33561843633651733,-0.061981115490198135,-0.10388021171092987,1.3017709255218506,1.6161874532699585,0.8212231397628784,0.820242166519165,0.7781652212142944,1.3450442552566528,1.236299753189087,1.7491323947906494,-0.021396279335021973,-0.2018991857767105,0.3292806148529053
-0.31583327054977417,1.404441475868225,0.41692277789115906,2.2023494243621826,0.6859753727912903,-0.005154438316822052,-0.2904929220676422,-0.3220019042491913,-0.33561235666275024,-0.06197187304496765,-0.10385745018720627,1.3017460107803345,1.6161885261535645,0.8211467862129211,0.8202456831932068,0.7781442999839783,1.3450417518615723,1.2362985610961914,1.7491503953933716,-0.021387113258242607,-0.20189332962036133,0.32929468154907227
-0.31583505868911743,1.4044371843338013,0.41693517565727234,2.202354669570923,0.6859452128410339,-0.005146338604390621,-0.2904936969280243,-0.32200202345848083,-0.3356125056743622,-0.061973121017217636,-0.10386533290147781,1.3017644882202148,1.6161774396896362,0.8211836218833923,0.8202399611473083,0.7781298160552979,1.3450456857681274,1.2362898588180542,1.7491422891616821,-0.021385429427027702,-0.20189376175403595,0.3292956054210663
-0.3158358633518219,1.404435157775879,0.41694068908691406,2.202357053756714,0.6859498023986816,-0.005139283835887909,-0.29049399495124817,-0.32200029492378235,-0.3356107771396637,-0.06197063997387886,-0.10386539250612259,1.301769733428955,1.616168737411499,0.8211888670921326,0.8202390670776367,0.7781289219856262,1.3450437784194946,1.2362817525863647,1.7491481304168701,-0.0213775634765625,-0.2018917202949524,0.32929596304893494
-0.3158361315727234,1.4044365882873535,0.4169403314590454,2.202355146408081,0.686001181602478,-0.005132721271365881,-0.29049214720726013,-0.32199627161026,-0.3356066644191742,-0.06196366995573044,-0.10385476052761078,1.3017579317092896,1.616164207458496,0.8211516737937927,0.8202436566352844,0.7781404256820679,1.3450357913970947,1.23627507686615,1.7491698265075684,-0.021363448351621628,-0.20188680291175842,0.3292976915836334
-0.31583401560783386,1.4044283628463745,0.41693687438964844,2.202361822128296,0.6859326362609863,-0.005131779704242945,-0.2905009090900421,-0.3219982981681824,-0.33560866117477417,-0.061967022716999054,-0.10387198626995087,1.3017871379852295,1.6161508560180664,0.8212165832519531,0.8202390670776367,0.7781547904014587,1.3450348377227783,1.2362622022628784,1.7491649389266968,-0.02135842852294445,-0.20188818871974945,0.3292901813983917
-0.3158337473869324,1.4044303894042969,0.4169323146343231,2.202357769012451,0.6859971880912781,-0.0051269568502902985,-0.2904985845088959,-0.32199421525001526,-0.3356044292449951,-0.06195937097072601,-0.10385867208242416,1.3017680644989014,1.6161503791809082,0.8211658000946045,0.8202458024024963,0.7781753540039062,1.345024585723877,1.2362555265426636,1.749193549156189,-0.02134327031672001,-0.20188292860984802,0.329292356967926
-0.31583255529403687,1.4044245481491089,0.4169297218322754,2.2023606300354004,0.6859627962112427,-0.005125509575009346,-0.2905033826828003,-0.32199549674987793,-0.33560559153556824,-0.061961084604263306,-0.10386846959590912,1.3017815351486206,1.6161439418792725,0.8212006092071533,0.8202435970306396,0.7781898975372314,1.3450230360031128,1.2362442016601562,1.7491974830627441,-0.02133862115442753,-0.20188359916210175,0.3292887210845947
-0.3158327341079712,1.4044218063354492,0.4169301688671112,2.202359914779663,0.6859680414199829,-0.005122259259223938,-0.29050344228744507,-0.32199543714523315,-0.3356053829193115,-0.06196042150259018,-0.10386936366558075,1.3017792701721191,1.6161433458328247,0.8212015628814697,0.8202438354492188,0.7782001495361328,1.3450210094451904,1.2362351417541504,1.7492092847824097,-0.021333841606974602,-0.20188307762145996,0.32928967475891113
-0.31583428382873535,1.4044220447540283,0.41693392395973206,2.2023558616638184,0.6860110759735107,-0.005117247346788645,-0.2904987633228302,-0.3219941258430481,-0.33560386300086975,-0.06195749342441559,-0.10386166721582413,1.3017628192901611,1.6161482334136963,0.8211697936058044,0.8202462196350098,0.7782055139541626,1.3450186252593994,1.236228346824646,1.7492280006408691,-0.02132914401590824,-0.20188143849372864,0.32929542660713196
-0.31583523750305176,1.4044159650802612,0.41694048047065735,2.2023580074310303,0.6859685778617859,-0.005115058273077011,-0.2904997169971466,-0.3219974637031555,-0.33560702204704285,-0.06196267530322075,-0.10387372225522995,1.301776647567749,1.6161479949951172,0.8212108612060547,0.8202406764030457,0.7782034277915955,1.3450239896774292,1.2362180948257446,1.7492234706878662,-0.021334094926714897,-0.20188501477241516,0.3292972445487976
-0.3158378601074219,1.4044184684753418,0.4169476628303528,2.2023520469665527,0.6860300302505493,-0.0051097325049340725,-0.2904911935329437,-0.3219960331916809,-0.33560532331466675,-0.061959266662597656,-0.10386156290769577,1.3017561435699463,1.6161576509475708,0.821159839630127,0.8202436566352844,0.778203010559082,1.3450223207473755,1.2362134456634521,1.7492423057556152,-0.02133190631866455,-0.2018834799528122,0.32930827140808105
-0.3158389627933502,1.4044146537780762,0.41695427894592285,2.202352523803711,0.6860025525093079,-0.005108464974910021,-0.29048964381217957,-0.32199910283088684,-0.3356080949306488,-0.061963483691215515,-0.10386959463357925,1.3017702102661133,1.6161606311798096,0.8211823105812073,0.8202394247055054,0.7782011032104492,1.3450260162353516,1.2362052202224731,1.7492377758026123,-0.021337315440177917,-0.20188669860363007,0.3293144702911377
-0.3158400058746338,1.4044142961502075,0.4169585406780243,2.20235013961792,0.6860105991363525,-0.005107357632368803,-0.2904853820800781,-0.3220003843307495,-0.3356090486049652,-0.06196427717804909,-0.10386894643306732,1.3017760515213013,1.6161664724349976,0.8211702704429626,0.8202388882637024,0.7782042026519775,1.3450253009796143,1.2361992597579956,1.7492408752441406,-0.021338989958167076,-0.2018878161907196,0.32932403683662415
-0.3158404231071472,1.404415249824524,0.4169599115848541,2.2023472785949707,0.6860275268554688,-0.005107361823320389,-0.29048097133636475,-0.32200106978416443,-0.3356093764305115,-0.061963751912117004,-0.10386577248573303,1.3017828464508057,1.6161725521087646,0.8211469650268555,0.8202400207519531,0.7782123684883118,1.3450217247009277,1.236194133758545,1.7492454051971436,-0.021338526159524918,-0.2018880546092987,0.3293344974517822
-0.3158392310142517,1.4044116735458374,0.41695886850357056,2.2023494243621826,0.6859818696975708,-0.005110620986670256,-0.29048246145248413,-0.3220045864582062,-0.33561256527900696,-0.06196804717183113,-0.10387665778398514,1.301814317703247,1.6161726713180542,0.821175217628479,0.8202368021011353,0.7782224416732788,1.3450206518173218,1.2361863851547241,1.7492340803146362,-0.02134176343679428,-0.20189113914966583,0.32934021949768066
-0.31583863496780396,1.404414415359497,0.41695597767829895,2.202346086502075,0.6860142946243286,-0.0051117162220180035,-0.29047828912734985,-0.3220040202140808,-0.33561164140701294,-0.06196517497301102,-0.1038692519068718,1.3018195629119873,1.616178274154663,0.8211352229118347,0.82024085521698,0.7782368659973145,1.3450130224227905,1.236182689666748,1.7492412328720093,-0.02133742906153202,-0.2018897384405136,0.32935068011283875
-0.3158368170261383,1.4044113159179688,0.41695308685302734,2.2023491859436035,0.6859725713729858,-0.005115162115544081,-0.29048076272010803,-0.32200682163238525,-0.3356141746044159,-0.061968445777893066,-0.10387888550758362,1.3018498420715332,1.616176724433899,0.8211602568626404,0.8202389478683472,0.7782477140426636,1.3450106382369995,1.2361756563186646,1.7492295503616333,-0.021338755264878273,-0.20189203321933746,0.32935479283332825
-0.3158358335494995,1.404411792755127,0.4169512391090393,2.2023494243621826,0.6859801411628723,-0.005116068292409182,-0.29047954082489014,-0.3220069706439972,-0.3356141149997711,-0.06196745112538338,-0.1038772240281105,1.3018600940704346,1.6161783933639526,0.8211453557014465,0.8202411532402039,0.7782564163208008,1.345005989074707,1.2361711263656616,1.7492289543151855,-0.021336201578378677,-0.2018916755914688,0.32936108112335205
-0.3158351480960846,1.4044116735458374,0.4169515371322632,2.202350616455078,0.6859850883483887,-0.005115782842040062,-0.2904786765575409,-0.32200706005096436,-0.33561405539512634,-0.06196681037545204,-0.10387633740901947,1.3018673658370972,1.61617910861969,0.8211364150047302,0.8202428817749023,0.7782594561576843,1.345003366470337,1.2361665964126587,1.7492268085479736,-0.021334540098905563,-0.20189152657985687,0.32936590909957886
-0.31583449244499207,1.4044090509414673,0.4169543385505676,2.2023544311523438,0.6859639286994934,-0.005114986095577478,-0.29047995805740356,-0.32200825214385986,-0.3356151878833771,-0.0619686022400856,-0.10388167202472687,1.3018794059753418,1.616176962852478,0.8211539387702942,0.8202419877052307,0.7782557606697083,1.345004677772522,1.2361608743667603,1.7492173910140991,-0.021335871890187263,-0.20189286768436432,0.3293676972389221
-0.31583502888679504,1.404410719871521,0.4169590175151825,2.2023541927337646,0.6860027313232422,-0.0051109218038618565,-0.2904762923717499,-0.32200637459754944,-0.33561328053474426,-0.06196536496281624,-0.10387331247329712,1.3018666505813599,1.616179347038269,0.8211231231689453,0.8202457427978516,0.7782492637634277,1.345003604888916,1.2361581325531006,1.7492221593856812,-0.02133290469646454,-0.20189110934734344,0.32937273383140564
-0.31583482027053833,1.4044075012207031,0.4169650375843048,2.2023584842681885,0.6859819889068604,-0.005108129233121872,-0.29047754406929016,-0.3220072388648987,-0.3356142044067383,-0.06196725368499756,-0.10387874394655228,1.3018721342086792,1.6161763668060303,0.8211460709571838,0.820244312286377,0.7782381772994995,1.3450078964233398,1.2361526489257812,1.749212384223938,-0.02133508026599884,-0.20189246535301208,0.32937291264533997
-0.31583520770072937,1.4044080972671509,0.41697099804878235,2.2023589611053467,0.6860116720199585,-0.005103371571749449,-0.2904747724533081,-0.3220054805278778,-0.3356124758720398,-0.06196463853120804,-0.10387244075536728,1.301858901977539,1.6161772012710571,0.821126401424408,0.820247232913971,0.7782286405563354,1.3450088500976562,1.2361496686935425,1.7492154836654663,-0.021332774311304092,-0.20189101994037628,0.32937631011009216
-0.3158348798751831,1.4044067859649658,0.41697609424591064,2.2023608684539795,0.6860156655311584,-0.005099771078675985,-0.2904742658138275,-0.3220048248767853,-0.33561185002326965,-0.06196393817663193,-0.10387186706066132,1.3018549680709839,1.616175651550293,0.8211285471916199,0.8202482461929321,0.7782204747200012,1.3450111150741577,1.2361457347869873,1.7492130994796753,-0.02133183367550373,-0.20189067721366882,0.3293778896331787
-0.3158339560031891,1.404405117034912,0.41697967052459717,2.2023627758026123,0.6860121488571167,-0.005097059532999992,-0.2904745042324066,-0.32200443744659424,-0.3356114625930786,-0.0619635172188282,-0.10387273877859116,1.3018549680709839,1.6161733865737915,0.8211358189582825,0.8202490210533142,0.7782157063484192,1.3450127840042114,1.2361416816711426,1.7492098808288574,-0.021330513060092926,-0.20189043879508972,0.32937923073768616
-0.3158329725265503,1.4044058322906494,0.4169815182685852,2.202361822128296,0.6860362887382507,-0.005094174295663834,-0.29047253727912903,-0.3220026195049286,-0.3356095850467682,-0.0619603767991066,-0.10386692732572556,1.3018473386764526,1.6161733865737915,0.8211173415184021,0.8202524781227112,0.7782159447669983,1.3450113534927368,1.236139178276062,1.74921452999115,-0.02132595330476761,-0.20188847184181213,0.329382985830307
-0.3158309757709503,1.4044030904769897,0.4169822633266449,2.2023637294769287,0.6860128045082092,-0.005093620624393225,-0.2904743552207947,-0.3220030963420868,-0.3356100022792816,-0.0619611032307148,-0.10387185961008072,1.3018581867218018,1.6161695718765259,0.8211381435394287,0.8202521204948425,0.7782179713249207,1.3450123071670532,1.2361347675323486,1.7492083311080933,-0.02132469229400158,-0.20188884437084198,0.3293839693069458
-0.31582945585250854,1.4044040441513062,0.4169823229312897,2.202361583709717,0.6860340237617493,-0.005092001054435968,-0.29047220945358276,-0.32200145721435547,-0.33560824394226074,-0.061957914382219315,-0.10386630147695541,1.3018549680709839,1.6161699295043945,0.8211188912391663,0.8202555179595947,0.7782233953475952,1.345009446144104,1.2361328601837158,1.7492135763168335,-0.021319571882486343,-0.20188680291175842,0.32938870787620544
-0.31582751870155334,1.4044023752212524,0.4169827103614807,2.202361583709717,0.6860196590423584,-0.005091781262308359,-0.29047253727912903,-0.3220016658306122,-0.3356083333492279,-0.06195790320634842,-0.10386890172958374,1.3018649816513062,1.6161677837371826,0.821129560470581,0.820255696773529,0.7782279253005981,1.345009207725525,1.2361295223236084,1.7492103576660156,-0.02131774090230465,-0.20188672840595245,0.3293914198875427
-0.31582608819007874,1.4044021368026733,0.41698387265205383,2.202360153198242,0.6860219240188599,-0.005090906284749508,-0.2904709577560425,-0.32200121879577637,-0.33560773730278015,-0.061956729739904404,-0.10386772453784943,1.3018693923950195,1.616167664527893,0.8211257457733154,0.8202568292617798,0.7782318592071533,1.3450082540512085,1.2361273765563965,1.749211072921753,-0.021315285935997963,-0.20188598334789276,0.3293956220149994
-0.31582513451576233,1.4044023752212524,0.4169861674308777,2.2023580074310303,0.6860308051109314,-0.005089564714580774,-0.29046833515167236,-0.3220006227493286,-0.33560696244239807,-0.06195534020662308,-0.10386516153812408,1.3018710613250732,1.6161686182022095,0.8211165070533752,0.8202579617500305,0.7782340049743652,1.3450074195861816,1.2361258268356323,1.7492129802703857,-0.021313227713108063,-0.2018851488828659,0.3294003903865814
-0.3158242702484131,1.4044008255004883,0.4169895648956299,2.202357530593872,0.6860176920890808,-0.005088724195957184,-0.29046714305877686,-0.32200124859809875,-0.3356074392795563,-0.06195620447397232,-0.10386785864830017,1.3018798828125,1.6161682605743408,0.8211267590522766,0.820256769657135,0.7782334089279175,1.3450088500976562,1.2361234426498413,1.7492090463638306,-0.02131388708949089,-0.20188571512699127,0.32940343022346497
-0.3158242106437683,1.4044018983840942,0.4169934391975403,2.202354669570923,0.686039388179779,-0.005086539778858423,-0.2904629111289978,-0.32200029492378235,-0.33560633659362793,-0.06195438280701637,-0.1038627102971077,1.301876187324524,1.61617112159729,0.8211073875427246,0.8202581405639648,0.7782324552536011,1.3450082540512085,1.236122965812683,1.7492133378982544,-0.021312320604920387,-0.20188464224338531,0.3294084966182709
-0.31582385301589966,1.4044002294540405,0.41699740290641785,2.202354669570923,0.6860263347625732,-0.005085574928671122,-0.29046159982681274,-0.3220011293888092,-0.33560702204704285,-0.0619557648897171,-0.10386575758457184,1.301884412765503,1.61617112159729,0.821118175983429,0.8202563524246216,0.7782298922538757,1.3450100421905518,1.2361209392547607,1.749208927154541,-0.021313918754458427,-0.20188550651073456,0.32941046357154846
-0.3158239722251892,1.4044007062911987,0.4170006513595581,2.202353000640869,0.6860408782958984,-0.005083857569843531,-0.2904583215713501,-0.322000652551651,-0.3356063961982727,-0.06195487454533577,-0.10386256128549576,1.3018829822540283,1.6161733865737915,0.8211050629615784,0.8202568888664246,0.778228759765625,1.3450095653533936,1.236120343208313,1.7492111921310425,-0.021313153207302094,-0.2018849104642868,0.3294135332107544
-0.31582385301589966,1.4043998718261719,0.4170028567314148,2.202353000640869,0.6860398054122925,-0.005082990042865276,-0.2904568016529083,-0.3220009207725525,-0.33560654520988464,-0.06195535138249397,-0.10386308282613754,1.3018872737884521,1.6161742210388184,0.8211053013801575,0.8202561736106873,0.7782283425331116,1.345009446144104,1.236119031906128,1.7492097616195679,-0.021313324570655823,-0.20188507437705994,0.32941457629203796
-0.31582364439964294,1.404399037361145,0.417003870010376,2.2023534774780273,0.686037540435791,-0.005082490388303995,-0.2904559075832367,-0.32200121879577637,-0.33560672402381897,-0.06195589900016785,-0.10386394709348679,1.3018922805786133,1.616174578666687,0.8211063146591187,0.8202555179595947,0.7782293558120728,1.3450087308883667,1.2361177206039429,1.7492082118988037,-0.02131311409175396,-0.2018851935863495,0.32941463589668274
-0.31582358479499817,1.4043991565704346,0.4170037806034088,2.2023532390594482,0.6860485076904297,-0.005081778392195702,-0.2904544770717621,-0.3220008313655853,-0.3356062173843384,-0.0619552806019783,-0.10386180877685547,1.3018927574157715,1.6161757707595825,0.8210958242416382,0.8202561736106873,0.7782318592071533,1.3450064659118652,1.2361170053482056,1.749210000038147,-0.021311387419700623,-0.20188453793525696,0.3294147849082947
-0.3158232271671295,1.4043974876403809,0.4170030951499939,2.202355146408081,0.6860361695289612,-0.005081947892904282,-0.2904553711414337,-0.322001576423645,-0.3356068432331085,-0.06195667386054993,-0.1038651168346405,1.3019012212753296,1.6161746978759766,0.8211057186126709,0.820254921913147,0.7782338857650757,1.3450055122375488,1.2361152172088623,1.7492061853408813,-0.02131134457886219,-0.20188505947589874,0.3294126093387604
-0.31582334637641907,1.4043978452682495,0.4170021712779999,2.202355146408081,0.6860506534576416,-0.005081091541796923,-0.29045435786247253,-0.32200098037719727,-0.3356061577796936,-0.061955805867910385,-0.10386227816343307,1.301899790763855,1.616175651550293,0.821092963218689,0.8202558755874634,0.7782362699508667,1.3450026512145996,1.2361146211624146,1.749208927154541,-0.02130907215178013,-0.2018841803073883,0.3294118642807007
-0.3158233165740967,1.4043962955474854,0.4170015752315521,2.202357292175293,0.6860421299934387,-0.005080769769847393,-0.2904553711414337,-0.32200151681900024,-0.3356066048145294,-0.06195700541138649,-0.10386479645967484,1.301905632019043,1.616174578666687,0.8211007714271545,0.8202547430992126,0.7782366275787354,1.3450018167495728,1.2361129522323608,1.7492059469223022,-0.021308915689587593,-0.20188456773757935,0.32940930128097534
-0.3158237636089325,1.4043960571289062,0.4170014560222626,2.2023582458496094,0.6860511898994446,-0.005079512484371662,-0.2904549539089203,-0.322001188993454,-0.3356062173843384,-0.061956800520420074,-0.10386329889297485,1.301904559135437,1.6161749362945557,0.8210942149162292,0.820254921913147,0.778235912322998,1.3450002670288086,1.236112117767334,1.7492070198059082,-0.021307654678821564,-0.20188412070274353,0.32940801978111267
-0.31582432985305786,1.4043954610824585,0.4170019328594208,2.202359676361084,0.6860546469688416,-0.005078131798654795,-0.2904549539089203,-0.3220011591911316,-0.3356061577796936,-0.061957161873579025,-0.10386308282613754,1.3019047975540161,1.6161748170852661,0.8210930824279785,0.8202544450759888,0.7782334685325623,1.3449995517730713,1.236111044883728,1.7492066621780396,-0.021307216957211494,-0.20188406109809875,0.32940661907196045
-0.315824955701828,1.4043946266174316,0.4170028865337372,2.2023611068725586,0.6860549449920654,-0.00507664168253541,-0.2904551327228546,-0.32200130820274353,-0.33560624718666077,-0.06195783615112305,-0.10386356711387634,1.301905870437622,1.6161744594573975,0.8210950493812561,0.8202535510063171,0.7782299518585205,1.3449994325637817,1.2361098527908325,1.749205470085144,-0.021307308226823807,-0.2018842250108719,0.32940545678138733
-0.31582579016685486,1.4043948650360107,0.41700392961502075,2.2023613452911377,0.6860676407814026,-0.005074655637145042,-0.2904542088508606,-0.3220008313655853,-0.3356057405471802,-0.06195741891860962,-0.10386110842227936,1.3019026517868042,1.6161751747131348,0.8210862874984741,0.8202536702156067,0.7782265543937683,1.3449985980987549,1.2361093759536743,1.7492072582244873,-0.021306471899151802,-0.20188374817371368,0.3294057846069336
-0.31582632660865784,1.4043937921524048,0.41700485348701477,2.2023627758026123,0.6860620975494385,-0.005073380656540394,-0.2904547452926636,-0.32200124859809875,-0.3356061279773712,-0.06195848062634468,-0.10386273264884949,1.3019062280654907,1.6161744594573975,0.8210928440093994,0.8202522993087769,0.7782230973243713,1.3449989557266235,1.2361080646514893,1.7492047548294067,-0.02130705676972866,-0.2018842101097107,0.3294055163860321
-0.31582698225975037,1.404394268989563,0.4170052707195282,2.202362537384033,0.6860749125480652,-0.005071684718132019,-0.29045379161834717,-0.32200074195861816,-0.33560556173324585,-0.06195782870054245,-0.10385999828577042,1.3019039630889893,1.6161751747131348,0.8210830092430115,0.8202525973320007,0.7782214283943176,1.344997763633728,1.2361077070236206,1.7492070198059082,-0.021305888891220093,-0.20188362896442413,0.3294072151184082
-0.3158271908760071,1.4043934345245361,0.41700518131256104,2.2023632526397705,0.6860696077346802,-0.005070882849395275,-0.29045435786247253,-0.3220010995864868,-0.3356058597564697,-0.06195858493447304,-0.10386132448911667,1.3019087314605713,1.6161744594573975,0.8210880756378174,0.8202515244483948,0.7782207131385803,1.344997525215149,1.236106514930725,1.7492051124572754,-0.02130591869354248,-0.20188391208648682,0.3294082581996918
-0.3158273696899414,1.4043935537338257,0.4170045554637909,2.2023630142211914,0.6860754489898682,-0.005069955717772245,-0.29045403003692627,-0.3220008909702301,-0.33560556173324585,-0.061958253383636475,-0.10385998338460922,1.301910161972046,1.6161746978759766,0.8210829496383667,0.8202515244483948,0.7782217860221863,1.3449960947036743,1.2361059188842773,1.7492061853408813,-0.021304761990904808,-0.20188353955745697,0.3294106125831604
-0.315827339887619,1.404393196105957,0.4170036017894745,2.2023630142211914,0.6860752105712891,-0.005069423001259565,-0.2904541790485382,-0.3220009505748749,-0.33560556173324585,-0.061958350241184235,-0.10385998338460922,1.3019139766693115,1.6161744594573975,0.8210826516151428,0.8202511072158813,0.7782236337661743,1.3449949026107788,1.2361050844192505,1.7492059469223022,-0.021303944289684296,-0.2018834352493286,0.32941293716430664
-0.31582722067832947,1.4043927192687988,0.4170025885105133,2.2023630142211914,0.6860733032226562,-0.005069026257842779,-0.2904544472694397,-0.3220010995864868,-0.3356056213378906,-0.06195855140686035,-0.10386035591363907,1.3019182682037354,1.6161741018295288,0.821083664894104,0.8202506303787231,0.7782258987426758,1.3449938297271729,1.236104130744934,1.7492053508758545,-0.021303236484527588,-0.20188340544700623,0.32941538095474243
-0.31582722067832947,1.4043928384780884,0.41700175404548645,2.202362298965454,0.6860790252685547,-0.0050683338195085526,-0.29045403003692627,-0.3220008611679077,-0.33560532331466675,-0.061958108097314835,-0.10385898500680923,1.3019194602966309,1.6161744594573975,0.8210782408714294,0.8202508091926575,0.7782282829284668,1.3449923992156982,1.2361035346984863,1.7492066621780396,-0.021302009001374245,-0.2018829882144928,0.329418420791626
-0.3158271014690399,1.4043920040130615,0.41700130701065063,2.202362537384033,0.6860736608505249,-0.005067925900220871,-0.2904544770717621,-0.322001188993454,-0.33560559153556824,-0.0619586780667305,-0.10386024415493011,1.3019238710403442,1.6161739826202393,0.8210828304290771,0.8202499747276306,0.7782297134399414,1.3449920415878296,1.2361024618148804,1.749205231666565,-0.021301915869116783,-0.2018832117319107,0.3294205665588379
-0.31582725048065186,1.4043922424316406,0.41700121760368347,2.202361583709717,0.6860824227333069,-0.005066905170679092,-0.29045370221138,-0.3220008313655853,-0.3356051743030548,-0.06195809319615364,-0.10385829955339432,1.3019225597381592,1.6161746978759766,0.8210756182670593,0.8202503323554993,0.7782307863235474,1.3449910879135132,1.2361021041870117,1.7492072582244873,-0.021300876513123512,-0.2018827497959137,0.3294234871864319
-0.31582728028297424,1.4043914079666138,0.41700151562690735,2.202361822128296,0.6860784292221069,-0.005066228564828634,-0.2904539704322815,-0.3220010995864868,-0.3356054127216339,-0.061958666890859604,-0.10385937243700027,1.3019250631332397,1.616174340248108,0.8210798501968384,0.8202495574951172,0.7782307267189026,1.3449913263320923,1.2361011505126953,1.7492061853408813,-0.021301083266735077,-0.201883003115654,0.3294251263141632
-0.31582748889923096,1.4043914079666138,0.41700196266174316,2.2023613452911377,0.6860857605934143,-0.005065134726464748,-0.29045331478118896,-0.3220008313655853,-0.33560511469841003,-0.06195830553770065,-0.10385789722204208,1.3019230365753174,1.6161749362945557,0.8210745453834534,0.8202497363090515,0.7782305479049683,1.3449909687042236,1.236100673675537,1.749207854270935,-0.021300459280610085,-0.20188269019126892,0.3294271230697632
-0.3158275783061981,1.404390811920166,0.417002409696579,2.202361583709717,0.6860856413841248,-0.005064348690211773,-0.29045334458351135,-0.3220009207725525,-0.3356051743030548,-0.061958592385053635,-0.10385817289352417,1.3019232749938965,1.6161749362945557,0.8210757374763489,0.8202493786811829,0.7782300114631653,1.3449910879135132,1.2360998392105103,1.7492077350616455,-0.021300453692674637,-0.20188277959823608,0.32942813634872437
-0.3158276677131653,1.4043903350830078,0.41700270771980286,2.202361583709717,0.6860883235931396,-0.005063587334007025,-0.2904532551765442,-0.3220008611679077,-0.33560508489608765,-0.061958614736795425,-0.10385782271623611,1.3019224405288696,1.6161750555038452,0.8210744261741638,0.8202493786811829,0.7782297730445862,1.3449909687042236,1.2360992431640625,1.7492084503173828,-0.02130012959241867,-0.20188270509243011,0.32942891120910645
-0.31582769751548767,1.4043899774551392,0.41700273752212524,2.202361822128296,0.6860917210578918,-0.005062957759946585,-0.2904531955718994,-0.32200077176094055,-0.3356049656867981,-0.06195853650569916,-0.10385729372501373,1.3019214868545532,1.6161751747131348,0.8210722208023071,0.8202495574951172,0.7782298922538757,1.344990611076355,1.2360986471176147,1.7492094039916992,-0.02129961922764778,-0.20188255608081818,0.32942938804626465
-0.3158275783061981,1.4043892621994019,0.4170025587081909,2.202362537384033,0.6860896944999695,-0.005062673706561327,-0.29045364260673523,-0.3220009207725525,-0.33560508489608765,-0.06195888668298721,-0.10385800898075104,1.3019225597381592,1.6161748170852661,0.8210744261741638,0.8202493786811829,0.7782301902770996,1.3449903726577759,1.236097812652588,1.7492090463638306,-0.021299436688423157,-0.20188267529010773,0.32942917943000793
-0.31582751870155334,1.4043891429901123,0.41700223088264465,2.202362537384033,0.6860949993133545,-0.005062266252934933,-0.2904535233974457,-0.3220007121562958,-0.33560484647750854,-0.06195857748389244,-0.10385701805353165,1.3019213676452637,1.6161750555038452,0.8210700750350952,0.8202498555183411,0.7782309651374817,1.344989538192749,1.2360974550247192,1.7492104768753052,-0.021298587322235107,-0.20188239216804504,0.3294292688369751
-0.31582731008529663,1.4043883085250854,0.4170019328594208,2.2023634910583496,0.6860908269882202,-0.005062257405370474,-0.2904541790485382,-0.32200098037719727,-0.33560508489608765,-0.061959076672792435,-0.10385819524526596,1.3019236326217651,1.6161744594573975,0.8210737109184265,0.8202495574951172,0.7782313823699951,1.34498929977417,1.2360966205596924,1.7492095232009888,-0.021298542618751526,-0.20188261568546295,0.32942861318588257
-0.31582725048065186,1.4043883085250854,0.41700175404548645,2.2023637294769287,0.6860961318016052,-0.005061935167759657,-0.2904539704322815,-0.32200080156326294,-0.33560487627983093,-0.06195877119898796,-0.10385716706514359,1.3019225597381592,1.6161746978759766,0.821069061756134,0.8202500343322754,0.7782319188117981,1.344988465309143,1.2360963821411133,1.7492107152938843,-0.021297812461853027,-0.20188236236572266,0.32942864298820496
-0.3158271312713623,1.4043875932693481,0.4170018434524536,2.202364444732666,0.6860929131507874,-0.005061877425760031,-0.2904543876647949,-0.32200103998184204,-0.33560511469841003,-0.06195922940969467,-0.1038581132888794,1.3019245862960815,1.616174340248108,0.8210718035697937,0.8202497363090515,0.7782317996025085,1.3449883460998535,1.2360957860946655,1.7492096424102783,-0.021297946572303772,-0.20188260078430176,0.32942816615104675
-0.3158271610736847,1.4043874740600586,0.4170021712779999,2.202364683151245,0.6860967874526978,-0.005061527248471975,-0.29045408964157104,-0.32200098037719727,-0.33560502529144287,-0.06195910647511482,-0.10385740548372269,1.3019241094589233,1.616174578666687,0.8210684657096863,0.8202499747276306,0.7782315015792847,1.3449878692626953,1.2360955476760864,1.7492101192474365,-0.02129765972495079,-0.2018824964761734,0.3294283449649811
-0.3158271610736847,1.4043869972229004,0.41700273752212524,2.2023651599884033,0.6860961318016052,-0.0050612930208444595,-0.29045405983924866,-0.3220011293888092,-0.3356051743030548,-0.061959389597177505,-0.10385772585868835,1.3019251823425293,1.616174578666687,0.821069061756134,0.8202497959136963,0.7782307863235474,1.3449878692626953,1.2360951900482178,1.7492092847824097,-0.021297883242368698,-0.20188266038894653,0.32942837476730347
-0.3158271908760071,1.4043867588043213,0.4170033931732178,2.2023653984069824,0.6860976219177246,-0.005060974508523941,-0.29045379161834717,-0.322001188993454,-0.3356052041053772,-0.061959490180015564,-0.10385752469301224,1.301925539970398,1.6161748170852661,0.8210678100585938,0.8202497959136963,0.7782300710678101,1.3449877500534058,1.2360949516296387,1.7492088079452515,-0.021298004314303398,-0.2018827348947525,0.3294287621974945
-0.31582722067832947,1.4043865203857422,0.4170040190219879,2.2023656368255615,0.6860994100570679,-0.005060669034719467,-0.2904534637928009,-0.32200124859809875,-0.3356052339076996,-0.06195954605937004,-0.10385723412036896,1.3019258975982666,1.6161750555038452,0.8210662007331848,0.8202497959136963,0.7782294750213623,1.3449876308441162,1.2360948324203491,1.7492083311080933,-0.021298101171851158,-0.20188277959823608,0.3294293284416199
-0.3158271610736847,1.4043861627578735,0.4170045256614685,2.2023658752441406,0.6860983371734619,-0.0050605060532689095,-0.29045337438583374,-0.3220014274120331,-0.3356053829193115,-0.061959803104400635,-0.10385754704475403,1.3019274473190308,1.6161751747131348,0.8210669755935669,0.820249617099762,0.7782290577888489,1.3449876308441162,1.23609459400177,1.7492072582244873,-0.021298358216881752,-0.2018829584121704,0.32942986488342285
-0.3158271312713623,1.4043861627578735,0.41700485348701477,2.2023656368255615,0.6861014366149902,-0.005060255061835051,-0.2904529571533203,-0.3220013678073883,-0.33560529351234436,-0.0619596466422081,-0.10385686904191971,1.3019276857376099,1.6161755323410034,0.8210640549659729,0.8202497959136963,0.7782291769981384,1.344987154006958,1.2360944747924805,1.7492072582244873,-0.021298155188560486,-0.20188286900520325,0.32943078875541687
-0.315826952457428,1.4043856859207153,0.4170049726963043,2.2023658752441406,0.6860986948013306,-0.0050602569244802,-0.29045307636260986,-0.322001576423645,-0.3356054723262787,-0.06195994094014168,-0.10385750979185104,1.3019299507141113,1.6161754131317139,0.82106614112854,0.8202495574951172,0.7782294750213623,1.3449870347976685,1.2360941171646118,1.7492059469223022,-0.021298309788107872,-0.20188306272029877,0.32943132519721985
-0.3158268332481384,1.4043858051300049,0.41700494289398193,2.2023656368255615,0.6861021518707275,-0.005060065072029829,-0.2904527187347412,-0.32200145721435547,-0.33560532331466675,-0.061959654092788696,-0.10385669767856598,1.3019300699234009,1.6161757707595825,0.8210628628730774,0.8202498555183411,0.7782301902770996,1.3449864387512207,1.2360939979553223,1.749206304550171,-0.021297849714756012,-0.20188288390636444,0.32943227887153625
-0.3158265948295593,1.4043853282928467,0.41700488328933716,2.2023658752441406,0.6860991716384888,-0.0050600795075297356,-0.2904529273509979,-0.3220016360282898,-0.3356054723262787,-0.0619598887860775,-0.1038573607802391,1.3019323348999023,1.6161755323410034,0.8210652470588684,0.8202496767044067,0.7782307267189026,1.3449863195419312,1.2360936403274536,1.749205231666565,-0.021297860890626907,-0.20188303291797638,0.32943272590637207
-0.3158264756202698,1.4043854475021362,0.4170048236846924,2.2023656368255615,0.6861023902893066,-0.005059829913079739,-0.29045262932777405,-0.32200148701667786,-0.33560529351234436,-0.06195957213640213,-0.10385658591985703,1.3019320964813232,1.6161757707595825,0.821062445640564,0.8202499747276306,0.7782312631607056,1.344985842704773,1.236093521118164,1.7492058277130127,-0.02129734307527542,-0.20188283920288086,0.32943353056907654
-0.31582629680633545,1.4043850898742676,0.41700488328933716,2.2023658752441406,0.6861005425453186,-0.005059688352048397,-0.290452778339386,-0.322001576423645,-0.3356053829193115,-0.06195969879627228,-0.10385701060295105,1.3019334077835083,1.6161755323410034,0.8210642337799072,0.8202498555183411,0.7782313823699951,1.344985842704773,1.2360931634902954,1.749205231666565,-0.02129727602005005,-0.20188291370868683,0.3294338583946228
-0.3158262073993683,1.4043850898742676,0.4170050323009491,2.2023656368255615,0.6861032843589783,-0.0050593167543411255,-0.2904525399208069,-0.3220014274120331,-0.3356052339076996,-0.061959438025951385,-0.1038563996553421,1.3019328117370605,1.616175651550293,0.8210623264312744,0.8202500939369202,0.7782313227653503,1.3449856042861938,1.2360929250717163,1.7492058277130127,-0.021296873688697815,-0.2018827497959137,0.3294343948364258
-0.3158261179924011,1.4043848514556885,0.4170052707195282,2.2023656368255615,0.6861030459403992,-0.005058996845036745,-0.2904525399208069,-0.3220014274120331,-0.3356052339076996,-0.061959441751241684,-0.10385649651288986,1.3019330501556396,1.6161754131317139,0.8210631012916565,0.8202500343322754,0.7782309055328369,1.3449857234954834,1.2360925674438477,1.7492057085037231,-0.021296760067343712,-0.2018827497959137,0.3294346034526825
-0.31582605838775635,1.404384732246399,0.4170055389404297,2.2023656368255615,0.6861048340797424,-0.00505858426913619,-0.29045239090919495,-0.32200130820274353,-0.33560511469841003,-0.06195927783846855,-0.1038561537861824,1.301932454109192,1.6161754131317139,0.8210622668266296,0.8202501535415649,0.7782303690910339,1.3449857234954834,1.2360923290252686,1.7492060661315918,-0.02129650115966797,-0.20188264548778534,0.3294348418712616
-0.3158259987831116,1.4043846130371094,0.4170058071613312,2.2023656368255615,0.6861059665679932,-0.005058203358203173,-0.2904522716999054,-0.32200121879577637,-0.33560502529144287,-0.061959173530340195,-0.10385597497224808,1.3019320964813232,1.6161752939224243,0.8210620284080505,0.8202502131462097,0.778229832649231,1.3449857234954834,1.2360920906066895,1.749206304550171,-0.021296298131346703,-0.20188257098197937,0.32943496108055115
-0.3158259391784668,1.4043844938278198,0.4170060157775879,2.2023656368255615,0.6861065030097961,-0.005057882517576218,-0.2904522120952606,-0.3220011591911316,-0.3356049656867981,-0.06195911392569542,-0.10385594516992569,1.3019320964813232,1.6161751747131348,0.8210622072219849,0.8202502131462097,0.7782294154167175,1.3449857234954834,1.2360918521881104,1.7492064237594604,-0.021296123042702675,-0.2018825262784958,0.32943499088287354
-0.315825879573822,1.4043844938278198,0.41700610518455505,2.2023656368255615,0.686108410358429,-0.00505757424980402,-0.2904520630836487,-0.32200103998184204,-0.33560484647750854,-0.061958931386470795,-0.10385560989379883,1.3019317388534546,1.6161750555038452,0.8210611343383789,0.8202503323554993,0.7782292366027832,1.3449856042861938,1.2360916137695312,1.749206781387329,-0.021295800805091858,-0.20188239216804504,0.3294350802898407
-0.31582576036453247,1.4043842554092407,0.41700610518455505,2.2023658752441406,0.6861077547073364,-0.005057419650256634,-0.29045212268829346,-0.32200103998184204,-0.33560484647750854,-0.06195896491408348,-0.10385586321353912,1.3019323348999023,1.6161748170852661,0.8210621476173401,0.8202502727508545,0.7782292366027832,1.3449856042861938,1.2360912561416626,1.74920654296875,-0.021295666694641113,-0.20188239216804504,0.32943499088287354
-0.3158256709575653,1.4043842554092407,0.4170060157775879,2.2023658752441406,0.6861099600791931,-0.005057224538177252,-0.29045194387435913,-0.3220009207725525,-0.3356046974658966,-0.06195875629782677,-0.10385545343160629,1.3019320964813232,1.6161748170852661,0.8210605382919312,0.8202504515647888,0.7782294750213623,1.3449852466583252,1.236091136932373,1.7492070198059082,-0.02129529044032097,-0.2018822431564331,0.3294351100921631
-0.31582555174827576,1.4043840169906616,0.41700589656829834,2.2023661136627197,0.6861085295677185,-0.0050571938045322895,-0.2904520630836487,-0.32200098037719727,-0.3356047570705414,-0.06195887178182602,-0.10385588556528091,1.3019332885742188,1.616174578666687,0.8210619688034058,0.8202503323554993,0.7782297134399414,1.3449851274490356,1.2360907793045044,1.74920654296875,-0.02129523828625679,-0.2018822878599167,0.3294350206851959
-0.315825492143631,1.4043841361999512,0.4170057773590088,2.2023661136627197,0.6861109733581543,-0.005057044792920351,-0.29045185446739197,-0.3220008611679077,-0.33560463786125183,-0.0619586706161499,-0.10385541617870331,1.3019331693649292,1.6161746978759766,0.8210600018501282,0.8202505111694336,0.7782300710678101,1.344984769821167,1.2360906600952148,1.7492069005966187,-0.021294906735420227,-0.20188213884830475,0.329435259103775
-0.3158254027366638,1.404383897781372,0.417005717754364,2.202366352081299,0.6861092448234558,-0.005057035479694605,-0.29045194387435913,-0.3220009505748749,-0.335604727268219,-0.06195884943008423,-0.10385590046644211,1.3019344806671143,1.616174578666687,0.8210615515708923,0.8202503323554993,0.7782302498817444,1.344984769821167,1.2360904216766357,1.7492061853408813,-0.021294979378581047,-0.2018822282552719,0.329435259103775
-0.3158254027366638,1.4043840169906616,0.4170056879520416,2.2023661136627197,0.6861118674278259,-0.0050568669103085995,-0.29045167565345764,-0.3220008611679077,-0.33560460805892944,-0.0619586743414402,-0.10385537147521973,1.3019342422485352,1.6161748170852661,0.8210594058036804,0.8202504515647888,0.7782304286956787,1.344984531402588,1.2360903024673462,1.74920654296875,-0.02129475027322769,-0.20188210904598236,0.3294355869293213
-0.31582537293434143,1.4043837785720825,0.417005717754364,2.202366352081299,0.6861101984977722,-0.005056829657405615,-0.2904517352581024,-0.32200098037719727,-0.335604727268219,-0.061958882957696915,-0.10385582596063614,1.3019354343414307,1.6161746978759766,0.8210609555244446,0.8202502131462097,0.7782303094863892,1.344984531402588,1.236090064048767,1.7492058277130127,-0.02129492163658142,-0.2018822282552719,0.32943564653396606
-0.3158254027366638,1.404383897781372,0.4170057773590088,2.2023661136627197,0.6861128211021423,-0.0050566354766488075,-0.29045143723487854,-0.3220008909702301,-0.33560463786125183,-0.061958733946084976,-0.10385527461767197,1.3019349575042725,1.6161750555038452,0.8210588097572327,0.8202503323554993,0.7782302498817444,1.3449842929840088,1.236090064048767,1.7492061853408813,-0.021294765174388885,-0.20188212394714355,0.3294360041618347
-0.3158254027366638,1.404383659362793,0.41700583696365356,2.202366352081299,0.6861112117767334,-0.005056592170149088,-0.2904514968395233,-0.32200101017951965,-0.3356047570705414,-0.06195895001292229,-0.1038556918501854,1.3019360303878784,1.6161750555038452,0.821060299873352,0.8202500939369202,0.7782300710678101,1.3449844121932983,1.236089825630188,1.7492055892944336,-0.021294958889484406,-0.2018822431564331,0.3294360637664795
-0.3158254325389862,1.4043837785720825,0.41700583696365356,2.2023661136627197,0.6861136555671692,-0.005056419409811497,-0.2904512584209442,-0.3220009207725525,-0.3356046676635742,-0.061958808451890945,-0.10385515540838242,1.3019356727600098,1.6161752939224243,0.8210582733154297,0.8202502131462097,0.7782300710678101,1.3449841737747192,1.236089825630188,1.7492059469223022,-0.021294791251420975,-0.20188215374946594,0.32943639159202576
-0.3158254027366638,1.4043835401535034,0.4170058071613312,2.202366352081299,0.6861119270324707,-0.005056403111666441,-0.29045137763023376,-0.32200103998184204,-0.33560478687286377,-0.06195901334285736,-0.10385556519031525,1.3019367456436157,1.6161751747131348,0.8210598230361938,0.8202500343322754,0.7782299518585205,1.3449841737747192,1.2360895872116089,1.7492053508758545,-0.021294934675097466,-0.2018822729587555,0.32943639159202576
-0.3158254325389862,1.404383659362793,0.417005717754364,2.2023661136627197,0.6861142516136169,-0.005056255031377077,-0.29045119881629944,-0.3220009505748749,-0.3356046974658966,-0.061958856880664825,-0.10385503619909286,1.3019362688064575,1.6161754131317139,0.8210578560829163,0.8202502131462097,0.7782300114631653,1.3449839353561401,1.2360895872116089,1.7492058277130127,-0.02129470556974411,-0.20188216865062714,0.32943665981292725
-0.31582537293434143,1.4043834209442139,0.41700559854507446,2.202366352081299,0.6861123442649841,-0.005056260619312525,-0.29045137763023376,-0.32200106978416443,-0.33560478687286377,-0.061959050595760345,-0.10385546833276749,1.301937222480774,1.6161752939224243,0.82105952501297,0.8202500343322754,0.7782300114631653,1.3449839353561401,1.2360893487930298,1.7492053508758545,-0.021294787526130676,-0.2018822729587555,0.32943660020828247
-0.31582537293434143,1.4043835401535034,0.4170054495334625,2.2023661136627197,0.6861146688461304,-0.0050561209209263325,-0.2904512286186218,-0.32200098037719727,-0.3356046676635742,-0.06195887178182602,-0.10385492444038391,1.3019367456436157,1.6161755323410034,0.8210575580596924,0.8202502131462097,0.7782301902770996,1.344983696937561,1.2360893487930298,1.7492059469223022,-0.021294502541422844,-0.20188215374946594,0.3294368386268616
-0.31582531332969666,1.4043833017349243,0.41700536012649536,2.202366352081299,0.686112642288208,-0.005056118126958609,-0.29045143723487854,-0.3220010995864868,-0.3356047570705414,-0.06195906549692154,-0.10385540127754211,1.3019376993179321,1.6161752939224243,0.8210594058036804,0.8202500343322754,0.7782301306724548,1.3449838161468506,1.2360891103744507,1.749205470085144,-0.02129458636045456,-0.2018822580575943,0.329436719417572
-0.31582534313201904,1.4043834209442139,0.4170053005218506,2.2023661136627197,0.6861153244972229,-0.005055938381701708,-0.2904512584209442,-0.32200098037719727,-0.33560463786125183,-0.06195885315537453,-0.10385478287935257,1.3019368648529053,1.6161755323410034,0.8210572004318237,0.8202502727508545,0.7782301306724548,1.3449835777282715,1.2360891103744507,1.7492061853408813,-0.02129429578781128,-0.20188212394714355,0.32943692803382874
-0.31582531332969666,1.4043831825256348,0.4170053005218506,2.202366352081299,0.6861129999160767,-0.005055922549217939,-0.2904514968395233,-0.3220010995864868,-0.3356047570705414,-0.061959076672792435,-0.10385534167289734,1.3019378185272217,1.6161752939224243,0.8210593461990356,0.8202500343322754,0.7782299518585205,1.344983696937561,1.2360888719558716,1.7492055892944336,-0.02129444293677807,-0.2018822580575943,0.3294367790222168
-0.31582534313201904,1.4043833017349243,0.417005330324173,2.2023661136627197,0.6861162185668945,-0.005055712070316076,-0.2904512584209442,-0.3220009505748749,-0.33560460805892944,-0.06195882335305214,-0.10385461896657944,1.3019367456436157,1.6161755323410034,0.8210567235946655,0.8202502727508545,0.7782298922538757,1.344983458518982,1.2360888719558716,1.749206304550171,-0.02129414677619934,-0.20188209414482117,0.3294370472431183
-0.31582531332969666,1.4043829441070557,0.41700541973114014,2.202366352081299,0.6861132979393005,-0.005055717658251524,-0.2904515266418457,-0.3220010995864868,-0.3356047570705414,-0.061959102749824524,-0.10385533422231674,1.3019378185272217,1.6161752939224243,0.8210594058036804,0.8202499747276306,0.7782296538352966,1.344983696937561,1.2360886335372925,1.749205470085144,-0.021294374018907547,-0.2018822580575943,0.32943689823150635
-0.31582537293434143,1.4043831825256348,0.4170054793357849,2.2023661136627197,0.6861172914505005,-0.005055492278188467,-0.29045119881629944,-0.3220009207725525,-0.33560454845428467,-0.06195877864956856,-0.10385444760322571,1.3019365072250366,1.6161755323410034,0.821056067943573,0.8202502727508545,0.7782296538352966,1.344983458518982,1.236088752746582,1.749206304550171,-0.02129402570426464,-0.20188204944133759,0.329437255859375
-0.31582531332969666,1.4043828248977661,0.4170055687427521,2.202366590499878,0.6861132383346558,-0.005055560730397701,-0.2904515266418457,-0.3220011293888092,-0.3356047570705414,-0.06195914372801781,-0.10385541617870331,1.3019380569458008,1.6161751747131348,0.8210596442222595,0.8202499151229858,0.7782294750213623,1.344983696937561,1.236088514328003,1.749205231666565,-0.02129434049129486,-0.2018822729587555,0.3294370770454407
-0.31582537293434143,1.4043831825256348,0.41700562834739685,2.202366352081299,0.6861183643341064,-0.005055330693721771,-0.2904511094093323,-0.3220008909702301,-0.3356044888496399,-0.061958711594343185,-0.10385426133871078,1.3019365072250366,1.6161755323410034,0.8210552334785461,0.8202503323554993,0.7782296538352966,1.3449833393096924,1.236088752746582,1.7492064237594604,-0.0212938841432333,-0.201882004737854,0.3294375538825989
-0.3158252537250519,1.4043827056884766,0.4170056879520416,2.202366828918457,0.6861125826835632,-0.0050554899498820305,-0.2904515564441681,-0.322001188993454,-0.33560478687286377,-0.06195921450853348,-0.10385562479496002,1.301938772201538,1.6161750555038452,0.8210602402687073,0.8202498555183411,0.7782295942306519,1.344983696937561,1.2360883951187134,1.7492048740386963,-0.02129432000219822,-0.20188230276107788,0.3294372856616974
-0.31582531332969666,1.4043831825256348,0.417005717754364,2.202366352081299,0.6861197352409363,-0.005055215209722519,-0.29045096039772034,-0.3220008313655853,-0.3356044292449951,-0.06195859983563423,-0.1038539931178093,1.3019365072250366,1.616175651550293,0.8210540413856506,0.8202504515647888,0.7782300114631653,1.3449831008911133,1.2360886335372925,1.74920654296875,-0.021293681114912033,-0.20188191533088684,0.32943791151046753
-0.3158251643180847,1.4043824672698975,0.4170057773590088,2.202367067337036,0.6861112117767334,-0.005055483430624008,-0.29045164585113525,-0.32200124859809875,-0.33560484647750854,-0.06195933371782303,-0.10385596752166748,1.3019397258758545,1.6161749362945557,0.8210613131523132,0.8202497363090515,0.7782298922538757,1.344983696937561,1.2360881567001343,1.749204397201538,-0.02129434049129486,-0.20188236236572266,0.3294374346733093
-0.31582528352737427,1.4043833017349243,0.4170058071613312,2.202366352081299,0.6861217617988586,-0.005055093672126532,-0.2904507517814636,-0.32200074195861816,-0.33560433983802795,-0.0619584284722805,-0.10385354608297348,1.3019362688064575,1.6161757707595825,0.8210521936416626,0.8202506303787231,0.7782303690910339,1.3449828624725342,1.2360886335372925,1.7492069005966187,-0.021293431520462036,-0.2018817961215973,0.32943829894065857
-0.31582507491111755,1.4043822288513184,0.4170059263706207,2.2023673057556152,0.6861089468002319,-0.005055497400462627,-0.2904517650604248,-0.3220013678073883,-0.3356049656867981,-0.061959538608789444,-0.10385650396347046,1.30194091796875,1.6161746978759766,0.821063220500946,0.8202495574951172,0.7782300114631653,1.344983696937561,1.2360879182815552,1.7492036819458008,-0.02129446715116501,-0.201882466673851,0.3294374942779541
-0.31582528352737427,1.4043834209442139,0.4170059561729431,2.2023661136627197,0.6861251592636108,-0.005054896231740713,-0.29045039415359497,-0.3220005929470062,-0.33560416102409363,-0.061958156526088715,-0.1038527563214302,1.3019354343414307,1.6161760091781616,0.8210492134094238,0.820250928401947,0.7782305479049683,1.3449825048446655,1.2360886335372925,1.749207615852356,-0.021293116733431816,-0.20188161730766296,0.3294387459754944
-0.3158249855041504,1.4043818712234497,0.41700610518455505,2.2023675441741943,0.6861050724983215,-0.005055535119026899,-0.2904520034790039,-0.322001576423645,-0.3356051445007324,-0.061959899961948395,-0.1038573831319809,1.3019425868988037,1.616174340248108,0.8210665583610535,0.8202491998672485,0.778229832649231,1.3449839353561401,1.2360875606536865,1.7492027282714844,-0.021294772624969482,-0.20188269019126892,0.32943740487098694
-0.31582534313201904,1.404383897781372,0.41700610518455505,2.2023656368255615,0.6861307621002197,-0.005054602399468422,-0.290449857711792,-0.32200032472610474,-0.33560389280319214,-0.0619577057659626,-0.10385143756866455,1.3019336462020874,1.6161764860153198,0.821044385433197,0.8202513456344604,0.778230607509613,1.3449821472167969,1.236088752746582,1.7492090463638306,-0.02129264920949936,-0.20188134908676147,0.32943928241729736
-0.3158248960971832,1.404381275177002,0.417006254196167,2.2023680210113525,0.6860982179641724,-0.005055671092122793,-0.2904525101184845,-0.32200193405151367,-0.3356055021286011,-0.061960525810718536,-0.10385893285274506,1.3019450902938843,1.6161738634109497,0.821072518825531,0.8202486038208008,0.7782294750213623,1.344984531402588,1.2360870838165283,1.7492010593414307,-0.02129533514380455,-0.20188307762145996,0.3294370472431183
-0.315825492143631,1.4043844938278198,0.41700613498687744,2.202364921569824,0.6861402988433838,-0.0050541856326162815,-0.2904490530490875,-0.3219998776912689,-0.33560341596603394,-0.061956919729709625,-0.10384920239448547,1.3019304275512695,1.6161774396896362,0.821036159992218,0.8202521204948425,0.7782308459281921,1.3449815511703491,1.2360889911651611,1.749211311340332,-0.021291840821504593,-0.20188085734844208,0.32944005727767944
-0.3158247172832489,1.404380202293396,0.4170062839984894,2.202368974685669,0.6860859394073486,-0.005056013818830252,-0.2904535233974457,-0.3220025300979614,-0.33560609817504883,-0.06196160987019539,-0.1038617342710495,1.3019495010375977,1.6161729097366333,0.8210830688476562,0.8202475309371948,0.7782290577888489,1.3449853658676147,1.236086368560791,1.749198079109192,-0.021296311169862747,-0.2018837183713913,0.3294362425804138
-0.3158257305622101,1.4043856859207153,0.4170060455799103,2.2023634910583496,0.6861569881439209,-0.005053542088717222,-0.2904477119445801,-0.32199907302856445,-0.3356025815010071,-0.06195550411939621,-0.10384531319141388,1.301924705505371,1.6161788702011108,0.8210216760635376,0.8202534914016724,0.7782314419746399,1.344980239868164,1.2360897064208984,1.7492154836654663,-0.021290404722094536,-0.20187996327877045,0.32944127917289734
-0.315824419260025,1.4043784141540527,0.41700631380081177,2.2023706436157227,0.6860637068748474,-0.0050567141734063625,-0.2904553711414337,-0.32200363278388977,-0.3356072008609772,-0.06196353957056999,-0.1038668230175972,1.301957368850708,1.61617112159729,0.8211021423339844,0.820245623588562,0.7782284617424011,1.344986915588379,1.2360851764678955,1.749192714691162,-0.021298084408044815,-0.20188488066196442,0.32943472266197205
-0.3158261477947235,1.4043880701065063,0.4170059263706207,2.2023613452911377,0.6861870288848877,-0.005052451975643635,-0.2904452383518219,-0.32199761271476746,-0.3356010913848877,-0.06195292994379997,-0.10383831709623337,1.3019142150878906,1.6161813735961914,0.820995569229126,0.8202559947967529,0.7782325744628906,1.3449780941009521,1.2360910177230835,1.7492228746414185,-0.02128784731030464,-0.2018783688545227,0.32944348454475403
-0.31582382321357727,1.4043751955032349,0.4170064330101013,2.202373743057251,0.6860228776931763,-0.00505805853754282,-0.29045867919921875,-0.32200562953948975,-0.33560919761657715,-0.06196706369519234,-0.10387616604566574,1.301971673965454,1.6161677837371826,0.8211371302604675,0.820242166519165,0.7782272696495056,1.3449897766113281,1.2360831499099731,1.7491828203201294,-0.02130139246582985,-0.20188702642917633,0.3294319808483124
-0.3158269226551056,1.4043923616409302,0.4170058071613312,2.202357053756714,0.6862421035766602,-0.005050497129559517,-0.2904406487941742,-0.32199493050575256,-0.335598349571228,-0.06194818392395973,-0.10382543504238129,1.3018949031829834,1.6161860227584839,0.8209474682807922,0.8202606439590454,0.7782346606254578,1.3449740409851074,1.2360936403274536,1.7492364645004272,-0.021283218637108803,-0.2018754482269287,0.32944759726524353
-0.3158227205276489,1.4043693542480469,0.41700682044029236,2.2023794651031494,0.6859468817710876,-0.0050606075674295425,-0.29046475887298584,-0.3220093548297882,-0.335612952709198,-0.06197359040379524,-0.10389342904090881,1.301998257637024,1.6161617040634155,0.821201741695404,0.8202357888221741,0.7782252430915833,1.3449950218200684,1.2360795736312866,1.7491644620895386,-0.021307604387402534,-0.20189103484153748,0.32942700386047363
-0.3158282935619354,1.40440034866333,0.4170058071613312,2.2023491859436035,0.6863430142402649,-0.0050469692796468735,-0.2904320955276489,-0.321990042924881,-0.3355933427810669,-0.06193942949175835,-0.10380152612924576,1.3018596172332764,1.6161948442459106,0.8208584189414978,0.8202692270278931,0.7782388925552368,1.3449665307998657,1.2360986471176147,1.749261498451233,-0.021274736151099205,-0.20187008380889893,0.3294554352760315
-0.3158206343650818,1.4043585062026978,0.41700783371925354,2.202389717102051,0.6858068108558655,-0.005065392702817917,-0.2904758155345917,-0.32201626896858215,-0.33561986684799194,-0.06198558211326599,-0.10392485558986664,1.302047610282898,1.6161508560180664,0.8213192820549011,0.8202240467071533,0.7782222628593445,1.3450045585632324,1.2360731363296509,1.7491308450698853,-0.021319041028618813,-0.20189841091632843,0.3294183015823364
-0.31583061814308167,1.4044145345687866,0.417006254196167,2.2023346424102783,0.6865193247795105,-0.005040832329541445,-0.2904166877269745,-0.3219814598560333,-0.33558452129364014,-0.061923909932374954,-0.10375859588384628,1.30179762840271,1.6162110567092896,0.8206995725631714,0.8202844858169556,0.7782477140426636,1.344952940940857,1.236107587814331,1.749306321144104,-0.021259665489196777,-0.20186062157154083,0.329470157623291
-0.31581687927246094,1.404340386390686,0.41701045632362366,2.2024059295654297,0.6855697631835938,-0.005073634907603264,-0.2904939651489258,-0.32202813029289246,-0.33563169836997986,-0.06200582906603813,-0.10397684574127197,1.3021318912506104,1.616133451461792,0.8215131163597107,0.8202042579650879,0.7782195210456848,1.3450201749801636,1.2360625267028809,1.749074935913086,-0.021338285878300667,-0.20191095769405365,0.32940515875816345
-0.3158334791660309,1.404435634613037,0.4170084595680237,2.2023117542266846,0.6867663264274597,-0.00503217289224267,-0.29039326310157776,-0.32196933031082153,-0.33557188510894775,-0.06190133094787598,-0.10369392484426498,1.3017096519470215,1.616236686706543,0.8204649090766907,0.8203067779541016,0.7782657742500305,1.344931960105896,1.2361212968826294,1.749372959136963,-0.02123749628663063,-0.20184694230556488,0.32949480414390564
-0.3158118426799774,1.404320240020752,0.41701701283454895,2.2024219036102295,0.6852961182594299,-0.005083760246634483,-0.2905128598213196,-0.32204264402389526,-0.335645854473114,-0.06202932819724083,-0.10403256863355637,1.302233338356018,1.6161175966262817,0.8217175006866455,0.8201814293861389,0.7782264947891235,1.3450356721878052,1.2360517978668213,1.7490135431289673,-0.021360304206609726,-0.20192578434944153,0.32939645648002625
-0.31583330035209656,1.4044466018676758,0.4170161485671997,2.202294111251831,0.6868516206741333,-0.005029724910855293,-0.29037806391716003,-0.32196566462516785,-0.3355672359466553,-0.06189139187335968,-0.10365462303161621,1.301680088043213,1.6162588596343994,0.8203344941139221,0.8203171491622925,0.7782996892929077,1.3449158668518066,1.2361304759979248,1.7494099140167236,-0.021226702257990837,-0.20184141397476196,0.3295213282108307
-0.31581127643585205,1.4043283462524414,0.41702979803085327,2.202402353286743,0.6853653192520142,-0.00508460495620966,-0.2904978096485138,-0.3220428228378296,-0.3356446325778961,-0.062023721635341644,-0.10399626195430756,1.30222749710083,1.616143822669983,0.8215809464454651,0.8201877474784851,0.7782782316207886,1.3450167179107666,1.2360610961914062,1.7490458488464355,-0.021353574469685555,-0.20192356407642365,0.32943105697631836
-0.31582510471343994,1.4044058322906494,0.4170350730419159,2.2023138999938965,0.6863113045692444,-0.005055343732237816,-0.29041048884391785,-0.32199907302856445,-0.3355991542339325,-0.06194121763110161,-0.10375424474477768,1.3019087314605713,1.6162450313568115,0.820701539516449,0.820269763469696,0.7783617377281189,1.3449313640594482,1.2361122369766235,1.7492963075637817,-0.021272972226142883,-0.2018740028142929,0.3295272886753082
-0.31582221388816833,1.4043761491775513,0.41704830527305603,2.202324628829956,0.6859628558158875,-0.005075634922832251,-0.2904326915740967,-0.32202425599098206,-0.33562329411506653,-0.06197785586118698,-0.10382229089736938,1.3020780086517334,1.616240382194519,0.8209409117698669,0.8202351331710815,0.7784184813499451,1.3449358940124512,1.2360996007919312,1.749219536781311,-0.021307645365595818,-0.2018984705209732,0.3295368552207947
-0.31581994891166687,1.4043328762054443,0.41706496477127075,2.202342987060547,0.6854795217514038,-0.005104076582938433,-0.2904664874076843,-0.3220599293708801,-0.33565783500671387,-0.06203056499361992,-0.10392294079065323,1.3023157119750977,1.6162306070327759,0.8212913870811462,0.820185124874115,0.7784891724586487,1.344943881034851,1.2360806465148926,1.749108910560608,-0.021358348429203033,-0.20193371176719666,0.3295450210571289
-0.3158400356769562,1.4043971300125122,0.4170796275138855,2.2022509574890137,0.6863508224487305,-0.005086465273052454,-0.2903854250907898,-0.3220302164554596,-0.3356257975101471,-0.06196567043662071,-0.10369782894849777,1.3020766973495483,1.6163444519042969,0.8204554319381714,0.8202510476112366,0.7786229252815247,1.344844937324524,1.2361295223236084,1.7493433952331543,-0.021296216174960136,-0.20189759135246277,0.3296607732772827
-0.3158338665962219,1.4042915105819702,0.4171081483364105,2.2023227214813232,0.685167133808136,-0.005143966060131788,-0.29048049449920654,-0.32210853695869446,-0.3357031047344208,-0.062088679522275925,-0.10396698862314224,1.3025957345962524,1.6162835359573364,0.8214001655578613,0.8201324343681335,0.7786887288093567,1.344895839691162,1.2360775470733643,1.749060034751892,-0.021416431292891502,-0.20197829604148865,0.32963043451309204
-0.31585943698883057,1.404344916343689,0.4171317517757416,2.2022364139556885,0.6859591007232666,-0.005131041165441275,-0.2904084622859955,-0.3220886290073395,-0.33568066358566284,-0.0620366670191288,-0.10375858098268509,1.3023991584777832,1.6163984537124634,0.8206167221069336,0.8201861381530762,0.7788302302360535,1.344794750213623,1.2361249923706055,1.7492848634719849,-0.021368222311139107,-0.20195236802101135,0.32975083589553833
-0.31587138772010803,1.4042960405349731,0.4171640872955322,2.2022502422332764,0.685539960861206,-0.005162346642464399,-0.2904435098171234,-0.3221336603164673,-0.33572399616241455,-0.06209702044725418,-0.10384485125541687,1.3026502132415771,1.6164075136184692,0.8208861947059631,0.8201294541358948,0.7789255976676941,1.3447823524475098,1.2361129522323608,1.7492057085037231,-0.021429171785712242,-0.20199686288833618,0.32978272438049316
-0.3158876597881317,1.4042483568191528,0.41719770431518555,2.2022640705108643,0.6851729154586792,-0.005191999487578869,-0.2904784381389618,-0.32217836380004883,-0.3357670307159424,-0.062155142426490784,-0.10392069071531296,1.3028837442398071,1.6164196729660034,0.8211097717285156,0.8200750350952148,0.7790196537971497,1.3447637557983398,1.2361042499542236,1.749145269393921,-0.021488038823008537,-0.20204108953475952,0.3298182487487793
-0.31592124700546265,1.404280424118042,0.4172268211841583,2.2022018432617188,0.6858099699020386,-0.005185008514672518,-0.29043200612068176,-0.32217299938201904,-0.33575937151908875,-0.06212390959262848,-0.10375508666038513,1.302746057510376,1.6165168285369873,0.8204572796821594,0.8201085329055786,0.7791460156440735,1.3446675539016724,1.2361464500427246,1.7493478059768677,-0.021460035815835,-0.2020311951637268,0.3299270272254944
-0.3159346580505371,1.4041812419891357,0.41726264357566833,2.2022719383239746,0.6848772764205933,-0.005234038457274437,-0.2905255854129791,-0.32224929332733154,-0.3358345925807953,-0.06223544478416443,-0.10397285223007202,1.3031785488128662,1.6164706945419312,0.8211746215820312,0.820001482963562,0.7792068123817444,1.3446894884109497,1.2361109256744385,1.749155044555664,-0.021569116041064262,-0.20211000740528107,0.3299158811569214
-0.3159702718257904,1.404199242591858,0.41728952527046204,2.202230453491211,0.6853923797607422,-0.0052294256165623665,-0.2904994487762451,-0.3222510516643524,-0.3358343541622162,-0.06221539154648781,-0.10384044796228409,1.3030694723129272,1.616546630859375,0.8206294178962708,0.820023775100708,0.7793165445327759,1.3446009159088135,1.2361482381820679,1.7493394613265991,-0.021549586206674576,-0.20210817456245422,0.330010324716568
-0.31599634885787964,1.4041541814804077,0.4173174798488617,2.202254295349121,0.685167133808136,-0.0052506159991025925,-0.29054197669029236,-0.3222908675670624,-0.3358728885650635,-0.06226224824786186,-0.1038915365934372,1.3032251596450806,1.6165504455566406,0.8207358121871948,0.8199799656867981,0.7793935537338257,1.3445687294006348,1.2361483573913574,1.7493375539779663,-0.02159336768090725,-0.20214781165122986,0.33004647493362427
-0.3160199820995331,1.4040908813476562,0.41734379529953003,2.202298879623413,0.6847415566444397,-0.005277752410620451,-0.2906057834625244,-0.3223403990268707,-0.3359214663505554,-0.06232656165957451,-0.10399456322193146,1.3034461736679077,1.6165300607681274,0.8210236430168152,0.8199185132980347,0.7794594168663025,1.3445525169372559,1.236137866973877,1.7492865324020386,-0.02165268547832966,-0.20219817757606506,0.33006560802459717
-0.3160572052001953,1.4041072130203247,0.4173632264137268,2.202267646789551,0.6852931380271912,-0.005267549771815538,-0.2905878722667694,-0.32233819365501404,-0.33591777086257935,-0.0623006671667099,-0.10386157780885696,1.3032968044281006,1.6165904998779297,0.8204637169837952,0.8199452757835388,0.7795594334602356,1.3444634675979614,1.2361756563186646,1.7494878768920898,-0.021623579785227776,-0.20219264924526215,0.3301573395729065
-0.3160758316516876,1.404020071029663,0.41738754510879517,2.2023396492004395,0.6845994591712952,-0.0053007532842457294,-0.29067903757095337,-0.3223990201950073,-0.3359781503677368,-0.062386736273765564,-0.10403475910425186,1.3035986423492432,1.6165354251861572,0.8209995031356812,0.819861114025116,0.7796095609664917,1.3444719314575195,1.2361496686935425,1.7493681907653809,-0.02170197293162346,-0.20225566625595093,0.33015573024749756
-0.31610700488090515,1.4040136337280273,0.417405903339386,2.2023332118988037,0.6848804950714111,-0.005296423565596342,-0.29068607091903687,-0.3224075734615326,-0.3359856903553009,-0.06238231062889099,-0.10397113859653473,1.3035318851470947,1.6165632009506226,0.820689857006073,0.8198652863502502,0.7796956300735474,1.3444088697433472,1.2361712455749512,1.749497890472412,-0.021692262962460518,-0.20226222276687622,0.3302290439605713
-0.3161325454711914,1.4039841890335083,0.4174248278141022,2.2023491859436035,0.6848786473274231,-0.005300726741552353,-0.29071682691574097,-0.3224290609359741,-0.3360064923763275,-0.06240221858024597,-0.10397805273532867,1.3035645484924316,1.6165632009506226,0.8206354975700378,0.8198447823524475,0.7797704935073853,1.3443704843521118,1.23617684841156,1.7495514154434204,-0.021705862134695053,-0.20228300988674164,0.3302833139896393
-0.31614989042282104,1.4039195775985718,0.4174451231956482,2.2023990154266357,0.6844382286071777,-0.005319580435752869,-0.2907838523387909,-0.3224714994430542,-0.3360486626625061,-0.06246060132980347,-0.10409287363290787,1.303755760192871,1.6165226697921753,0.820971667766571,0.8197858333587646,0.7798287272453308,1.3443689346313477,1.2361583709716797,1.7494879961013794,-0.021756619215011597,-0.20232665538787842,0.330307275056839
-0.3161780536174774,1.4039332866668701,0.4174596965312958,2.202371120452881,0.6849200129508972,-0.005303435958921909,-0.29076847434043884,-0.3224640488624573,-0.33604034781455994,-0.06243298202753067,-0.10398142039775848,1.3036022186279297,1.6165640354156494,0.8205050826072693,0.8198111057281494,0.7799223065376282,1.3442999124526978,1.2361845970153809,1.7496591806411743,-0.02172411046922207,-0.2023163139820099,0.3304036855697632
-0.31619060039520264,1.4038716554641724,0.4174776077270508,2.202416181564331,0.6844658255577087,-0.005320689640939236,-0.29083144664764404,-0.32250335812568665,-0.33607950806617737,-0.06248924881219864,-0.10409839451313019,1.303794264793396,1.6165225505828857,0.8208614587783813,0.8197535872459412,0.7799798250198364,1.3443055152893066,1.2361618280410767,1.7495847940444946,-0.02177281677722931,-0.20235677063465118,0.3304316997528076
-0.3162086606025696,1.4038586616516113,0.41749051213264465,2.2024128437042236,0.6845654249191284,-0.005317204166203737,-0.2908434569835663,-0.32251206040382385,-0.3360876739025116,-0.06249329820275307,-0.10407833009958267,1.303780436515808,1.6165317296981812,0.8207353353500366,0.8197475075721741,0.7800579071044922,1.3442713022232056,1.2361652851104736,1.749650001525879,-0.02177097648382187,-0.20236407220363617,0.33050301671028137
-0.31622520089149475,1.4038524627685547,0.4175006151199341,2.2024025917053223,0.6847115159034729,-0.005311870947480202,-0.29084864258766174,-0.32251670956611633,-0.3360917568206787,-0.06249171495437622,-0.10404542088508606,1.303749442100525,1.6165467500686646,0.8205702304840088,0.819747269153595,0.7801358103752136,1.3442357778549194,1.2361695766448975,1.7497239112854004,-0.021763714030385017,-0.20236700773239136,0.3305779993534088
-0.31623193621635437,1.403802752494812,0.41751086711883545,2.202435255050659,0.6842989325523376,-0.005326987709850073,-0.29089972376823425,-0.32254889607429504,-0.33612382411956787,-0.06254003196954727,-0.10414792597293854,1.3039253950119019,1.616513967514038,0.8208954930305481,0.8196983933448792,0.7801883816719055,1.3442453145980835,1.2361445426940918,1.7496501207351685,-0.02180486172437668,-0.20239987969398499,0.33060938119888306
-0.3162480294704437,1.4038211107254028,0.4175143837928772,2.202402353286743,0.6846694946289062,-0.005313328001648188,-0.29088038206100464,-0.3225388824939728,-0.3361130952835083,-0.06251552700996399,-0.10405649989843369,1.3038086891174316,1.6165531873703003,0.8205347657203674,0.8197218775749207,0.7802652716636658,1.3441970348358154,1.2361583709716797,1.7497761249542236,-0.021775679662823677,-0.20238706469535828,0.3306972086429596
-0.3162538409233093,1.4037890434265137,0.4175187051296234,2.202420473098755,0.6844024062156677,-0.005323053803294897,-0.29091447591781616,-0.3225609064102173,-0.3361348807811737,-0.0625486671924591,-0.10412029176950455,1.3039265871047974,1.61653733253479,0.8207334876060486,0.8196893930435181,0.7803100347518921,1.3442000150680542,1.2361396551132202,1.749733805656433,-0.0218026265501976,-0.20240910351276398,0.3307323753833771
-0.31626200675964355,1.4037785530090332,0.41751959919929504,2.2024192810058594,0.6843691468238831,-0.005324171856045723,-0.29092663526535034,-0.32256975769996643,-0.3361433148384094,-0.06255987286567688,-0.10412576049566269,1.3039543628692627,1.616544246673584,0.8207285404205322,0.819679319858551,0.7803551554679871,1.3441872596740723,1.2361326217651367,1.749748706817627,-0.02180875465273857,-0.20241700112819672,0.33077964186668396
-0.3162728548049927,1.403789758682251,0.41751742362976074,2.202399253845215,0.6845756769180298,-0.005316419992595911,-0.29091665148735046,-0.3225652575492859,-0.33613821864128113,-0.06254878640174866,-0.10407181829214096,1.3038891553878784,1.6165739297866821,0.8205150365829468,0.8196920156478882,0.7804003357887268,1.3441581726074219,1.2361379861831665,1.7498221397399902,-0.021793773397803307,-0.20241059362888336,0.33083850145339966
-0.31627538800239563,1.403756022453308,0.4175167679786682,2.202425718307495,0.6842272281646729,-0.005328965373337269,-0.2909538745880127,-0.3225890100002289,-0.3361617922782898,-0.06258837133646011,-0.10415402054786682,1.3040258884429932,1.6165549755096436,0.8207896947860718,0.8196555376052856,0.7804150581359863,1.3441736698150635,1.23611581325531,1.7497481107711792,-0.021828338503837585,-0.2024349719285965,0.3308480381965637
-0.31628602743148804,1.4037739038467407,0.4175119996070862,2.202404022216797,0.6844871044158936,-0.005319104064255953,-0.2909373342990875,-0.32258039712905884,-0.3361525535583496,-0.06257200986146927,-0.10408686846494675,1.3039320707321167,1.616590976715088,0.820533037185669,0.8196747899055481,0.7804453372955322,1.3441439867019653,1.2361252307891846,1.7498282194137573,-0.02180914394557476,-0.20242440700531006,0.3308963477611542
-0.31629085540771484,1.4037600755691528,0.41750866174697876,2.202415704727173,0.6843612194061279,-0.005323505494743586,-0.290953665971756,-0.3225914537906647,-0.3361632823944092,-0.06259094923734665,-0.10411505401134491,1.3039783239364624,1.616592526435852,0.8206167817115784,0.8196597099304199,0.7804543972015381,1.3441451787948608,1.2361160516738892,1.7498044967651367,-0.021824469789862633,-0.20243526995182037,0.3309081494808197
-0.31629568338394165,1.4037487506866455,0.41750502586364746,2.2024269104003906,0.6842628717422485,-0.005327085964381695,-0.2909669578075409,-0.32260066270828247,-0.3361721634864807,-0.06260725110769272,-0.10413721203804016,1.3040121793746948,1.6165963411331177,0.8206787705421448,0.819647490978241,0.7804601192474365,1.3441449403762817,1.2361092567443848,1.7497844696044922,-0.021837471053004265,-0.20244422554969788,0.33091533184051514
-0.31630444526672363,1.4037636518478394,0.4175000786781311,2.202413558959961,0.6844793558120728,-0.0053193275816738605,-0.2909521460533142,-0.322593092918396,-0.33616402745246887,-0.0625944510102272,-0.10408272594213486,1.3039277791976929,1.6166276931762695,0.8204667568206787,0.8196640014648438,0.7804753184318542,1.344120979309082,1.2361193895339966,1.7498431205749512,-0.021822430193424225,-0.20243501663208008,0.3309405744075775
-0.31630587577819824,1.4037381410598755,0.41749852895736694,2.2024409770965576,0.6842116117477417,-0.0053296214900910854,-0.29097869992256165,-0.3226104974746704,-0.3361812233924866,-0.06262578070163727,-0.10414799302816391,1.3040236234664917,1.6166146993637085,0.8206810355186462,0.8196368217468262,0.7804705500602722,1.3441344499588013,1.2361059188842773,1.749773621559143,-0.0218502227216959,-0.2024529129266739,0.33092421293258667
-0.31631287932395935,1.403748869895935,0.41749608516693115,2.202432870864868,0.6843812465667725,-0.0053240335546433926,-0.2909662425518036,-0.32260480523109436,-0.33617496490478516,-0.06261657178401947,-0.10410629212856293,1.3039579391479492,1.6166397333145142,0.8205134868621826,0.8196491599082947,0.7804826498031616,1.3441144227981567,1.236115574836731,1.7498157024383545,-0.0218388382345438,-0.20244576036930084,0.33093738555908203
-0.3163164556026459,1.4037421941757202,0.41749662160873413,2.202441692352295,0.6843433380126953,-0.005326211452484131,-0.2909708619117737,-0.32260972261428833,-0.3361794948577881,-0.06262597441673279,-0.10411611199378967,1.3039718866348267,1.6166449785232544,0.8205294609069824,0.8196426033973694,0.7804871201515198,1.344110369682312,1.2361154556274414,1.7498027086257935,-0.021845610812306404,-0.20245015621185303,0.33093225955963135
-0.3163183629512787,1.4037283658981323,0.4174998700618744,2.2024569511413574,0.6842220425605774,-0.005331464111804962,-0.290981650352478,-0.32261884212493896,-0.33618825674057007,-0.06264253705739975,-0.10414674878120422,1.3040199279785156,1.6166414022445679,0.820620059967041,0.8196281790733337,0.7804890871047974,1.3441128730773926,1.2361117601394653,1.7497674226760864,-0.021859493106603622,-0.20245909690856934,0.3309193253517151
-0.3163242042064667,1.403740644454956,0.4175039529800415,2.2024455070495605,0.6844148635864258,-0.005325009115040302,-0.2909640073776245,-0.32261136174201965,-0.3361802101135254,-0.06262968480587006,-0.10410015285015106,1.3039543628692627,1.6166646480560303,0.8204364776611328,0.8196418881416321,0.7805037498474121,1.3440914154052734,1.2361243963241577,1.7498137950897217,-0.021845102310180664,-0.20245009660720825,0.33092981576919556
-0.3163241744041443,1.4037203788757324,0.4175125062465668,2.202465057373047,0.6842170357704163,-0.005332659464329481,-0.29097941517829895,-0.322624146938324,-0.33619269728660583,-0.0626521036028862,-0.10414950549602509,1.3040375709533691,1.6166516542434692,0.8205965757369995,0.8196199536323547,0.7805035710334778,1.3441003561019897,1.2361176013946533,1.749759316444397,-0.021865103393793106,-0.20246312022209167,0.33091095089912415
-0.3163280487060547,1.4037253856658936,0.417521595954895,2.202458620071411,0.6843207478523254,-0.005328872706741095,-0.290967732667923,-0.32262101769447327,-0.3361890912055969,-0.06264621764421463,-0.10412437468767166,1.304011583328247,1.6166644096374512,0.8204933404922485,0.8196250200271606,0.7805153131484985,1.3440864086151123,1.236126184463501,1.749784231185913,-0.021857885643839836,-0.2024589478969574,0.3309159576892853
-0.31633031368255615,1.4037224054336548,0.4175327718257904,2.2024588584899902,0.6843275427818298,-0.005328278057277203,-0.2909639775753021,-0.32262280583381653,-0.33619049191474915,-0.06264864653348923,-0.10412272810935974,1.3040244579315186,1.61666738986969,0.820476233959198,0.8196211457252502,0.780523419380188,1.3440802097320557,1.236129879951477,1.7497851848602295,-0.021858850494027138,-0.2024601846933365,0.3309149742126465
-0.31633058190345764,1.403709053993225,0.41754552721977234,2.2024683952331543,0.6842085123062134,-0.005331939551979303,-0.29097095131874084,-0.32263103127479553,-0.33619844913482666,-0.06266206502914429,-0.1041516363620758,1.3040862083435059,1.616658091545105,0.8205705285072327,0.8196057677268982,0.7805265784263611,1.3440840244293213,1.2361271381378174,1.749754786491394,-0.021870503202080727,-0.20246846973896027,0.3309059739112854
-0.3163345456123352,1.4037189483642578,0.417557030916214,2.2024543285369873,0.6843667030334473,-0.005325028207153082,-0.2909538447856903,-0.3226246237754822,-0.3361915647983551,-0.06264948099851608,-0.10411190241575241,1.3040459156036377,1.6166727542877197,0.8204227685928345,0.8196155428886414,0.7805404663085938,1.3440667390823364,1.2361382246017456,1.7497977018356323,-0.021856924518942833,-0.20246092975139618,0.33091965317726135
-0.31633415818214417,1.4037038087844849,0.41756966710090637,2.2024643421173096,0.6842219829559326,-0.005328935105353594,-0.2909635007381439,-0.32263392210006714,-0.33620062470436096,-0.06266426295042038,-0.10414636135101318,1.3041188716888428,1.6166595220565796,0.8205417394638062,0.8195980191230774,0.7805424332618713,1.3440728187561035,1.2361336946487427,1.749763011932373,-0.02186974510550499,-0.20247045159339905,0.3309118151664734
-0.31633657217025757,1.4037060737609863,0.4175802171230316,2.2024571895599365,0.6842844486236572,-0.00532492995262146,-0.29095569252967834,-0.3226322531700134,-0.3361985981464386,-0.06265965104103088,-0.10412959009408951,1.3041141033172607,1.6166642904281616,0.820480227470398,0.8195995092391968,0.7805522084236145,1.34406316280365,1.2361392974853516,1.749782919883728,-0.02186363749206066,-0.2024681270122528,0.3309210240840912
-0.316338449716568,1.4037052392959595,0.4175895154476166,2.202453136444092,0.684308648109436,-0.005322092212736607,-0.2909519672393799,-0.32263249158859253,-0.33619850873947144,-0.06265831738710403,-0.10412214696407318,1.3041224479675293,1.616665244102478,0.8204536437988281,0.8195977807044983,0.7805600762367249,1.3440566062927246,1.2361425161361694,1.749793291091919,-0.02186056599020958,-0.2024678885936737,0.33092832565307617
-0.31633856892585754,1.4036939144134521,0.41759783029556274,2.2024595737457275,0.6842057108879089,-0.00532373134046793,-0.2909601628780365,-0.3226392865180969,-0.3362050950527191,-0.06266851723194122,-0.10414603352546692,1.3041763305664062,1.6166545152664185,0.8205400109291077,0.819584846496582,0.7805624008178711,1.3440600633621216,1.2361388206481934,1.7497707605361938,-0.02186858095228672,-0.20247480273246765,0.3309266269207001
-0.31634196639060974,1.4037017822265625,0.4176032245159149,2.2024476528167725,0.6843328475952148,-0.005316746421158314,-0.29094910621643066,-0.3226339519023895,-0.33619943261146545,-0.06265753507614136,-0.10411343723535538,1.3041423559188843,1.6166644096374512,0.8204259872436523,0.819593071937561,0.780572772026062,1.3440461158752441,1.236146330833435,1.7498077154159546,-0.021856049075722694,-0.2024686336517334,0.3309428095817566
-0.31634217500686646,1.4036904573440552,0.4176081120967865,2.2024552822113037,0.6842281818389893,-0.005318211857229471,-0.290958970785141,-0.32264068722724915,-0.33620601892471313,-0.06266788393259048,-0.10413811355829239,1.3041924238204956,1.616653561592102,0.8205164670944214,0.819580614566803,0.7805731296539307,1.3440502882003784,1.236141562461853,1.749783992767334,-0.02186422049999237,-0.20247557759284973,0.33094143867492676
-0.3163445293903351,1.4036916494369507,0.41761061549186707,2.202451229095459,0.6842722296714783,-0.005314216949045658,-0.2909564971923828,-0.3226395845413208,-0.3362047076225281,-0.06266465783119202,-0.10412649065256119,1.304184913635254,1.6166561841964722,0.8204776048660278,0.819581925868988,0.7805783152580261,1.3440433740615845,1.2361438274383545,1.74979829788208,-0.021859345957636833,-0.20247408747673035,0.3309512436389923
-0.3163467049598694,1.4036917686462402,0.4176117181777954,2.202448844909668,0.6843017935752869,-0.005310875829309225,-0.2909557521343231,-0.32263919711112976,-0.3362041413784027,-0.06266288459300995,-0.10411876440048218,1.3041808605194092,1.6166578531265259,0.8204522132873535,0.8195822238922119,0.7805821299552917,1.3440380096435547,1.236144781112671,1.7498081922531128,-0.02185601182281971,-0.20247341692447662,0.33095958828926086
-0.31634730100631714,1.4036829471588135,0.41761210560798645,2.202455997467041,0.6842219829559326,-0.005311795510351658,-0.29096484184265137,-0.32264450192451477,-0.33620935678482056,-0.06267126649618149,-0.10413826256990433,1.3042161464691162,1.6166499853134155,0.8205231428146362,0.819572925567627,0.7805811762809753,1.344041347503662,1.2361396551132202,1.7497889995574951,-0.02186267077922821,-0.20247893035411835,0.33095914125442505
-0.3163503110408783,1.4036896228790283,0.41761043667793274,2.202448606491089,0.6843246817588806,-0.005306323990225792,-0.29095813632011414,-0.32264021039009094,-0.3362048864364624,-0.06266296654939651,-0.10411309450864792,1.304182529449463,1.6166589260101318,0.8204340934753418,0.8195804357528687,0.7805871367454529,1.3440308570861816,1.2361433506011963,1.7498167753219604,-0.02185332402586937,-0.20247405767440796,0.3309720456600189
-0.31635063886642456,1.4036815166473389,0.4176088273525238,2.202455997467041,0.6842465400695801,-0.0053079091012477875,-0.2909671366214752,-0.32264530658721924,-0.3362099528312683,-0.06267132610082626,-0.10413264483213425,1.3042157888412476,1.616652011871338,0.8205033540725708,0.8195719122886658,0.7805861234664917,1.3440344333648682,1.2361373901367188,1.7497971057891846,-0.0218602754175663,-0.20247939229011536,0.3309706449508667
-0.31635233759880066,1.4036831855773926,0.4176059663295746,2.2024543285369873,0.6842818856239319,-0.005305754020810127,-0.29096609354019165,-0.3226444125175476,-0.3362089693546295,-0.0626692846417427,-0.10412443429231644,1.3042066097259521,1.616655707359314,0.8204726576805115,0.8195739984512329,0.7805898189544678,1.344029426574707,1.236136794090271,1.7498067617416382,-0.021857300773262978,-0.20247824490070343,0.33097732067108154
-0.31635358929634094,1.4036840200424194,0.4176027476787567,2.20245361328125,0.6843047142028809,-0.0053044939413666725,-0.29096588492393494,-0.3226441442966461,-0.33620861172676086,-0.06266839057207108,-0.1041194275021553,1.3042021989822388,1.6166586875915527,0.8204524517059326,0.8195751905441284,0.7805933952331543,1.3440256118774414,1.2361352443695068,1.7498129606246948,-0.021855594590306282,-0.20247776806354523,0.33098259568214417
-0.3163534104824066,1.4036781787872314,0.41759979724884033,2.2024595737457275,0.6842434406280518,-0.005306709092110395,-0.29097267985343933,-0.32264819741249084,-0.3362126350402832,-0.06267519295215607,-0.1041351929306984,1.3042293787002563,1.616654396057129,0.8205054998397827,0.8195690512657166,0.7805941700935364,1.344028353691101,1.2361291646957397,1.7497973442077637,-0.021861491724848747,-0.20248199999332428,0.3309810757637024
-0.3163549602031708,1.403684139251709,0.41759613156318665,2.202453851699829,0.6843226552009583,-0.005304055754095316,-0.29096686840057373,-0.3226448595523834,-0.33620917797088623,-0.06266903132200241,-0.10411641001701355,1.3042042255401611,1.6166629791259766,0.8204348683357239,0.819575846195221,0.7806007862091064,1.3440204858779907,1.2361299991607666,1.749818205833435,-0.021854983642697334,-0.20247820019721985,0.3309899568557739
-0.31635427474975586,1.4036784172058105,0.417593389749527,2.2024595737457275,0.684258759021759,-0.005306882783770561,-0.2909731864929199,-0.32264894247055054,-0.33621323108673096,-0.06267594546079636,-0.10413285344839096,1.3042323589324951,1.6166589260101318,0.8204894661903381,0.8195698857307434,0.7806020379066467,1.3440239429473877,1.2361235618591309,1.7498019933700562,-0.021861286833882332,-0.2024824619293213,0.33098775148391724
-0.3163547217845917,1.403680682182312,0.417590469121933,2.2024571895599365,0.6842901110649109,-0.005306314677000046,-0.29097092151641846,-0.32264798879623413,-0.3362121880054474,-0.06267402321100235,-0.10412584245204926,1.3042247295379639,1.6166635751724243,0.8204604387283325,0.8195727467536926,0.7806071043014526,1.3440203666687012,1.2361218929290771,1.7498104572296143,-0.02185915596783161,-0.20248126983642578,0.3309926688671112
-0.3163547217845917,1.4036812782287598,0.4175880253314972,2.20245623588562,0.6843019127845764,-0.005306505598127842,-0.2909701466560364,-0.32264798879623413,-0.3362121284008026,-0.06267379969358444,-0.10412362217903137,1.3042240142822266,1.616666555404663,0.8204485774040222,0.8195739984512329,0.7806114554405212,1.344018578529358,1.236119270324707,1.7498139142990112,-0.02185876853764057,-0.20248113572597504,0.33099600672721863
-0.31635379791259766,1.403677225112915,0.4175862669944763,2.2024598121643066,0.6842584013938904,-0.005308695137500763,-0.29097405076026917,-0.32265082001686096,-0.33621492981910706,-0.06267853826284409,-0.10413497686386108,1.3042433261871338,1.6166644096374512,0.8204854726791382,0.8195703625679016,0.7806136012077332,1.344021201133728,1.2361139059066772,1.749803066253662,-0.02186325378715992,-0.20248408615589142,0.3309950828552246
-0.3163542151451111,1.4036818742752075,0.4175843298435211,2.2024548053741455,0.6843194365501404,-0.005306940525770187,-0.29096874594688416,-0.3226481080055237,-0.3362121284008026,-0.06267353892326355,-0.10412054508924484,1.3042229413986206,1.6166715621948242,0.8204309344291687,0.8195763230323792,0.7806196212768555,1.3440160751342773,1.2361140251159668,1.7498193979263306,-0.021858323365449905,-0.20248104631900787,0.3310020864009857
-0.3163529634475708,1.4036768674850464,0.4175833463668823,2.2024590969085693,0.6842665672302246,-0.005309260915964842,-0.29097336530685425,-0.32265129685401917,-0.3362152874469757,-0.06267885863780975,-0.10413406044244766,1.3042443990707397,1.6166682243347168,0.8204765319824219,0.8195720314979553,0.7806210517883301,1.3440197706222534,1.2361085414886475,1.7498060464859009,-0.02186337299644947,-0.20248441398143768,0.3310004472732544
-0.31635281443595886,1.4036787748336792,0.417582243680954,2.20245623588562,0.684298574924469,-0.005308313295245171,-0.29097065329551697,-0.3226499855518341,-0.3362138867378235,-0.06267623603343964,-0.10412660241127014,1.3042335510253906,1.6166722774505615,0.8204480409622192,0.8195755481719971,0.7806255221366882,1.3440170288085938,1.236107587814331,1.749814748764038,-0.021860681474208832,-0.2024829089641571,0.3310052752494812
-0.3163521885871887,1.403678059577942,0.41758161783218384,2.202455997467041,0.684299647808075,-0.005308351945132017,-0.29097068309783936,-0.3226502239704132,-0.3362140655517578,-0.0626763105392456,-0.10412665456533432,1.3042337894439697,1.616673231124878,0.8204469084739685,0.8195763230323792,0.7806284427642822,1.3440167903900146,1.2361054420471191,1.7498153448104858,-0.021860551089048386,-0.20248310267925262,0.331007719039917
-0.31635114550590515,1.4036749601364136,0.4175814986228943,2.202458143234253,0.6842727661132812,-0.005309262778609991,-0.2909732162952423,-0.32265186309814453,-0.33621567487716675,-0.06267880648374557,-0.10413345694541931,1.3042441606521606,1.6166713237762451,0.8204704523086548,0.8195745944976807,0.7806298136711121,1.3440186977386475,1.2361021041870117,1.749808669090271,-0.02186272107064724,-0.2024848312139511,0.33100801706314087
-0.31635111570358276,1.4036778211593628,0.4175814092159271,2.2024543285369873,0.6843177080154419,-0.005307375453412533,-0.29096952080726624,-0.3226497173309326,-0.33621343970298767,-0.06267458200454712,-0.10412246733903885,1.304227590560913,1.6166754961013794,0.820431113243103,0.8195793628692627,0.7806334495544434,1.344015121459961,1.2361027002334595,1.749820590019226,-0.021858353167772293,-0.2024824470281601,0.3310137689113617
-0.3163498640060425,1.4036731719970703,0.4175822138786316,2.202457904815674,0.6842736005783081,-0.005308626685291529,-0.29097357392311096,-0.3226521909236908,-0.33621588349342346,-0.06267844140529633,-0.10413327813148499,1.3042442798614502,1.6166714429855347,0.8204699158668518,0.8195760250091553,0.7806330323219299,1.3440184593200684,1.236099123954773,1.7498092651367188,-0.021861813962459564,-0.2024850994348526,0.33101266622543335
-0.31634971499443054,1.4036749601364136,0.4175831079483032,2.2024552822113037,0.6843058466911316,-0.005306941457092762,-0.29097092151641846,-0.32265064120292664,-0.3362142741680145,-0.06267522275447845,-0.10412518680095673,1.3042327165603638,1.6166739463806152,0.8204417824745178,0.819579541683197,0.7806349396705627,1.3440158367156982,1.2360997200012207,1.7498177289962769,-0.02185843139886856,-0.2024834007024765,0.33101728558540344
-0.316349059343338,1.4036732912063599,0.41758468747138977,2.20245623588562,0.6842964887619019,-0.00530669093132019,-0.2909718155860901,-0.3226512670516968,-0.3362148404121399,-0.06267578154802322,-0.10412724316120148,1.3042371273040771,1.6166725158691406,0.8204500675201416,0.8195791840553284,0.7806346416473389,1.344016432762146,1.2360984086990356,1.7498152256011963,-0.02185874804854393,-0.20248407125473022,0.3310186266899109
-0.3163484036922455,1.403671383857727,0.41758671402931213,2.2024574279785156,0.6842842698097229,-0.005306491162627935,-0.29097282886505127,-0.32265204191207886,-0.3362155556678772,-0.06267659366130829,-0.10412994027137756,1.3042430877685547,1.6166707277297974,0.8204607367515564,0.8195784687995911,0.780633807182312,1.3440172672271729,1.2360972166061401,1.7498117685317993,-0.02185935713350773,-0.20248490571975708,0.3310196101665497
-0.3163484036922455,1.4036730527877808,0.41758885979652405,2.2024550437927246,0.6843138933181763,-0.005304733756929636,-0.2909700572490692,-0.32265061140060425,-0.3362140655517578,-0.06267356872558594,-0.10412230342626572,1.3042340278625488,1.6166726350784302,0.8204345703125,0.8195814490318298,0.7806342840194702,1.3440148830413818,1.236098289489746,1.749819040298462,-0.021856289356946945,-0.2024833709001541,0.33102360367774963
-0.31634753942489624,1.4036693572998047,0.4175916016101837,2.202457904815674,0.6842787265777588,-0.00530537823215127,-0.2909727692604065,-0.32265257835388184,-0.336216002702713,-0.06267651170492172,-0.10413059592247009,1.30424964427948,1.616668701171875,0.820465087890625,0.8195784091949463,0.7806321382522583,1.3440173864364624,1.2360962629318237,1.7498092651367188,-0.02185903862118721,-0.20248551666736603,0.3310224711894989
-0.3163476288318634,1.4036712646484375,0.4175941050052643,2.202455520629883,0.6843095421791077,-0.005303648300468922,-0.2909696102142334,-0.32265111804008484,-0.33621445298194885,-0.06267343461513519,-0.10412265360355377,1.3042411804199219,1.6166707277297974,0.8204375505447388,0.8195812702178955,0.7806326150894165,1.3440147638320923,1.2360976934432983,1.7498164176940918,-0.02185596339404583,-0.2024839073419571,0.331026166677475
-0.3163470923900604,1.4036692380905151,0.41759684681892395,2.2024569511413574,0.6842923164367676,-0.005303759593516588,-0.2909705340862274,-0.3226521611213684,-0.33621543645858765,-0.06267482042312622,-0.10412658005952835,1.3042510747909546,1.6166685819625854,0.8204520344734192,0.8195796608924866,0.780631422996521,1.3440157175064087,1.236096739768982,1.7498109340667725,-0.021857209503650665,-0.20248502492904663,0.33102598786354065
-0.31634682416915894,1.403668761253357,0.4175993502140045,2.2024569511413574,0.6842927932739258,-0.005303291138261557,-0.2909698486328125,-0.32265228033065796,-0.3362154960632324,-0.0626746341586113,-0.10412620007991791,1.3042545318603516,1.6166681051254272,0.8204509019851685,0.8195796012878418,0.7806311845779419,1.3440152406692505,1.236096739768982,1.749809980392456,-0.021856915205717087,-0.2024851143360138,0.33102691173553467
-0.31634679436683655,1.4036694765090942,0.4176015853881836,2.202455759048462,0.6843079924583435,-0.0053023467771708965,-0.29096782207489014,-0.32265162467956543,-0.3362147808074951,-0.0626731663942337,-0.10412228107452393,1.3042525053024292,1.6166690587997437,0.8204368948936462,0.8195807933807373,0.7806317806243896,1.3440135717391968,1.2360974550247192,1.7498127222061157,-0.021855348721146584,-0.2024843543767929,0.33102869987487793
-0.31634625792503357,1.4036669731140137,0.4176037311553955,2.202457904815674,0.6842835545539856,-0.005302912555634975,-0.29096928238868713,-0.32265305519104004,-0.33621615171432495,-0.06267540901899338,-0.10412821173667908,1.3042651414871216,1.616666555404663,0.8204576969146729,0.8195783495903015,0.7806310057640076,1.3440148830413818,1.2360961437225342,1.749805212020874,-0.021857354789972305,-0.2024858295917511,0.33102720975875854
-0.31634649634361267,1.403668761253357,0.41760531067848206,2.202455759048462,0.6843106746673584,-0.005301596596837044,-0.290966272354126,-0.32265177369117737,-0.3362147808074951,-0.06267298758029938,-0.10412154346704483,1.304258108139038,1.6166688203811646,0.8204334378242493,0.8195804953575134,0.7806322574615479,1.3440122604370117,1.2360973358154297,1.749811053276062,-0.021854816004633904,-0.2024843692779541,0.33102938532829285
-0.31634610891342163,1.403666615486145,0.41760680079460144,2.2024576663970947,0.6842904090881348,-0.005302028730511665,-0.2909674644470215,-0.3226529657840729,-0.33621591329574585,-0.06267498433589935,-0.10412663221359253,1.30426824092865,1.6166670322418213,0.8204509019851685,0.8195783495903015,0.7806317210197449,1.3440133333206177,1.2360960245132446,1.7498047351837158,-0.021856529638171196,-0.2024855762720108,0.33102771639823914
-0.3163462281227112,1.4036670923233032,0.41760775446891785,2.2024569511413574,0.6843016147613525,-0.005301294848322868,-0.2909660041332245,-0.3226524889469147,-0.33621537685394287,-0.0626741424202919,-0.1041240468621254,1.304266095161438,1.6166681051254272,0.820440948009491,0.819579005241394,0.7806322574615479,1.3440120220184326,1.2360962629318237,1.7498066425323486,-0.021855466067790985,-0.20248499512672424,0.3310282528400421
-0.31634628772735596,1.4036669731140137,0.417608380317688,2.2024569511413574,0.6843048930168152,-0.0053008366376161575,-0.29096531867980957,-0.3226524293422699,-0.3362152576446533,-0.06267406791448593,-0.10412346571683884,1.3042664527893066,1.6166685819625854,0.8204380869865417,0.8195789456367493,0.7806323766708374,1.3440114259719849,1.2360960245132446,1.7498067617416382,-0.021855110302567482,-0.2024848461151123,0.331028014421463
-0.3163461685180664,1.4036656618118286,0.41760873794555664,2.202458381652832,0.684293270111084,-0.0053009106777608395,-0.2909660339355469,-0.3226531147956848,-0.33621591329574585,-0.06267538666725159,-0.10412658751010895,1.3042718172073364,1.6166677474975586,0.8204483985900879,0.8195775747299194,0.7806317806243896,1.3440120220184326,1.2360949516296387,1.7498031854629517,-0.021856065839529037,-0.20248551666736603,0.331026554107666
-0.31634655594825745,1.4036670923233032,0.4176085889339447,2.2024571895599365,0.6843136548995972,-0.005299784708768129,-0.2909640669822693,-0.32265210151672363,-0.3362148404121399,-0.06267376989126205,-0.10412184149026871,1.304264783859253,1.616669774055481,0.8204307556152344,0.8195791244506836,0.7806323766708374,1.3440102338790894,1.2360954284667969,1.7498081922531128,-0.021854136139154434,-0.2024843543767929,0.3310275077819824
-0.3163464069366455,1.40366530418396,0.417608380317688,2.2024590969085693,0.684295117855072,-0.0053000785410404205,-0.29096558690071106,-0.3226531147956848,-0.3362158238887787,-0.06267572194337845,-0.10412666946649551,1.3042720556259155,1.6166683435440063,0.8204473257064819,0.819577157497406,0.7806313633918762,1.3440114259719849,1.2360939979553223,1.7498033046722412,-0.021855631843209267,-0.20248538255691528,0.33102551102638245
-0.31634676456451416,1.4036664962768555,0.41760775446891785,2.202458143234253,0.6843119263648987,-0.005299067590385675,-0.29096412658691406,-0.32265225052833557,-0.33621490001678467,-0.06267441809177399,-0.10412278771400452,1.3042659759521484,1.6166701316833496,0.8204329609870911,0.8195784091949463,0.7806317806243896,1.3440098762512207,1.2360942363739014,1.7498077154159546,-0.021853940561413765,-0.2024843841791153,0.3310263156890869
-0.31634682416915894,1.4036657810211182,0.41760706901550293,2.2024588584899902,0.6843054890632629,-0.005298909265547991,-0.2909647524356842,-0.32265257835388184,-0.33621519804000854,-0.06267523765563965,-0.10412460565567017,1.304268479347229,1.616669774055481,0.8204389810562134,0.8195775747299194,0.7806313633918762,1.3440101146697998,1.236093282699585,1.7498061656951904,-0.021854281425476074,-0.20248468220233917,0.33102551102638245
-0.3163469731807709,1.4036656618118286,0.41760629415512085,2.2024590969085693,0.6843054890632629,-0.005298508331179619,-0.29096484184265137,-0.32265257835388184,-0.33621516823768616,-0.06267545372247696,-0.10412481427192688,1.3042685985565186,1.61667001247406,0.820439338684082,0.8195773363113403,0.7806312441825867,1.3440098762512207,1.2360926866531372,1.7498064041137695,-0.02185402810573578,-0.2024846076965332,0.3310253918170929
-0.31634727120399475,1.403666377067566,0.417605459690094,2.202458381652832,0.6843156218528748,-0.005297729279845953,-0.2909640669822693,-0.32265204191207886,-0.3362146019935608,-0.06267472356557846,-0.10412248969078064,1.304265022277832,1.616671085357666,0.8204307556152344,0.8195779919624329,0.7806316018104553,1.3440089225769043,1.2360925674438477,1.7498092651367188,-0.02185286395251751,-0.20248395204544067,0.33102625608444214
-0.31634724140167236,1.4036651849746704,0.41760480403900146,2.2024595737457275,0.6843029260635376,-0.005297787953168154,-0.2909652888774872,-0.3226526975631714,-0.33621522784233093,-0.0626760795712471,-0.10412576794624329,1.3042700290679932,1.61667001247406,0.8204421997070312,0.8195765614509583,0.7806311845779419,1.3440096378326416,1.2360912561416626,1.7498061656951904,-0.021853743121027946,-0.202484592795372,0.3310255706310272
-0.3163476288318634,1.403666377067566,0.4176040589809418,2.202458381652832,0.6843189001083374,-0.005296790972352028,-0.2909640073776245,-0.32265186309814453,-0.3362143635749817,-0.06267479062080383,-0.10412196069955826,1.3042645454406738,1.6166715621948242,0.8204284906387329,0.819577693939209,0.780631959438324,1.344008207321167,1.2360914945602417,1.7498104572296143,-0.02185209095478058,-0.2024836242198944,0.3310272693634033
-0.3163476288318634,1.40366530418396,0.41760358214378357,2.2024593353271484,0.6843074560165405,-0.0052968040108680725,-0.29096511006355286,-0.3226524591445923,-0.33621495962142944,-0.06267601251602173,-0.10412488132715225,1.3042694330215454,1.6166706085205078,0.820438802242279,0.8195763826370239,0.7806317210197449,1.3440088033676147,1.2360903024673462,1.749807596206665,-0.021852903068065643,-0.20248422026634216,0.331027090549469
-0.3163479268550873,1.4036659002304077,0.41760310530662537,2.202458620071411,0.6843157410621643,-0.0052961017936468124,-0.2909644842147827,-0.32265204191207886,-0.33621451258659363,-0.06267542392015457,-0.10412293672561646,1.3042670488357544,1.6166713237762451,0.8204317688941956,0.8195767998695374,0.7806323170661926,1.344007968902588,1.2360901832580566,1.749809741973877,-0.02185198850929737,-0.20248371362686157,0.331028550863266
-0.3163481056690216,1.4036657810211182,0.4176027774810791,2.202458620071411,0.6843155026435852,-0.005295732989907265,-0.29096463322639465,-0.32265207171440125,-0.336214542388916,-0.0626756101846695,-0.1041230782866478,1.3042680025100708,1.6166713237762451,0.820432186126709,0.8195765018463135,0.7806326746940613,1.3440077304840088,1.2360897064208984,1.7498096227645874,-0.02185184881091118,-0.20248369872570038,0.3310294449329376
-0.31634822487831116,1.40366530418396,0.4176025688648224,2.2024590969085693,0.6843114495277405,-0.005295523442327976,-0.29096511006355286,-0.32265231013298035,-0.3362147808074951,-0.06267614662647247,-0.10412414371967316,1.3042703866958618,1.6166709661483765,0.8204358816146851,0.819575846195221,0.7806329131126404,1.3440077304840088,1.2360891103744507,1.749808430671692,-0.021852074190974236,-0.2024839222431183,0.33103010058403015
-0.31634852290153503,1.4036659002304077,0.41760239005088806,2.202458381652832,0.6843211650848389,-0.0052948398515582085,-0.29096439480781555,-0.32265186309814453,-0.3362143039703369,-0.06267541646957397,-0.10412181913852692,1.3042676448822021,1.6166718006134033,0.8204274773597717,0.8195764422416687,0.7806336879730225,1.3440066576004028,1.2360892295837402,1.749810814857483,-0.02185109630227089,-0.2024833858013153,0.33103176951408386
-0.3163485527038574,1.4036648273468018,0.41760239005088806,2.2024593353271484,0.6843107342720032,-0.0052949246019124985,-0.2909654676914215,-0.3226524591445923,-0.33621490001678467,-0.06267653405666351,-0.10412443429231644,1.3042724132537842,1.6166707277297974,0.8204366564750671,0.8195752501487732,0.7806336283683777,1.344007134437561,1.2360883951187134,1.7498079538345337,-0.021851921454072,-0.20248399674892426,0.331031858921051
-0.3163488805294037,1.403665542602539,0.4176023304462433,2.202458620071411,0.6843214631080627,-0.005294261500239372,-0.29096469283103943,-0.3226519525051117,-0.3362143933773041,-0.06267569959163666,-0.10412183403968811,1.3042691946029663,1.6166715621948242,0.8204271793365479,0.8195759654045105,0.780634343624115,1.344006061553955,1.2360886335372925,1.7498106956481934,-0.02185088023543358,-0.2024834305047989,0.33103346824645996
-0.31634894013404846,1.4036647081375122,0.41760241985321045,2.2024593353271484,0.6843141913414001,-0.00529429130256176,-0.2909654974937439,-0.3226523995399475,-0.3362148404121399,-0.06267651915550232,-0.10412365943193436,1.3042726516723633,1.616670846939087,0.820433497428894,0.8195751309394836,0.780634343624115,1.3440062999725342,1.2360880374908447,1.7498087882995605,-0.02185145393013954,-0.2024839073419571,0.3310336470603943
-0.3163491487503052,1.4036647081375122,0.4176025092601776,2.2024590969085693,0.684317946434021,-0.005293945781886578,-0.29096534848213196,-0.32265228033065796,-0.33621472120285034,-0.0626763105392456,-0.10412275791168213,1.304271936416626,1.616671085357666,0.8204300403594971,0.819575309753418,0.7806346416473389,1.3440057039260864,1.2360880374908447,1.749809741973877,-0.021851055324077606,-0.20248375833034515,0.3310345411300659
-0.3163492977619171,1.403664469718933,0.41760265827178955,2.2024593353271484,0.6843188405036926,-0.005293736234307289,-0.2909654378890991,-0.32265233993530273,-0.33621475100517273,-0.06267636269330978,-0.10412255674600601,1.304272174835205,1.616671085357666,0.8204290270805359,0.8195752501487732,0.7806347608566284,1.3440053462982178,1.2360879182815552,1.749809980392456,-0.021850936114788055,-0.20248378813266754,0.3310351073741913
-0.3163493573665619,1.4036638736724854,0.41760286688804626,2.2024598121643066,0.6843143701553345,-0.005293747875839472,-0.2909660041332245,-0.322652667760849,-0.336215078830719,-0.06267690658569336,-0.10412367433309555,1.304274320602417,1.6166706085205078,0.820432722568512,0.8195747137069702,0.7806345820426941,1.3440054655075073,1.2360875606536865,1.74980890750885,-0.0218513160943985,-0.202484130859375,0.33103513717651367
-0.3163495659828186,1.403664231300354,0.4176030457019806,2.2024593353271484,0.6843214631080627,-0.005293356254696846,-0.2909655272960663,-0.3226523995399475,-0.3362147808074951,-0.06267638504505157,-0.10412194579839706,1.3042720556259155,1.6166712045669556,0.8204262256622314,0.8195752501487732,0.7806347608566284,1.34400475025177,1.2360877990722656,1.749810814857483,-0.02185068652033806,-0.20248383283615112,0.33103594183921814
-0.3163495659828186,1.4036632776260376,0.41760334372520447,2.202460289001465,0.6843134760856628,-0.005293545313179493,-0.29096633195877075,-0.3226529061794281,-0.3362152874469757,-0.06267724186182022,-0.10412392765283585,1.3042752742767334,1.6166704893112183,0.8204329609870911,0.8195744752883911,0.780634343624115,1.3440052270889282,1.2360873222351074,1.7498087882995605,-0.02185141295194626,-0.2024843841791153,0.3310355246067047
-0.31634974479675293,1.4036636352539062,0.41760358214378357,2.2024598121643066,0.6843208074569702,-0.005293192341923714,-0.2909657657146454,-0.3226526379585266,-0.33621498942375183,-0.06267668306827545,-0.10412215441465378,1.3042727708816528,1.6166712045669556,0.8204262852668762,0.8195750713348389,0.7806345820426941,1.344004511833191,1.236087679862976,1.749810814857483,-0.021850790828466415,-0.20248407125473022,0.33103621006011963
-0.31634971499443054,1.403662919998169,0.41760388016700745,2.202460289001465,0.6843154430389404,-0.005293324124068022,-0.290966272354126,-0.32265299558639526,-0.3362153470516205,-0.06267727166414261,-0.10412349551916122,1.3042750358581543,1.6166707277297974,0.8204307556152344,0.8195745348930359,0.7806344032287598,1.34400475025177,1.2360873222351074,1.7498095035552979,-0.02185129001736641,-0.20248445868492126,0.33103591203689575
-0.3163497745990753,1.403662919998169,0.41760414838790894,2.202460289001465,0.6843180656433105,-0.005293181631714106,-0.29096606373786926,-0.3226529359817505,-0.3362152874469757,-0.06267711520195007,-0.10412287712097168,1.304274320602417,1.6166709661483765,0.8204282522201538,0.819574773311615,0.7806345820426941,1.3440043926239014,1.2360873222351074,1.7498102188110352,-0.02185107208788395,-0.2024843841791153,0.33103621006011963
-0.3163497745990753,1.4036628007888794,0.4176044464111328,2.202460289001465,0.6843184232711792,-0.005293140187859535,-0.2909660041332245,-0.32265299558639526,-0.3362153172492981,-0.06267715245485306,-0.1041228175163269,1.3042744398117065,1.616671085357666,0.8204277157783508,0.819574773311615,0.7806347608566284,1.3440042734146118,1.2360872030258179,1.7498103380203247,-0.021851053461432457,-0.20248442888259888,0.3310363292694092
-0.31634968519210815,1.4036624431610107,0.4176047444343567,2.202460527420044,0.6843155026435852,-0.005293224472552538,-0.2909661829471588,-0.322653204202652,-0.3362155258655548,-0.06267746537923813,-0.104123555123806,1.3042758703231812,1.616670846939087,0.8204300999641418,0.8195745348930359,0.7806348204612732,1.3440043926239014,1.2360869646072388,1.7498095035552979,-0.02185131050646305,-0.2024846374988556,0.33103618025779724
-0.31634968519210815,1.4036626815795898,0.4176050126552582,2.2024600505828857,0.684320330619812,-0.005293029826134443,-0.2909656763076782,-0.32265299558639526,-0.3362152874469757,-0.0626770481467247,-0.10412239283323288,1.3042744398117065,1.6166713237762451,0.8204256892204285,0.8195750117301941,0.7806351780891418,1.3440039157867432,1.2360870838165283,1.7498106956481934,-0.02185087278485298,-0.2024843990802765,0.33103662729263306
-0.3163495361804962,1.403662085533142,0.41760531067848206,2.202460527420044,0.6843147873878479,-0.005293212365359068,-0.29096606373786926,-0.32265332341194153,-0.3362155854701996,-0.06267756968736649,-0.1041237860918045,1.3042768239974976,1.616670846939087,0.8204304575920105,0.8195745348930359,0.7806351184844971,1.3440042734146118,1.2360867261886597,1.7498091459274292,-0.021851347759366035,-0.20248472690582275,0.3310362994670868
-0.3163495361804962,1.4036624431610107,0.41760551929473877,2.2024600505828857,0.6843203902244568,-0.005292979534715414,-0.2909654676914215,-0.32265305519104004,-0.3362152874469757,-0.0626770555973053,-0.10412243008613586,1.3042750358581543,1.6166713237762451,0.8204254508018494,0.8195750713348389,0.7806354761123657,1.3440037965774536,1.2360868453979492,1.7498104572296143,-0.02185082621872425,-0.20248441398143768,0.3310368061065674
-0.3163493871688843,1.403662085533142,0.41760575771331787,2.202460289001465,0.684316098690033,-0.0052930982783436775,-0.2909657061100006,-0.32265329360961914,-0.3362154960632324,-0.06267743557691574,-0.10412350296974182,1.304276943206787,1.6166709661483765,0.8204292058944702,0.8195747137069702,0.7806353569030762,1.3440041542053223,1.2360864877700806,1.7498091459274292,-0.021851178258657455,-0.20248465240001678,0.3310365676879883
-0.3163493573665619,1.4036623239517212,0.4176059067249298,2.2024600505828857,0.6843190789222717,-0.005292937159538269,-0.29096531867980957,-0.3226531147956848,-0.3362153172492981,-0.06267713010311127,-0.10412278026342392,1.3042761087417603,1.6166712045669556,0.8204265832901001,0.8195750117301941,0.7806354761123657,1.3440039157867432,1.2360864877700806,1.749809741973877,-0.02185087278485298,-0.20248447358608246,0.33103686571121216
-0.3163492679595947,1.4036622047424316,0.41760602593421936,2.2024600505828857,0.6843183636665344,-0.005292900837957859,-0.2909652888774872,-0.3226531445980072,-0.3362153172492981,-0.06267715990543365,-0.10412296652793884,1.3042765855789185,1.616671085357666,0.8204272389411926,0.8195750117301941,0.780635416507721,1.3440040349960327,1.2360862493515015,1.7498093843460083,-0.021850883960723877,-0.20248448848724365,0.33103689551353455
-0.31634917855262756,1.403662085533142,0.4176061153411865,2.2024600505828857,0.6843176484107971,-0.005292857997119427,-0.2909652590751648,-0.3226531445980072,-0.3362153172492981,-0.06267718225717545,-0.10412316024303436,1.304276943206787,1.6166709661483765,0.8204279541969299,0.8195750117301941,0.7806352972984314,1.3440041542053223,1.2360860109329224,1.7498090267181396,-0.021850885823369026,-0.20248448848724365,0.33103689551353455
-0.3163491487503052,1.4036623239517212,0.4176061153411865,2.2024598121643066,0.684320330619812,-0.005292688962072134,-0.2909649610519409,-0.3226529657840729,-0.33621513843536377,-0.06267688423395157,-0.10412250459194183,1.3042759895324707,1.6166712045669556,0.8204256892204285,0.819575309753418,0.7806352376937866,1.3440040349960327,1.2360860109329224,1.7498095035552979,-0.021850572898983955,-0.20248429477214813,0.33103713393211365
-0.3163490295410156,1.403662085533142,0.4176061153411865,2.2024600505828857,0.6843170523643494,-0.0052927415817976,-0.29096519947052,-0.3226531147956848,-0.3362152874469757,-0.06267713755369186,-0.10412333160638809,1.3042773008346558,1.616670846939087,0.8204286694526672,0.8195750713348389,0.7806349396705627,1.3440042734146118,1.2360856533050537,1.749808430671692,-0.021850790828466415,-0.20248444378376007,0.33103689551353455
-0.3163490295410156,1.4036624431610107,0.41760602593421936,2.2024598121643066,0.6843212246894836,-0.005292520858347416,-0.290964812040329,-0.3226528763771057,-0.3362150192260742,-0.06267670542001724,-0.10412231832742691,1.3042757511138916,1.6166712045669556,0.8204251527786255,0.8195754885673523,0.780634880065918,1.3440040349960327,1.2360857725143433,1.7498093843460083,-0.0218503400683403,-0.20248417556285858,0.3310372233390808
-0.3163489103317261,1.4036622047424316,0.4176059663295746,2.2024600505828857,0.6843176484107971,-0.0052925883792340755,-0.29096511006355286,-0.32265302538871765,-0.33621516823768616,-0.06267698854207993,-0.10412321984767914,1.3042771816253662,1.616670846939087,0.8204284310340881,0.8195751905441284,0.7806345820426941,1.3440042734146118,1.2360854148864746,1.7498083114624023,-0.02185058407485485,-0.2024843394756317,0.3310369551181793
-0.3163489103317261,1.4036625623703003,0.4176058769226074,2.2024598121643066,0.6843210458755493,-0.0052923946641385555,-0.2909647822380066,-0.32265281677246094,-0.33621495962142944,-0.06267663836479187,-0.10412240028381348,1.3042759895324707,1.616671085357666,0.8204256296157837,0.8195755481719971,0.7806345224380493,1.3440040349960327,1.2360854148864746,1.7498090267181396,-0.021850215271115303,-0.2024841159582138,0.3310372233390808
-0.3163488507270813,1.4036624431610107,0.41760581731796265,2.2024600505828857,0.6843191385269165,-0.005292392335832119,-0.29096493124961853,-0.3226529061794281,-0.3362150192260742,-0.06267677992582321,-0.10412289202213287,1.304276704788208,1.616670846939087,0.8204274773597717,0.8195754289627075,0.7806342244148254,1.3440042734146118,1.2360851764678955,1.749808430671692,-0.021850330755114555,-0.20248419046401978,0.33103707432746887
-0.3163488507270813,1.4036625623703003,0.4176057279109955,2.2024600505828857,0.6843203902244568,-0.005292282439768314,-0.290964812040329,-0.32265281677246094,-0.33621492981910706,-0.06267664581537247,-0.10412261635065079,1.3042762279510498,1.6166709661483765,0.8204265236854553,0.8195755481719971,0.7806341052055359,1.3440041542053223,1.236085057258606,1.749808669090271,-0.02185017615556717,-0.2024841010570526,0.33103716373443604
-0.3163488209247589,1.4036625623703003,0.4176056683063507,2.2024600505828857,0.6843207478523254,-0.005292213521897793,-0.2909647524356842,-0.32265278697013855,-0.33621490001678467,-0.06267659366130829,-0.10412254929542542,1.3042761087417603,1.6166709661483765,0.820426344871521,0.8195756077766418,0.7806340456008911,1.3440041542053223,1.2360849380493164,1.749808669090271,-0.0218501053750515,-0.20248407125473022,0.3310371935367584
-0.3163487911224365,1.4036624431610107,0.4176056385040283,2.2024600505828857,0.6843197345733643,-0.005292204674333334,-0.290964812040329,-0.3226528465747833,-0.33621492981910706,-0.06267667561769485,-0.1041228175163269,1.3042765855789185,1.616670846939087,0.8204273581504822,0.8195754885673523,0.7806339859962463,1.3440042734146118,1.2360848188400269,1.7498083114624023,-0.021850164979696274,-0.2024841159582138,0.33103713393211365
-0.3163487911224365,1.4036625623703003,0.41760560870170593,2.2024598121643066,0.6843218803405762,-0.005292089190334082,-0.29096460342407227,-0.3226527273654938,-0.3362148106098175,-0.06267647445201874,-0.10412231087684631,1.3042759895324707,1.616671085357666,0.8204255700111389,0.8195756673812866,0.7806341052055359,1.3440041542053223,1.2360848188400269,1.7498087882995605,-0.02184995263814926,-0.20248398184776306,0.331037312746048
-0.31634873151779175,1.4036623239517212,0.41760560870170593,2.2024600505828857,0.6843195557594299,-0.005292149260640144,-0.2909647524356842,-0.3226528465747833,-0.33621492981910706,-0.06267669051885605,-0.10412289947271347,1.3042770624160767,1.616670846939087,0.820427656173706,0.8195754289627075,0.7806341052055359,1.3440042734146118,1.2360845804214478,1.7498081922531128,-0.021850138902664185,-0.2024841010570526,0.33103713393211365
-0.31634876132011414,1.4036625623703003,0.41760560870170593,2.2024598121643066,0.6843222975730896,-0.005292029120028019,-0.2909644842147827,-0.3226526975631714,-0.3362147808074951,-0.06267644464969635,-0.10412224382162094,1.3042762279510498,1.616671085357666,0.8204253315925598,0.8195756673812866,0.780634343624115,1.3440040349960327,1.2360845804214478,1.74980890750885,-0.02184988185763359,-0.20248395204544067,0.33103734254837036
-0.31634870171546936,1.4036623239517212,0.4176056385040283,2.2024600505828857,0.6843199133872986,-0.005292102694511414,-0.29096466302871704,-0.32265281677246094,-0.33621490001678467,-0.06267666816711426,-0.10412284731864929,1.3042773008346558,1.616670846939087,0.8204274773597717,0.8195754289627075,0.7806344032287598,1.3440041542053223,1.2360843420028687,1.7498083114624023,-0.02185007743537426,-0.20248408615589142,0.33103716373443604
-0.31634873151779175,1.4036624431610107,0.4176056385040283,2.2024598121643066,0.6843220591545105,-0.0052920179441571236,-0.2909644544124603,-0.3226527273654938,-0.3362147808074951,-0.06267648190259933,-0.1041223332285881,1.304276704788208,1.616671085357666,0.8204256296157837,0.8195756077766418,0.7806346416473389,1.3440039157867432,1.2360843420028687,1.74980890750885,-0.021849868819117546,-0.20248396694660187,0.33103734254837036
-0.31634870171546936,1.4036623239517212,0.4176056683063507,2.2024598121643066,0.6843205690383911,-0.005292066372931004,-0.2909645736217499,-0.32265281677246094,-0.3362148702144623,-0.06267663091421127,-0.10412271320819855,1.3042774200439453,1.6166709661483765,0.8204269409179688,0.8195754289627075,0.7806347012519836,1.3440040349960327,1.236084222793579,1.7498085498809814,-0.021849989891052246,-0.20248405635356903,0.3310372233390808
-0.31634870171546936,1.4036623239517212,0.4176056981086731,2.2024598121643066,0.6843215227127075,-0.005292020738124847,-0.2909644842147827,-0.32265278697013855,-0.3362148404121399,-0.0626765564084053,-0.10412248969078064,1.3042771816253662,1.616671085357666,0.8204261064529419,0.8195754885673523,0.7806348204612732,1.3440039157867432,1.236084222793579,1.7498087882995605,-0.021849893033504486,-0.20248401165008545,0.3310372829437256
-0.31634870171546936,1.4036623239517212,0.4176057279109955,2.2024598121643066,0.6843212842941284,-0.005292015615850687,-0.2909645140171051,-0.32265281677246094,-0.3362148702144623,-0.06267658621072769,-0.10412255674600601,1.3042774200439453,1.616671085357666,0.8204262852668762,0.8195754289627075,0.7806348204612732,1.3440039157867432,1.236084222793579,1.7498087882995605,-0.021849902346730232,-0.20248402655124664,0.3310372531414032
-0.31634870171546936,1.4036623239517212,0.41760575771331787,2.2024598121643066,0.6843209862709045,-0.005292010027915239,-0.2909645438194275,-0.3226528465747833,-0.33621490001678467,-0.06267662346363068,-0.10412264615297318,1.3042776584625244,1.6166709661483765,0.8204265832901001,0.8195753693580627,0.7806347608566284,1.3440039157867432,1.236084222793579,1.7498087882995605,-0.021849922835826874,-0.20248405635356903,0.3310371935367584
-0.31634873151779175,1.4036623239517212,0.41760578751564026,2.2024598121643066,0.6843218803405762,-0.005291961133480072,-0.2909644842147827,-0.32265281677246094,-0.3362148702144623,-0.06267654895782471,-0.10412243753671646,1.3042774200439453,1.6166709661483765,0.820425808429718,0.8195754289627075,0.7806347012519836,1.3440037965774536,1.236084222793579,1.7498090267181396,-0.021849842742085457,-0.20248401165008545,0.3310372233390808
-0.31634873151779175,1.4036622047424316,0.41760581731796265,2.2024600505828857,0.6843206286430359,-0.00529198395088315,-0.29096460342407227,-0.3226529061794281,-0.33621495962142944,-0.06267667561769485,-0.10412275791168213,1.3042778968811035,1.616670846939087,0.8204269409179688,0.819575309753418,0.7806345820426941,1.3440039157867432,1.236084222793579,1.749808669090271,-0.02184995450079441,-0.2024841010570526,0.33103713393211365
-0.31634876132011414,1.4036623239517212,0.41760584712028503,2.2024600505828857,0.6843222379684448,-0.005291899666190147,-0.2909644842147827,-0.32265281677246094,-0.3362148702144623,-0.06267654150724411,-0.10412237048149109,1.3042773008346558,1.6166709661483765,0.8204255700111389,0.8195754289627075,0.7806345820426941,1.3440037965774536,1.2360843420028687,1.7498090267181396,-0.02184981480240822,-0.20248402655124664,0.3310372829437256
-0.31634876132011414,1.4036622047424316,0.4176058769226074,2.202460289001465,0.6843206286430359,-0.005291935056447983,-0.29096463322639465,-0.3226529061794281,-0.33621495962142944,-0.06267669796943665,-0.10412277281284332,1.304278016090393,1.616670846939087,0.8204270005226135,0.8195752501487732,0.7806344628334045,1.3440039157867432,1.236084222793579,1.7498085498809814,-0.021849963814020157,-0.202484130859375,0.3310371935367584
-0.3163487911224365,1.4036623239517212,0.4176058769226074,2.2024600505828857,0.6843222975730896,-0.005291855428367853,-0.2909645140171051,-0.32265281677246094,-0.3362148702144623,-0.0626765564084053,-0.1041223481297493,1.3042774200439453,1.6166709661483765,0.8204255104064941,0.8195753693580627,0.7806344628334045,1.3440037965774536,1.2360843420028687,1.74980890750885,-0.021849816665053368,-0.20248404145240784,0.33103737235069275
-0.3163487911224365,1.4036622047424316,0.4176058769226074,2.202460289001465,0.6843207478523254,-0.005291896406561136,-0.29096466302871704,-0.3226529061794281,-0.33621495962142944,-0.06267669796943665,-0.10412270575761795,1.3042781352996826,1.616670846939087,0.8204268217086792,0.8195752501487732,0.7806344032287598,1.3440039157867432,1.236084222793579,1.749808430671692,-0.021849941462278366,-0.202484130859375,0.33103734254837036
-0.3163488209247589,1.4036623239517212,0.4176058769226074,2.2024600505828857,0.6843220591545105,-0.005291832610964775,-0.2909645438194275,-0.3226528465747833,-0.33621490001678467,-0.0626765787601471,-0.10412236303091049,1.304277777671814,1.6166709661483765,0.8204256296157837,0.8195753693580627,0.7806345224380493,1.3440037965774536,1.2360843420028687,1.7498087882995605,-0.02184981480240822,-0.20248405635356903,0.3310375511646271
-0.3163487911224365,1.4036622047424316,0.4176058769226074,2.2024600505828857,0.6843210458755493,-0.005291851703077555,-0.29096463322639465,-0.3226529061794281,-0.33621495962142944,-0.06267667561769485,-0.104122593998909,1.3042782545089722,1.616670846939087,0.8204265236854553,0.8195752501487732,0.7806345224380493,1.3440039157867432,1.236084222793579,1.749808430671692,-0.021849894896149635,-0.2024841159582138,0.33103758096694946
-0.3163487911224365,1.4036622047424316,0.4176058769226074,2.2024600505828857,0.6843218207359314,-0.005291803739964962,-0.2909645736217499,-0.3226528763771057,-0.33621490001678467,-0.06267660111188889,-0.10412238538265228,1.304278016090393,1.6166709661483765,0.8204258680343628,0.819575309753418,0.7806346416473389,1.3440037965774536,1.236084222793579,1.7498085498809814,-0.02184981293976307,-0.20248407125473022,0.3310377299785614
-0.3163487911224365,1.4036622047424316,0.4176059067249298,2.2024600505828857,0.6843214631080627,-0.005291798152029514,-0.29096460342407227,-0.3226528763771057,-0.33621490001678467,-0.06267663836479187,-0.10412246733903885,1.3042781352996826,1.6166709661483765,0.8204262256622314,0.8195752501487732,0.7806347012519836,1.3440037965774536,1.236084222793579,1.749808430671692,-0.02184983529150486,-0.20248408615589142,0.3310377597808838
-0.3163487911224365,1.4036622047424316,0.4176059067249298,2.2024600505828857,0.6843217015266418,-0.005291772074997425,-0.2909645736217499,-0.3226528465747833,-0.3362148702144623,-0.06267661601305008,-0.10412240773439407,1.304278016090393,1.6166709661483765,0.8204261064529419,0.8195752501487732,0.7806347608566284,1.3440037965774536,1.236084222793579,1.749808430671692,-0.021849803626537323,-0.20248407125473022,0.33103781938552856
-0.3163487911224365,1.4036622047424316,0.4176059365272522,2.2024600505828857,0.6843218803405762,-0.0052917455323040485,-0.2909645438194275,-0.32265281677246094,-0.3362148404121399,-0.06267659366130829,-0.1041223555803299,1.3042778968811035,1.6166709661483765,0.8204259872436523,0.8195752501487732,0.7806348204612732,1.3440037965774536,1.236084222793579,1.749808430671692,-0.021849775686860085,-0.20248405635356903,0.33103784918785095
-0.31634876132011414,1.4036622047424316,0.4176059663295746,2.2024600505828857,0.6843215823173523,-0.0052917348220944405,-0.2909645438194275,-0.32265281677246094,-0.3362148404121399,-0.06267661601305008,-0.10412241518497467,1.304278016090393,1.6166709661483765,0.8204262852668762,0.8195752501487732,0.7806348204612732,1.3440037965774536,1.236084222793579,1.749808430671692,-0.021849794313311577,-0.20248407125473022,0.33103784918785095
-0.31634876132011414,1.4036622047424316,0.417605996131897,2.2024600505828857,0.6843221783638,-0.005291697569191456,-0.2909644842147827,-0.32265278697013855,-0.3362148106098175,-0.0626765638589859,-0.10412226617336273,1.304277777671814,1.616671085357666,0.820425808429718,0.819575309753418,0.7806348204612732,1.3440037965774536,1.236084222793579,1.7498085498809814,-0.0218497384339571,-0.20248402655124664,0.33103787899017334
-0.31634873151779175,1.4036622047424316,0.41760602593421936,2.2024600505828857,0.6843215227127075,-0.005291707348078489,-0.2909645140171051,-0.32265281677246094,-0.3362148404121399,-0.06267661601305008,-0.10412242263555527,1.304278016090393,1.616671085357666,0.8204264044761658,0.8195752501487732,0.7806347608566284,1.3440039157867432,1.236084222793579,1.749808430671692,-0.02184978872537613,-0.20248405635356903,0.3310377895832062
-0.31634873151779175,1.4036623239517212,0.417605996131897,2.2024600505828857,0.6843222975730896,-0.005291673354804516,-0.2909644544124603,-0.32265275716781616,-0.3362147808074951,-0.06267654150724411,-0.10412222892045975,1.3042776584625244,1.6166712045669556,0.8204256892204285,0.819575309753418,0.7806347608566284,1.3440039157867432,1.236084222793579,1.749808669090271,-0.021849704906344414,-0.20248401165008545,0.33103781938552856
-0.31634870171546936,1.4036622047424316,0.4176059663295746,2.2024600505828857,0.684321403503418,-0.005291707348078489,-0.2909645438194275,-0.32265278697013855,-0.3362148106098175,-0.06267661601305008,-0.10412244498729706,1.3042778968811035,1.616671085357666,0.8204264044761658,0.8195752501487732,0.7806347012519836,1.3440040349960327,1.2360841035842896,1.7498085498809814,-0.02184976637363434,-0.20248405635356903,0.3310377299785614
-0.31634870171546936,1.4036623239517212,0.4176059365272522,2.2024600505828857,0.6843222975730896,-0.005291678011417389,-0.2909644544124603,-0.3226527273654938,-0.33621475100517273,-0.06267653405666351,-0.10412223637104034,1.3042775392532349,1.6166712045669556,0.8204256296157837,0.819575309753418,0.7806347012519836,1.3440039157867432,1.2360841035842896,1.7498087882995605,-0.021849673241376877,-0.20248399674892426,0.3310377597808838
-0.31634870171546936,1.4036622047424316,0.4176059067249298,2.2024600505828857,0.6843213438987732,-0.005291721783578396,-0.2909645438194275,-0.32265278697013855,-0.3362148106098175,-0.06267661601305008,-0.10412247478961945,1.3042778968811035,1.616671085357666,0.8204264044761658,0.8195752501487732,0.7806346416473389,1.3440040349960327,1.2360841035842896,1.7498085498809814,-0.021849747747182846,-0.20248404145240784,0.3310376703739166
-0.31634873151779175,1.4036623239517212,0.4176058769226074,2.2024600505828857,0.6843222379684448,-0.005291693843901157,-0.2909644544124603,-0.32265275716781616,-0.33621475100517273,-0.06267653405666351,-0.10412226617336273,1.3042775392532349,1.6166712045669556,0.8204255700111389,0.819575309753418,0.7806346416473389,1.3440039157867432,1.2360841035842896,1.7498087882995605,-0.02184966951608658,-0.20248399674892426,0.3310377299785614
-0.31634873151779175,1.4036622047424316,0.4176058769226074,2.2024600505828857,0.6843213438987732,-0.005291731562465429,-0.2909645438194275,-0.32265281677246094,-0.3362148106098175,-0.06267662346363068,-0.10412250459194183,1.3042778968811035,1.616671085357666,0.820426344871521,0.8195752501487732,0.7806345820426941,1.3440040349960327,1.2360841035842896,1.7498085498809814,-0.02184976264834404,-0.20248405635356903,0.33103764057159424
-0.31634876132011414,1.4036623239517212,0.4176058769226074,2.2024600505828857,0.6843222379684448,-0.0052916985005140305,-0.2909644544124603,-0.32265278697013855,-0.3362147808074951,-0.0626765564084053,-0.10412231087684631,1.3042775392532349,1.6166712045669556,0.8204255700111389,0.819575309753418,0.7806345820426941,1.3440039157867432,1.2360841035842896,1.7498087882995605,-0.021849703043699265,-0.20248401165008545,0.331037700176239
-0.31634876132011414,1.4036622047424316,0.4176058769226074,2.2024600505828857,0.684321403503418,-0.005291730631142855,-0.2909645438194275,-0.3226528465747833,-0.3362148404121399,-0.06267664581537247,-0.10412253439426422,1.3042778968811035,1.616671085357666,0.8204262852668762,0.8195751905441284,0.7806345224380493,1.3440039157867432,1.2360841035842896,1.7498085498809814,-0.021849796175956726,-0.20248407125473022,0.33103761076927185
-0.3163487911224365,1.4036622047424316,0.4176058769226074,2.2024600505828857,0.6843222379684448,-0.0052917031571269035,-0.2909644842147827,-0.32265281677246094,-0.3362148106098175,-0.06267658621072769,-0.1041223555803299,1.3042775392532349,1.6166712045669556,0.8204255700111389,0.8195752501487732,0.7806345820426941,1.3440037965774536,1.2360841035842896,1.749808669090271,-0.0218497384339571,-0.20248402655124664,0.3310376703739166
-0.3163487911224365,1.403662085533142,0.4176058769226074,2.2024600505828857,0.6843214631080627,-0.005291736219078302,-0.2909645438194275,-0.3226528763771057,-0.3362148702144623,-0.06267666816711426,-0.10412256419658661,1.3042778968811035,1.616671085357666,0.8204262256622314,0.8195751905441284,0.7806345820426941,1.3440037965774536,1.2360841035842896,1.749808430671692,-0.021849816665053368,-0.20248407125473022,0.33103761076927185
-0.3163488209247589,1.403662085533142,0.4176058769226074,2.2024600505828857,0.6843221783638,-0.005291709676384926,-0.2909644842147827,-0.3226528465747833,-0.3362148404121399,-0.06267660856246948,-0.10412239283323288,1.3042776584625244,1.6166712045669556,0.8204255700111389,0.8195752501487732,0.7806346416473389,1.344003677368164,1.2360841035842896,1.7498085498809814,-0.021849757060408592,-0.20248404145240784,0.3310376703739166
-0.3163488209247589,1.4036619663238525,0.4176058769226074,2.2024600505828857,0.6843214631080627,-0.005291731096804142,-0.2909645438194275,-0.3226528763771057,-0.3362148702144623,-0.06267668306827545,-0.1041225716471672,1.3042778968811035,1.616671085357666,0.8204261660575867,0.8195751905441284,0.7806345820426941,1.344003677368164,1.2360841035842896,1.7498083114624023,-0.021849827840924263,-0.20248408615589142,0.33103761076927185
-0.3163488507270813,1.4036619663238525,0.4176058769226074,2.2024600505828857,0.6843221187591553,-0.005291703622788191,-0.2909645140171051,-0.3226528465747833,-0.3362148404121399,-0.06267663091421127,-0.10412240773439407,1.3042776584625244,1.6166712045669556,0.8204255700111389,0.8195752501487732,0.7806345820426941,1.3440035581588745,1.2360841035842896,1.749808430671692,-0.021849777549505234,-0.20248405635356903,0.3310376703739166
-0.3163488507270813,1.403661847114563,0.4176058769226074,2.2024600505828857,0.6843214631080627,-0.005291725508868694,-0.29096460342407227,-0.3226528763771057,-0.3362148702144623,-0.06267670542001724,-0.1041225716471672,1.3042778968811035,1.616671085357666,0.8204261660575867,0.8195751905441284,0.7806345224380493,1.3440035581588745,1.2360841035842896,1.7498081922531128,-0.021849846467375755,-0.2024841010570526,0.33103764057159424
-0.3163488805294037,1.403661847114563,0.4176058769226074,2.2024600505828857,0.6843221187591553,-0.0052916985005140305,-0.2909645736217499,-0.3226528465747833,-0.3362148404121399,-0.06267665326595306,-0.10412240773439407,1.3042776584625244,1.6166712045669556,0.8204255700111389,0.8195752501487732,0.7806345224380493,1.344003438949585,1.2360841035842896,1.749808430671692,-0.021849792450666428,-0.20248407125473022,0.331037700176239
-0.3163488805294037,1.4036617279052734,0.4176058769226074,2.2024600505828857,0.684321403503418,-0.005291719455271959,-0.29096466302871704,-0.3226528763771057,-0.3362148702144623,-0.06267672032117844,-0.1041225716471672,1.3042778968811035,1.616671085357666,0.8204261660575867,0.8195751905441284,0.7806344628334045,1.344003438949585,1.2360841035842896,1.7498083114624023,-0.0218498557806015,-0.2024841159582138,0.33103764057159424
-0.3163489103317261,1.4036617279052734,0.4176058769226074,2.2024600505828857,0.6843221187591553,-0.005291691981256008,-0.29096460342407227,-0.3226528465747833,-0.3362148404121399,-0.06267666071653366,-0.10412239283323288,1.3042776584625244,1.6166712045669556,0.8204255700111389,0.8195752501487732,0.7806345224380493,1.3440033197402954,1.2360841035842896,1.7498085498809814,-0.021849794313311577,-0.20248408615589142,0.331037700176239
-0.3163489103317261,1.4036616086959839,0.4176059067249298,2.2024600505828857,0.6843213438987732,-0.005291716195642948,-0.29096466302871704,-0.3226528763771057,-0.3362148702144623,-0.06267673522233963,-0.1041225716471672,1.3042778968811035,1.616671085357666,0.8204262256622314,0.8195751905441284,0.7806345224380493,1.3440033197402954,1.2360841035842896,1.749808430671692,-0.02184986136853695,-0.202484130859375,0.3310376703739166
-0.31634894013404846,1.4036617279052734,0.4176059365272522,2.2024600505828857,0.6843221187591553,-0.005291683599352837,-0.29096460342407227,-0.3226528465747833,-0.3362148404121399,-0.06267666816711426,-0.10412237048149109,1.3042776584625244,1.6166712045669556,0.8204255104064941,0.8195752501487732,0.7806345224380493,1.3440033197402954,1.2360841035842896,1.749808669090271,-0.021849796175956726,-0.20248408615589142,0.3310377299785614
-0.31634894013404846,1.4036616086959839,0.4176059663295746,2.2024600505828857,0.6843212842941284,-0.005291708279401064,-0.29096466302871704,-0.3226528763771057,-0.33621490001678467,-0.06267674267292023,-0.1041225716471672,1.304278016090393,1.616671085357666,0.8204262852668762,0.8195751905441284,0.7806344628334045,1.344003438949585,1.2360841035842896,1.7498085498809814,-0.021849872544407845,-0.202484130859375,0.331037700176239
-0.31634894013404846,1.4036617279052734,0.4176059663295746,2.2024600505828857,0.6843222379684448,-0.005291669629514217,-0.2909645736217499,-0.32265281677246094,-0.3362148404121399,-0.06267665326595306,-0.1041223332285881,1.3042776584625244,1.6166712045669556,0.8204254508018494,0.8195752501487732,0.7806345224380493,1.344003438949585,1.2360841035842896,1.7498087882995605,-0.02184978500008583,-0.20248407125473022,0.3310377895832062
-0.3163489103317261,1.4036616086959839,0.4176059663295746,2.2024600505828857,0.6843212246894836,-0.0052917031571269035,-0.29096466302871704,-0.3226528763771057,-0.33621490001678467,-0.06267673522233963,-0.1041225790977478,1.304278016090393,1.616671085357666,0.820426344871521,0.8195751905441284,0.7806345224380493,1.3440035581588745,1.236083984375,1.7498085498809814,-0.021849865093827248,-0.202484130859375,0.3310377597808838
-0.3163489103317261,1.4036617279052734,0.4176059663295746,2.2024598121643066,0.6843223571777344,-0.005291660316288471,-0.2909645438194275,-0.32265281677246094,-0.3362148404121399,-0.06267661601305008,-0.10412228852510452,1.3042775392532349,1.6166712045669556,0.8204253315925598,0.819575309753418,0.7806346416473389,1.344003438949585,1.236083984375,1.74980890750885,-0.021849744021892548,-0.20248405635356903,0.33103787899017334
-0.3163488805294037,1.4036616086959839,0.4176059663295746,2.2024598121643066,0.6843210458755493,-0.005291708279401064,-0.29096466302871704,-0.3226528763771057,-0.33621490001678467,-0.06267672777175903,-0.10412260890007019,1.304278016090393,1.616671085357666,0.8204265236854553,0.8195751905441284,0.7806346416473389,1.3440035581588745,1.2360838651657104,1.7498085498809814,-0.021849842742085457,-0.2024841159582138,0.33103781938552856
-0.3163488805294037,1.4036617279052734,0.4176059365272522,2.2024595737457275,0.6843225955963135,-0.005291653797030449,-0.2909645438194275,-0.32265278697013855,-0.3362148106098175,-0.0626765787601471,-0.10412222146987915,1.3042774200439453,1.6166712045669556,0.8204251527786255,0.8195753693580627,0.7806347608566284,1.344003438949585,1.236083984375,1.74980890750885,-0.02184969000518322,-0.20248402655124664,0.3310379683971405
-0.3163488507270813,1.4036616086959839,0.4176059365272522,2.2024598121643066,0.6843207478523254,-0.005291719455271959,-0.29096469283103943,-0.3226528763771057,-0.33621490001678467,-0.06267673522233963,-0.10412266850471497,1.3042781352996826,1.616671085357666,0.8204267621040344,0.8195751905441284,0.7806347012519836,1.3440035581588745,1.2360838651657104,1.749808430671692,-0.02184983901679516,-0.2024841159582138,0.33103784918785095
-0.3163488805294037,1.403661847114563,0.4176059067249298,2.2024595737457275,0.6843229532241821,-0.005291635636240244,-0.2909645140171051,-0.32265275716781616,-0.3362147808074951,-0.06267652660608292,-0.10412213206291199,1.3042773008346558,1.6166713237762451,0.8204248547554016,0.8195753693580627,0.7806347608566284,1.344003438949585,1.236083984375,1.7498090267181396,-0.02184963785111904,-0.20248398184776306,0.3310379981994629
-0.3163488507270813,1.4036616086959839,0.4176059067249298,2.2024598121643066,0.684320330619812,-0.005291729234158993,-0.2909647524356842,-0.3226528763771057,-0.33621490001678467,-0.06267675757408142,-0.10412278026342392,1.3042782545089722,1.616671085357666,0.8204271197319031,0.8195751309394836,0.7806345820426941,1.344003677368164,1.2360838651657104,1.7498083114624023,-0.021849870681762695,-0.202484130859375,0.3310377895832062
-0.3163489103317261,1.403661847114563,0.4176058769226074,2.2024595737457275,0.6843235492706299,-0.005291604902595282,-0.2909644842147827,-0.3226526975631714,-0.33621472120285034,-0.06267645955085754,-0.10412199795246124,1.3042770624160767,1.6166713237762451,0.8204243183135986,0.8195754289627075,0.7806345820426941,1.344003438949585,1.236083984375,1.7498091459274292,-0.02184959128499031,-0.20248395204544067,0.3310379981994629
-0.3163488507270813,1.4036614894866943,0.4176059067249298,2.2024598121643066,0.6843196749687195,-0.005291743669658899,-0.290964812040329,-0.3226529061794281,-0.33621492981910706,-0.0626768171787262,-0.10412296652793884,1.3042784929275513,1.6166709661483765,0.8204277157783508,0.8195750713348389,0.780634343624115,1.3440037965774536,1.236083745956421,1.7498080730438232,-0.021849948912858963,-0.20248417556285858,0.3310376703739166
-0.3163489103317261,1.403661847114563,0.4176058769226074,2.2024593353271484,0.6843245029449463,-0.005291564855724573,-0.29096439480781555,-0.3226526379585266,-0.33621466159820557,-0.06267637014389038,-0.10412178188562393,1.304276704788208,1.6166714429855347,0.8204234838485718,0.8195754885673523,0.7806344628334045,1.344003438949585,1.236083984375,1.7498092651367188,-0.021849527955055237,-0.2024839073419571,0.3310379981994629
-0.3163488209247589,1.4036613702774048,0.4176058769226074,2.2024598121643066,0.684318482875824,-0.0052917953580617905,-0.29096493124961853,-0.3226529657840729,-0.33621498942375183,-0.06267692893743515,-0.10412327200174332,1.3042789697647095,1.616670846939087,0.820428729057312,0.8195749521255493,0.7806342244148254,1.3440039157867432,1.236083745956421,1.7498077154159546,-0.021850069984793663,-0.20248425006866455,0.3310374915599823
-0.31634894013404846,1.4036619663238525,0.41760581731796265,2.2024593353271484,0.6843259930610657,-0.00529153598472476,-0.290964275598526,-0.32265257835388184,-0.3362146019935608,-0.06267624348402023,-0.10412143915891647,1.3042762279510498,1.6166715621948242,0.8204221129417419,0.8195756077766418,0.7806345224380493,1.3440033197402954,1.2360841035842896,1.7498096227645874,-0.021849408745765686,-0.20248381793498993,0.3310380280017853
-0.3163488209247589,1.4036611318588257,0.41760584712028503,2.2024600505828857,0.6843164563179016,-0.00529190618544817,-0.29096511006355286,-0.3226530849933624,-0.3362151086330414,-0.06267713010311127,-0.1041238009929657,1.3042798042297363,1.6166707277297974,0.8204304575920105,0.819574773311615,0.7806342244148254,1.3440040349960327,1.2360836267471313,1.7498071193695068,-0.021850263699889183,-0.2024843543767929,0.3310372531414032
-0.31634899973869324,1.403662085533142,0.41760575771331787,2.2024590969085693,0.684328556060791,-0.00529148243367672,-0.2909640669822693,-0.3226524591445923,-0.33621448278427124,-0.06267602741718292,-0.10412083566188812,1.3042752742767334,1.6166718006134033,0.8204198479652405,0.819575846195221,0.7806347608566284,1.3440030813217163,1.236084222793579,1.7498102188110352,-0.021849192678928375,-0.202483668923378,0.33103814721107483
-0.3163487911224365,1.403660774230957,0.41760581731796265,2.202460289001465,0.6843130588531494,-0.005292073357850313,-0.29096540808677673,-0.32265326380729675,-0.3362153172492981,-0.06267746537923813,-0.10412465780973434,1.3042811155319214,1.6166703701019287,0.8204334378242493,0.8195744156837463,0.7806342244148254,1.3440042734146118,1.2360833883285522,1.7498061656951904,-0.021850580349564552,-0.20248454809188843,0.33103692531585693
-0.316349059343338,1.4036624431610107,0.4176057279109955,2.202458620071411,0.6843330264091492,-0.005291352514177561,-0.29096364974975586,-0.3226522207260132,-0.3362142741680145,-0.06267563998699188,-0.10411975532770157,1.3042737245559692,1.616672158241272,0.8204159140586853,0.8195762038230896,0.7806350588798523,1.3440027236938477,1.2360844612121582,1.7498112916946411,-0.02184881828725338,-0.2024834156036377,0.33103838562965393
-0.31634870171546936,1.4036602973937988,0.4176058769226074,2.202460765838623,0.6843071579933167,-0.005292315036058426,-0.29096588492393494,-0.322653591632843,-0.33621564507484436,-0.0626780316233635,-0.10412611812353134,1.3042833805084229,1.6166698932647705,0.8204385638237,0.8195738792419434,0.7806340456008911,1.34400475025177,1.2360831499099731,1.7498046159744263,-0.021851148456335068,-0.2024848908185959,0.33103638887405396
-0.31634917855262756,1.4036630392074585,0.4176057279109955,2.202457904815674,0.6843408346176147,-0.0052910842932760715,-0.29096293449401855,-0.32265183329582214,-0.3362138867378235,-0.06267496198415756,-0.10411783307790756,1.30427086353302,1.6166729927062988,0.8204090595245361,0.8195769190788269,0.7806352972984314,1.3440021276474,1.2360848188400269,1.7498133182525635,-0.02184819057583809,-0.20248299837112427,0.3310389220714569
-0.3163485825061798,1.4036593437194824,0.417605996131897,2.2024614810943604,0.684296727180481,-0.005292714573442936,-0.29096677899360657,-0.3226541578769684,-0.3362162411212921,-0.06267903000116348,-0.10412868112325668,1.304287314414978,1.6166690587997437,0.8204476833343506,0.819572925567627,0.7806335091590881,1.3440055847167969,1.2360825538635254,1.7498018741607666,-0.021852144971489906,-0.20248551666736603,0.3310355246067047
-0.31634941697120667,1.403664231300354,0.4176056981086731,2.2024567127227783,0.6843547821044922,-0.005290587432682514,-0.29096171259880066,-0.32265111804008484,-0.3362131714820862,-0.06267371028661728,-0.10411439836025238,1.3042657375335693,1.6166743040084839,0.8203967213630676,0.8195781707763672,0.7806357145309448,1.344001054763794,1.2360855340957642,1.74981689453125,-0.02184699848294258,-0.20248223841190338,0.3310399055480957
-0.3163483440876007,1.4036577939987183,0.4176061153411865,2.202463150024414,0.6842778325080872,-0.0052934326231479645,-0.2909684181213379,-0.3226551413536072,-0.3362172544002533,-0.06268078088760376,-0.10413333028554916,1.304294466972351,1.61666738986969,0.8204641342163086,0.8195711970329285,0.780632734298706,1.3440070152282715,1.236081600189209,1.749796986579895,-0.021853851154446602,-0.20248660445213318,0.3310340344905853
-0.3163497745990753,1.403666377067566,0.41760557889938354,2.2024548053741455,0.6843801140785217,-0.005289680324494839,-0.29095950722694397,-0.3226498067378998,-0.33621183037757874,-0.06267138570547104,-0.10410813987255096,1.3042563199996948,1.6166765689849854,0.8203743696212769,0.8195804357528687,0.780636727809906,1.3439991474151611,1.2360868453979492,1.7498235702514648,-0.02184474468231201,-0.20248080790042877,0.3310418128967285
-0.3163478374481201,1.403654932975769,0.41760629415512085,2.2024660110473633,0.6842430233955383,-0.005294735077768564,-0.29097145795822144,-0.3226569890975952,-0.33621910214424133,-0.06268396973609924,-0.10414183884859085,1.304307460784912,1.6166642904281616,0.8204944133758545,0.8195680379867554,0.7806314826011658,1.3440096378326416,1.2360799312591553,1.7497880458831787,-0.021856926381587982,-0.20248857140541077,0.3310314416885376
-0.31635040044784546,1.403670310974121,0.41760537028312683,2.20245099067688,0.6844269633293152,-0.005287961568683386,-0.29095539450645447,-0.322647362947464,-0.33620935678482056,-0.06266704946756363,-0.10409648716449738,1.3042389154434204,1.6166808605194092,0.8203328847885132,0.8195847272872925,0.7806388139724731,1.343995451927185,1.2360892295837402,1.7498358488082886,-0.021840522065758705,-0.20247814059257507,0.331045538187027
-0.3163468837738037,1.4036495685577393,0.41760674118995667,2.2024712562561035,0.6841779947280884,-0.005297125317156315,-0.29097703099250793,-0.3226603865623474,-0.3362225592136383,-0.0626899003982544,-0.10415763407945633,1.304331660270691,1.6166585683822632,0.8205507397651672,0.8195621967315674,0.7806293964385986,1.3440145254135132,1.2360765933990479,1.7497713565826416,-0.021862642839550972,-0.20249225199222565,0.33102676272392273
-0.3163515329360962,1.4036777019500732,0.41760510206222534,2.2024435997009277,0.6845143437385559,-0.005284730810672045,-0.2909475862979889,-0.32264280319213867,-0.3362047076225281,-0.06265894323587418,-0.10407456010580063,1.3042062520980835,1.6166889667510986,0.8202549815177917,0.8195927143096924,0.7806429266929626,1.3439885377883911,1.2360937595367432,1.7498589754104614,-0.02183263935148716,-0.20247316360473633,0.3310526907444
-0.31634506583213806,1.403639554977417,0.41760778427124023,2.2024810314178467,0.684055745601654,-0.005301628261804581,-0.29098737239837646,-0.32266682386398315,-0.33622902631759644,-0.06270104646682739,-0.10418706387281418,1.3043773174285889,1.6166480779647827,0.8206557035446167,0.8195512294769287,0.7806258201599121,1.3440237045288086,1.2360706329345703,1.7497401237487793,-0.02187340147793293,-0.2024991661310196,0.3310182988643646
-0.31635361909866333,1.4036914110183716,0.417604923248291,2.20242977142334,0.6846747994422913,-0.0052787973545491695,-0.29093295335769653,-0.32263442873954773,-0.3361961245536804,-0.06264395266771317,-0.10403358191251755,1.3041460514068604,1.6167044639587402,0.8201099634170532,0.8196074962615967,0.7806512713432312,1.3439756631851196,1.2361023426055908,1.7499018907546997,-0.02181803248822689,-0.20246395468711853,0.33106639981269836
-0.3163416087627411,1.4036213159561157,0.41761019825935364,2.202498197555542,0.6838321089744568,-0.005309946835041046,-0.2910059094429016,-0.32267868518829346,-0.3362409174442291,-0.06272141635417938,-0.10424012690782547,1.3044610023498535,1.616629719734192,0.8208442330360413,0.819531261920929,0.7806206345558167,1.3440401554107666,1.2360600233078003,1.7496837377548218,-0.021892989054322243,-0.20251181721687317,0.33100369572639465
-0.3163568079471588,1.4037152528762817,0.41760551929473877,2.202404737472534,0.6849439144134521,-0.005268799141049385,-0.2909071445465088,-0.3226202428340912,-0.3361814618110657,-0.0626182034611702,-0.10396192222833633,1.3040438890457153,1.6167324781417847,0.8198587894439697,0.8196330666542053,0.7806687951087952,1.3439527750015259,1.2361174821853638,1.749976634979248,-0.02179274708032608,-0.20244817435741425,0.3310917913913727
-0.316335529088974,1.4035930633544922,0.41761618852615356,2.2025234699249268,0.6834806203842163,-0.005323424004018307,-0.2910337746143341,-0.32269781827926636,-0.3362598717212677,-0.06275352090597153,-0.10432112962007523,1.30459463596344,1.6166033744812012,0.8211281299591064,0.8194999098777771,0.7806183099746704,1.344064712524414,1.2360440492630005,1.7495969533920288,-0.0219236109405756,-0.20253188908100128,0.3309842646121979
-0.31635937094688416,1.4037450551986694,0.4176099896430969,2.2023706436157227,0.6852459907531738,-0.005257532466202974,-0.29087311029434204,-0.3226039707660675,-0.3361642062664032,-0.06258707493543625,-0.10386963188648224,1.3039250373840332,1.6167725324630737,0.8195456862449646,0.819664478302002,0.7807042598724365,1.3439217805862427,1.2361377477645874,1.7500709295272827,-0.021761447191238403,-0.20242929458618164,0.33113062381744385
-0.3163289427757263,1.4035727977752686,0.4176296293735504,2.202535629272461,0.6832085847854614,-0.00533594936132431,-0.291049599647522,-0.32271498441696167,-0.33627599477767944,-0.06277892738580704,-0.1043730154633522,1.3047082424163818,1.616594910621643,0.8212977647781372,0.8194757699966431,0.7806445956230164,1.3440769910812378,1.236035704612732,1.7495384216308594,-0.021946920081973076,-0.20254844427108765,0.3309856057167053
-0.3163541853427887,1.403739333152771,0.41762661933898926,2.2023608684539795,0.6850887537002563,-0.005266765132546425,-0.2908703088760376,-0.32261475920677185,-0.3361731171607971,-0.06259836256504059,-0.10387211292982101,1.3039910793304443,1.6167916059494019,0.8195709586143494,0.8196554183959961,0.7807688117027283,1.3439126014709473,1.2361403703689575,1.7500611543655396,-0.021769842132925987,-0.20243752002716064,0.331159770488739
-0.3163325786590576,1.4036105871200562,0.4176502227783203,2.202472448348999,0.6835978627204895,-0.005330947227776051,-0.29099559783935547,-0.3227025866508484,-0.3362605571746826,-0.06274481117725372,-0.10423561930656433,1.3045997619628906,1.6166778802871704,0.8208085894584656,0.8195125460624695,0.7807717323303223,1.3440139293670654,1.2360683679580688,1.7496745586395264,-0.021911069750785828,-0.20252980291843414,0.3310747444629669
-0.3163421154022217,1.4036533832550049,0.4176624119281769,2.2024052143096924,0.6840982437133789,-0.0053232875652611256,-0.290938138961792,-0.3226853609085083,-0.3362409770488739,-0.06270385533571243,-0.10408319532871246,1.304457664489746,1.6167645454406738,0.8202716112136841,0.8195559978485107,0.7808929085731506,1.3439427614212036,1.2361024618148804,1.7498300075531006,-0.021869990974664688,-0.2025069147348404,0.33116188645362854
-0.3163527250289917,1.4036731719970703,0.41767987608909607,2.2023520469665527,0.6843844056129456,-0.005329384468495846,-0.2909005880355835,-0.32268568873405457,-0.3362388014793396,-0.06269007176160812,-0.10398713499307632,1.3044275045394897,1.616841197013855,0.8199156522750854,0.8195735812187195,0.7810332775115967,1.343878984451294,1.2361255884170532,1.7499277591705322,-0.021856192499399185,-0.20250213146209717,0.33124300837516785
-0.31634703278541565,1.4035578966140747,0.41771358251571655,2.2024264335632324,0.6831828355789185,-0.005397292319685221,-0.29100027680397034,-0.32277393341064453,-0.336325466632843,-0.0628267452120781,-0.1042773500084877,1.3050012588500977,1.6167848110198975,0.820867121219635,0.8194431662559509,0.7811278104782104,1.3439286947250366,1.2360706329345703,1.74962317943573,-0.02199017070233822,-0.20259211957454681,0.3312135636806488
-0.31638196110725403,1.403659701347351,0.4177360534667969,2.2022805213928223,0.6844865679740906,-0.005369778256863356,-0.2908712327480316,-0.32272806763648987,-0.33627572655677795,-0.06272502988576889,-0.10391508787870407,1.3046056032180786,1.6169757843017578,0.8195868134498596,0.8195491433143616,0.7813438773155212,1.3437663316726685,1.2361509799957275,1.7500102519989014,-0.021893151104450226,-0.20253604650497437,0.3313944637775421
-0.31638556718826294,1.403527855873108,0.41778451204299927,2.2023656368255615,0.6831967830657959,-0.005444639828056097,-0.29098477959632874,-0.32283127307891846,-0.33637702465057373,-0.06288125365972519,-0.10423066467046738,1.305238127708435,1.6169201135635376,0.8205967545509338,0.8194001913070679,0.7814432978630066,1.3438138961791992,1.236094355583191,1.7496943473815918,-0.022048773244023323,-0.20264174044132233,0.3313678205013275
-0.31641873717308044,1.4035418033599854,0.41782429814338684,2.202305555343628,0.6835981607437134,-0.005453765392303467,-0.2909471094608307,-0.32284387946128845,-0.3363863229751587,-0.06287603825330734,-0.10410492867231369,1.305206537246704,1.6170285940170288,0.820101797580719,0.8194113969802856,0.7816171646118164,1.3437172174453735,1.236129879951477,1.7498530149459839,-0.022047409787774086,-0.2026490718126297,0.33148038387298584
-0.31645387411117554,1.4035298824310303,0.4178675413131714,2.20227313041687,0.6837621927261353,-0.005472521763294935,-0.2909385859966278,-0.32287314534187317,-0.33641257882118225,-0.06289762258529663,-0.10404510051012039,1.3052699565887451,1.6171107292175293,0.819817841053009,0.8193961977958679,0.7817746996879578,1.3436367511749268,1.2361537218093872,1.7499552965164185,-0.02207188308238983,-0.20267465710639954,0.33157163858413696
-0.31647661328315735,1.4034088850021362,0.4179195761680603,2.202353000640869,0.6827497482299805,-0.005537005607038736,-0.291047066450119,-0.32297050952911377,-0.3365080654621124,-0.06303668022155762,-0.1042979285120964,1.3057948350906372,1.6170722246170044,0.8205797076225281,0.8192646503448486,0.7818707823753357,1.343651533126831,1.2361150979995728,1.7497425079345703,-0.022209731861948967,-0.20277445018291473,0.3315630555152893
-0.31652987003326416,1.403459906578064,0.4179549217224121,2.2022664546966553,0.6837011575698853,-0.005522520747035742,-0.2909804880619049,-0.3229582607746124,-0.33649247884750366,-0.06298266351222992,-0.10403665900230408,1.3055298328399658,1.61721670627594,0.8195973634719849,0.8193239569664001,0.7820495963096619,1.343501091003418,1.2361832857131958,1.7500823736190796,-0.02215724252164364,-0.2027553766965866,0.3317124545574188
-0.31655874848365784,1.4033416509628296,0.4180023968219757,2.2023532390594482,0.6827955842018127,-0.0055794427171349525,-0.29109427332878113,-0.3230505585670471,-0.3365831971168518,-0.06311117857694626,-0.10426892340183258,1.3059920072555542,1.617169737815857,0.8202702403068542,0.8192018270492554,0.7821349501609802,1.343505620956421,1.2361513376235962,1.7499151229858398,-0.022280655801296234,-0.20285014808177948,0.3317054808139801
-0.3166021704673767,1.4033074378967285,0.41803908348083496,2.2023603916168213,0.6828591823577881,-0.00559580884873867,-0.2911238968372345,-0.3230873942375183,-0.33661791682243347,-0.06314282864332199,-0.10424919426441193,1.3060564994812012,1.6172077655792236,0.8200892806053162,0.8191747665405273,0.7822611927986145,1.3434292078018188,1.2361712455749512,1.750020980834961,-0.022307323291897774,-0.20288492739200592,0.33177682757377625
-0.3166493773460388,1.4032951593399048,0.4180709719657898,2.2023487091064453,0.6831926107406616,-0.005598906427621841,-0.29113301634788513,-0.32310763001441956,-0.3366360664367676,-0.06314629316329956,-0.10416226089000702,1.3060022592544556,1.6172629594802856,0.8196790814399719,0.8191744685173035,0.7823970913887024,1.3433316946029663,1.2362045049667358,1.7502027750015259,-0.022304661571979523,-0.2029019594192505,0.33187058568000793
-0.31667813658714294,1.4031702280044556,0.4181113839149475,2.20245099067688,0.6822841167449951,-0.00564808864146471,-0.2912607491016388,-0.32319602370262146,-0.3367236852645874,-0.06327054649591446,-0.1044071614742279,1.3064324855804443,1.6171882152557373,0.8203851580619812,0.8190531134605408,0.7824721336364746,1.3433418273925781,1.2361688613891602,1.7500377893447876,-0.022418640553951263,-0.20299339294433594,0.33186376094818115
-0.31672731041908264,1.403188705444336,0.41813841462135315,2.20241117477417,0.6829710602760315,-0.0056303818710148335,-0.2912392318248749,-0.32319140434265137,-0.3367171287536621,-0.06323402374982834,-0.10423081368207932,1.3062134981155396,1.6172642707824707,0.8196797370910645,0.8190895318984985,0.7826200127601624,1.3432220220565796,1.2362178564071655,1.7503143548965454,-0.022374872118234634,-0.20298410952091217,0.33199357986450195
-0.31675782799720764,1.4031035900115967,0.4181744158267975,2.2024741172790527,0.6824976205825806,-0.005655793007463217,-0.2913252115249634,-0.3232499063014984,-0.3367748558521271,-0.06331019103527069,-0.10436388850212097,1.3064517974853516,1.617221713066101,0.8200187683105469,0.8190128803253174,0.7827119827270508,1.3432048559188843,1.236201286315918,1.7502621412277222,-0.022440887987613678,-0.20304371416568756,0.33203232288360596
-0.31678929924964905,1.4030450582504272,0.4182071089744568,2.2025094032287598,0.6822978258132935,-0.005667887162417173,-0.29138290882110596,-0.3232901096343994,-0.33681419491767883,-0.06335672736167908,-0.10442488640546799,1.306576132774353,1.6172038316726685,0.820123553276062,0.818964421749115,0.7828168272972107,1.3431694507598877,1.236196756362915,1.7502801418304443,-0.02247793972492218,-0.20308366417884827,0.332099586725235
-0.3168269991874695,1.4030510187149048,0.4182323217391968,2.202479124069214,0.6827813982963562,-0.005650894250720739,-0.29137277603149414,-0.32328858971595764,-0.3368113338947296,-0.06333274394273758,-0.10430362820625305,1.3064239025115967,1.6172528266906738,0.819625973701477,0.8189850449562073,0.782953679561615,1.3430808782577515,1.2362265586853027,1.7504830360412598,-0.022446148097515106,-0.2030784785747528,0.3322291076183319
-0.3168443441390991,1.4029523134231567,0.4182646870613098,2.202552080154419,0.6820597648620605,-0.005680691450834274,-0.2914716601371765,-0.3233526647090912,-0.33687514066696167,-0.06342589110136032,-0.10450104624032974,1.3067536354064941,1.6171836853027344,0.8202071189880371,0.8188892602920532,0.7830320596694946,1.343098521232605,1.2361881732940674,1.750343680381775,-0.022528791800141335,-0.20314465463161469,0.3322622776031494
-0.3168739676475525,1.4029608964920044,0.4182837903499603,2.2025179862976074,0.6824759244918823,-0.005664338357746601,-0.29145917296409607,-0.32334914803504944,-0.336870402097702,-0.06340315192937851,-0.10439308732748032,1.3066253662109375,1.6172289848327637,0.8197751045227051,0.8189085125923157,0.7831612825393677,1.3430237770080566,1.236209511756897,1.7505178451538086,-0.02249820902943611,-0.20313745737075806,0.3323923647403717
-0.3168930113315582,1.4029258489608765,0.41830262541770935,2.2025277614593506,0.682357132434845,-0.005669260863214731,-0.29149308800697327,-0.32337355613708496,-0.33689409494400024,-0.06343158334493637,-0.1044253408908844,1.3067115545272827,1.6172239780426025,0.8198222517967224,0.818877637386322,0.7832598090171814,1.3429979085922241,1.2361996173858643,1.7505372762680054,-0.022517703473567963,-0.20316071808338165,0.33247706294059753
-0.3169058859348297,1.402872920036316,0.41831859946250916,2.202556848526001,0.6819905042648315,-0.00568419462069869,-0.2915467917919159,-0.3234098255634308,-0.3369298577308655,-0.06348297744989395,-0.10452144593000412,1.3068956136703491,1.6171973943710327,0.820091962814331,0.8188250064849854,0.7833383083343506,1.342996597290039,1.2361747026443481,1.7504825592041016,-0.022559868171811104,-0.20319698750972748,0.3325374722480774
-0.3169282376766205,1.4029008150100708,0.41832298040390015,2.202507972717285,0.6824706196784973,-0.005665244068950415,-0.2915175259113312,-0.3233957588672638,-0.3369145691394806,-0.06344849616289139,-0.1043897196650505,1.3067349195480347,1.6172575950622559,0.8196065425872803,0.818858802318573,0.7834455966949463,1.34292733669281,1.2361950874328613,1.7506605386734009,-0.022518537938594818,-0.2031787484884262,0.332662433385849
-0.3169352114200592,1.4028434753417969,0.4183316230773926,2.202547311782837,0.6819671988487244,-0.005685614421963692,-0.2915782928466797,-0.32343602180480957,-0.3369544446468353,-0.06351111829280853,-0.10451874136924744,1.3069639205932617,1.6172231435775757,0.8200002908706665,0.818797767162323,0.7834922671318054,1.3429452180862427,1.2361613512039185,1.7505576610565186,-0.022572727873921394,-0.20321975648403168,0.33269643783569336
-0.3169499933719635,1.4028486013412476,0.41833144426345825,2.202528476715088,0.6821222305297852,-0.005679540801793337,-0.2915748655796051,-0.32343724370002747,-0.3369547426700592,-0.06350746005773544,-0.1044713705778122,1.3069206476211548,1.6172562837600708,0.8198086023330688,0.8188038468360901,0.7835559248924255,1.342910885810852,1.2361637353897095,1.750633955001831,-0.022562893107533455,-0.20321860909461975,0.3327750563621521
-0.31696322560310364,1.4028517007827759,0.41832900047302246,2.2025156021118164,0.6822322010993958,-0.0056753018870949745,-0.29157406091690063,-0.3234398663043976,-0.3369565010070801,-0.06350809335708618,-0.10443618893623352,1.3068881034851074,1.6172866821289062,0.8196606636047363,0.818807065486908,0.7836037874221802,1.3428837060928345,1.2361642122268677,1.7506914138793945,-0.022558029741048813,-0.2032192498445511,0.332838237285614
-0.31696856021881104,1.4028093814849854,0.41832900047302246,2.20255184173584,0.6818274855613708,-0.005691780708730221,-0.29162049293518066,-0.3234708607196808,-0.33698710799217224,-0.06356000900268555,-0.10453902930021286,1.3070555925369263,1.6172670125961304,0.8199759721755981,0.8187605738639832,0.7836152911186218,1.3429028987884521,1.2361373901367188,1.7505980730056763,-0.02260395511984825,-0.2032509744167328,0.3328462839126587
-0.31698399782180786,1.4028398990631104,0.41832125186920166,2.202519178390503,0.6822174787521362,-0.005676553584635258,-0.29159069061279297,-0.3234555721282959,-0.3369707763195038,-0.06353234499692917,-0.10443057119846344,1.3068968057632446,1.6173264980316162,0.8195850253105164,0.8187938332557678,0.7836558222770691,1.3428566455841064,1.2361552715301514,1.7507219314575195,-0.022572573274374008,-0.2032325714826584,0.33290940523147583
-0.31698939204216003,1.4028103351593018,0.4183187186717987,2.2025489807128906,0.6819422841072083,-0.005688393954187632,-0.2916225790977478,-0.3234775960445404,-0.3369923233985901,-0.06357094645500183,-0.10450101643800735,1.3070019483566284,1.6173194646835327,0.8197916746139526,0.818761944770813,0.7836588621139526,1.3428680896759033,1.236138105392456,1.7506532669067383,-0.022606248036026955,-0.2032548040151596,0.33290615677833557
-0.31699734926223755,1.4028034210205078,0.41831454634666443,2.2025580406188965,0.6819184422492981,-0.005690651945769787,-0.2916295826435089,-0.3234846889972687,-0.33699873089790344,-0.06358412653207779,-0.10450568050146103,1.307004451751709,1.6173365116119385,0.8197774291038513,0.8187553286552429,0.7836713194847107,1.3428587913513184,1.2361359596252441,1.7506502866744995,-0.022615229710936546,-0.2032608687877655,0.3329150080680847
-0.31700778007507324,1.4028186798095703,0.41830974817276,2.2025458812713623,0.6821421980857849,-0.0056834472343325615,-0.291611909866333,-0.3234771490097046,-0.3369903266429901,-0.06357209384441376,-0.10444538295269012,1.306908130645752,1.617376685142517,0.8195452094078064,0.8187733888626099,0.7836951017379761,1.3428287506103516,1.236148715019226,1.7507131099700928,-0.02259967289865017,-0.20325106382369995,0.3329375386238098
-0.3170093595981598,1.402781367301941,0.41831228137016296,2.2025861740112305,0.6817896366119385,-0.005699663423001766,-0.29164713621139526,-0.32350215315818787,-0.33701494336128235,-0.0636170282959938,-0.10453987121582031,1.3070467710494995,1.6173577308654785,0.8198301792144775,0.8187342286109924,0.7836917042732239,1.3428478240966797,1.236131191253662,1.750611424446106,-0.022639939561486244,-0.2032766342163086,0.33290666341781616
-0.3170185089111328,1.4027996063232422,0.41831308603286743,2.2025704383850098,0.6820508241653442,-0.005691265221685171,-0.29162269830703735,-0.3234917223453522,-0.33700358867645264,-0.06359978020191193,-0.10447072237730026,1.3069422245025635,1.6173977851867676,0.8195691704750061,0.8187556266784668,0.7837185263633728,1.3428149223327637,1.2361483573913574,1.7506810426712036,-0.022619659081101418,-0.20326372981071472,0.3329243063926697
-0.31702202558517456,1.402784824371338,0.41832083463668823,2.2025861740112305,0.6819496154785156,-0.005697219632565975,-0.2916308641433716,-0.3235017657279968,-0.33701303601264954,-0.06361792981624603,-0.10449855774641037,1.306989073753357,1.6173996925354004,0.819633960723877,0.8187406063079834,0.7837285399436951,1.3428131341934204,1.2361464500427246,1.7506486177444458,-0.02263432927429676,-0.20327316224575043,0.33291029930114746
-0.3170246481895447,1.402767539024353,0.4183328151702881,2.2026026248931885,0.6818222999572754,-0.005703785922378302,-0.2916399836540222,-0.32351312041282654,-0.3370238244533539,-0.06363779306411743,-0.10453316569328308,1.3070522546768188,1.6173969507217407,0.8197240829467773,0.8187223672866821,0.7837373614311218,1.3428139686584473,1.2361438274383545,1.7506096363067627,-0.022651074454188347,-0.2032840996980667,0.3328944444656372
-0.3170318901538849,1.402783751487732,0.4183453917503357,2.2025837898254395,0.682062566280365,-0.005694949999451637,-0.2916131019592285,-0.3235032558441162,-0.3370130956172943,-0.06361991167068481,-0.10446895658969879,1.306972622871399,1.6174286603927612,0.8194876909255981,0.8187400102615356,0.7837635278701782,1.3427841663360596,1.236161708831787,1.7506756782531738,-0.022631289437413216,-0.20327210426330566,0.33291101455688477
-0.3170318603515625,1.4027541875839233,0.4183650612831116,2.202608823776245,0.6817954182624817,-0.005705764051526785,-0.29163339734077454,-0.3235222399234772,-0.33703166246414185,-0.06365181505680084,-0.1045396700501442,1.3071023225784302,1.6174079179763794,0.8197060823440552,0.8187069296836853,0.783764660358429,1.342797875404358,1.2361520528793335,1.7506011724472046,-0.02266041934490204,-0.20329156517982483,0.33288729190826416
-0.3170371651649475,1.402761697769165,0.41838300228118896,2.2025952339172363,0.6819348335266113,-0.005699519999325275,-0.29161497950553894,-0.323517769575119,-0.3370264768600464,-0.06364209204912186,-0.10450088232755661,1.3070716857910156,1.6174259185791016,0.8195629119873047,0.8187139630317688,0.7837848663330078,1.3427773714065552,1.2361646890640259,1.7506433725357056,-0.022648939862847328,-0.20328566431999207,0.3329004943370819
-0.31704050302505493,1.4027574062347412,0.41840243339538574,2.202592372894287,0.6819416880607605,-0.005697960499674082,-0.29160937666893005,-0.3235207498073578,-0.3370288610458374,-0.06364480406045914,-0.10449691116809845,1.3070969581604004,1.6174290180206299,0.8195400238037109,0.8187077641487122,0.7837983965873718,1.3427683115005493,1.2361698150634766,1.750650405883789,-0.02264953777194023,-0.20328791439533234,0.33290529251098633
-0.31704139709472656,1.4027374982833862,0.41842252016067505,2.202604055404663,0.681775689125061,-0.0057027824223041534,-0.2916209101676941,-0.32353347539901733,-0.3370411694049835,-0.06366412341594696,-0.104538694024086,1.3071929216384888,1.6174135208129883,0.8196735978126526,0.8186845183372498,0.783803403377533,1.3427740335464478,1.236165165901184,1.7506104707717896,-0.02266615442931652,-0.20330080389976501,0.3328980803489685
-0.3170473575592041,1.4027515649795532,0.41843774914741516,2.2025816440582275,0.6819827556610107,-0.0056921043433249,-0.29159829020500183,-0.32352468371391296,-0.33703166246414185,-0.06364554166793823,-0.10448039323091507,1.3071377277374268,1.617434024810791,0.8194759488105774,0.818698525428772,0.7838259935379028,1.3427480459213257,1.2361804246902466,1.7506766319274902,-0.022645452991127968,-0.20329037308692932,0.33292433619499207
-0.3170480728149414,1.4027305841445923,0.4184538424015045,2.202594518661499,0.6818029284477234,-0.005696553736925125,-0.2916136384010315,-0.3235378861427307,-0.3370445668697357,-0.06366533786058426,-0.10452558100223541,1.3072367906570435,1.617415189743042,0.8196262717247009,0.8186745047569275,0.783829391002655,1.3427550792694092,1.2361738681793213,1.7506343126296997,-0.022662032395601273,-0.20330391824245453,0.33291956782341003
-0.31705206632614136,1.4027308225631714,0.418465256690979,2.2025868892669678,0.6818562150001526,-0.005691302940249443,-0.29160836338996887,-0.3235376477241516,-0.337043821811676,-0.06366164982318878,-0.1045086607336998,1.3072389364242554,1.6174191236495972,0.819570779800415,0.8186739683151245,0.7838431000709534,1.3427425622940063,1.2361793518066406,1.750657320022583,-0.022655505686998367,-0.20330289006233215,0.33293530344963074
-0.3170563578605652,1.4027321338653564,0.4184737801551819,2.2025790214538574,0.6819217801094055,-0.005685344338417053,-0.2916032671928406,-0.32353660464286804,-0.33704233169555664,-0.063656747341156,-0.10448894649744034,1.3072326183319092,1.6174240112304688,0.819506824016571,0.8186750411987305,0.783856213092804,1.3427294492721558,1.2361845970153809,1.7506829500198364,-0.02264777198433876,-0.2033010572195053,0.3329523503780365
-0.31705769896507263,1.4027132987976074,0.4184815287590027,2.202592134475708,0.6817647814750671,-0.005688250996172428,-0.2916203439235687,-0.32354819774627686,-0.33705371618270874,-0.06367424130439758,-0.10452935844659805,1.3073126077651978,1.6174068450927734,0.8196439146995544,0.8186544179916382,0.7838572263717651,1.342735767364502,1.23617684841156,1.7506449222564697,-0.02266203612089157,-0.20331305265426636,0.3329504132270813
-0.31706348061561584,1.4027239084243774,0.4184841215610504,2.2025771141052246,0.6819300055503845,-0.005678294692188501,-0.2916077673435211,-0.32354122400283813,-0.3370463252067566,-0.06365963071584702,-0.1044841930270195,1.307259202003479,1.6174219846725464,0.8194947838783264,0.8186662197113037,0.7838723659515381,1.3427153825759888,1.2361857891082764,1.7506964206695557,-0.022645113989710808,-0.2033049613237381,0.3329748809337616
-0.3170655071735382,1.4027104377746582,0.41848674416542053,2.202587366104126,0.6818265914916992,-0.005679441150277853,-0.2916211187839508,-0.3235495388507843,-0.3370544910430908,-0.06367208808660507,-0.10451151430606842,1.3073116540908813,1.6174107789993286,0.8195867538452148,0.8186518549919128,0.783873438835144,1.3427183628082275,1.2361791133880615,1.7506712675094604,-0.02265489660203457,-0.20331354439258575,0.3329757750034332
-0.31706884503364563,1.4027073383331299,0.41848650574684143,2.2025883197784424,0.6818329691886902,-0.005676668137311935,-0.2916242778301239,-0.3235514461994171,-0.3370561897754669,-0.06367367506027222,-0.10451000928878784,1.307318091392517,1.6174111366271973,0.8195810914039612,0.8186489343643188,0.7838791608810425,1.3427125215530396,1.2361775636672974,1.750676155090332,-0.022654326632618904,-0.20331521332263947,0.3329847753047943
-0.3170729875564575,1.402712345123291,0.4184839427471161,2.2025821208953857,0.6819217801094055,-0.005671235732734203,-0.29161956906318665,-0.32354849576950073,-0.33705300092697144,-0.06366705894470215,-0.10448688268661499,1.3072901964187622,1.6174203157424927,0.8195016980171204,0.8186547160148621,0.7838887572288513,1.3427001237869263,1.2361797094345093,1.7507035732269287,-0.022645998746156693,-0.20331163704395294,0.3329995572566986
-0.31707367300987244,1.4026979207992554,0.4184819161891937,2.2025959491729736,0.6817901730537415,-0.005675399210304022,-0.2916353940963745,-0.3235580027103424,-0.3370624780654907,-0.06368248909711838,-0.10452302545309067,1.307350993156433,1.6174081563949585,0.8196186423301697,0.8186392188072205,0.783888041973114,1.3427069187164307,1.2361689805984497,1.7506686449050903,-0.02265947312116623,-0.20332162082195282,0.3329947292804718
-0.31707730889320374,1.4027069807052612,0.41847681999206543,2.2025868892669678,0.6819106340408325,-0.005670152138918638,-0.29162687063217163,-0.3235529363155365,-0.3370571732521057,-0.06367259472608566,-0.10449190437793732,1.3073099851608276,1.6174216270446777,0.8195095658302307,0.8186493515968323,0.7838999629020691,1.3426926136016846,1.2361714839935303,1.7507045269012451,-0.022648431360721588,-0.20331574976444244,0.3330102264881134
-0.31707799434661865,1.402700424194336,0.41847267746925354,2.2025933265686035,0.6818540096282959,-0.005672667641192675,-0.2916345000267029,-0.3235578238964081,-0.3370620012283325,-0.06368029862642288,-0.10450827330350876,1.3073406219482422,1.6174180507659912,0.8195579648017883,0.8186424374580383,0.7839038968086243,1.34269380569458,1.2361637353897095,1.7506904602050781,-0.02265484817326069,-0.2033207267522812,0.33301016688346863
-0.3170786499977112,1.4026974439620972,0.41846808791160583,2.202596426010132,0.6818323135375977,-0.005674268584698439,-0.29163816571235657,-0.32356053590774536,-0.33706462383270264,-0.06368434429168701,-0.10451535880565643,1.3073570728302002,1.6174184083938599,0.8195746541023254,0.8186394572257996,0.7839099764823914,1.342692494392395,1.2361575365066528,1.7506861686706543,-0.022657956928014755,-0.2033233642578125,0.33301258087158203
-0.3170803189277649,1.4027044773101807,0.4184627830982208,2.202589273452759,0.6819174885749817,-0.005671873688697815,-0.29163113236427307,-0.32355695962905884,-0.3370608687400818,-0.06367751210927963,-0.10449384152889252,1.3073298931121826,1.6174298524856567,0.8194956183433533,0.8186475038528442,0.7839214205741882,1.3426826000213623,1.2361570596694946,1.7507119178771973,-0.02265068329870701,-0.20331919193267822,0.33302372694015503
-0.31707897782325745,1.4026943445205688,0.4184594750404358,2.202599048614502,0.6818112730979919,-0.005677292123436928,-0.2916416823863983,-0.32356417179107666,-0.3370680809020996,-0.06368963420391083,-0.10452347993850708,1.307379126548767,1.617422342300415,0.8195875883102417,0.8186368942260742,0.7839235663414001,1.3426896333694458,1.2361459732055664,1.7506835460662842,-0.022662168368697166,-0.2033267766237259,0.3330186903476715
-0.3170798718929291,1.402701497077942,0.4184550642967224,2.2025914192199707,0.6818955540657043,-0.005675026681274176,-0.29163384437561035,-0.32356032729148865,-0.33706405758857727,-0.06368245929479599,-0.10450206696987152,1.3073502779006958,1.6174339056015015,0.8195096254348755,0.8186455368995667,0.7839347124099731,1.3426810503005981,1.2361453771591187,1.7507085800170898,-0.022654959931969643,-0.20332235097885132,0.33302971720695496
-0.31707894802093506,1.4026983976364136,0.41845211386680603,2.2025935649871826,0.6818675994873047,-0.005677137058228254,-0.2916364073753357,-0.32356274127960205,-0.3370663821697235,-0.06368628144264221,-0.10451057553291321,1.3073654174804688,1.6174341440200806,0.8195324540138245,0.8186432719230652,0.7839401364326477,1.3426824808120728,1.2361388206481934,1.7507017850875854,-0.022658592090010643,-0.20332476496696472,0.3330313563346863
-0.31707775592803955,1.4026950597763062,0.4184496998786926,2.2025959491729736,0.6818373203277588,-0.005679139401763678,-0.291639119386673,-0.32356512546539307,-0.33706870675086975,-0.06369007378816605,-0.1045195609331131,1.307380199432373,1.6174339056015015,0.8195579051971436,0.8186410665512085,0.7839450836181641,1.3426845073699951,1.2361325025558472,1.7506941556930542,-0.0226622074842453,-0.20332717895507812,0.33303287625312805
-0.3170778155326843,1.4027011394500732,0.4184468984603882,2.2025885581970215,0.6819124817848206,-0.005676653236150742,-0.29163190722465515,-0.32356131076812744,-0.3370647430419922,-0.06368302553892136,-0.10450012981891632,1.3073511123657227,1.6174437999725342,0.8194896578788757,0.8186495304107666,0.7839546203613281,1.3426778316497803,1.2361323833465576,1.750715970993042,-0.022655172273516655,-0.2033229023218155,0.33304330706596375
-0.31707561016082764,1.4026927947998047,0.4184459447860718,2.2025954723358154,0.6818309426307678,-0.005680203437805176,-0.29163962602615356,-0.32356634736061096,-0.3370697796344757,-0.0636913925409317,-0.10452239215373993,1.3073843717575073,1.617437481880188,0.8195618391036987,0.8186426758766174,0.7839559316635132,1.3426846265792847,1.2361241579055786,1.7506935596466064,-0.022663118317723274,-0.20332825183868408,0.3330405652523041
-0.31707528233528137,1.402697205543518,0.41844442486763,2.202589750289917,0.6818908452987671,-0.005677792709320784,-0.29163408279418945,-0.32356318831443787,-0.3370664715766907,-0.0636853501200676,-0.10450656712055206,1.3073599338531494,1.6174447536468506,0.8195079565048218,0.81864994764328,0.783963143825531,1.342679500579834,1.2361241579055786,1.7507107257843018,-0.022656891494989395,-0.20332470536231995,0.33304962515830994
-0.3170739412307739,1.402694821357727,0.41844427585601807,2.2025907039642334,0.6818775534629822,-0.005678063724189997,-0.29163554310798645,-0.3235641419887543,-0.3370673358440399,-0.06368643045425415,-0.10451006889343262,1.3073649406433105,1.6174441576004028,0.8195196390151978,0.8186500072479248,0.7839658260345459,1.34268057346344,1.2361207008361816,1.7507071495056152,-0.022657569497823715,-0.20332565903663635,0.3330523669719696
-0.31707242131233215,1.4026908874511719,0.4184451401233673,2.2025933265686035,0.6818469166755676,-0.005678792949765921,-0.2916386127471924,-0.3235660195350647,-0.33706918358802795,-0.06368907541036606,-0.10451795160770416,1.3073770999908447,1.6174412965774536,0.8195468187332153,0.8186482787132263,0.7839664816856384,1.34268319606781,1.236116886138916,1.7506985664367676,-0.022659774869680405,-0.20332765579223633,0.33305346965789795
-0.31707221269607544,1.4026951789855957,0.41844621300697327,2.202587604522705,0.6819078922271729,-0.00567562784999609,-0.29163292050361633,-0.3235626518726349,-0.3370656669139862,-0.0636824443936348,-0.10450112074613571,1.3073527812957764,1.617447018623352,0.8194921612739563,0.8186554908752441,0.7839703559875488,1.3426780700683594,1.2361185550689697,1.7507156133651733,-0.02265295386314392,-0.20332396030426025,0.3330620229244232
-0.3170704245567322,1.4026882648468018,0.4184493124485016,2.2025933265686035,0.6818443536758423,-0.005677320063114166,-0.2916388511657715,-0.32356640696525574,-0.33706939220428467,-0.0636882334947586,-0.10451742261648178,1.3073796033859253,1.6174399852752686,0.8195485472679138,0.8186501860618591,0.783967137336731,1.3426834344863892,1.2361139059066772,1.750697374343872,-0.022658349946141243,-0.20332804322242737,0.33305981755256653
-0.31707021594047546,1.4026910066604614,0.4184523820877075,2.202589511871338,0.6818873286247253,-0.0056746480986475945,-0.2916344702243805,-0.3235640823841095,-0.3370669484138489,-0.06368336081504822,-0.10450511425733566,1.3073644638061523,1.6174434423446655,0.8195095062255859,0.818655252456665,0.7839682698249817,1.342679738998413,1.2361154556274414,1.750708818435669,-0.02265341766178608,-0.2033255398273468,0.33306625485420227
-0.3170694410800934,1.4026892185211182,0.4184565842151642,2.202590227127075,0.6818791627883911,-0.0056740231812000275,-0.2916346788406372,-0.323564738035202,-0.33706751465797424,-0.0636836588382721,-0.10450642555952072,1.3073710203170776,1.6174416542053223,0.8195158839225769,0.8186549544334412,0.7839664220809937,1.3426803350448608,1.2361146211624146,1.750705599784851,-0.022653618827462196,-0.2033262699842453,0.33306804299354553
-0.31706851720809937,1.4026857614517212,0.418461412191391,2.202592611312866,0.6818524599075317,-0.005674205254763365,-0.2916364073753357,-0.3235664963722229,-0.33706918358802795,-0.06368589401245117,-0.10451270639896393,1.3073861598968506,1.6174379587173462,0.8195385336875916,0.8186525702476501,0.783963680267334,1.3426822423934937,1.2361130714416504,1.7506970167160034,-0.02265576459467411,-0.2033281773328781,0.3330678939819336
-0.3170686960220337,1.4026890993118286,0.418465793132782,2.2025883197784424,0.6818996667861938,-0.005671534221619368,-0.29163095355033875,-0.3235640525817871,-0.3370666205883026,-0.06368083506822586,-0.10449929535388947,1.3073722124099731,1.6174417734146118,0.819494903087616,0.8186573386192322,0.7839648127555847,1.3426777124404907,1.2361156940460205,1.7507089376449585,-0.022650795057415962,-0.20332551002502441,0.33307358622550964
-0.31706762313842773,1.4026836156845093,0.41847091913223267,2.2025928497314453,0.6818495988845825,-0.005672912113368511,-0.29163455963134766,-0.3235672116279602,-0.33706972002983093,-0.06368564069271088,-0.10451202839612961,1.3073982000350952,1.6174360513687134,0.8195379376411438,0.8186522722244263,0.7839617729187012,1.3426812887191772,1.2361130714416504,1.7506933212280273,-0.02265544794499874,-0.2033289074897766,0.3330707252025604
-0.3170677721500397,1.4026856422424316,0.41847503185272217,2.202589988708496,0.6818823218345642,-0.005671099293977022,-0.2916302978992462,-0.32356566190719604,-0.3370680510997772,-0.06368228793144226,-0.10450278222560883,1.3073909282684326,1.617438793182373,0.8195070028305054,0.818655252456665,0.7839633226394653,1.3426775932312012,1.2361150979995728,1.750700831413269,-0.022652076557278633,-0.20332716405391693,0.3330743908882141
-0.3170674443244934,1.4026840925216675,0.4184790253639221,2.2025907039642334,0.6818752288818359,-0.005670994054526091,-0.2916297912597656,-0.32356640696525574,-0.33706870675086975,-0.06368305534124374,-0.10450436919927597,1.3073996305465698,1.617437720298767,0.8195116519927979,0.8186541199684143,0.7839634418487549,1.342677116394043,1.2361148595809937,1.750697135925293,-0.022652670741081238,-0.20332787930965424,0.33307430148124695
-0.31706705689430237,1.4026814699172974,0.41848254203796387,2.202592611312866,0.6818553805351257,-0.005671463441103697,-0.2916305661201477,-0.3235678970813751,-0.337070107460022,-0.06368523836135864,-0.10450956225395203,1.3074129819869995,1.6174356937408447,0.8195279240608215,0.8186516165733337,0.7839632630348206,1.3426777124404907,1.2361139059066772,1.75068998336792,-0.022654585540294647,-0.20332938432693481,0.3330727517604828
-0.31706756353378296,1.402683973312378,0.41848495602607727,2.202589511871338,0.6818920969963074,-0.005669668782502413,-0.29162612557411194,-0.32356613874435425,-0.33706822991371155,-0.06368188560009003,-0.10449981689453125,1.3074026107788086,1.6174395084381104,0.8194940090179443,0.8186546564102173,0.7839658856391907,1.3426735401153564,1.2361159324645996,1.7506989240646362,-0.02265102230012417,-0.20332735776901245,0.3330755829811096
-0.31706714630126953,1.402679681777954,0.4184873104095459,2.2025933265686035,0.6818538308143616,-0.005670854356139898,-0.29162895679473877,-0.3235686719417572,-0.3370707035064697,-0.06368613243103027,-0.10451028496026993,1.3074215650558472,1.6174359321594238,0.8195273876190186,0.8186501860618591,0.7839647531509399,1.342675805091858,1.2361136674880981,1.7506870031356812,-0.022654829546809196,-0.20332996547222137,0.333071768283844
-0.3170677423477173,1.402681589126587,0.41848841309547424,2.2025911808013916,0.6818823218345642,-0.005669299978762865,-0.2916256785392761,-0.32356736063957214,-0.3370692729949951,-0.06368377804756165,-0.10450302809476852,1.3074125051498413,1.6174391508102417,0.819501519203186,0.818652331829071,0.783966600894928,1.34267258644104,1.2361149787902832,1.7506942749023438,-0.02265211008489132,-0.20332838594913483,0.33307331800460815
-0.317067950963974,1.4026803970336914,0.41848912835121155,2.202592372894287,0.6818758845329285,-0.005669086240231991,-0.2916259467601776,-0.3235679864883423,-0.3370698392391205,-0.06368495523929596,-0.10450519621372223,1.3074166774749756,1.6174389123916626,0.8195071816444397,0.818651020526886,0.7839665412902832,1.3426724672317505,1.2361141443252563,1.7506920099258423,-0.022652767598628998,-0.203328937292099,0.3330717980861664
-0.3170681595802307,1.4026788473129272,0.4184892475605011,2.202594041824341,0.6818647384643555,-0.00566901033744216,-0.29162687063217163,-0.32356885075569153,-0.33707061409950256,-0.06368661671876907,-0.1045086681842804,1.3074219226837158,1.6174381971359253,0.8195173144340515,0.8186492323875427,0.783966064453125,1.3426728248596191,1.2361129522323608,1.7506887912750244,-0.022653810679912567,-0.20332974195480347,0.3330698311328888
-0.3170689642429352,1.4026809930801392,0.418488472700119,2.202592134475708,0.6818931102752686,-0.005667307414114475,-0.2916242480278015,-0.32356739044189453,-0.3370690643787384,-0.06368429958820343,-0.10450156033039093,1.307410717010498,1.6174414157867432,0.8194922804832458,0.8186513781547546,0.7839673757553101,1.3426698446273804,1.2361137866973877,1.750697135925293,-0.022650890052318573,-0.20332802832126617,0.3330712914466858
-0.31706899404525757,1.4026780128479004,0.4184877574443817,2.2025952339172363,0.6818642020225525,-0.005667876917868853,-0.2916271686553955,-0.3235691487789154,-0.3370707929134369,-0.06368767470121384,-0.10450974106788635,1.307422399520874,1.6174389123916626,0.819518506526947,0.8186479210853577,0.7839659452438354,1.3426717519760132,1.2361114025115967,1.7506896257400513,-0.02265346609055996,-0.20332983136177063,0.3330681324005127
-0.31706973910331726,1.4026800394058228,0.41848626732826233,2.2025933265686035,0.681889533996582,-0.005666238721460104,-0.291625052690506,-0.3235677480697632,-0.3370693325996399,-0.0636855736374855,-0.10450337827205658,1.307412028312683,1.6174417734146118,0.8194963932037354,0.8186498880386353,0.7839671969413757,1.342669129371643,1.2361118793487549,1.7506974935531616,-0.022650644183158875,-0.2033282071352005,0.3330698311328888
-0.31707003712654114,1.4026790857315063,0.4184849262237549,2.202594518661499,0.6818813681602478,-0.005665929988026619,-0.2916261553764343,-0.3235682249069214,-0.3370697796344757,-0.0636867806315422,-0.10450591892004013,1.307415246963501,1.617441177368164,0.8195042014122009,0.8186485171318054,0.7839669585227966,1.3426693677902222,1.2361104488372803,1.7506959438323975,-0.02265104092657566,-0.20332862436771393,0.3330690860748291
-0.3170703649520874,1.4026784896850586,0.41848352551460266,2.2025952339172363,0.6818768382072449,-0.005665463861078024,-0.2916269600391388,-0.3235684931278229,-0.3370700180530548,-0.06368758529424667,-0.1045074388384819,1.3074172735214233,1.6174408197402954,0.8195087313652039,0.8186475038528442,0.7839670181274414,1.3426692485809326,1.2361092567443848,1.7506953477859497,-0.0226510688662529,-0.20332880318164825,0.3330690562725067
-0.31707102060317993,1.4026801586151123,0.4184820055961609,2.2025935649871826,0.6818966865539551,-0.005664007738232613,-0.291625440120697,-0.32356733083724976,-0.3370688259601593,-0.06368592381477356,-0.10450239479541779,1.307409644126892,1.6174428462982178,0.8194915056228638,0.8186489343643188,0.7839683294296265,1.3426671028137207,1.2361093759536743,1.7507015466690063,-0.022648734971880913,-0.2033274620771408,0.3330714702606201
-0.3170711100101471,1.4026780128479004,0.4184810221195221,2.2025957107543945,0.681874692440033,-0.005664229393005371,-0.29162782430648804,-0.32356858253479004,-0.3370700776576996,-0.06368842720985413,-0.10450849682092667,1.3074191808700562,1.6174407005310059,0.8195116519927979,0.8186461925506592,0.7839676737785339,1.3426685333251953,1.2361072301864624,1.7506957054138184,-0.022650545462965965,-0.20332872867584229,0.3330707550048828
-0.317071795463562,1.4026799201965332,0.41847988963127136,2.2025938034057617,0.6818967461585999,-0.0056626927107572556,-0.2916260063648224,-0.32356730103492737,-0.3370687663555145,-0.06368651986122131,-0.10450278222560883,1.3074111938476562,1.6174429655075073,0.8194923996925354,0.8186478018760681,0.7839692234992981,1.3426662683486938,1.236107587814331,1.7507020235061646,-0.022648116573691368,-0.20332728326320648,0.33307403326034546
-0.3170720040798187,1.4026788473129272,0.41847920417785645,2.202594757080078,0.6818864345550537,-0.00566249480471015,-0.2916272282600403,-0.3235678970813751,-0.3370693624019623,-0.06368783116340637,-0.10450568795204163,1.3074164390563965,1.6174418926239014,0.8195019364356995,0.818646252155304,0.7839692831039429,1.342666745185852,1.236106276512146,1.7506991624832153,-0.022648900747299194,-0.20332786440849304,0.33307477831840515
-0.3170723617076874,1.4026787281036377,0.4184785783290863,2.202594757080078,0.6818872094154358,-0.00566191365942359,-0.2916274070739746,-0.32356786727905273,-0.3370693325996399,-0.06368802487850189,-0.10450558364391327,1.307417392730713,1.6174418926239014,0.8195013999938965,0.8186458349227905,0.7839699387550354,1.3426662683486938,1.2361056804656982,1.7506992816925049,-0.022648636251688004,-0.20332778990268707,0.333076536655426
-0.3170728385448456,1.4026795625686646,0.41847798228263855,2.2025938034057617,0.681898832321167,-0.005660971160978079,-0.29162660241127014,-0.3235672414302826,-0.33706870675086975,-0.06368713080883026,-0.10450255870819092,1.307413935661316,1.6174429655075073,0.8194910883903503,0.8186465501785278,0.7839711308479309,1.3426648378372192,1.2361057996749878,1.7507023811340332,-0.022647349163889885,-0.20332705974578857,0.33307918906211853
-0.31707292795181274,1.4026778936386108,0.41847774386405945,2.2025954723358154,0.681882381439209,-0.005661229137331247,-0.2916284501552582,-0.3235682547092438,-0.33706972002983093,-0.06368903815746307,-0.10450701415538788,1.3074218034744263,1.6174412965774536,0.8195056915283203,0.8186445236206055,0.7839709520339966,1.3426657915115356,1.2361044883728027,1.7506974935531616,-0.02264883741736412,-0.20332811772823334,0.33307936787605286
-0.3170734643936157,1.402679204940796,0.418477326631546,2.202594041824341,0.681900143623352,-0.005660182796418667,-0.29162707924842834,-0.32356733083724976,-0.3370687663555145,-0.0636875107884407,-0.10450228303670883,1.3074157238006592,1.6174429655075073,0.8194895386695862,0.8186459541320801,0.7839723825454712,1.3426637649536133,1.2361050844192505,1.7507023811340332,-0.022647006437182426,-0.20332707464694977,0.33308225870132446
-0.3170735836029053,1.4026777744293213,0.41847729682922363,2.2025954723358154,0.6818877458572388,-0.0056604123674333096,-0.29162856936454773,-0.3235681653022766,-0.3370696008205414,-0.06368900835514069,-0.10450560599565506,1.3074216842651367,1.6174416542053223,0.8195002675056458,0.8186444640159607,0.7839721441268921,1.342664361000061,1.236104130744934,1.7506988048553467,-0.022648172453045845,-0.203327938914299,0.333082377910614
-0.31707391142845154,1.4026778936386108,0.41847723722457886,2.2025952339172363,0.6818921566009521,-0.005660021211951971,-0.29162847995758057,-0.32356807589530945,-0.33706948161125183,-0.06368881464004517,-0.10450440645217896,1.3074206113815308,1.6174421310424805,0.8194959163665771,0.8186447024345398,0.7839725613594055,1.3426636457443237,1.2361042499542236,1.7507001161575317,-0.022647734731435776,-0.20332778990268707,0.3330836594104767
-0.3170742094516754,1.4026778936386108,0.418477326631546,2.2025952339172363,0.6818963289260864,-0.00565968407317996,-0.2916283905506134,-0.3235680162906647,-0.33706939220428467,-0.06368865072727203,-0.10450326651334763,1.3074194192886353,1.6174426078796387,0.8194917440414429,0.8186449408531189,0.7839727997779846,1.3426629304885864,1.2361043691635132,1.7507014274597168,-0.022647367790341377,-0.20332768559455872,0.33308467268943787
-0.3170742988586426,1.4026765823364258,0.4184776842594147,2.202596426010132,0.6818854212760925,-0.005659991875290871,-0.2916296720504761,-0.32356882095336914,-0.33707019686698914,-0.06368998438119888,-0.10450616478919983,1.3074241876602173,1.6174416542053223,0.8195009827613831,0.8186437487602234,0.7839722037315369,1.3426636457443237,1.2361037731170654,1.7506985664367676,-0.022648517042398453,-0.20332853496074677,0.33308419585227966
-0.31707465648651123,1.4026774168014526,0.41847795248031616,2.2025954723358154,0.6818987727165222,-0.005659362766891718,-0.2916285991668701,-0.3235682249069214,-0.337069571018219,-0.06368886679410934,-0.10450256615877151,1.3074190616607666,1.6174430847167969,0.819488525390625,0.8186450004577637,0.7839727401733398,1.3426623344421387,1.2361044883728027,1.7507025003433228,-0.02264731004834175,-0.20332787930965424,0.3330855965614319
-0.31707462668418884,1.4026758670806885,0.4184785485267639,2.20259690284729,0.6818863749504089,-0.005659813992679119,-0.2916299104690552,-0.323569118976593,-0.3370704650878906,-0.06369031220674515,-0.10450585931539536,1.3074241876602173,1.617442011833191,0.8194990754127502,0.8186437487602234,0.7839720845222473,1.3426631689071655,1.2361037731170654,1.7506992816925049,-0.022648636251688004,-0.20332883298397064,0.33308470249176025
-0.31707480549812317,1.4026761054992676,0.4184790551662445,2.202596426010132,0.681893527507782,-0.005659523885697126,-0.2916293144226074,-0.3235688805580139,-0.33707019686698914,-0.06368976831436157,-0.10450393706560135,1.3074214458465576,1.6174428462982178,0.8194921612739563,0.8186444640159607,0.7839725017547607,1.3426623344421387,1.236104130744934,1.7507015466690063,-0.022648043930530548,-0.20332854986190796,0.3330853581428528
-0.31707480549812317,1.4026756286621094,0.41847968101501465,2.202596664428711,0.6818921566009521,-0.005659605376422405,-0.291629433631897,-0.32356908917427063,-0.33707040548324585,-0.06369003653526306,-0.1045042872428894,1.3074222803115845,1.6174428462982178,0.8194928765296936,0.8186443448066711,0.7839726805686951,1.3426623344421387,1.236104130744934,1.7507013082504272,-0.022648263722658157,-0.20332877337932587,0.33308523893356323
-0.3170746862888336,1.4026747941970825,0.41848039627075195,2.202597141265869,0.6818869113922119,-0.005659862421452999,-0.2916298508644104,-0.32356950640678406,-0.3370708227157593,-0.06369064748287201,-0.10450568050146103,1.3074246644973755,1.6174424886703491,0.8194971084594727,0.8186438679695129,0.7839727401733398,1.3426626920700073,1.236103892326355,1.7506999969482422,-0.022648843005299568,-0.20332922041416168,0.3330847918987274
-0.317074716091156,1.4026752710342407,0.4184809923171997,2.202596426010132,0.6818957328796387,-0.005659562535583973,-0.2916288673877716,-0.32356908917427063,-0.33707037568092346,-0.06368981301784515,-0.1045033261179924,1.3074214458465576,1.6174434423446655,0.8194888830184937,0.8186448216438293,0.7839735746383667,1.3426618576049805,1.2361043691635132,1.7507025003433228,-0.022648023441433907,-0.20332875847816467,0.3330855369567871
-0.3170744478702545,1.4026740789413452,0.4184817671775818,2.2025973796844482,0.681885302066803,-0.00566003005951643,-0.2916296422481537,-0.32356974482536316,-0.337071031332016,-0.06369086354970932,-0.10450612008571625,1.30742609500885,1.6174424886703491,0.8194978833198547,0.8186438679695129,0.7839735150337219,1.3426626920700073,1.2361037731170654,1.750699520111084,-0.022649062797427177,-0.20332947373390198,0.33308467268943787
-0.31707441806793213,1.402674674987793,0.41848236322402954,2.202596664428711,0.6818938255310059,-0.005659721791744232,-0.2916285991668701,-0.32356929779052734,-0.3370705544948578,-0.06368998438119888,-0.10450386255979538,1.3074231147766113,1.617443323135376,0.8194900751113892,0.8186447620391846,0.783974289894104,1.34266197681427,1.236104130744934,1.7507017850875854,-0.022648228332400322,-0.20332898199558258,0.33308541774749756
-0.317074179649353,1.4026740789413452,0.41848301887512207,2.202597141265869,0.6818890571594238,-0.005659921560436487,-0.29162880778312683,-0.3235695958137512,-0.3370708227157593,-0.06369040906429291,-0.10450515151023865,1.3074254989624023,1.6174428462982178,0.8194941878318787,0.8186443448066711,0.7839743494987488,1.3426624536514282,1.2361037731170654,1.7507002353668213,-0.022648675367236137,-0.20332929491996765,0.3330850899219513
-0.3170740008354187,1.4026740789413452,0.41848355531692505,2.202597141265869,0.6818892359733582,-0.005659893155097961,-0.29162853956222534,-0.32356956601142883,-0.3370707929134369,-0.06369030475616455,-0.10450510680675507,1.307425856590271,1.6174428462982178,0.8194939494132996,0.8186444640159607,0.7839744687080383,1.3426624536514282,1.2361036539077759,1.7507001161575317,-0.022648613899946213,-0.20332926511764526,0.33308520913124084
-0.31707388162612915,1.4026744365692139,0.4184839427471161,2.202596664428711,0.6818934679031372,-0.005659678019583225,-0.2916279137134552,-0.32356929779052734,-0.337070494890213,-0.06368976831436157,-0.10450395196676254,1.307424545288086,1.6174432039260864,0.8194901347160339,0.8186450004577637,0.7839746475219727,1.3426622152328491,1.2361037731170654,1.7507010698318481,-0.022648127749562263,-0.2033289670944214,0.33308568596839905
-0.31707361340522766,1.4026738405227661,0.41848427057266235,2.202597141265869,0.6818867325782776,-0.005659886635839939,-0.291628360748291,-0.3235696256160736,-0.3370708227157593,-0.06369031965732574,-0.1045057401061058,1.3074275255203247,1.6174424886703491,0.819496214389801,0.8186444044113159,0.7839742302894592,1.3426629304885864,1.2361032962799072,1.7506989240646362,-0.02264869026839733,-0.20332933962345123,0.33308520913124084
-0.3170735538005829,1.4026745557785034,0.4184843599796295,2.202596426010132,0.6818945407867432,-0.005659494549036026,-0.2916274666786194,-0.323569118976593,-0.3370702862739563,-0.06368939578533173,-0.10450362414121628,1.307424545288086,1.6174432039260864,0.8194893598556519,0.8186452984809875,0.7839744091033936,1.3426623344421387,1.2361035346984863,1.750700831413269,-0.022647799924016,-0.20332878828048706,0.33308595418930054
-0.3170733153820038,1.4026740789413452,0.4184844195842743,2.20259690284729,0.6818884015083313,-0.005659656133502722,-0.2916279435157776,-0.3235693871974945,-0.3370705544948578,-0.06368987262248993,-0.10450524836778641,1.307427167892456,1.6174424886703491,0.8194950222969055,0.8186448216438293,0.7839738130569458,1.3426629304885864,1.2361030578613281,1.7506988048553467,-0.02264825999736786,-0.20332908630371094,0.3330855071544647
-0.3170732259750366,1.4026745557785034,0.41848430037498474,2.202596426010132,0.6818922758102417,-0.005659413058310747,-0.2916274964809418,-0.32356908917427063,-0.3370702564716339,-0.06368935108184814,-0.10450419038534164,1.307425618171692,1.6174427270889282,0.8194917440414429,0.8186452984809875,0.7839736938476562,1.3426626920700073,1.2361030578613281,1.7506996393203735,-0.022647734731435776,-0.20332875847816467,0.33308589458465576
-0.31707310676574707,1.402674674987793,0.4184841215610504,2.202596426010132,0.6818922758102417,-0.005659321788698435,-0.291627436876297,-0.32356899976730347,-0.33707016706466675,-0.0636892318725586,-0.10450418293476105,1.307425618171692,1.6174426078796387,0.819491982460022,0.8186454176902771,0.7839733958244324,1.3426628112792969,1.236102819442749,1.7506994009017944,-0.022647596895694733,-0.2033286839723587,0.33308592438697815
-0.3170729875564575,1.4026745557785034,0.4184839129447937,2.202596664428711,0.6818897724151611,-0.005659332033246756,-0.2916276454925537,-0.32356905937194824,-0.3370702266693115,-0.06368938088417053,-0.10450485348701477,1.3074265718460083,1.61744225025177,0.8194944858551025,0.8186452388763428,0.783972978591919,1.342663049697876,1.2361024618148804,1.750698447227478,-0.02264772728085518,-0.20332877337932587,0.33308571577072144
-0.3170729875564575,1.4026751518249512,0.4184836149215698,2.2025961875915527,0.6818950772285461,-0.005659031216055155,-0.29162710905075073,-0.3235687017440796,-0.33706986904144287,-0.06368877738714218,-0.10450346022844315,1.3074243068695068,1.6174427270889282,0.8194900751113892,0.8186458349227905,0.783972978591919,1.3426626920700073,1.23610258102417,1.750699758529663,-0.02264712005853653,-0.20332838594913483,0.33308613300323486
-0.31707286834716797,1.4026747941970825,0.4184834063053131,2.202596664428711,0.6818897724151611,-0.005659169051796198,-0.29162758588790894,-0.3235689699649811,-0.33707013726234436,-0.06368925422430038,-0.10450491309165955,1.3074263334274292,1.61744225025177,0.8194951415061951,0.8186453580856323,0.7839725017547607,1.3426631689071655,1.2361021041870117,1.7506980895996094,-0.02264757640659809,-0.2033286690711975,0.3330856263637543
-0.31707289814949036,1.4026753902435303,0.41848310828208923,2.2025961875915527,0.6818950772285461,-0.005658899899572134,-0.29162704944610596,-0.3235686421394348,-0.3370697796344757,-0.06368868798017502,-0.10450354218482971,1.3074240684509277,1.6174428462982178,0.8194907307624817,0.8186458945274353,0.7839726209640503,1.3426628112792969,1.2361022233963013,1.750699520111084,-0.022647006437182426,-0.20332829654216766,0.3330860137939453
-0.3170728087425232,1.4026751518249512,0.4184828996658325,2.202596426010132,0.6818921566009521,-0.005658986046910286,-0.29162728786468506,-0.32356879115104675,-0.33706992864608765,-0.06368895620107651,-0.10450437664985657,1.3074252605438232,1.6174426078796387,0.8194935917854309,0.8186455965042114,0.783972442150116,1.342663049697876,1.2361018657684326,1.7506986856460571,-0.022647254168987274,-0.2033284455537796,0.33308568596839905
-0.3170728087425232,1.4026752710342407,0.4184826910495758,2.2025961875915527,0.6818932294845581,-0.0056589338928461075,-0.2916271686553955,-0.3235687017440796,-0.3370698392391205,-0.06368883699178696,-0.10450414568185806,1.3074249029159546,1.6174427270889282,0.8194928169250488,0.818645715713501,0.7839725613594055,1.3426629304885864,1.236101746559143,1.7506989240646362,-0.022647123783826828,-0.20332835614681244,0.33308568596839905
-0.3170728087425232,1.4026753902435303,0.4184825122356415,2.2025959491729736,0.681894838809967,-0.005658882670104504,-0.2916269898414612,-0.3235686123371124,-0.3370697498321533,-0.06368868052959442,-0.10450377315282822,1.3074243068695068,1.6174429655075073,0.8194915056228638,0.8186458349227905,0.7839728593826294,1.3426628112792969,1.236101746559143,1.7506994009017944,-0.02264695055782795,-0.20332825183868408,0.3330857455730438
-0.3170727491378784,1.4026751518249512,0.41848239302635193,2.2025961875915527,0.6818917393684387,-0.005659034941345453,-0.29162725806236267,-0.32356879115104675,-0.33706992864608765,-0.06368900835514069,-0.10450465977191925,1.3074257373809814,1.6174427270889282,0.819494366645813,0.8186454772949219,0.7839729189872742,1.342663049697876,1.236101508140564,1.7506985664367676,-0.022647259756922722,-0.2033284455537796,0.33308538794517517
-0.3170728087425232,1.4026755094528198,0.41848224401474,2.2025957107543945,0.681895911693573,-0.005658905021846294,-0.29162684082984924,-0.32356858253479004,-0.33706969022750854,-0.06368861347436905,-0.10450360178947449,1.3074241876602173,1.6174432039260864,0.8194907307624817,0.8186458349227905,0.7839733362197876,1.3426626920700073,1.2361016273498535,1.750699758529663,-0.022646864876151085,-0.2033281922340393,0.33308565616607666
-0.3170727789402008,1.4026751518249512,0.4184822142124176,2.2025959491729736,0.681891918182373,-0.005659104324877262,-0.2916271984577179,-0.32356885075569153,-0.33706995844841003,-0.06368903815746307,-0.10450471192598343,1.3074259757995605,1.6174428462982178,0.8194943070411682,0.8186454176902771,0.7839733362197876,1.3426629304885864,1.2361013889312744,1.7506986856460571,-0.022647274658083916,-0.2033284604549408,0.33308523893356323
-0.3170728385448456,1.4026753902435303,0.4184821546077728,2.2025957107543945,0.6818949580192566,-0.005659015383571386,-0.2916269302368164,-0.3235687017440796,-0.3370698094367981,-0.06368876993656158,-0.10450393706560135,1.3074249029159546,1.6174432039260864,0.8194915652275085,0.8186456561088562,0.7839735746383667,1.3426625728607178,1.236101508140564,1.7506996393203735,-0.022647010162472725,-0.20332829654216766,0.33308541774749756
-0.31707286834716797,1.4026752710342407,0.4184821844100952,2.2025959491729736,0.6818934082984924,-0.0056591033935546875,-0.29162710905075073,-0.32356882095336914,-0.33706992864608765,-0.0636889636516571,-0.10450438410043716,1.3074257373809814,1.6174430847167969,0.8194929361343384,0.8186454772949219,0.7839735746383667,1.3426626920700073,1.2361013889312744,1.7506992816925049,-0.022647198289632797,-0.2033284306526184,0.33308523893356323
-0.31707289814949036,1.4026752710342407,0.4184822142124176,2.2025959491729736,0.6818932294845581,-0.005659123882651329,-0.2916271686553955,-0.32356885075569153,-0.33706995844841003,-0.06368900835514069,-0.10450445115566254,1.3074259757995605,1.6174430847167969,0.8194930553436279,0.8186454176902771,0.7839735746383667,1.3426626920700073,1.2361013889312744,1.7506992816925049,-0.022647246718406677,-0.203328475356102,0.33308517932891846
-0.31707295775413513,1.4026753902435303,0.41848224401474,2.2025959491729736,0.681894838809967,-0.0056590610183775425,-0.29162704944610596,-0.32356879115104675,-0.33706989884376526,-0.06368887424468994,-0.10450402647256851,1.3074254989624023,1.6174432039260864,0.8194916248321533,0.8186455368995667,0.7839736342430115,1.3426625728607178,1.236101508140564,1.750699758529663,-0.022647114470601082,-0.20332840085029602,0.3330852687358856
-0.31707295775413513,1.4026751518249512,0.41848233342170715,2.2025961875915527,0.6818921566009521,-0.005659166723489761,-0.29162734746932983,-0.3235689699649811,-0.3370700776576996,-0.06368916481733322,-0.10450473427772522,1.3074266910552979,1.6174428462982178,0.8194940090179443,0.8186452388763428,0.7839734554290771,1.3426628112792969,1.2361013889312744,1.7506990432739258,-0.022647393867373466,-0.20332859456539154,0.3330850601196289
-0.3170730471611023,1.4026753902435303,0.41848236322402954,2.2025959491729736,0.6818950772285461,-0.005659043788909912,-0.2916271388530731,-0.32356882095336914,-0.33706992864608765,-0.06368888914585114,-0.10450392961502075,1.307425618171692,1.6174430847167969,0.8194913864135742,0.8186454772949219,0.7839735746383667,1.3426625728607178,1.2361016273498535,1.7506998777389526,-0.022647112607955933,-0.2033284455537796,0.3330853283405304
-0.3170730471611023,1.4026751518249512,0.4184824526309967,2.2025961875915527,0.6818922758102417,-0.005659146700054407,-0.2916274666786194,-0.32356899976730347,-0.337070107460022,-0.06368918716907501,-0.10450464487075806,1.3074268102645874,1.6174427270889282,0.81949383020401,0.818645179271698,0.7839734554290771,1.3426628112792969,1.236101508140564,1.7506991624832153,-0.022647390142083168,-0.20332863926887512,0.33308514952659607
-0.31707310676574707,1.4026752710342407,0.4184825122356415,2.2025959491729736,0.6818941831588745,-0.005659055430442095,-0.29162734746932983,-0.3235689103603363,-0.3370700180530548,-0.06368900835514069,-0.10450410097837448,1.30742609500885,1.6174428462982178,0.8194921016693115,0.8186453580856323,0.7839735746383667,1.3426625728607178,1.2361016273498535,1.750699758529663,-0.022647198289632797,-0.20332853496074677,0.33308541774749756
-0.31707310676574707,1.4026751518249512,0.41848257184028625,2.2025959491729736,0.6818932294845581,-0.005659080576151609,-0.2916274666786194,-0.3235689699649811,-0.3370700776576996,-0.06368910521268845,-0.1045043095946312,1.3074264526367188,1.6174427270889282,0.8194929361343384,0.8186452388763428,0.7839735746383667,1.3426625728607178,1.2361016273498535,1.750699520111084,-0.022647283971309662,-0.20332860946655273,0.33308544754981995
-0.31707310676574707,1.4026751518249512,0.41848263144493103,2.2025959491729736,0.6818929314613342,-0.005659082904458046,-0.29162752628326416,-0.32356899976730347,-0.337070107460022,-0.06368914246559143,-0.10450434684753418,1.3074265718460083,1.6174427270889282,0.8194931745529175,0.818645179271698,0.7839736342430115,1.3426625728607178,1.2361016273498535,1.7506994009017944,-0.022647317498922348,-0.20332863926887512,0.3330855667591095
-0.31707313656806946,1.4026752710342407,0.4184826612472534,2.2025957107543945,0.6818941235542297,-0.005659020040184259,-0.291627436876297,-0.3235689401626587,-0.3370700478553772,-0.06368902325630188,-0.10450398176908493,1.30742609500885,1.6174428462982178,0.8194921016693115,0.8186452984809875,0.783973753452301,1.3426624536514282,1.236101746559143,1.750699758529663,-0.022647203877568245,-0.20332856476306915,0.3330858051776886
-0.31707310676574707,1.4026750326156616,0.4184827208518982,2.2025959491729736,0.6818921566009521,-0.00565908569842577,-0.2916276156902313,-0.32356905937194824,-0.33707016706466675,-0.063689224421978,-0.10450446605682373,1.3074268102645874,1.6174426078796387,0.8194937705993652,0.8186451196670532,0.7839736342430115,1.3426626920700073,1.2361016273498535,1.7506991624832153,-0.02264741063117981,-0.2033286839723587,0.3330857753753662
-0.31707313656806946,1.4026752710342407,0.4184827506542206,2.2025957107543945,0.6818942427635193,-0.005658997222781181,-0.2916274070739746,-0.3235689401626587,-0.3370700478553772,-0.06368901580572128,-0.10450387001037598,1.3074259757995605,1.6174428462982178,0.8194918036460876,0.8186453580856323,0.7839736938476562,1.3426625728607178,1.236101746559143,1.750699758529663,-0.022647224366664886,-0.20332856476306915,0.3330860733985901
-0.31707310676574707,1.4026751518249512,0.41848278045654297,2.2025959491729736,0.6818921566009521,-0.005659090355038643,-0.2916276156902313,-0.32356905937194824,-0.33707016706466675,-0.063689224421978,-0.10450439155101776,1.3074268102645874,1.6174426078796387,0.8194935321807861,0.818645179271698,0.7839735746383667,1.3426628112792969,1.2361016273498535,1.7506991624832153,-0.0226474367082119,-0.2033286988735199,0.3330859839916229
-0.31707313656806946,1.4026752710342407,0.4184827506542206,2.2025957107543945,0.6818935871124268,-0.005659053102135658,-0.2916274964809418,-0.3235689699649811,-0.3370700776576996,-0.06368909031152725,-0.10450399667024612,1.3074262142181396,1.6174427270889282,0.8194921612739563,0.8186453580856323,0.7839736342430115,1.3426626920700073,1.236101746559143,1.750699520111084,-0.022647308185696602,-0.20332860946655273,0.33308613300323486
-0.31707313656806946,1.4026752710342407,0.4184827208518982,2.2025957107543945,0.6818926930427551,-0.005659118294715881,-0.29162758588790894,-0.32356902956962585,-0.33707013726234436,-0.06368918716907501,-0.10450422018766403,1.3074265718460083,1.6174427270889282,0.8194928169250488,0.8186452984809875,0.7839735746383667,1.3426628112792969,1.236101746559143,1.7506992816925049,-0.02264741249382496,-0.2033286690711975,0.3330860733985901
-0.31707313656806946,1.4026752710342407,0.4184826910495758,2.2025957107543945,0.6818926334381104,-0.005659150425344706,-0.29162758588790894,-0.32356902956962585,-0.33707013726234436,-0.0636892095208168,-0.10450424253940582,1.3074265718460083,1.6174427270889282,0.819492757320404,0.8186452984809875,0.7839735150337219,1.3426628112792969,1.236101746559143,1.7506991624832153,-0.022647444158792496,-0.2033286690711975,0.3330860435962677
-0.31707316637039185,1.4026753902435303,0.41848263144493103,2.2025957107543945,0.6818932890892029,-0.005659156478941441,-0.29162752628326416,-0.32356899976730347,-0.337070107460022,-0.06368916481733322,-0.10450408607721329,1.3074262142181396,1.6174428462982178,0.8194921016693115,0.8186453580856323,0.7839735150337219,1.3426626920700073,1.236101746559143,1.7506992816925049,-0.02264740876853466,-0.20332862436771393,0.3330860435962677
-0.31707316637039185,1.4026752710342407,0.41848260164260864,2.2025959491729736,0.6818920373916626,-0.0056592379696667194,-0.2916276454925537,-0.32356905937194824,-0.33707019686698914,-0.06368930637836456,-0.10450445115566254,1.3074265718460083,1.6174427270889282,0.8194931745529175,0.8186452388763428,0.7839734554290771,1.3426628112792969,1.236101746559143,1.7506989240646362,-0.0226475540548563,-0.2033286988735199,0.333085834980011
-0.31707319617271423,1.4026753902435303,0.41848254203796387,2.2025959491729736,0.681893527507782,-0.00565920677036047,-0.29162752628326416,-0.3235689699649811,-0.337070107460022,-0.06368917971849442,-0.10450408607721329,1.307425856590271,1.6174429655075073,0.8194918036460876,0.8186454176902771,0.7839735150337219,1.3426626920700073,1.2361018657684326,1.7506992816925049,-0.022647440433502197,-0.20332860946655273,0.3330858647823334
-0.31707319617271423,1.4026752710342407,0.4184825122356415,2.2025961875915527,0.6818920373916626,-0.0056592910550534725,-0.2916276752948761,-0.32356905937194824,-0.33707019686698914,-0.06368935853242874,-0.1045045256614685,1.3074263334274292,1.6174428462982178,0.8194931149482727,0.8186452984809875,0.7839733958244324,1.3426628112792969,1.236101746559143,1.7506988048553467,-0.02264762669801712,-0.2033287137746811,0.3330856263637543
-0.3170732259750366,1.4026753902435303,0.4184824824333191,2.2025961875915527,0.6818933486938477,-0.005659251939505339,-0.29162755608558655,-0.32356899976730347,-0.33707013726234436,-0.06368924677371979,-0.10450419783592224,1.307425618171692,1.6174429655075073,0.8194919228553772,0.8186454176902771,0.7839733958244324,1.3426626920700073,1.2361018657684326,1.7506991624832153,-0.02264752984046936,-0.20332863926887512,0.3330856263637543
-0.3170732259750366,1.4026752710342407,0.4184824824333191,2.2025961875915527,0.681892454624176,-0.0056592924520373344,-0.2916276454925537,-0.32356905937194824,-0.33707019686698914,-0.06368935108184814,-0.10450445115566254,1.307425856590271,1.6174429655075073,0.819492757320404,0.8186453580856323,0.7839732766151428,1.3426628112792969,1.2361018657684326,1.7506989240646362,-0.022647643461823463,-0.2033286988735199,0.33308547735214233
-0.3170732259750366,1.4026752710342407,0.4184824824333191,2.2025961875915527,0.6818928718566895,-0.005659282207489014,-0.29162758588790894,-0.32356902956962585,-0.33707016706466675,-0.06368931382894516,-0.10450433939695358,1.307425618171692,1.6174430847167969,0.8194923996925354,0.8186454176902771,0.7839732766151428,1.3426628112792969,1.2361018657684326,1.7506990432739258,-0.022647611796855927,-0.2033286690711975,0.33308547735214233
-0.3170732259750366,1.4026752710342407,0.4184824824333191,2.2025961875915527,0.6818929314613342,-0.005659289192408323,-0.29162758588790894,-0.32356902956962585,-0.33707016706466675,-0.06368929892778397,-0.10450431704521179,1.3074254989624023,1.6174430847167969,0.8194923400878906,0.8186454176902771,0.7839733362197876,1.3426628112792969,1.2361018657684326,1.7506991624832153,-0.022647595033049583,-0.20332865417003632,0.33308547735214233
-0.31707319617271423,1.4026752710342407,0.4184824824333191,2.2025961875915527,0.6818923950195312,-0.00565932085737586,-0.2916276454925537,-0.32356905937194824,-0.33707019686698914,-0.06368934363126755,-0.10450445860624313,1.3074257373809814,1.6174430847167969,0.8194928169250488,0.8186453580856323,0.7839733958244324,1.3426628112792969,1.2361018657684326,1.7506990432739258,-0.02264763042330742,-0.2033286839723587,0.33308541774749756
-0.31707319617271423,1.4026753902435303,0.4184824824333191,2.2025961875915527,0.6818931698799133,-0.005659292917698622,-0.29162755608558655,-0.32356899976730347,-0.33707013726234436,-0.06368924677371979,-0.10450423508882523,1.3074253797531128,1.6174432039260864,0.8194921016693115,0.8186454176902771,0.7839735150337219,1.3426626920700073,1.2361018657684326,1.7506992816925049,-0.02264752984046936,-0.20332862436771393,0.3330855071544647
-0.31707316637039185,1.4026752710342407,0.4184825122356415,2.2025961875915527,0.6818921566009521,-0.005659337155520916,-0.2916276454925537,-0.32356905937194824,-0.33707019686698914,-0.06368933618068695,-0.10450449585914612,1.307425856590271,1.6174430847167969,0.8194929957389832,0.8186452984809875,0.7839735746383667,1.3426628112792969,1.2361018657684326,1.7506990432739258,-0.022647608071565628,-0.2033286839723587,0.33308547735214233
-0.31707316637039185,1.4026753902435303,0.4184825122356415,2.2025959491729736,0.6818931102752686,-0.005659299436956644,-0.29162755608558655,-0.32356899976730347,-0.33707013726234436,-0.063689224421978,-0.10450422763824463,1.3074254989624023,1.6174432039260864,0.8194921016693115,0.8186454176902771,0.7839736938476562,1.3426626920700073,1.2361019849777222,1.7506994009017944,-0.022647494450211525,-0.20332862436771393,0.3330856263637543
-0.31707316637039185,1.4026752710342407,0.41848254203796387,2.2025959491729736,0.6818921566009521,-0.005659329239279032,-0.2916276454925537,-0.32356905937194824,-0.33707019686698914,-0.06368931382894516,-0.10450447350740433,1.307425856590271,1.6174430847167969,0.8194929361343384,0.8186452984809875,0.7839736342430115,1.3426628112792969,1.2361019849777222,1.7506991624832153,-0.02264758199453354,-0.2033286839723587,0.3330856263637543
