GDPC,GDPCG,VABI,EMP,PAG,QOA,QOR,YUA,GGAG,REST,CO2,EBSG,FDI,GGFC,LBGD,PC,ARP,ROL,GE,COC,RQ,SSB,PT,EUPC
0.980744481086731,1.019976019859314,1.0199048519134521,1.0137253999710083,1.005249261856079,1.0195379257202148,1.0136078596115112,1.01982581615448,1.0200119018554688,1.0200096368789673,0.9800465106964111,0.9799932837486267,0.9800925850868225,1.0198019742965698,1.019959568977356,1.0200046300888062,0.9799929857254028,0.9837630391120911,0.9799879789352417,1.0197854042053223,1.018516182899475,0.9802547693252563,1.0100435018539429,0.9807727932929993
0.9714273810386658,1.02992844581604,1.029698133468628,1.0097477436065674,0.9979036450386047,1.0278944969177246,1.0098787546157837,1.0290647745132446,1.0300456285476685,1.0300415754318237,0.9701529741287231,0.9699621200561523,0.9705818891525269,1.0292816162109375,1.0299594402313232,1.0300315618515015,0.9699673652648926,0.9854371547698975,0.969994068145752,1.0286352634429932,1.0227737426757812,0.9704940915107727,1.0042558908462524,0.9722155332565308
0.9619577527046204,1.0398898124694824,1.0394165515899658,1.0031147003173828,0.9896354675292969,1.0346349477767944,1.003438115119934,1.0366160869598389,1.04011070728302,1.0401029586791992,0.9603155255317688,0.9599049091339111,0.9621527194976807,1.0384461879730225,1.0399757623672485,1.0400924682617188,0.9599170088768005,0.9909635186195374,0.9600231647491455,1.0343989133834839,1.02219557762146,0.9606496691703796,0.9967909455299377,0.9632211923599243
0.9523465037345886,1.0498884916305542,1.049107313156128,0.9953174591064453,0.9808518290519714,1.039951205253601,0.9957343935966492,1.0408275127410889,1.0502160787582397,1.0501989126205444,0.9505277276039124,0.9498105645179749,0.9557154774665833,1.0473605394363403,1.049956202507019,1.0501853227615356,0.949836790561676,0.9981445670127869,0.9500470757484436,1.0351285934448242,1.0183568000793457,0.9507186412811279,0.9885329008102417,0.9539874196052551
0.9426398873329163,1.059931993484497,1.0587913990020752,0.9868770241737366,0.9717358946800232,1.046785593032837,0.9872913956642151,1.0408086776733398,1.0603703260421753,1.0603317022323608,0.9407854080200195,0.9396713376045227,0.9518007040023804,1.0560284852981567,1.059926152229309,1.0603022575378418,0.9397150874137878,1.0062296390533447,0.9400153160095215,1.0317862033843994,1.01248300075531,0.9407190680503845,0.979806125164032,0.9448408484458923
0.9328344464302063,1.0700258016586304,1.0684897899627686,0.9780009984970093,0.9623642563819885,1.0545824766159058,0.9783549904823303,1.0376110076904297,1.0705816745758057,1.0705217123031616,0.931094765663147,0.9294750094413757,0.9505933523178101,1.0644376277923584,1.0699107646942139,1.0704494714736938,0.929543673992157,1.014891505241394,0.9299055337905884,1.026147484779358,1.005333662033081,0.9306524395942688,0.9707344770431519,0.9356107711791992
0.9229578375816345,1.0801408290863037,1.078163504600525,0.9688234329223633,0.9528018236160278,1.0620275735855103,0.9690898656845093,1.0322418212890625,1.0808583498001099,1.0807801485061646,0.9214587807655334,0.9192191958427429,0.9517040848731995,1.0722942352294922,1.079996109008789,1.0806394815444946,0.9193040728569031,1.0239636898040771,0.9197072386741638,1.0191313028335571,0.9973151683807373,0.9205359816551208,0.9614112973213196,0.9262443780899048
0.9129811525344849,1.0902494192123413,1.087784767150879,0.9593865871429443,0.9430633187294006,1.0701074600219727,0.9595791101455688,1.0254848003387451,1.0912079811096191,1.0911123752593994,0.9118854403495789,0.9088936448097229,0.954852819442749,1.079215407371521,1.0901950597763062,1.0908966064453125,0.9089868068695068,1.0333396196365356,0.9094196557998657,1.011215329170227,0.9886878132820129,0.9103509187698364,0.9518608450889587,0.9166564345359802
0.9029062986373901,1.1002638339996338,1.0972607135772705,0.949735164642334,0.9331700801849365,1.0783932209014893,0.9498942494392395,1.0177570581436157,1.1016379594802856,1.1015177965164185,0.9023704528808594,0.8984976410865784,0.9596050381660461,1.0843899250030518,1.1004794836044312,1.1012370586395264,0.8985824584960938,1.042962908744812,0.8990426063537598,1.0026594400405884,0.9796220660209656,0.9000942707061768,0.9421159625053406,0.9068552851676941
0.8927050232887268,1.1101195812225342,1.1065607070922852,0.9398738741874695,0.9231165647506714,1.0871943235397339,0.9400346875190735,1.009324312210083,1.1121553182601929,1.1119788885116577,0.8929116725921631,0.8880188465118408,0.9656943082809448,1.0872803926467896,1.1108181476593018,1.1116762161254883,0.8880855441093445,1.0527915954589844,0.8885684609413147,0.9936080574989319,0.9701967835426331,0.8897401094436646,0.9321774840354919,0.8968392014503479
0.8823797106742859,1.1196421384811401,1.1155821084976196,0.9298245906829834,0.9129111766815186,1.096267580986023,0.9300174117088318,1.0003432035446167,1.1227662563323975,1.1225039958953857,0.8834875822067261,0.8774555921554565,0.9727969169616699,1.08744215965271,1.1210966110229492,1.1222201585769653,0.8774921894073486,1.0628118515014648,0.877993106842041,0.9841631650924683,0.9604763388633728,0.879284143447876,0.9220623970031738,0.8866305351257324
0.8719187378883362,1.1286773681640625,1.1243057250976562,0.9195907115936279,0.9025496244430542,1.1056820154190063,0.9198282361030579,0.990921139717102,1.1334766149520874,1.133092999458313,0.8740764260292053,0.8667961955070496,0.9807034730911255,1.0851600170135498,1.1312754154205322,1.1328742504119873,0.8667965531349182,1.073012351989746,0.8673104047775269,0.974386990070343,0.9504875540733337,0.8687122464179993,0.9117724299430847,0.8762423992156982
0.8613148331642151,1.1370493173599243,1.1327519416809082,0.9091753959655762,0.89202880859375,1.115422248840332,0.9094575047492981,0.9811326265335083,1.1442919969558716,1.1437532901763916,0.8646522164344788,0.8560293316841125,0.9892492890357971,1.0809227228164673,1.141364336013794,1.1436420679092407,0.8559921979904175,1.0833876132965088,0.8565162420272827,0.9643232822418213,0.9402522444725037,0.8580144047737122,0.9013093113899231,0.8657373189926147
0.8505653142929077,1.1445014476776123,1.1409398317337036,0.8985835909843445,0.8813485503196716,1.1254619359970093,0.898904025554657,0.9710298776626587,1.155217170715332,1.154500961303711,0.8551846146583557,0.8451467752456665,0.9982965588569641,1.0751557350158691,1.1513688564300537,1.1545259952545166,0.8450734615325928,1.0939356088638306,0.8456079363822937,0.9540046453475952,0.9297919869422913,0.8471851348876953,0.8906765580177307,0.8550844192504883
0.839668333530426,1.1506918668746948,1.1488919258117676,0.8878191709518433,0.8705093264579773,1.1357754468917847,0.8881701231002808,0.9606510996818542,1.1662564277648926,1.1653523445129395,0.8456432223320007,0.8341420292854309,1.0077348947525024,1.0681906938552856,1.1612880229949951,1.1655282974243164,0.8340353965759277,1.1046547889709473,0.834583580493927,0.943454384803772,0.9191263914108276,0.8362206220626831,0.879876971244812,0.844273030757904
0.8286226391792297,1.155190348625183,1.1566193103790283,0.8768852949142456,0.8595120310783386,1.14634108543396,0.8772597908973694,0.9500249624252319,1.1774134635925293,1.1763219833374023,0.835999071598053,0.8230098485946655,1.0174782276153564,1.0602693557739258,1.1710844039916992,1.176652431488037,0.8228736519813538,1.1155434846878052,0.8234425783157349,0.932689368724823,0.9082725644111633,0.8251186609268188,0.8689128756523132,0.833299994468689
0.8174276947975159,1.1575478315353394,1.1641076803207397,0.8657844066619873,0.8483577370643616,1.1571407318115234,0.8661775588989258,0.9391739368438721,1.1886913776397705,1.1874220371246338,0.8262250423431396,0.8117460608482361,1.0274662971496582,1.0515673160552979,1.1806482076644897,1.1879030466079712,0.8115844130516052,1.1265997886657715,0.8121861815452576,0.921722412109375,0.8972439765930176,0.8138781785964966,0.8577861785888672,0.8221651911735535
0.8060836791992188,1.1574631929397583,1.1713098287582397,0.8545185327529907,0.837047278881073,1.1681597232818604,0.8549274206161499,0.9281170964241028,1.2000926733016968,1.1986620426177979,0.8162960410118103,0.8003471493721008,1.0376640558242798,1.042216420173645,1.189752221107483,1.199285626411438,0.800163984298706,1.137821912765503,0.8008185625076294,0.9105637073516846,0.8860501050949097,0.8024987578392029,0.846498429775238,0.8108700513839722
0.79459148645401,1.1549400091171265,1.1781506538391113,0.8430893421173096,0.8255813121795654,1.1793861389160156,0.8435124158859253,0.9168716073036194,1.2116193771362305,1.2100492715835571,0.8061891198158264,0.7888098955154419,1.048054814338684,1.0323207378387451,1.198004961013794,1.2108054161071777,0.7886090278625488,1.1492085456848145,0.7893474102020264,0.8992217779159546,0.8746975064277649,0.7909802198410034,0.8350509405136108,0.7994170188903809
0.7829525470733643,1.150268793106079,1.1845442056655884,0.831498384475708,0.8139601945877075,1.1908106803894043,0.8319344520568848,0.9054530262947083,1.2232730388641357,1.2215896844863892,0.7958841323852539,0.7771313786506653,1.0586284399032593,1.0219632387161255,1.2048476934432983,1.2224665880203247,0.7769166231155396,1.1607589721679688,0.7777830362319946,0.8877038359642029,0.8631911873817444,0.7793223261833191,0.8234449625015259,0.787808895111084
0.7711688876152039,1.1438603401184082,1.190415620803833,0.8197469115257263,0.8021841645240784,1.2024259567260742,0.8201945424079895,0.8938739895820618,1.235054612159729,1.2332881689071655,0.7853649854660034,0.7653087973594666,1.0693681240081787,1.011208415031433,1.2096647024154663,1.2342718839645386,0.7650843858718872,1.1724730730056763,0.7661359310150146,0.8760160207748413,0.8515365123748779,0.7675250172615051,0.8116815090179443,0.7760481834411621
0.7592423558235168,1.1360950469970703,1.195673942565918,0.8078361749649048,0.7902534604072571,1.2142257690429688,0.8082931637763977,0.8821396231651306,1.246964454650879,1.24514901638031,0.774619460105896,0.7533397078514099,1.0802263021469116,1.0001055002212524,1.2119168043136597,1.2462228536605835,0.7531104683876038,1.1843514442443848,0.7544097900390625,0.8641628623008728,0.839738667011261,0.7555883526802063,0.7997616529464722,0.7641816139221191
0.7471765279769897,1.1272763013839722,1.200308918952942,0.7957676649093628,0.7781686782836914,1.2262048721313477,0.7962308526039124,0.8702530264854431,1.2590034008026123,1.2571747303009033,0.7636423110961914,0.7412219047546387,1.0911424160003662,0.9886922836303711,1.2115039825439453,1.2583202123641968,0.7409944534301758,1.1963940858840942,0.742604672908783,0.8521490693092346,0.8278077840805054,0.7435146570205688,0.7876867651939392,0.7521921396255493
0.7349967360496521,1.1176378726959229,1.2050929069519043,0.7835487127304077,0.7659353017807007,1.2383593320846558,0.7840129733085632,0.8582665324211121,1.2709473371505737,1.269361972808838,0.7524504065513611,0.7289569973945618,1.1022608280181885,0.9770141839981079,1.2094553709030151,1.2705687284469604,0.7287455201148987,1.2085999250411987,0.7307694554328918,0.8399941325187683,0.815803587436676,0.7313258051872253,0.7754648923873901,0.7400985360145569
0.7227069139480591,1.1073243618011475,1.2101161479949951,0.7711811065673828,0.7535543441772461,1.2506850957870483,0.7716418504714966,0.8461724519729614,1.2828515768051147,1.281713843345642,0.741041898727417,0.7165443897247314,1.113512635231018,0.9650968313217163,1.2056896686553955,1.2829679250717163,0.7163634896278381,1.2209688425064087,0.7187368869781494,0.8277008533477783,0.8037367463111877,0.7190235257148743,0.7630977034568787,0.7278807163238525
0.7102808952331543,1.0964504480361938,1.2144360542297363,0.7586579322814941,0.7410199046134949,1.2631752490997314,0.7591118216514587,0.8339053392410278,1.2949721813201904,1.2942304611206055,0.7293972373008728,0.7039784789085388,1.1244380474090576,0.95293790102005,1.199692726135254,1.2955095767974854,0.7038354277610779,1.23349928855896,0.7066337466239929,0.8152511119842529,0.7915446162223816,0.7065815925598145,0.7505775094032288,0.7154950499534607
0.6977261304855347,1.085100769996643,1.2180486917495728,0.7459819316864014,0.7283334732055664,1.2758265733718872,0.7464247345924377,0.8214770555496216,1.3072915077209473,1.306909441947937,0.7175214290618896,0.6912593245506287,1.134937047958374,0.9405547380447388,1.1920206546783447,1.3081954717636108,0.6911627054214478,1.2461901903152466,0.6944654583930969,0.802650511264801,0.7792356014251709,0.6940008997917175,0.7379071712493896,0.7029476165771484
0.6850499510765076,1.0733392238616943,1.2209408283233643,0.7331557273864746,0.7154965400695801,1.2886359691619873,0.7335823178291321,0.8088997602462769,1.3197946548461914,1.3197485208511353,0.7054201364517212,0.6783872246742249,1.1448863744735718,0.9279612898826599,1.183074951171875,1.3210269212722778,0.6783466339111328,1.2590402364730835,0.6822420358657837,0.7899041175842285,0.7668155431747437,0.6812806725502014,0.7250894904136658,0.6902461647987366
0.6722602248191833,1.0612144470214844,1.2231203317642212,0.7201824188232422,0.7025108933448792,1.3016003370285034,0.7205867171287537,0.7961826920509338,1.3324693441390991,1.3327447175979614,0.6931002736091614,0.6653628945350647,1.1540948152542114,0.9151700735092163,1.1731418371200562,1.3340044021606445,0.6653890013694763,1.2720481157302856,0.6699704527854919,0.7770168781280518,0.7542917132377625,0.6684205532073975,0.7121277451515198,0.6773961186408997
0.6593661308288574,1.0487644672393799,1.2246415615081787,0.7070658802986145,0.6893791556358337,1.314716100692749,0.7074412703514099,0.7833285927772522,1.3453060388565063,1.3458940982818604,0.6805704832077026,0.6521877646446228,1.1622405052185059,0.9021940231323242,1.162423849105835,1.3471267223358154,0.6522924900054932,1.2852119207382202,0.6576451659202576,0.7639943361282349,0.7416761517524719,0.6554226279258728,0.6990260481834412,0.6643972396850586
0.6463783383369446,1.0360198020935059,1.2256038188934326,0.6938108801841736,0.6761050820350647,1.3279788494110107,0.6941506862640381,0.7703344821929932,1.3582974672317505,1.3591915369033813,0.6678406000137329,0.6388642191886902,1.168839931488037,0.889047384262085,1.1510647535324097,1.3603912591934204,0.6390606760978699,1.2985291481018066,0.645247757434845,0.750842809677124,0.7289858460426331,0.6422913074493408,0.6857895255088806,0.6512452363967896
0.6333082318305969,1.023005723953247,1.2261192798614502,0.6804227828979492,0.662692666053772,1.3413840532302856,0.6807201504707336,0.7571969032287598,1.371437907218933,1.372631311416626,0.6549203991889954,0.625394880771637,1.1733314990997314,0.8757438659667969,1.139169692993164,1.3737950325012207,0.6256973147392273,1.3119969367980957,0.6327582597732544,0.7375689148902893,0.7162381410598755,0.6290309429168701,0.6724238991737366,0.6379371285438538
0.6201664209365845,1.009743571281433,1.2262694835662842,0.6669062972068787,0.6491451859474182,1.3549277782440186,0.6671537756919861,0.7439177632331848,1.3847218751907349,1.3862075805664062,0.6418179273605347,0.6117821335792542,1.1752861738204956,0.8622933030128479,1.1268179416656494,1.3873357772827148,0.6122053861618042,1.325613021850586,0.6201704144477844,0.7241783738136292,0.7034444212913513,0.6156415939331055,0.6589342951774597,0.6244760751724243
0.6069626212120056,0.9962512254714966,1.226097583770752,0.6532653570175171,0.6354650855064392,1.3686071634292603,0.6534543037414551,0.730505108833313,1.3981436491012573,1.399915337562561,0.6285396218299866,0.598027765750885,1.1745549440383911,0.848701000213623,1.1140704154968262,1.4010123014450073,0.5985870361328125,1.339375615119934,0.6074942350387573,0.7106755375862122,0.6906086802482605,0.6021189093589783,0.6453250646591187,0.6108710765838623
0.5937069654464722,0.9825440049171448,1.225651502609253,0.6395041942596436,0.6216551661491394,1.3824191093444824,0.6396249532699585,0.7169661521911621,1.4116982221603394,1.413748860359192,0.615091860294342,0.5841339230537415,1.1712301969528198,0.8349721431732178,1.1009736061096191,1.4148226976394653,0.5848446488380432,1.3532828092575073,0.5947402715682983,0.6970646977424622,0.6777350902557373,0.5884586572647095,0.6316010355949402,0.597131073474884
0.5804123282432556,0.9686359167098999,1.2250378131866455,0.625629186630249,0.6077201962471008,1.3963589668273926,0.6256716251373291,0.7032982707023621,1.4253828525543213,1.4276996850967407,0.6014829277992249,0.5701041221618652,1.165554404258728,0.8211169838905334,1.0875627994537354,1.428762674331665,0.5709822177886963,1.3673313856124878,0.5818966031074524,0.6833522319793701,0.6648373007774353,0.5746620893478394,0.617769181728363,0.5832571983337402
0.5670939087867737,0.9545402526855469,1.224413514137268,0.611648678779602,0.5936669707298279,1.410420298576355,0.6116029620170593,0.6894910335540771,1.4391971826553345,1.4417566061019897,0.5877228379249573,0.5559432506561279,1.157880425453186,0.8071504235267639,1.0738654136657715,1.4428257942199707,0.5570051074028015,1.3815171718597412,0.5689324140548706,0.6695467233657837,0.6519376635551453,0.5607351064682007,0.6038386225700378,0.5692447423934937
0.5537666082382202,0.9402691125869751,1.223907709121704,0.5975706577301025,0.5795018076896667,1.4245972633361816,0.59742671251297,0.6755391955375671,1.453140377998352,1.4559080600738525,0.5738203525543213,0.5416558384895325,1.1486035585403442,0.7930843234062195,1.0599042177200317,1.4570059776306152,0.5429181456565857,1.395836353302002,0.5558295845985413,0.6556558012962341,0.6390537023544312,0.5466805100440979,0.5898182392120361,0.5550944209098816
0.5404430627822876,0.9258325099945068,1.223571538925171,0.5834009647369385,0.5652287602424622,1.438886284828186,0.5831476449966431,0.6614488959312439,1.4672093391418457,1.4701446294784546,0.5597814321517944,0.5272449254989624,1.1380685567855835,0.7789221405982971,1.0456984043121338,1.471299648284912,0.5287244915962219,1.410286545753479,0.5425997376441956,0.6416840553283691,0.626189112663269,0.5324933528900146,0.5757148861885071,0.5408170819282532
0.5272750854492188,0.9112673997879028,1.2268669605255127,0.5691853165626526,0.5508788228034973,1.453305721282959,0.5688076615333557,0.6473540663719177,1.4806689023971558,1.4845073223114014,0.5456387400627136,0.5127384662628174,1.12667977809906,0.7647606134414673,1.0312740802764893,1.4857395887374878,0.5144677758216858,1.4248790740966797,0.5294288396835327,0.627711296081543,0.6136080622673035,0.5182169079780579,0.561578094959259,0.5265007615089417
0.514214038848877,0.896567702293396,1.2321176528930664,0.5549123883247375,0.536445140838623,1.4678372144699097,0.5543962121009827,0.6331698894500732,1.4944043159484863,1.4979016780853271,0.531386137008667,0.4981275796890259,1.1144715547561646,0.750560462474823,1.0166330337524414,1.5002986192703247,0.5001311302185059,1.4396016597747803,0.5162100791931152,0.6137054562568665,0.601205587387085,0.5038253664970398,0.5473971366882324,0.5121010541915894
0.5012703537940979,0.8817421793937683,1.239014983177185,0.5405912399291992,0.5219359993934631,1.482469916343689,0.5399240255355835,0.6188658475875854,1.5083898305892944,1.5103787183761597,0.5170321464538574,0.48341721296310425,1.1015739440917969,0.7363314032554626,1.0017871856689453,1.514962911605835,0.48571792244911194,1.4544471502304077,0.5028921961784363,0.5996704697608948,0.5889952182769775,0.48932069540023804,0.5331829190254211,0.49760591983795166
0.4883486330509186,0.8667782545089722,1.2456772327423096,0.5262011289596558,0.5073392391204834,1.4971762895584106,0.5253728032112122,0.6043592691421509,1.5225822925567627,1.5231728553771973,0.5025651454925537,0.4685940742492676,1.0881267786026,0.7220103144645691,0.9867454767227173,1.5296878814697266,0.47120314836502075,1.469397783279419,0.4893513023853302,0.5855555534362793,0.5767832398414612,0.47467052936553955,0.5189146995544434,0.48296651244163513
0.47548675537109375,0.8516903519630432,1.2524569034576416,0.5117582082748413,0.4926667809486389,1.511955738067627,0.5107577443122864,0.589674711227417,1.5369679927825928,1.536224126815796,0.4879966974258423,0.4536677598953247,1.0741961002349854,0.7076169848442078,0.9715152978897095,1.5444761514663696,0.45659902691841125,1.4844273328781128,0.475629597902298,0.5713791847229004,0.5646086931228638,0.4598795771598816,0.5046116709709167,0.4682118594646454
0.4627059996128082,0.8364903330802917,1.2593731880187988,0.49727609753608704,0.47792965173721313,1.5268019437789917,0.4960927665233612,0.5748183727264404,1.551534652709961,1.5494643449783325,0.4733370542526245,0.4386461675167084,1.0598444938659668,0.6931642889976501,0.9561046361923218,1.5593204498291016,0.44191402196884155,1.499536395072937,0.461736798286438,0.5571528077125549,0.5524858236312866,0.4449518024921417,0.4902905821800232,0.4533560276031494
0.450246125459671,0.8212368488311768,1.2685163021087646,0.4828319847583771,0.4631817638874054,1.5417416095733643,0.48145416378974915,0.5598963499069214,1.5655038356781006,1.5629405975341797,0.4586358964443207,0.4235742390155792,1.0451334714889526,0.6788129806518555,0.9405472278594971,1.5742727518081665,0.42721256613731384,1.5147502422332764,0.44782698154449463,0.5429976582527161,0.540846586227417,0.42995280027389526,0.4760376513004303,0.4383874833583832
0.4378761053085327,0.8058856725692749,1.2773877382278442,0.4683699607849121,0.44838789105415344,1.5567219257354736,0.466789186000824,0.5447796583175659,1.579780101776123,1.576446771621704,0.4438595175743103,0.4084174633026123,1.0300954580307007,0.6644057631492615,0.9248182773590088,1.5892422199249268,0.41243743896484375,1.5300350189208984,0.4337131977081299,0.5287977457046509,0.5292367935180664,0.4148172438144684,0.46179524064064026,0.42333903908729553
0.42561498284339905,0.7904512286186218,1.2859346866607666,0.45390892028808594,0.4335632622241974,1.5717346668243408,0.45211803913116455,0.5294764637947083,1.5943338871002197,1.589917540550232,0.42902079224586487,0.3931865096092224,1.014760136604309,0.6499579548835754,0.908926784992218,1.604216456413269,0.3975994884967804,1.5453886985778809,0.4194074273109436,0.5145675539970398,0.5176701545715332,0.39955317974090576,0.44758710265159607,0.40821993350982666
0.41347843408584595,0.774949848651886,1.2940363883972168,0.4394712746143341,0.4187265634536743,1.5867674350738525,0.4374658465385437,0.5139878988265991,1.609143614768982,1.6032744646072388,0.4141353964805603,0.3778941035270691,0.999154269695282,0.6354902386665344,0.8928823471069336,1.6191761493682861,0.3827108144760132,1.5608080625534058,0.4049036204814911,0.5003237724304199,0.506164014339447,0.3841738998889923,0.4334411919116974,0.39303141832351685
0.4014791250228882,0.7593942284584045,1.3015497922897339,0.4250752031803131,0.4038918912410736,1.6018123626708984,0.42285096645355225,0.49832722544670105,1.62418794631958,1.616449236869812,0.39921408891677856,0.3625495731830597,0.9833017587661743,0.6210079193115234,0.876693844795227,1.6341068744659424,0.3677803874015808,1.5762883424758911,0.39023008942604065,0.4860782325267792,0.4947156310081482,0.3686828017234802,0.4193819463253021,0.377789169549942
0.389908105134964,0.7438575029373169,1.3111529350280762,0.4108208417892456,0.3891272246837616,1.616911768913269,0.4083731174468994,0.48259085416793823,1.638678789138794,1.6295719146728516,0.3843145966529846,0.3472067415714264,0.9672589302062988,0.6066917181015015,0.8604102730751038,1.6490901708602905,0.35288289189338684,1.5918582677841187,0.37556132674217224,0.4719756841659546,0.4838319420814514,0.35314685106277466,0.40552690625190735,0.36260902881622314
0.3784330487251282,0.7282814383506775,1.3191134929656982,0.39663663506507874,0.37438997626304626,1.6319810152053833,0.3939664363861084,0.4666643738746643,1.6535178422927856,1.642277717590332,0.36939704418182373,0.33182474970817566,0.9510002732276917,0.5923449397087097,0.8439886569976807,1.6639676094055176,0.33794936537742615,1.607501745223999,0.36069256067276,0.4578704237937927,0.47290489077568054,0.33750325441360474,0.3918014168739319,0.3473607301712036
0.36706361174583435,0.7126856446266174,1.3252116441726685,0.3825514316558838,0.3597031533718109,1.6470063924789429,0.3796630799770355,0.4505586624145508,1.6686686277389526,1.654457926750183,0.35447919368743896,0.3164190948009491,0.9345453381538391,0.5779862999916077,0.8274419903755188,1.6787136793136597,0.3229948580265045,1.6232054233551025,0.345638632774353,0.4437832236289978,0.46193766593933105,0.3217673897743225,0.378244012594223,0.3320579528808594
0.3558262884616852,0.6970897912979126,1.3296042680740356,0.36859560012817383,0.3450891673564911,1.6619246006011963,0.365494042634964,0.43429461121559143,1.6841003894805908,1.6660308837890625,0.3395773470401764,0.30100491642951965,0.9179159998893738,0.563633143901825,0.8107848763465881,1.693315029144287,0.3080354928970337,1.6389611959457397,0.33044198155403137,0.4297396242618561,0.45095011591911316,0.3059511184692383,0.3648965656757355,0.31672975420951843
0.3450477123260498,0.6815880537033081,1.336167812347412,0.3549024164676666,0.33063894510269165,1.676806926727295,0.35159778594970703,0.41794896125793457,1.6990666389465332,1.6771868467330933,0.32476571202278137,0.28565090894699097,0.90118008852005,0.5495046973228455,0.7940822839736938,1.7078804969787598,0.29316145181655884,1.6547927856445312,0.3152461647987366,0.4159145653247833,0.44051048159599304,0.2901427447795868,0.3519205152988434,0.3014942407608032
0.33435022830963135,0.6660966277122498,1.3401886224746704,0.3413691520690918,0.3162842392921448,1.6915935277938843,0.3378646969795227,0.401455819606781,1.7143949270248413,1.6874654293060303,0.3099812865257263,0.270298570394516,0.8842924237251282,0.5353377461433411,0.7772767543792725,1.722214698791504,0.27828601002693176,1.6706441640853882,0.29994356632232666,0.4021316170692444,0.4299037754535675,0.274248331785202,0.33920764923095703,0.286251038312912
0.3240620493888855,0.6507447361946106,1.3455438613891602,0.3281756341457367,0.30215540528297424,1.7063181400299072,0.32449787855148315,0.3848572075366974,1.7293883562088013,1.696994662284851,0.29533156752586365,0.25504404306411743,0.8673241138458252,0.5214255452156067,0.7604529857635498,1.7364108562469482,0.26352423429489136,1.6865311861038208,0.2845769226551056,0.3885965049266815,0.4197760224342346,0.2584092617034912,0.32697317004203796,0.2710740566253662
0.3137979209423065,0.6354271769523621,1.3475226163864136,0.31519466638565063,0.2881624400615692,1.7209354639053345,0.31134966015815735,0.3681187629699707,1.7447940111160278,1.7053043842315674,0.2807343602180481,0.239813894033432,0.850229024887085,0.5074549317359924,0.7435436248779297,1.7502570152282715,0.24877560138702393,1.7024002075195312,0.2691080868244171,0.375114381313324,0.4093642234802246,0.24250240623950958,0.3150818645954132,0.25588932633399963
0.3035440742969513,0.6201726198196411,1.346212387084961,0.30247142910957336,0.27434149384498596,1.7354321479797363,0.2984711825847626,0.35124632716178894,1.7605587244033813,1.712214469909668,0.26621609926223755,0.22463244199752808,0.8330286741256714,0.4934517741203308,0.7265715003013611,1.7636874914169312,0.23406080901622772,1.718232274055481,0.2535281181335449,0.3617076575756073,0.39867112040519714,0.22656090557575226,0.3035941421985626,0.2406938523054123
0.2936556935310364,0.6051180362701416,1.3455171585083008,0.29020339250564575,0.2608305811882019,1.7498667240142822,0.2860807478427887,0.3342997431755066,1.7760151624679565,1.7179900407791138,0.2518864870071411,0.2096002995967865,0.8158131241798401,0.47970718145370483,0.7096332311630249,1.776854395866394,0.21950188279151917,1.7340370416641235,0.23793074488639832,0.34859439730644226,0.3883395791053772,0.21072527766227722,0.2927510440349579,0.22559551894664764
0.28414472937583923,0.5902382135391235,1.345960259437561,0.27838334441185,0.24761240184307098,1.764289379119873,0.2741418480873108,0.31732770800590515,1.7911524772644043,1.722693681716919,0.23772138357162476,0.19470055401325226,0.7986031770706177,0.46612754464149475,0.6927221417427063,1.789756417274475,0.205081045627594,1.7497968673706055,0.22245003283023834,0.3357638716697693,0.3782585561275482,0.1949450969696045,0.2825596034526825,0.21065469086170197
0.27455583214759827,0.5754522681236267,1.3427119255065918,0.26690584421157837,0.23462766408920288,1.7785651683807373,0.26255056262016296,0.300245463848114,1.8067597150802612,1.725623607635498,0.2236691564321518,0.17988424003124237,0.7813255190849304,0.45247682929039,0.6757811307907104,1.802030324935913,0.19071491062641144,1.7654262781143188,0.20688113570213318,0.32301920652389526,0.3677290678024292,0.17916132509708405,0.27290061116218567,0.19570983946323395
0.26482710242271423,0.5608156323432922,1.3359721899032593,0.2558496296405792,0.2219461351633072,1.7926241159439087,0.25141194462776184,0.283038854598999,1.8227758407592773,1.7266377210617065,0.20978431403636932,0.16520006954669952,0.764001190662384,0.4388328790664673,0.658851146697998,1.8135371208190918,0.1764439046382904,1.780918002128601,0.1911398321390152,0.31038638949394226,0.3567828834056854,0.16345582902431488,0.2638665735721588,0.18071810901165009
0.25572437047958374,0.5464771389961243,1.3323949575424194,0.24546752870082855,0.20970866084098816,1.8057007789611816,0.24094024300575256,0.2659115195274353,1.8385342359542847,1.7267314195632935,0.19616587460041046,0.15075074136257172,0.7468235492706299,0.425539493560791,0.6420696377754211,1.8248409032821655,0.16241976618766785,1.796386957168579,0.1756705641746521,0.2982259690761566,0.346499502658844,0.14793410897254944,0.25576862692832947,0.16599613428115845
0.24716991186141968,0.5324328541755676,1.3312913179397583,0.2357814759016037,0.1979292631149292,1.8178699016571045,0.2311438024044037,0.24886035919189453,1.8540842533111572,1.7258397340774536,0.1828165203332901,0.13654111325740814,0.7297970652580261,0.4125480055809021,0.6254408359527588,1.8358458280563354,0.14863650500774384,1.811801791191101,0.1604592204093933,0.2865198850631714,0.33675870299339294,0.1325971633195877,0.24862997233867645,0.1515161693096161
0.23866230249404907,0.5186408758163452,1.3284975290298462,0.22673684358596802,0.18659596145153046,1.8301422595977783,0.22198888659477234,0.23177587985992432,1.8694733381271362,1.7234855890274048,0.16972438991069794,0.12255726009607315,0.7128450870513916,0.39969053864479065,0.6089299917221069,1.8460975885391235,0.1350414901971817,1.8270678520202637,0.145223006606102,0.27508577704429626,0.32692286372184753,0.1174454540014267,0.24236883223056793,0.13707579672336578
0.22985757887363434,0.5049890279769897,1.3224002122879028,0.2181965857744217,0.17561350762844086,1.8424040079116821,0.21329636871814728,0.21463628113269806,1.8853105306625366,1.7193119525909424,0.15680812299251556,0.10872841626405716,0.6959094405174255,0.3867046535015106,0.5924705266952515,1.8552236557006836,0.121536023914814,1.8420811891555786,0.12990862131118774,0.2637382745742798,0.3164390027523041,0.10237240046262741,0.23681630194187164,0.1225816085934639
0.22078199684619904,0.49149614572525024,1.3138833045959473,0.2102043777704239,0.16501057147979736,1.8546441793441772,0.2050868421792984,0.197480708360672,1.9014942646026611,1.7135087251663208,0.14408572018146515,0.09507661312818527,0.6790329217910767,0.3736162483692169,0.5760964751243591,1.8631755113601685,0.10813882946968079,1.856825828552246,0.11456528306007385,0.2525081932544708,0.30539169907569885,0.08740547299385071,0.2320060431957245,0.10805279016494751
0.21171194314956665,0.4783061444759369,1.3043410778045654,0.20297999680042267,0.15494298934936523,1.866912603378296,0.1975894719362259,0.18038268387317657,1.9174151420593262,1.7065807580947876,0.13167458772659302,0.0817151740193367,0.6623426079750061,0.3606964647769928,0.559934139251709,1.8701778650283813,0.09497726708650589,1.871366024017334,0.09928491711616516,0.2416037619113922,0.29431483149528503,0.07270656526088715,0.22816145420074463,0.0935789942741394
0.2030429095029831,0.4654669165611267,1.2964600324630737,0.19663524627685547,0.1454603672027588,1.8781921863555908,0.19085167348384857,0.16347718238830566,1.9331028461456299,1.6989601850509644,0.11960416287183762,0.06868146359920502,0.6459553241729736,0.34807392954826355,0.5440520644187927,1.8765748739242554,0.08210816979408264,1.885752558708191,0.08433587849140167,0.23120884597301483,0.28370988368988037,0.05830274522304535,0.22538776695728302,0.07931464165449142
0.19468188285827637,0.4529873728752136,1.2897310256958008,0.1911921352148056,0.13658589124679565,1.888515830039978,0.1848805844783783,0.14676563441753387,1.9485970735549927,1.6906685829162598,0.10789120942354202,0.055994994938373566,0.6298880577087402,0.33574700355529785,0.528473973274231,1.8822485208511353,0.06953885406255722,1.8999478816986084,0.06967680901288986,0.22131399810314178,0.27351996302604675,0.04422622546553612,0.2236664742231369,0.06522069871425629
0.18630684912204742,0.44083794951438904,1.2822343111038208,0.18659935891628265,0.1283063292503357,1.8986278772354126,0.1796240657567978,0.130198135972023,1.9639005661010742,1.68155038356781,0.09652931988239288,0.043652117252349854,0.6141047477722168,0.3236207962036133,0.5131906867027283,1.886855125427246,0.05723915994167328,1.9138625860214233,0.055148642510175705,0.21180076897144318,0.26338839530944824,0.03048674762248993,0.22288841009140015,0.05118129402399063
0.17807629704475403,0.4289799630641937,1.2754122018814087,0.18283015489578247,0.12057863175868988,1.9085816144943237,0.17497655749320984,0.11386298388242722,1.9789084196090698,1.6717642545700073,0.08548630028963089,0.03163184970617294,0.5986472964286804,0.3116627335548401,0.49820539355278015,1.8905128240585327,0.045190125703811646,1.9274836778640747,0.04091501235961914,0.2027137577533722,0.25344327092170715,0.017035027965903282,0.22298605740070343,0.03725855425000191
0.1698659062385559,0.417451947927475,1.268366813659668,0.1799166202545166,0.1134476587176323,1.9182921648025513,0.17098087072372437,0.09775489568710327,1.9936881065368652,1.661366581916809,0.07480667531490326,0.01997959241271019,0.5835464000701904,0.29992979764938354,0.4835686981678009,1.8931021690368652,0.03342540189623833,1.9407731294631958,0.026890568435192108,0.19405312836170197,0.24366630613803864,0.00395119097083807,0.22393327951431274,0.023406652733683586
0.1617051512002945,0.40625515580177307,1.2614332437515259,0.1778525561094284,0.10690817981958389,1.927751064300537,0.16759847104549408,0.08191932737827301,2.008202075958252,1.650465965270996,0.06449760496616364,0.008708460256457329,0.5688403248786926,0.28844404220581055,0.46930935978889465,1.8946479558944702,0.021954156458377838,1.9537063837051392,0.013116837479174137,0.18584825098514557,0.23413434624671936,-0.008747017942368984,0.22566932439804077,0.00963735394179821
0.15374180674552917,0.39536359906196594,1.255963921546936,0.1766025573015213,0.10091576725244522,1.9370063543319702,0.16472969949245453,0.06643593311309814,2.0223309993743896,1.6392035484313965,0.054539069533348083,-0.0021924953907728195,0.5545699000358582,0.27720531821250916,0.4554387927055359,1.8952792882919312,0.010766862891614437,1.966272234916687,-0.00027943961322307587,0.17815318703651428,0.2250068485736847,-0.021086785942316055,0.22810803353786469,-0.0040008267387747765
0.1458170861005783,0.38483497500419617,1.250563144683838,0.1761864274740219,0.09551958739757538,1.9459565877914429,0.1624317616224289,0.05129486694931984,2.036147117614746,1.627625823020935,0.04499140381813049,-0.012663068249821663,0.540772557258606,0.266299307346344,0.44202303886413574,1.894898533821106,-8.849892765283585e-05,1.978424072265625,-0.013409336097538471,0.1709711104631424,0.21627020835876465,-0.03296069800853729,0.23120519518852234,-0.017553305253386497
0.13816289603710175,0.3746291995048523,1.2472273111343384,0.17654059827327728,0.09064369648694992,1.9546860456466675,0.1605629324913025,0.03659794479608536,2.0494613647460938,1.6158943176269531,0.03581884875893593,-0.02272886410355568,0.527488648891449,0.2557198107242584,0.4290621876716614,1.893715500831604,-0.010633040219545364,1.9901636838912964,-0.026096956804394722,0.1643793135881424,0.20816542208194733,-0.04442230984568596,0.23485195636749268,-0.030947409570217133
0.13073888421058655,0.36478105187416077,1.2454321384429932,0.1776459962129593,0.0862940177321434,1.9631454944610596,0.15911933779716492,0.022371111437678337,2.062258720397949,1.6040900945663452,0.027055969461798668,-0.03235273435711861,0.5147579312324524,0.24553340673446655,0.4166058599948883,1.8917505741119385,-0.02083694003522396,2.0014584064483643,-0.038368016481399536,0.15840929746627808,0.2007773518562317,-0.05540745332837105,0.2389763742685318,-0.04418665170669556
0.12355578690767288,0.3553040623664856,1.2450960874557495,0.17945460975170135,0.082447350025177,1.9713114500045776,0.1580558568239212,0.008657440543174744,2.0744614601135254,1.5924707651138306,0.018718447536230087,-0.041514694690704346,0.5026154518127441,0.23578141629695892,0.40468910336494446,1.8890706300735474,-0.03068644553422928,2.012279510498047,-0.050207242369651794,0.15309615433216095,0.1942264586687088,-0.06588248908519745,0.24348072707653046,-0.05725940689444542
0.11682514101266861,0.3461652398109436,1.247615933418274,0.18187987804412842,0.07901961356401443,1.979256272315979,0.157234787940979,-0.004448580555617809,2.0858497619628906,1.581295132637024,0.010777126997709274,-0.05023575946688652,0.49109402298927307,0.22646501660346985,0.39331352710723877,1.8858848810195923,-0.040201686322689056,2.022632122039795,-0.06146810203790665,0.14851589500904083,0.1887921392917633,-0.0758897215127945,0.24823696911334991,-0.07010385394096375
0.110386423766613,0.3374456763267517,1.2513048648834229,0.18490448594093323,0.07605133950710297,1.9868717193603516,0.15672500431537628,-0.016944851726293564,2.0964934825897217,1.5704858303070068,0.0033045117743313313,-0.05844443663954735,0.4802415668964386,0.2176937460899353,0.38255974650382996,1.8821810483932495,-0.04932356998324394,2.032467842102051,-0.07225345075130463,0.14468663930892944,0.1845281422138214,-0.08530379831790924,0.2531869411468506,-0.0827384814620018
0.10484260320663452,0.32914409041404724,1.258774995803833,0.18849804997444153,0.07347076386213303,1.9932879209518433,0.15641723573207855,-0.0286390483379364,2.1061699390411377,1.5606396198272705,-0.0037167994305491447,-0.06614950299263,0.4701606333255768,0.20958130061626434,0.37245914340019226,1.8784966468811035,-0.0580415204167366,2.0419089794158936,-0.08220741897821426,0.1418496072292328,0.1822117120027542,-0.09416660666465759,0.25828707218170166,-0.09498845785856247
0.0996696799993515,0.3212820291519165,1.2671345472335815,0.19252757728099823,0.0712585300207138,1.9994529485702515,0.15629810094833374,-0.03962842375040054,2.1148762702941895,1.5513553619384766,-0.010257862508296967,-0.07332418113946915,0.46079689264297485,0.20206640660762787,0.36302512884140015,1.8745137453079224,-0.0663599818944931,2.0508487224578857,-0.09161749482154846,0.13983646035194397,0.18134836852550507,-0.1024056002497673,0.263365238904953,-0.10697182267904282
0.0951659083366394,0.31380441784858704,1.2774937152862549,0.19686944782733917,0.06929181516170502,2.0054643154144287,0.15618671476840973,-0.04981537163257599,2.122328281402588,1.5429500341415405,-0.016375571489334106,-0.08001888543367386,0.4521561563014984,0.1951151043176651,0.35422465205192566,1.8704954385757446,-0.074326291680336,2.059326410293579,-0.10029686242341995,0.13872864842414856,0.1822253167629242,-0.11011143028736115,0.26828497648239136,-0.11860513687133789
0.09122876822948456,0.30676546692848206,1.2890129089355469,0.2014642059803009,0.06757236272096634,2.0112335681915283,0.1561092585325241,-0.05919487029314041,2.1285746097564697,1.5353835821151733,-0.022031083703041077,-0.08619634062051773,0.44425904750823975,0.1887814998626709,0.34610018134117126,1.8664792776107788,-0.08191122114658356,2.0673365592956543,-0.10829953849315643,0.1385282576084137,0.18483282625675201,-0.117216557264328,0.27298563718795776,-0.12987881898880005
0.0878775492310524,0.3001810908317566,1.3014847040176392,0.20622915029525757,0.06606100499629974,2.0167317390441895,0.1560269296169281,-0.06774280965328217,2.1335926055908203,1.5287147760391235,-0.027221933007240295,-0.09185411036014557,0.43711057305336,0.18307827413082123,0.33865979313850403,1.8625658750534058,-0.0891156792640686,2.0748841762542725,-0.11560673266649246,0.13925056159496307,0.18919360637664795,-0.12371404469013214,0.2773936092853546,-0.14075946807861328
0.08525986969470978,0.29402434825897217,1.3151978254318237,0.21106012165546417,0.06467586010694504,2.0219955444335938,0.15583080053329468,-0.0754193514585495,2.137281894683838,1.523100733757019,-0.03198510780930519,-0.09702776372432709,0.43069636821746826,0.17797456681728363,0.33187296986579895,1.8589144945144653,-0.09597358107566833,2.081993579864502,-0.1221289411187172,0.14092393219470978,0.19534628093242645,-0.1296621561050415,0.2814217507839203,-0.15119343996047974
0.08310145139694214,0.28838059306144714,1.3288695812225342,0.21592286229133606,0.06346745043992996,2.0268712043762207,0.1556323617696762,-0.08227302879095078,2.1399075984954834,1.5183351039886475,-0.03625977411866188,-0.10166240483522415,0.4250241816043854,0.17352086305618286,0.32578977942466736,1.8554555177688599,-0.10243706405162811,2.0886170864105225,-0.12800957262516022,0.14348594844341278,0.20307250320911407,-0.1349586397409439,0.28507187962532043,-0.16119614243507385
0.08171094954013824,0.28315967321395874,1.3436084985733032,0.2206948846578598,0.062301523983478546,2.0314862728118896,0.1552324891090393,-0.08825675398111343,2.141278028488159,1.514681100845337,-0.040139369666576385,-0.10584869235754013,0.42004597187042236,0.1696239560842514,0.3203209936618805,1.8524022102355957,-0.10858681052923203,2.094815969467163,-0.1330791413784027,0.14697402715682983,0.21240419149398804,-0.13975398242473602,0.28825128078460693,-0.1706964671611786
0.08066842705011368,0.27847304940223694,1.3576021194458008,0.22537724673748016,0.06127617880702019,2.0356364250183105,0.1548202633857727,-0.09346035867929459,2.141812801361084,1.5118000507354736,-0.043541401624679565,-0.109513059258461,0.4157663583755493,0.16633737087249756,0.31552889943122864,1.8495876789093018,-0.1143537312746048,2.1005043983459473,-0.13755479454994202,0.15127383172512054,0.2230272889137268,-0.14391134679317474,0.2910190522670746,-0.17973512411117554
0.08023598045110703,0.27422571182250977,1.3721188306808472,0.22987468540668488,0.0602753683924675,2.0394480228424072,0.15422050654888153,-0.09786815941333771,2.1413724422454834,1.509887933731079,-0.0465620681643486,-0.11275051534175873,0.4121232032775879,0.16355915367603302,0.3113138675689697,1.8471652269363403,-0.11981863528490067,2.1057510375976562,-0.14130382239818573,0.15639615058898926,0.23491114377975464,-0.14758442342281342,0.29331907629966736,-0.1882612556219101
0.08013668656349182,0.27047237753868103,1.3859599828720093,0.23418894410133362,0.059357356280088425,2.0428049564361572,0.15355008840560913,-0.10156060010194778,2.140270233154297,1.5087082386016846,-0.049166884273290634,-0.11553378403186798,0.4090975224971771,0.1612919718027115,0.30769041180610657,1.8450103998184204,-0.12494886666536331,2.110499143600464,-0.14446936547756195,0.16223594546318054,0.2478073388338089,-0.15071465075016022,0.2952141761779785,-0.19630323350429535
0.08032916486263275,0.2671917676925659,1.3990764617919922,0.23829951882362366,0.05850931257009506,2.0457122325897217,0.15280215442180634,-0.10458780825138092,2.138618230819702,1.5082006454467773,-0.05138538405299187,-0.11789620667695999,0.40664419531822205,0.15948469936847687,0.3046136200428009,1.843097448348999,-0.1297644078731537,2.114755153656006,-0.14707989990711212,0.1687299609184265,0.2615675628185272,-0.15334661304950714,0.2967347502708435,-0.2038639932870865
0.08085611462593079,0.2643316090106964,1.4119460582733154,0.24218831956386566,0.057695627212524414,2.0482237339019775,0.15192799270153046,-0.10699427872896194,2.136448860168457,1.5083597898483276,-0.05327175185084343,-0.11989464610815048,0.40470632910728455,0.15806761384010315,0.3020147979259491,1.8414260149002075,-0.13430458307266235,2.1185569763183594,-0.14912867546081543,0.17582829296588898,0.27607664465904236,-0.15556366741657257,0.2979060113430023,-0.21094301342964172
0.08137626945972443,0.2619488537311554,1.422773003578186,0.24590961635112762,0.05700504034757614,2.050224542617798,0.15109118819236755,-0.10888391733169556,2.1341233253479004,1.5088919401168823,-0.05478471517562866,-0.12149611860513687,0.4032643735408783,0.1570436805486679,0.2999112606048584,1.8398090600967407,-0.13852350413799286,2.121830463409424,-0.1507914662361145,0.18339504301548004,0.29109102487564087,-0.1572958528995514,0.29884159564971924,-0.21758973598480225
0.0821443572640419,0.25992000102996826,1.4335283041000366,0.24944312870502472,0.05634227395057678,2.051880121231079,0.15013721585273743,-0.11028167605400085,2.131464719772339,1.509933590888977,-0.056035012006759644,-0.1228109747171402,0.4022364914417267,0.15630750358104706,0.2981812059879303,1.8383207321166992,-0.1425062119960785,2.124697208404541,-0.1519753336906433,0.19142398238182068,0.306586891412735,-0.1587146669626236,0.2995413839817047,-0.2237924337387085
0.0827517956495285,0.2583163380622864,1.4419690370559692,0.2528773546218872,0.05582130327820778,2.0530591011047363,0.1492745280265808,-0.11130417883396149,2.128882884979248,1.5111390352249146,-0.056965172290802,-0.12379084527492523,0.4016106128692627,0.15587720274925232,0.29685696959495544,1.8367342948913574,-0.14618876576423645,2.1270644664764404,-0.15288910269737244,0.19975700974464417,0.32230108976364136,-0.15972335636615753,0.30014878511428833,-0.22961461544036865
0.08339658379554749,0.2570282816886902,1.4498529434204102,0.25622275471687317,0.05536982789635658,2.0539064407348633,0.14838901162147522,-0.11198916286230087,2.126225709915161,1.512594223022461,-0.05766969174146652,-0.12453050166368484,0.401311457157135,0.15566959977149963,0.2958317697048187,1.8350883722305298,-0.14963994920253754,2.1290512084960938,-0.1534775048494339,0.2083781361579895,0.33820316195487976,-0.16046512126922607,0.3006844222545624,-0.23506085574626923
0.0839044377207756,0.2560568153858185,1.4564419984817505,0.25954869389533997,0.05503149330615997,2.0544016361236572,0.1475706398487091,-0.1124219223856926,2.1236751079559326,1.5141189098358154,-0.058147214353084564,-0.12503403425216675,0.4013051986694336,0.1556706726551056,0.2950878441333771,1.8332605361938477,-0.15284356474876404,2.1306498050689697,-0.15385034680366516,0.21718202531337738,0.35411688685417175,-0.16093076765537262,0.3012484014034271,-0.24017517268657684
0.08419736474752426,0.25537553429603577,1.4615978002548218,0.26291364431381226,0.0548209622502327,2.0545666217803955,0.14686110615730286,-0.11267352104187012,2.121317148208618,1.5156011581420898,-0.05841796472668648,-0.12532557547092438,0.40154993534088135,0.15585549175739288,0.29458850622177124,1.8311748504638672,-0.1558026224374771,2.1318883895874023,-0.15407776832580566,0.2260875552892685,0.3699043393135071,-0.16114458441734314,0.3019195795059204,-0.24499322474002838
0.08442547917366028,0.25489330291748047,1.466660737991333,0.2663457691669464,0.05468505993485451,2.0545196533203125,0.1461843103170395,-0.1127842366695404,2.1190147399902344,1.5170903205871582,-0.0585557296872139,-0.12547940015792847,0.4019818603992462,0.15616968274116516,0.2942487895488739,1.8288588523864746,-0.15856851637363434,2.1328794956207275,-0.154136523604393,0.2350768744945526,0.3855319023132324,-0.16121448576450348,0.3027248978614807,-0.24953047931194305
0.08430187404155731,0.2546496093273163,1.4700149297714233,0.26992616057395935,0.05470069870352745,2.0541863441467285,0.14569689333438873,-0.11284336447715759,2.1170451641082764,1.5183311700820923,-0.05852236971259117,-0.12546378374099731,0.40258675813674927,0.15662932395935059,0.2940886914730072,1.826165795326233,-0.1610942780971527,2.1335737705230713,-0.1541852355003357,0.2440125048160553,0.4007580876350403,-0.16107234358787537,0.3037791848182678,-0.2538404166698456
0.08419861644506454,0.25454095005989075,1.4741356372833252,0.2736922800540924,0.05479590967297554,2.0533928871154785,0.14528825879096985,-0.1128426343202591,2.115164041519165,1.5195493698120117,-0.05840308591723442,-0.12536229193210602,0.40331950783729553,0.15722045302391052,0.29402172565460205,1.8232778310775757,-0.16343873739242554,2.1341686248779297,-0.15410389006137848,0.25296828150749207,0.41571614146232605,-0.16084760427474976,0.3051072359085083,-0.2578989863395691
0.08377138525247574,0.2545790374279022,1.4771746397018433,0.2776654362678528,0.055013351142406464,2.052448034286499,0.1450609266757965,-0.11288141459226608,2.1135737895965576,1.5204427242279053,-0.05817854404449463,-0.12516066431999207,0.4041379690170288,0.1579042673110962,0.29404690861701965,1.8199999332427979,-0.16558189690113068,2.134582996368408,-0.154079869389534,0.26176804304122925,0.43008679151535034,-0.16049696505069733,0.30675527453422546,-0.26178160309791565
0.08319616317749023,0.25467950105667114,1.4803826808929443,0.2818450927734375,0.055294740945100784,2.0514583587646484,0.14493203163146973,-0.11297617852687836,2.1120986938476562,1.5210959911346436,-0.057913921773433685,-0.12492319941520691,0.4049883186817169,0.15864095091819763,0.29409340023994446,1.8164116144180298,-0.16757507622241974,2.1349308490753174,-0.1540786176919937,0.2704201340675354,0.44389116764068604,-0.1601143330335617,0.30871301889419556,-0.265496164560318
0.08244972676038742,0.25481945276260376,1.4836349487304688,0.2862427234649658,0.055639270693063736,2.050441026687622,0.14492101967334747,-0.11316036432981491,2.110759973526001,1.5214605331420898,-0.05762241408228874,-0.12466470897197723,0.405840665102005,0.1594177633523941,0.2941402792930603,1.8125216960906982,-0.16942574083805084,2.1352460384368896,-0.15414325892925262,0.2788722515106201,0.45704376697540283,-0.1597127914428711,0.31100228428840637,-0.2690640985965729
0.08146640658378601,0.2549920678138733,1.48646080493927,0.29086244106292725,0.05605819821357727,2.0493903160095215,0.14506755769252777,-0.11346561461687088,2.1096246242523193,1.5214649438858032,-0.057303979992866516,-0.12438707053661346,0.4066723883152008,0.1602267026901245,0.29418057203292847,1.8083319664001465,-0.17113204300403595,2.135540723800659,-0.15433025360107422,0.2870592474937439,0.46944084763526917,-0.15928533673286438,0.3136431872844696,-0.27250710129737854
0.0804511308670044,0.2551172375679016,1.4900981187820435,0.29566967487335205,0.05648741126060486,2.048409938812256,0.1452716737985611,-0.1138855367898941,2.1084883213043213,1.5212351083755493,-0.05702124908566475,-0.12415081262588501,0.4074364900588989,0.16102856397628784,0.29415079951286316,1.803960919380188,-0.1727505624294281,2.1359236240386963,-0.1545841544866562,0.29501819610595703,0.4811798632144928,-0.1589234471321106,0.3165881633758545,-0.27582234144210815
0.0791940838098526,0.2552366852760315,1.493033528327942,0.30066075921058655,0.056979238986968994,2.0474259853363037,0.14564195275306702,-0.11445540934801102,2.1075706481933594,1.5206130743026733,-0.056734438985586166,-0.12391947954893112,0.4081310033798218,0.16182896494865417,0.29408419132232666,1.7993677854537964,-0.17424868047237396,2.1363399028778076,-0.15500998497009277,0.3026343584060669,0.4920804500579834,-0.15855956077575684,0.3198671042919159,-0.2790369987487793
0.0779462680220604,0.2552647888660431,1.4967341423034668,0.30577903985977173,0.057459086179733276,2.04655385017395,0.146051287651062,-0.11515174061059952,2.106621742248535,1.519770860671997,-0.05651244521141052,-0.12375867366790771,0.4087110161781311,0.1625838428735733,0.29391467571258545,1.7946993112564087,-0.17569273710250854,2.13690447807312,-0.15552574396133423,0.3099757730960846,0.5023187398910522,-0.1582963615655899,0.3234036862850189,-0.2821398973464966
0.07655119150876999,0.25523486733436584,1.4999748468399048,0.31099802255630493,0.0579659603536129,2.045736789703369,0.14657622575759888,-0.11599238961935043,2.10581374168396,1.518601655960083,-0.05632442235946655,-0.12363959848880768,0.4091755449771881,0.16328981518745422,0.29367032647132874,1.7899432182312012,-0.17706167697906494,2.1375699043273926,-0.15620574355125427,0.3169510066509247,0.5117779970169067,-0.15808184444904327,0.32719936966896057,-0.28514933586120605
0.07511909306049347,0.25510793924331665,1.5032694339752197,0.3162619173526764,0.058466702699661255,2.0450263023376465,0.1471565216779709,-0.11696046590805054,2.105043649673462,1.5171910524368286,-0.05620172992348671,-0.12359177321195602,0.4095005989074707,0.1639167219400406,0.2933228313922882,1.7851932048797607,-0.1783912032842636,2.138385772705078,-0.15701502561569214,0.32358264923095703,0.5205645561218262,-0.1579616516828537,0.33119264245033264,-0.2880616784095764
0.07366952300071716,0.2548736035823822,1.506528615951538,0.32151928544044495,0.05895429477095604,2.0444352626800537,0.14777569472789764,-0.1180456355214119,2.104304075241089,1.5155659914016724,-0.05615242198109627,-0.12362244725227356,0.409674733877182,0.16444328427314758,0.29286688566207886,1.780505657196045,-0.17969699203968048,2.13936185836792,-0.15795019268989563,0.3298594653606415,0.5287264585494995,-0.15794581174850464,0.3353358805179596,-0.2908790707588196
0.07212378084659576,0.25455212593078613,1.5090041160583496,0.3267248570919037,0.05944974720478058,2.043933868408203,0.14846523106098175,-0.11924540251493454,2.1036930084228516,1.513689637184143,-0.05615954473614693,-0.12371502071619034,0.40969979763031006,0.1648576408624649,0.2923215329647064,1.7758959531784058,-0.18097282946109772,2.1404635906219482,-0.1590423285961151,0.3357294201850891,0.5362390875816345,-0.15800604224205017,0.3395986258983612,-0.29361018538475037
0.07065065950155258,0.25409621000289917,1.5116426944732666,0.3318145275115967,0.05990752577781677,2.0435938835144043,0.14913015067577362,-0.12052813917398453,2.1030433177948,1.5116995573043823,-0.056264106184244156,-0.12390734255313873,0.4095567762851715,0.16512806713581085,0.291653037071228,1.7714710235595703,-0.18226423859596252,2.141751766204834,-0.16022352874279022,0.34125861525535583,0.5432964563369751,-0.15820463001728058,0.3438953161239624,-0.29624542593955994
0.06906284391880035,0.25356191396713257,1.5129890441894531,0.33675360679626465,0.06038029491901398,2.0433382987976074,0.14985491335391998,-0.12189923971891403,2.102571725845337,1.509489893913269,-0.056420378386974335,-0.12415526807308197,0.40926557779312134,0.16525553166866302,0.29090917110443115,1.7671945095062256,-0.18353891372680664,2.1431379318237305,-0.1615605503320694,0.34634944796562195,0.5497888326644897,-0.15846946835517883,0.3482164442539215,-0.2988007962703705
0.06757363677024841,0.2528936266899109,1.5143660306930542,0.341482013463974,0.06081179901957512,2.0432546138763428,0.1505199670791626,-0.12332069873809814,2.102058172225952,1.507231593132019,-0.056677669286727905,-0.12450415641069412,0.408809632062912,0.16521111130714417,0.2900499999523163,1.763177514076233,-0.184848815202713,2.1446967124938965,-0.1629643589258194,0.3511016368865967,0.5559613704681396,-0.1588762253522873,0.35246655344963074,-0.30126428604125977
0.06600037962198257,0.25215041637420654,1.5144141912460327,0.3459739089012146,0.061254724860191345,2.0432655811309814,0.15120738744735718,-0.12479601800441742,2.101715087890625,1.5048249959945679,-0.05698877573013306,-0.1249082013964653,0.40821531414985657,0.16500194370746613,0.2891259491443634,1.7593728303909302,-0.186158686876297,2.1463329792022705,-0.16449551284313202,0.3554238975048065,0.5617040991783142,-0.15935097634792328,0.3566393256187439,-0.3036518394947052
0.06450255215167999,0.25129538774490356,1.5141595602035522,0.3501863181591034,0.061667997390031815,2.043433666229248,0.1518246829509735,-0.1262935996055603,2.1013755798339844,1.502403736114502,-0.05738791450858116,-0.12539836764335632,0.4074774384498596,0.16461238265037537,0.2881118655204773,1.7558557987213135,-0.18750505149364471,2.1480963230133057,-0.16608355939388275,0.35940101742744446,0.5672144293785095,-0.15994608402252197,0.36065641045570374,-0.30595648288726807
0.06298133730888367,0.250367134809494,1.512895107269287,0.35410189628601074,0.062081627547740936,2.043713092803955,0.15241265296936035,-0.1278090476989746,2.1011581420898438,1.4999247789382935,-0.057845763862133026,-0.12594562768936157,0.40661969780921936,0.16405175626277924,0.2870420515537262,1.7525969743728638,-0.18886634707450867,2.1499221324920654,-0.16775493323802948,0.3629893362522125,0.5724468231201172,-0.16061553359031677,0.36450207233428955,-0.3081890642642975
0.061495859175920486,0.24936014413833618,1.5110247135162354,0.35770082473754883,0.062481798231601715,2.044121503829956,0.15293194353580475,-0.12932312488555908,2.1010024547576904,1.4974507093429565,-0.05837026238441467,-0.1265561282634735,0.4056517481803894,0.16332201659679413,0.28591594099998474,1.7496196031570435,-0.19025319814682007,2.1518149375915527,-0.1694764643907547,0.3662310242652893,0.5774962902069092,-0.16137097775936127,0.36813071370124817,-0.3103501796722412
0.06005207449197769,0.24828527867794037,1.508617639541626,0.36097511649131775,0.06286895275115967,2.0446524620056152,0.1533721387386322,-0.13082319498062134,2.1009063720703125,1.4950062036514282,-0.05895552039146423,-0.12722299993038177,0.4045904278755188,0.16243389248847961,0.28474563360214233,1.7469205856323242,-0.19166265428066254,2.153754711151123,-0.17123490571975708,0.36914366483688354,0.5824000835418701,-0.16220270097255707,0.3715152144432068,-0.3124440312385559
0.05861177295446396,0.24716703593730927,1.5054714679718018,0.3639274835586548,0.06325526535511017,2.0452795028686523,0.15374769270420074,-0.13230228424072266,2.1009159088134766,1.4925841093063354,-0.05958400294184685,-0.1279284656047821,0.4034583866596222,0.1614057719707489,0.2835536599159241,1.744475245475769,-0.19308020174503326,2.1557013988494873,-0.1730334758758545,0.37172356247901917,0.5871441960334778,-0.16308307647705078,0.37464579939842224,-0.3144772946834564
0.05727270618081093,0.24599112570285797,1.5023080110549927,0.36655905842781067,0.06361435353755951,2.046029806137085,0.1540042608976364,-0.13374188542366028,2.1009202003479004,1.4902656078338623,-0.060270678251981735,-0.12868554890155792,0.40226441621780396,0.1602497696876526,0.28233152627944946,1.742304801940918,-0.19451966881752014,2.157679319381714,-0.17482586205005646,0.3740442395210266,0.5918391346931458,-0.16403472423553467,0.3774878680706024,-0.3164477050304413
0.055913474410772324,0.24480728805065155,1.4983975887298584,0.3688909709453583,0.06398031115531921,2.0468387603759766,0.1542043834924698,-0.1351456195116043,2.1010582447052,1.487983226776123,-0.06097625195980072,-0.12945613265037537,0.4010408818721771,0.1589973270893097,0.2811209261417389,1.7403466701507568,-0.19594518840312958,2.159609317779541,-0.17664621770381927,0.376059353351593,0.5963703393936157,-0.16499683260917664,0.38006553053855896,-0.3183656334877014
0.05471675843000412,0.24357691407203674,1.495039463043213,0.37093040347099304,0.06430153548717499,2.047764539718628,0.15425348281860352,-0.13649015128612518,2.1011178493499756,1.4858686923980713,-0.06173558533191681,-0.13027234375476837,0.3997868597507477,0.1576598584651947,0.27989301085472107,1.7386473417282104,-0.19738724827766418,2.1615610122680664,-0.1784188449382782,0.3778947591781616,0.6009204387664795,-0.16602303087711334,0.3823372423648834,-0.3202221393585205
0.053469497710466385,0.24237670004367828,1.4908983707427979,0.3727124035358429,0.06463665515184402,2.0487020015716553,0.15426738560199738,-0.1377898007631302,2.1013429164886475,1.4837895631790161,-0.06248604133725166,-0.13107429444789886,0.39854368567466736,0.156279057264328,0.2787098288536072,1.7371081113815308,-0.1987878680229187,2.163412094116211,-0.18021121621131897,0.37945255637168884,0.6052640080451965,-0.16701729595661163,0.38436198234558105,-0.3220304846763611
0.05246227979660034,0.241135835647583,1.4879846572875977,0.3742441236972809,0.06490269303321838,2.049750804901123,0.154098778963089,-0.13901421427726746,2.101393222808838,1.4819426536560059,-0.0632888600230217,-0.13191939890384674,0.39729610085487366,0.15486040711402893,0.277515709400177,1.7358121871948242,-0.2002008855342865,2.1652910709381104,-0.1819107085466385,0.38092344999313354,0.6096876859664917,-0.16807441413402557,0.3860829174518585,-0.3237733840942383
0.05134753882884979,0.2399696558713913,1.484060287475586,0.3755718469619751,0.06519541144371033,2.0507495403289795,0.1539391726255417,-0.14019137620925903,2.101668357849121,1.4801037311553955,-0.06404819339513779,-0.13271668553352356,0.39609789848327637,0.15345510840415955,0.2764023244380951,1.7346135377883911,-0.20153798162937164,2.167010545730591,-0.18363238871097565,0.3821292519569397,0.6138100624084473,-0.16904839873313904,0.3876013159751892,-0.32546868920326233
0.05058593675494194,0.23876160383224487,1.482193946838379,0.3767009675502777,0.06538999080657959,2.0518088340759277,0.15356534719467163,-0.14127658307552338,2.1016485691070557,1.4785774946212769,-0.06486328691244125,-0.13355982303619385,0.39491552114486694,0.15206237137317657,0.2752770185470581,1.7336645126342773,-0.2028871476650238,2.1687917709350586,-0.18520529568195343,0.3833622634410858,0.6181063652038574,-0.17009316384792328,0.3888355493545532,-0.327085942029953
0.049674294888973236,0.23768283426761627,1.4790685176849365,0.3776969313621521,0.0656375139951706,2.0526084899902344,0.15327465534210205,-0.14230792224407196,2.1019484996795654,1.477041244506836,-0.06559138745069504,-0.13431361317634583,0.39382681250572205,0.15075480937957764,0.27427569031715393,1.732777714729309,-0.20411638915538788,2.1703691482543945,-0.18679413199424744,0.3843488097190857,0.6220231056213379,-0.1709933578968048,0.38994643092155457,-0.32864275574684143
0.04916578158736229,0.23656000196933746,1.4783879518508911,0.3785323202610016,0.06576202809810638,2.0535223484039307,0.15275108814239502,-0.14324361085891724,2.1018619537353516,1.475845217704773,-0.06637716293334961,-0.13511526584625244,0.392761766910553,0.14948727190494537,0.2732578217983246,1.7321150302886963,-0.20535854995250702,2.1720199584960938,-0.18820464611053467,0.3854330778121948,0.6261292099952698,-0.171970933675766,0.39079415798187256,-0.3301149308681488
0.04850609973073006,0.23557919263839722,1.47654128074646,0.3792736530303955,0.06593230366706848,2.0541956424713135,0.15232495963573456,-0.14412528276443481,2.102069616317749,1.4746348857879639,-0.06706489622592926,-0.1358175277709961,0.3918028175830841,0.14833231270313263,0.27237072587013245,1.7314777374267578,-0.2064700722694397,2.1734530925750732,-0.18961605429649353,0.38630348443984985,0.629804790019989,-0.172792449593544,0.3915564715862274,-0.33151888847351074
0.04813477024435997,0.23460108041763306,1.476399540901184,0.37989988923072815,0.0660092681646347,2.0549280643463135,0.15174713730812073,-0.1449207365512848,2.1020078659057617,1.4736855030059814,-0.06777026504278183,-0.136530339717865,0.39089176058769226,0.14725074172019958,0.2715006470680237,1.7309935092926025,-0.20755790174007416,2.1748921871185303,-0.1908738613128662,0.3872358798980713,0.6335129737854004,-0.1736365705728531,0.39212504029273987,-0.3328343629837036
0.04778126999735832,0.23371683061122894,1.4762307405471802,0.38044866919517517,0.06607547402381897,2.0555527210235596,0.15118347108364105,-0.14565040171146393,2.102004051208496,1.472822904586792,-0.06841639429330826,-0.13718126714229584,0.39006853103637695,0.14627766609191895,0.270718514919281,1.7305612564086914,-0.20855173468589783,2.176194667816162,-0.19206088781356812,0.3880807161331177,0.6369398236274719,-0.17439037561416626,0.3925950527191162,-0.33406615257263184
0.047462817281484604,0.2329222708940506,1.4761571884155273,0.38093069195747375,0.06612496078014374,2.0560922622680664,0.1506315916776657,-0.14631366729736328,2.1020257472991943,1.4720544815063477,-0.06900575757026672,-0.13777311146259308,0.38933107256889343,0.14541342854499817,0.2700188159942627,1.730175495147705,-0.20945484936237335,2.177368402481079,-0.1931644082069397,0.3888581693172455,0.6400917172431946,-0.1750614047050476,0.39297735691070557,-0.33520904183387756
0.047356877475976944,0.2321593165397644,1.4773216247558594,0.38134095072746277,0.06610272824764252,2.0566751956939697,0.14999479055404663,-0.14689865708351135,2.101840019226074,1.4714877605438232,-0.06958561390638351,-0.138351172208786,0.38865309953689575,0.14463768899440765,0.2693527936935425,1.7298840284347534,-0.21031220257282257,2.1785058975219727,-0.1941196620464325,0.38968339562416077,0.6431605815887451,-0.1757250279188156,0.3932346701622009,-0.3362530469894409
0.04709496349096298,0.2315434366464615,1.4773759841918945,0.38171446323394775,0.06612013280391693,2.057105779647827,0.14948855340480804,-0.1474343240261078,2.1018893718719482,1.4708868265151978,-0.070058174431324,-0.13882331550121307,0.3880816400051117,0.1439831256866455,0.268810898065567,1.7295581102371216,-0.21103541553020477,2.1794168949127197,-0.1950434446334839,0.390339195728302,0.6457189321517944,-0.17623654007911682,0.3934803605079651,-0.3372085690498352
0.047089505940675735,0.2309413105249405,1.4789342880249023,0.3820270895957947,0.06605438888072968,2.057629346847534,0.14888425171375275,-0.14789122343063354,2.1016600131988525,1.4705071449279785,-0.07053340971469879,-0.13929422199726105,0.3875579535961151,0.1434043049812317,0.2682844400405884,1.7293277978897095,-0.21172747015953064,2.1803197860717773,-0.1957951784133911,0.39108115434646606,0.6482416987419128,-0.176766037940979,0.39361169934272766,-0.33805787563323975
0.0469447523355484,0.23047930002212524,1.479472279548645,0.3823167681694031,0.06603000313043594,2.057997465133667,0.14841865003108978,-0.14829915761947632,2.10164213180542,1.4700980186462402,-0.07090448588132858,-0.13966313004493713,0.3871346414089203,0.14293886721134186,0.2678734064102173,1.7290637493133545,-0.21229147911071777,2.18101167678833,-0.1965010017156601,0.39167168736457825,0.6502748727798462,-0.17715483903884888,0.393752783536911,-0.3388119041919708
0.04690651595592499,0.23007215559482574,1.4805554151535034,0.3825663924217224,0.06597193330526352,2.058382987976074,0.14795087277889252,-0.148642897605896,2.101519823074341,1.469808578491211,-0.07124090194702148,-0.13999634981155396,0.386771559715271,0.1425519585609436,0.26750797033309937,1.7288408279418945,-0.21279367804527283,2.181627035140991,-0.1970791220664978,0.39226314425468445,0.6521090865135193,-0.17751052975654602,0.39383935928344727,-0.3394626975059509
0.04688962921500206,0.22974269092082977,1.4816383123397827,0.38278576731681824,0.06590820103883743,2.0587401390075684,0.14753341674804688,-0.14893075823783875,2.1013944149017334,1.469581961631775,-0.0715220496058464,-0.1402747631072998,0.3864758312702179,0.14224524796009064,0.26720547676086426,1.728630542755127,-0.21321697533130646,2.1821274757385254,-0.19755691289901733,0.3928050100803375,0.6536532640457153,-0.17780381441116333,0.3939022719860077,-0.3400137424468994
0.04677750542759895,0.22952356934547424,1.481971263885498,0.38298681378364563,0.0658765435218811,2.0590014457702637,0.14723634719848633,-0.14917345345020294,2.101407766342163,1.4693418741226196,-0.07171906530857086,-0.14047136902809143,0.38625895977020264,0.1420239508152008,0.26699158549308777,1.728395700454712,-0.2135366052389145,2.1824591159820557,-0.19797320663928986,0.39322689175605774,0.6547808647155762,-0.1779923290014267,0.3939804434776306,-0.3404705822467804
0.04681595787405968,0.22932730615139008,1.483120322227478,0.38315048813819885,0.06580128520727158,2.0593361854553223,0.14691510796546936,-0.1493571400642395,2.101245641708374,1.4692364931106567,-0.07190319895744324,-0.1406540423631668,0.38607946038246155,0.14185243844985962,0.2667956054210663,1.7282135486602783,-0.2138204723596573,2.182760238647461,-0.1982518583536148,0.393680602312088,0.6557934880256653,-0.17818422615528107,0.3940057158470154,-0.3408297002315521
0.046680837869644165,0.22925449907779694,1.483017921447754,0.3833056092262268,0.06578449159860611,2.059537172317505,0.1467600017786026,-0.14950723946094513,2.101313352584839,1.4690611362457275,-0.07198907434940338,-0.14074210822582245,0.38597917556762695,0.14176034927368164,0.2666985094547272,1.7279831171035767,-0.21399129927158356,2.182868003845215,-0.19850103557109833,0.39396747946739197,0.6563233733177185,-0.1782504916191101,0.3940759301185608,-0.34110477566719055
0.04667763411998749,0.22919736802577972,1.4836127758026123,0.38342779874801636,0.06573104858398438,2.0598106384277344,0.14658905565738678,-0.14960648119449615,2.101222276687622,1.4690009355545044,-0.07206498086452484,-0.1408194601535797,0.3859078586101532,0.1417064219713211,0.26661381125450134,1.7278012037277222,-0.21413260698318481,2.1829540729522705,-0.19862839579582214,0.3942764401435852,0.6567469239234924,-0.1783236712217331,0.3941035568714142,-0.3412930965423584
0.0465879924595356,0.22922135889530182,1.4835225343704224,0.38353684544563293,0.06570933759212494,2.060016393661499,0.14652827382087708,-0.1496734321117401,2.101245403289795,1.468916893005371,-0.0720750093460083,-0.14083324372768402,0.38589221239089966,0.14170967042446136,0.26659467816352844,1.7276006937026978,-0.214194193482399,2.1829123497009277,-0.19871042668819427,0.3944738805294037,0.6568236351013184,-0.17831803858280182,0.39415398240089417,-0.34140726923942566
0.0464983694255352,0.229291170835495,1.4833030700683594,0.3836268186569214,0.06569212675094604,2.060213565826416,0.14652302861213684,-0.14970605075359344,2.101271867752075,1.4688588380813599,-0.07204731553792953,-0.1408102810382843,0.38591447472572327,0.14175502955913544,0.2666133642196655,1.727410078048706,-0.21420367062091827,2.182798385620117,-0.19872693717479706,0.39461442828178406,0.6566740274429321,-0.17827431857585907,0.39420250058174133,-0.34145230054855347
0.04647018760442734,0.22937995195388794,1.4833515882492065,0.3836938440799713,0.06565979868173599,2.0604441165924072,0.14653271436691284,-0.14970405399799347,2.1012227535247803,1.4688611030578613,-0.07200318574905396,-0.140770822763443,0.38596081733703613,0.14183080196380615,0.266649067401886,1.727250099182129,-0.21418224275112152,2.182654857635498,-0.19866637885570526,0.3947376608848572,0.6563899517059326,-0.17822246253490448,0.39423105120658875,-0.34143444895744324
0.04633229970932007,0.22953805327415466,1.482593059539795,0.3837535083293915,0.06566540896892548,2.060595989227295,0.14665324985980988,-0.1496828943490982,2.101313829421997,1.468814730644226,-0.07189977914094925,-0.14067429304122925,0.38605180382728577,0.14195212721824646,0.26674312353134155,1.7270686626434326,-0.21409161388874054,2.1824002265930176,-0.19859199225902557,0.3947399854660034,0.6557901501655579,-0.17809535562992096,0.3942892849445343,-0.341366708278656
0.04633115977048874,0.22967790067195892,1.4825975894927979,0.3837858736515045,0.06563113629817963,2.0608315467834473,0.14673356711864471,-0.149629607796669,2.1012332439422607,1.4688692092895508,-0.07180936634540558,-0.14058923721313477,0.38614702224731445,0.1420869380235672,0.2668258845806122,1.7269442081451416,-0.2140001356601715,2.1821744441986084,-0.198433518409729,0.39477595686912537,0.6551862359046936,-0.17799943685531616,0.39430347084999084,-0.34125077724456787
0.046220872551202774,0.22987519204616547,1.481824517250061,0.38381239771842957,0.06563340127468109,2.060988426208496,0.14691263437271118,-0.14956456422805786,2.101292371749878,1.4688698053359985,-0.07166841626167297,-0.140455424785614,0.3862784206867218,0.1422591507434845,0.2669590413570404,1.7268010377883911,-0.21385034918785095,2.1818554401397705,-0.19827823340892792,0.39469653367996216,0.6543113589286804,-0.1778360903263092,0.3943440318107605,-0.34110185503959656
0.046207327395677567,0.23005646467208862,1.481582760810852,0.38381585478782654,0.06560707837343216,2.06120228767395,0.1470624804496765,-0.14947721362113953,2.101231098175049,1.4689418077468872,-0.07153787463903427,-0.14033062756061554,0.38641199469566345,0.14244142174720764,0.26708412170410156,1.7267048358917236,-0.2137000858783722,2.181560754776001,-0.19806835055351257,0.39463186264038086,0.6534301042556763,-0.177694633603096,0.3943479657173157,-0.34092244505882263
0.046179089695215225,0.23025371134281158,1.4811826944351196,0.3838055431842804,0.0655866339802742,2.061399221420288,0.14724227786064148,-0.14937837421894073,2.101191520690918,1.4690141677856445,-0.07139106094837189,-0.1401895433664322,0.3865603804588318,0.14264221489429474,0.2672273516654968,1.7266216278076172,-0.21352605521678925,2.1812381744384766,-0.19784733653068542,0.3945164978504181,0.6524350643157959,-0.17753221094608307,0.3943451941013336,-0.34072345495224
0.0461488775908947,0.23045825958251953,1.480715036392212,0.3837798833847046,0.06556776911020279,2.061587333679199,0.1474379152059555,-0.14927014708518982,2.101158857345581,1.4690930843353271,-0.07123532891273499,-0.14003914594650269,0.3867182731628418,0.14285577833652496,0.26738208532333374,1.7265561819076538,-0.2133365124464035,2.180901288986206,-0.19761817157268524,0.39436179399490356,0.6513644456863403,-0.17735755443572998,0.3943288326263428,-0.3405117690563202
0.04620465263724327,0.23063698410987854,1.4807418584823608,0.38373056054115295,0.065522700548172,2.0618247985839844,0.1475910097360611,-0.14914920926094055,2.1010231971740723,1.4692319631576538,-0.07109859585762024,-0.1399059146642685,0.38686951994895935,0.14306765794754028,0.26752179861068726,1.7265368700027466,-0.2131587564945221,2.180602550506592,-0.1973589062690735,0.39422568678855896,0.6503435969352722,-0.1772107034921646,0.394269734621048,-0.34029150009155273
0.04618877172470093,0.2308385968208313,1.4802827835083008,0.38367000222206116,0.06550096720457077,2.062007188796997,0.1477886140346527,-0.1490287482738495,2.1009857654571533,1.4693317413330078,-0.07094074785709381,-0.1397518515586853,0.3870341181755066,0.14329105615615845,0.26768556237220764,1.7265145778656006,-0.21295711398124695,2.180263042449951,-0.19712580740451813,0.394014835357666,0.6492113471031189,-0.17702923715114594,0.39421120285987854,-0.340072900056839
0.04629434272646904,0.2309960424900055,1.480554461479187,0.38358041644096375,0.06544196605682373,2.062263250350952,0.14791090786457062,-0.1488977074623108,2.1008036136627197,1.4695115089416504,-0.07081819325685501,-0.1396304816007614,0.3871808648109436,0.14349953830242157,0.2678191661834717,1.7265502214431763,-0.2127852439880371,2.179989814758301,-0.19686132669448853,0.39385196566581726,0.6482127904891968,-0.1768968403339386,0.3940933346748352,-0.33985549211502075
0.04632921516895294,0.2311704307794571,1.480360507965088,0.38347718119621277,0.06540638953447342,2.0624656677246094,0.14806650578975677,-0.14877113699913025,2.100721597671509,1.4696509838104248,-0.0706806480884552,-0.13949419558048248,0.3873351812362671,0.14371030032634735,0.2679712772369385,1.726583480834961,-0.21259798109531403,2.1796844005584717,-0.1966312676668167,0.3936227262020111,0.6471447944641113,-0.17673638463020325,0.3939704895019531,-0.33964887261390686
0.04644583910703659,0.23130908608436584,1.4806584119796753,0.3833461105823517,0.06534650921821594,2.062716245651245,0.14816085994243622,-0.14864028990268707,2.1005477905273438,1.469844102859497,-0.07057264447212219,-0.13938529789447784,0.3874722421169281,0.14390186965465546,0.2680988907814026,1.726662039756775,-0.21243788301944733,2.179431200027466,-0.19638946652412415,0.3934245705604553,0.6462008953094482,-0.17661423981189728,0.39379578828811646,-0.33945199847221375
0.04654678702354431,0.2314426749944687,1.4808430671691895,0.38319501280784607,0.06529334932565689,2.062950849533081,0.14824813604354858,-0.1485133022069931,2.1004068851470947,1.4700294733047485,-0.07046927511692047,-0.1392802894115448,0.3876040577888489,0.14408142864704132,0.26822590827941895,1.7267546653747559,-0.21228308975696564,2.1791810989379883,-0.1961696743965149,0.39320144057273865,0.6452838182449341,-0.17649222910404205,0.39359718561172485,-0.33927008509635925
0.046654388308525085,0.23156258463859558,1.4810562133789062,0.383021742105484,0.06524018943309784,2.0631844997406006,0.14831246435642242,-0.14838993549346924,2.100271463394165,1.4702202081680298,-0.07037831842899323,-0.13918666541576385,0.3877253532409668,0.14424313604831696,0.26834455132484436,1.72686767578125,-0.21214188635349274,2.178947925567627,-0.19596625864505768,0.39297062158584595,0.6444316506385803,-0.17638182640075684,0.39336809515953064,-0.33910414576530457
0.046807944774627686,0.23165494203567505,1.481544852256775,0.38282328844070435,0.0651748850941658,2.063443660736084,0.14832879602909088,-0.14826864004135132,2.1000921726226807,1.4704396724700928,-0.07031183689832687,-0.13911600410938263,0.3878287374973297,0.1443798989057541,0.26844272017478943,1.727012276649475,-0.21202637255191803,2.1787545680999756,-0.19576749205589294,0.3927597403526306,0.6436989307403564,-0.17630122601985931,0.39309796690940857,-0.33895403146743774
0.04690699651837349,0.23175272345542908,1.4816827774047852,0.38260960578918457,0.06512938439846039,2.0636613368988037,0.1483558714389801,-0.1481572687625885,2.099996328353882,1.470624327659607,-0.07024279981851578,-0.13904280960559845,0.3879275619983673,0.14450126886367798,0.2685460150241852,1.7271554470062256,-0.21191224455833435,2.17854905128479,-0.1956062912940979,0.39251065254211426,0.642977237701416,-0.17620976269245148,0.39281877875328064,-0.3388229012489319
0.047083597630262375,0.23181191086769104,1.4822957515716553,0.38237088918685913,0.06506205350160599,2.063925266265869,0.14831528067588806,-0.14804765582084656,2.0998165607452393,1.4708552360534668,-0.07020816206932068,-0.13900227844715118,0.3880014419555664,0.14459110796451569,0.2686181366443634,1.7273370027542114,-0.21183429658412933,2.1784026622772217,-0.1954398900270462,0.39230725169181824,0.6424212455749512,-0.17616362869739532,0.39249446988105774,-0.33870676159858704
0.047183383256196976,0.23188407719135284,1.482421875,0.3821234405040741,0.06502173840999603,2.06413197517395,0.1482994109392166,-0.14795111119747162,2.0997474193573,1.4710348844528198,-0.07016515731811523,-0.1389540135860443,0.3880724310874939,0.14466680586338043,0.26869964599609375,1.7275062799453735,-0.2117532640695572,2.178234100341797,-0.1953178495168686,0.39205825328826904,0.641855776309967,-0.17609871923923492,0.39217501878738403,-0.33860936760902405
0.04735371842980385,0.23192058503627777,1.4829833507537842,0.38185742497444153,0.06496171653270721,2.0643796920776367,0.1482221484184265,-0.14785818755626678,2.0996012687683105,1.4712538719177246,-0.0701543316245079,-0.1389365941286087,0.38811856508255005,0.14471204578876495,0.26875072717666626,1.7277072668075562,-0.21170684695243835,2.1781225204467773,-0.19519171118736267,0.3918563425540924,0.6414471864700317,-0.17607687413692474,0.3918214738368988,-0.3385255038738251
0.04746183007955551,0.2319662868976593,1.4831550121307373,0.3815886676311493,0.06492386758327484,2.0645785331726074,0.1481643170118332,-0.1477784812450409,2.0995447635650635,1.4714281558990479,-0.07013825327157974,-0.13891467452049255,0.3881594240665436,0.14474332332611084,0.2688067555427551,1.7278956174850464,-0.21166035532951355,2.177997350692749,-0.1951034665107727,0.3916231095790863,0.6410406231880188,-0.17604224383831024,0.3914787769317627,-0.33845773339271545
0.04760697856545448,0.23198887705802917,1.4835604429244995,0.38131263852119446,0.0648765042424202,2.0647943019866943,0.14806930720806122,-0.14770559966564178,2.0994503498077393,1.4716182947158813,-0.07014361768960953,-0.13891366124153137,0.38818082213401794,0.14475111663341522,0.2688412666320801,1.7280997037887573,-0.21163833141326904,2.1779117584228516,-0.19501973688602448,0.39142125844955444,0.6407434344291687,-0.17603586614131927,0.3911232054233551,-0.33840182423591614
0.047724273055791855,0.2320108562707901,1.4837995767593384,0.3810398578643799,0.0648399069905281,2.0649828910827637,0.14797833561897278,-0.14764420688152313,2.099398136138916,1.4717826843261719,-0.07015139609575272,-0.13891561329364777,0.3881930112838745,0.14474524557590485,0.2688719630241394,1.7282962799072266,-0.21162281930446625,2.177830934524536,-0.19496013224124908,0.3912133574485779,0.6404750943183899,-0.1760297268629074,0.390779972076416,-0.3383581340312958
0.04783780127763748,0.2320251166820526,1.4840283393859863,0.38077297806739807,0.06480612605810165,2.065159797668457,0.14787988364696503,-0.14759275317192078,2.099355459213257,1.4719352722167969,-0.07016710937023163,-0.13892583549022675,0.3881934583187103,0.14472563564777374,0.26889294385910034,1.7284901142120361,-0.21161848306655884,2.177767276763916,-0.1949152946472168,0.39101582765579224,0.6402552127838135,-0.1760329157114029,0.3904476761817932,-0.33832448720932007
0.047959353774785995,0.23202867805957794,1.4843264818191528,0.38051560521125793,0.06477111577987671,2.0653324127197266,0.1477697491645813,-0.14755035936832428,2.0993049144744873,1.4720827341079712,-0.07019279152154922,-0.1389462947845459,0.3881816267967224,0.14469380676746368,0.2689017057418823,1.728682041168213,-0.21162670850753784,2.1777262687683105,-0.19487977027893066,0.39083731174468994,0.6400890946388245,-0.17604923248291016,0.39012816548347473,-0.33829909563064575
0.04804303124547005,0.2320377677679062,1.4844136238098145,0.38027632236480713,0.06474912166595459,2.06546950340271,0.147677943110466,-0.14751990139484406,2.099302291870117,1.4721958637237549,-0.07021442800760269,-0.1389637291431427,0.388165682554245,0.14465798437595367,0.2689113914966583,1.7288548946380615,-0.21163395047187805,2.177682638168335,-0.19486667215824127,0.39065122604370117,0.6399167776107788,-0.17605821788311005,0.38983988761901855,-0.33828186988830566
0.04816212132573128,0.23202884197235107,1.4847534894943237,0.380052387714386,0.064716637134552,2.0656204223632812,0.1475633829832077,-0.14749594032764435,2.099252939224243,1.4723201990127563,-0.07025112211704254,-0.13899624347686768,0.3881362974643707,0.14461246132850647,0.2689032554626465,1.7290292978286743,-0.2116573601961136,2.1776742935180664,-0.19485050439834595,0.3905029594898224,0.6398136615753174,-0.17608937621116638,0.38956499099731445,-0.33826944231987
0.048220206052064896,0.23203489184379578,1.4847495555877686,0.37985578179359436,0.06470400840044022,2.065720558166504,0.1474856287240982,-0.1474844515323639,2.099276542663574,1.4723955392837524,-0.07027488201856613,-0.1390172690153122,0.38810932636260986,0.14457103610038757,0.2689041197299957,1.729172945022583,-0.21167047321796417,2.1776485443115234,-0.19486066699028015,0.3903348445892334,0.6396639943122864,-0.17610105872154236,0.3893352746963501,-0.3382633626461029
0.04833148792386055,0.23201856017112732,1.4851197004318237,0.37967854738235474,0.06467480957508087,2.065847158432007,0.14737863838672638,-0.14747685194015503,2.0992271900177,1.4724935293197632,-0.07031632214784622,-0.1390557736158371,0.3880694806575775,0.14452268183231354,0.2688843607902527,1.7293200492858887,-0.2117011696100235,2.1776647567749023,-0.19485843181610107,0.3902164399623871,0.6395911574363708,-0.17614005506038666,0.3891187608242035,-0.33825936913490295
0.04836711660027504,0.23202355206012726,1.485063076019287,0.3795340359210968,0.06466978043317795,2.0659143924713135,0.14732052385807037,-0.1474810242652893,2.0992655754089355,1.4725345373153687,-0.07033861428499222,-0.13907679915428162,0.38803738355636597,0.14448434114456177,0.2688795328140259,1.729429006576538,-0.2117149382829666,2.1776528358459473,-0.19488374888896942,0.3900701403617859,0.6394451856613159,-0.17615124583244324,0.38895487785339355,-0.33826011419296265
0.048467859625816345,0.23200345039367676,1.4854604005813599,0.3794099688529968,0.06464412063360214,2.0660176277160645,0.1472286731004715,-0.14748631417751312,2.0992133617401123,1.472607135772705,-0.07037999480962753,-0.13911648094654083,0.3879936635494232,0.14444102346897125,0.2688528597354889,1.7295432090759277,-0.21174687147140503,2.1776857376098633,-0.19488944113254547,0.3899810314178467,0.6393818855285645,-0.17619280517101288,0.388801634311676,-0.3382608890533447
0.0484817810356617,0.23200953006744385,1.4853644371032715,0.37932005524635315,0.06464599072933197,2.0660555362701416,0.14719417691230774,-0.14750196039676666,2.0992608070373535,1.472617745399475,-0.07039745151996613,-0.13913396000862122,0.3879621624946594,0.1444115787744522,0.2688460648059845,1.7296148538589478,-0.2117568850517273,2.1776812076568604,-0.19492310285568237,0.3898572325706482,0.6392279267311096,-0.17620015144348145,0.3887033760547638,-0.33826521039009094
0.04857207462191582,0.23198772966861725,1.485791802406311,0.37924811244010925,0.06462348997592926,2.066138982772827,0.14712029695510864,-0.1475156545639038,2.0992021560668945,1.472669243812561,-0.07043571770191193,-0.1391715407371521,0.38791990280151367,0.14437754452228546,0.268816202878952,1.729695439338684,-0.21178629994392395,2.1777241230010986,-0.19493058323860168,0.3897969424724579,0.6391667723655701,-0.17624114453792572,0.3886096477508545,-0.3382679522037506
0.04856269806623459,0.2319972664117813,1.4856425523757935,0.379208505153656,0.06463249027729034,2.0661509037017822,0.14711181819438934,-0.1475382000207901,2.0992586612701416,1.4726532697677612,-0.07044532150030136,-0.13918223977088928,0.3878939747810364,0.14435987174510956,0.26881134510040283,1.7297303676605225,-0.21178923547267914,2.1777195930480957,-0.194967582821846,0.3896935284137726,0.6390002965927124,-0.17624127864837646,0.3885704278945923,-0.33827346563339233
0.04864559322595596,0.23197431862354279,1.4861080646514893,0.37918099761009216,0.06461194157600403,2.066220998764038,0.1470542699098587,-0.14755533635616302,2.099188804626465,1.4726909399032593,-0.07047925889492035,-0.13921616971492767,0.38785675168037415,0.14433600008487701,0.2687806785106659,1.7297810316085815,-0.21181482076644897,2.177767753601074,-0.19497108459472656,0.3896621763706207,0.6389461755752563,-0.17628072202205658,0.38852548599243164,-0.3382760286331177
0.048609428107738495,0.2319898158311844,1.4858678579330444,0.37918218970298767,0.0646289587020874,2.0662081241607666,0.14707297086715698,-0.1475803554058075,2.0992591381073,1.4726518392562866,-0.07047844678163528,-0.13921722769737244,0.38784024119377136,0.14433056116104126,0.2687816023826599,1.7297824621200562,-0.21180841326713562,2.177755355834961,-0.19500857591629028,0.3895748555660248,0.6387680768966675,-0.17627032101154327,0.3885344862937927,-0.33828112483024597
0.048691146075725555,0.23196479678153992,1.4863886833190918,0.3791869282722473,0.0646081194281578,2.066272258758545,0.14702624082565308,-0.14759615063667297,2.0991721153259277,1.4726848602294922,-0.07050862908363342,-0.13924765586853027,0.387809693813324,0.1443152278661728,0.26875096559524536,1.7298107147216797,-0.21183106303215027,2.177806854248047,-0.1950029879808426,0.3895736038684845,0.6387351155281067,-0.17630934715270996,0.38852325081825256,-0.3382820188999176
0.04862331226468086,0.23198890686035156,1.4860038757324219,0.3792167007923126,0.06463441252708435,2.0662341117858887,0.14707261323928833,-0.1476200670003891,2.0992650985717773,1.4726245403289795,-0.07049527764320374,-0.13923673331737518,0.38780510425567627,0.1443209946155548,0.2687610983848572,1.7297836542129517,-0.21181386709213257,2.17777943611145,-0.19504037499427795,0.3894965350627899,0.6385483145713806,-0.17628517746925354,0.38856810331344604,-0.3382858633995056
0.04871293529868126,0.23195964097976685,1.4866085052490234,0.3792398273944855,0.06461004912853241,2.066300630569458,0.14702843129634857,-0.14763054251670837,2.0991528034210205,1.4726630449295044,-0.07052382081747055,-0.13926535844802856,0.3877809941768646,0.1443111002445221,0.2687298357486725,1.7297992706298828,-0.21183615922927856,2.17783522605896,-0.19502152502536774,0.38952770829200745,0.6385555863380432,-0.17632664740085602,0.38857412338256836,-0.3382841646671295
0.048608776181936264,0.2319946438074112,1.4860260486602783,0.3792859613895416,0.06464673578739166,2.0662357807159424,0.14710216224193573,-0.14765097200870514,2.099278211593628,1.472582459449768,-0.07049652189016342,-0.13924086093902588,0.3877894878387451,0.14432640373706818,0.2687518298625946,1.729749083518982,-0.211807519197464,2.1777875423431396,-0.19506001472473145,0.3894546627998352,0.6383631229400635,-0.176285982131958,0.38864320516586304,-0.33828654885292053
0.048715099692344666,0.2319587916135788,1.4867397546768188,0.37931495904922485,0.0646156594157219,2.0663111209869385,0.14705215394496918,-0.14765356481075287,2.0991337299346924,1.4726351499557495,-0.07052604109048843,-0.13926997780799866,0.3877703845500946,0.14431871473789215,0.26871857047080994,1.7297616004943848,-0.21183247864246368,2.1778502464294434,-0.19502565264701843,0.3895200192928314,0.6384274959564209,-0.17633302509784698,0.3886520564556122,-0.3382820785045624
0.04857594147324562,0.23200474679470062,1.4859501123428345,0.3793671727180481,0.06466195732355118,2.066220283508301,0.1471494436264038,-0.14766925573349,2.0992941856384277,1.4725373983383179,-0.07048554718494415,-0.13923250138759613,0.38779115676879883,0.144341379404068,0.26875272393226624,1.7296949625015259,-0.21179360151290894,2.177781343460083,-0.19506622850894928,0.3894481360912323,0.6382359266281128,-0.17627601325511932,0.38873490691185,-0.33828333020210266
0.04869735240936279,0.23196320235729218,1.486738681793213,0.37939390540122986,0.0646243467926979,2.066303253173828,0.14709171652793884,-0.14766369760036469,2.09912371635437,1.4726046323776245,-0.0705161988735199,-0.13926218450069427,0.38777628540992737,0.1443343609571457,0.2687182128429413,1.7297091484069824,-0.21182173490524292,2.177849292755127,-0.19501899182796478,0.38954299688339233,0.6383582949638367,-0.1763276904821396,0.3887389004230499,-0.33827683329582214
0.048543427139520645,0.2320135533809662,1.4858570098876953,0.3794441223144531,0.06467356532812119,2.066199541091919,0.14719794690608978,-0.14767368137836456,2.099297523498535,1.4725027084350586,-0.0704689547419548,-0.1392177939414978,0.38780495524406433,0.14436054229736328,0.26875901222229004,1.729636788368225,-0.21177877485752106,2.1777701377868652,-0.19505780935287476,0.3894805908203125,0.6381905674934387,-0.176262766122818,0.38882339000701904,-0.3382774293422699
0.04865312948822975,0.23197533190250397,1.4865493774414062,0.3794670104980469,0.06463777273893356,2.0662713050842285,0.14714616537094116,-0.1476629227399826,2.0991382598876953,1.4725674390792847,-0.07049426436424255,-0.13924193382263184,0.38779664039611816,0.14435625076293945,0.2687300145626068,1.7296476364135742,-0.2118040919303894,2.177830219268799,-0.19500945508480072,0.38958480954170227,0.6383388042449951,-0.17630794644355774,0.3888264298439026,-0.338270902633667
0.04853026196360588,0.23201459646224976,1.4858475923538208,0.3795088231563568,0.06467518955469131,2.0661847591400146,0.14723192155361176,-0.1476658433675766,2.099270820617676,1.4724891185760498,-0.07045421004295349,-0.13920392096042633,0.38782450556755066,0.14437973499298096,0.2687644064426422,1.7295860052108765,-0.21176978945732117,2.1777663230895996,-0.19503509998321533,0.3895553648471832,0.6382425427436829,-0.1762547641992569,0.38889649510383606,-0.3382711112499237
0.048583731055259705,0.23199430108070374,1.4861900806427002,0.3795316517353058,0.06465543806552887,2.0662147998809814,0.14721085131168365,-0.1476551741361618,2.0991811752319336,1.472522258758545,-0.07046308368444443,-0.13921210169792175,0.3878273367881775,0.1443827748298645,0.26875191926956177,1.7295806407928467,-0.21178168058395386,2.1777963638305664,-0.1950034648180008,0.38963785767555237,0.6383607983589172,-0.176275372505188,0.3889111280441284,-0.33826741576194763
0.0485343374311924,0.23200781643390656,1.4859209060668945,0.379562109708786,0.06466765701770782,2.066173553466797,0.1472492814064026,-0.14765064418315887,2.0992207527160645,1.4724922180175781,-0.07044342905282974,-0.1391931027173996,0.3878459930419922,0.144398033618927,0.2687672972679138,1.7295435667037964,-0.21176785230636597,2.1777725219726562,-0.19500556588172913,0.3896627426147461,0.6383768320083618,-0.17625261843204498,0.38895443081855774,-0.3382677733898163
0.04851013794541359,0.23201216757297516,1.485802173614502,0.37958890199661255,0.06467115879058838,2.0661473274230957,0.14727061986923218,-0.14764417707920074,2.099228858947754,1.4724783897399902,-0.07043125480413437,-0.13918109238147736,0.3878610134124756,0.14441028237342834,0.2687757611274719,1.7295148372650146,-0.21176151931285858,2.1777634620666504,-0.19500069320201874,0.3897062838077545,0.6384327411651611,-0.17624060809612274,0.38898852467536926,-0.33826902508735657
0.04853717237710953,0.2319985330104828,1.4859901666641235,0.3796103894710541,0.06465783715248108,2.0661540031433105,0.14725928008556366,-0.1476345807313919,2.099173069000244,1.4724966287612915,-0.0704340860247612,-0.13918325304985046,0.3878680467605591,0.1444162130355835,0.2687700390815735,1.729502558708191,-0.21176953613758087,2.1777830123901367,-0.19498100876808167,0.38978323340415955,0.6385555267333984,-0.17625053226947784,0.38900619745254517,-0.33827072381973267
0.04845285415649414,0.2320212721824646,1.485522985458374,0.3796424865722656,0.06467977166175842,2.066084146499634,0.14731229841709137,-0.14763350784778595,2.0992581844329834,1.4724448919296265,-0.07040686160326004,-0.13915692269802094,0.3878908157348633,0.1444346010684967,0.268793523311615,1.7294552326202393,-0.21175001561641693,2.1777453422546387,-0.19499951601028442,0.3897944986820221,0.6385594606399536,-0.1762143075466156,0.38905683159828186,-0.3382774591445923
0.048526689410209656,0.23199011385440826,1.4859966039657593,0.3796606957912445,0.06465126574039459,2.066119432449341,0.14726898074150085,-0.1476229876279831,2.0991454124450684,1.4724910259246826,-0.07042486220598221,-0.1391734927892685,0.38788899779319763,0.14443352818489075,0.26877349615097046,1.7294574975967407,-0.211772620677948,2.177793502807617,-0.19496940076351166,0.3899019956588745,0.6387462019920349,-0.17624543607234955,0.3890601694583893,-0.3382819890975952
0.04841989651322365,0.23201841115951538,1.4854109287261963,0.37969711422920227,0.0646805688738823,2.0660324096679688,0.14733156561851501,-0.14762654900550842,2.0992610454559326,1.4724230766296387,-0.070393867790699,-0.13914372026920319,0.38791245222091675,0.14445239305496216,0.2688008248806,1.7294024229049683,-0.21174994111061096,2.177747964859009,-0.19500042498111725,0.38990017771720886,0.6387315988540649,-0.17620176076889038,0.38911834359169006,-0.33829352259635925
0.04849807918071747,0.2319837510585785,1.4859203100204468,0.37971800565719604,0.06465129554271698,2.0660691261291504,0.14728206396102905,-0.14761948585510254,2.0991451740264893,1.4724692106246948,-0.07041586935520172,-0.1391642689704895,0.3879067301750183,0.14444810152053833,0.2687770128250122,1.7294052839279175,-0.21177640557289124,2.177802801132202,-0.19497446715831757,0.3900092542171478,0.6389264464378357,-0.17623713612556458,0.38912197947502136,-0.3383021056652069
0.048410531133413315,0.23200350999832153,1.485464334487915,0.3797561526298523,0.06467541307210922,2.0659942626953125,0.1473298966884613,-0.14762598276138306,2.0992393493652344,1.4724100828170776,-0.07039324939250946,-0.13914267718791962,0.3879235088825226,0.14446143805980682,0.2687962055206299,1.7293554544448853,-0.2117614895105362,2.177771806716919,-0.19500495493412018,0.39001646637916565,0.6389333605766296,-0.17620433866977692,0.3891765773296356,-0.3383170962333679
0.04845371097326279,0.23197846114635468,1.4857813119888306,0.37978386878967285,0.06465849280357361,2.066007375717163,0.14729835093021393,-0.1476258635520935,2.099170207977295,1.4724308252334595,-0.0704086422920227,-0.1391572505235672,0.38791871070861816,0.14445754885673523,0.26877859234809875,1.7293463945388794,-0.21178172528743744,2.1778125762939453,-0.1949959397315979,0.39010047912597656,0.6390859484672546,-0.17622807621955872,0.38919320702552795,-0.3383302688598633
0.04841390997171402,0.23198018968105316,1.485619068145752,0.379820853471756,0.06466875225305557,2.065965175628662,0.147315114736557,-0.14763374626636505,2.0992069244384766,1.4723979234695435,-0.07040249556303024,-0.13915157318115234,0.3879238963127136,0.14446128904819489,0.2687816023826599,1.7293109893798828,-0.21178188920021057,2.177811622619629,-0.19501638412475586,0.39013147354125977,0.6391419172286987,-0.17621859908103943,0.3892360031604767,-0.3383471667766571
0.04840467497706413,0.23197075724601746,1.4856407642364502,0.37985607981681824,0.06467001140117645,2.065943956375122,0.1473126858472824,-0.14764174818992615,2.0992064476013184,1.4723823070526123,-0.07040636241436005,-0.1391555517911911,0.3879221975803375,0.1444593071937561,0.26877474784851074,1.7292853593826294,-0.21179120242595673,2.1778290271759033,-0.1950293481349945,0.39017775654792786,0.6392287611961365,-0.17622359097003937,0.38927069306373596,-0.3383644223213196
0.04841530695557594,0.23195388913154602,1.4857816696166992,0.3798900842666626,0.06466568261384964,2.065936803817749,0.1472976952791214,-0.14765043556690216,2.099182367324829,1.4723774194717407,-0.0704171359539032,-0.13916625082492828,0.3879152536392212,0.14445284008979797,0.26876100897789,1.7292664051055908,-0.2118067890405655,2.177858829498291,-0.19503802061080933,0.39023250341415405,0.6393337845802307,-0.17623846232891083,0.38930022716522217,-0.3383820056915283
0.04836171120405197,0.23195788264274597,1.485547423362732,0.3799300789833069,0.06468255817890167,2.065887451171875,0.14732055366039276,-0.14766529202461243,2.099240779876709,1.472330927848816,-0.07041120529174805,-0.13916127383708954,0.38791561126708984,0.14445176720619202,0.26876315474510193,1.729227900505066,-0.2118067741394043,2.177856206893921,-0.19506928324699402,0.39024460315704346,0.6393614411354065,-0.17622771859169006,0.38934949040412903,-0.33840182423591614
0.0484066903591156,0.23192840814590454,1.4858876466751099,0.3799603581428528,0.0646686777472496,2.0659050941467285,0.1472844034433365,-0.14767487347126007,2.0991764068603516,1.4723447561264038,-0.07043371349573135,-0.1391833871603012,0.38789939880371094,0.14443722367286682,0.26873764395713806,1.7292215824127197,-0.21183297038078308,2.1779072284698486,-0.19507013261318207,0.39031246304512024,0.6394954323768616,-0.17625954747200012,0.38936924934387207,-0.3384191393852234
0.04832962527871132,0.23193952441215515,1.4855109453201294,0.38000085949897766,0.06469429284334183,2.0658416748046875,0.14732109010219574,-0.1476939469575882,2.09926700592041,1.4722813367843628,-0.07042297720909119,-0.13917413353919983,0.3878994882106781,0.14443516731262207,0.26874402165412903,1.7291781902313232,-0.21182823181152344,2.177894353866577,-0.19511158764362335,0.39030247926712036,0.6394861340522766,-0.17624099552631378,0.3894253075122833,-0.33843961358070374
0.04838718846440315,0.2319054901599884,1.485913634300232,0.380027174949646,0.06467747688293457,2.0658693313598633,0.14727768301963806,-0.1477045863866806,2.099189519882202,1.4723013639450073,-0.07045025378465652,-0.13920100033283234,0.3878782093524933,0.14441591501235962,0.2687135934829712,1.7291789054870605,-0.2118585705757141,2.1779534816741943,-0.1951102763414383,0.39037010073661804,0.6396236419677734,-0.17627963423728943,0.3894402086734772,-0.33845600485801697
0.04830937460064888,0.2319168746471405,1.4855204820632935,0.3800640106201172,0.06470419466495514,2.0658068656921387,0.14731542766094208,-0.1477249413728714,2.0992836952209473,1.4722363948822021,-0.07044009864330292,-0.13919246196746826,0.38787585496902466,0.14441131055355072,0.2687191963195801,1.7291388511657715,-0.21185405552387238,2.177940845489502,-0.19515319168567657,0.3903518617153168,0.6396024823188782,-0.17626172304153442,0.3894946277141571,-0.33847537636756897
0.048359815031290054,0.2318856120109558,1.485865831375122,0.3800865411758423,0.06469027698040009,2.065831184387207,0.14727714657783508,-0.14773662388324738,2.099217653274536,1.4722514152526855,-0.07046571373939514,-0.13921786844730377,0.3878537714481354,0.1443909853696823,0.2686902582645416,1.7291412353515625,-0.21188248693943024,2.1779961585998535,-0.19515474140644073,0.39040762186050415,0.6397208571434021,-0.17629775404930115,0.38950902223587036,-0.33849042654037476
0.04829945042729378,0.23189187049865723,1.4855592250823975,0.3801167905330658,0.06471182405948639,2.065782070159912,0.14730557799339294,-0.1477557122707367,2.099292039871216,1.472197413444519,-0.07046029716730118,-0.13921388983726501,0.3878476619720459,0.14438320696353912,0.2686913013458252,1.7291107177734375,-0.21188193559646606,2.1779918670654297,-0.19519196450710297,0.3903927206993103,0.639708399772644,-0.1762869954109192,0.389554888010025,-0.3385075032711029
0.048329953104257584,0.23186829686164856,1.4857728481292725,0.3801358938217163,0.06470442563295364,2.0657944679260254,0.14728043973445892,-0.14776809513568878,2.099252700805664,1.472200632095337,-0.07047983258962631,-0.1392335295677185,0.3878280818462372,0.1443648487329483,0.26866841316223145,1.729110836982727,-0.21190424263477325,2.178034782409668,-0.19519934058189392,0.3904295563697815,0.639793336391449,-0.17631392180919647,0.3895713686943054,-0.3385210335254669
0.04829651489853859,0.23186685144901276,1.4856082201004028,0.3801582455635071,0.0647173598408699,2.065764904022217,0.14729411900043488,-0.14778414368629456,2.099294424057007,1.4721647500991821,-0.07048101723194122,-0.1392357498407364,0.38781827688217163,0.14435432851314545,0.2686634361743927,1.7290925979614258,-0.2119092345237732,2.178042411804199,-0.19522669911384583,0.39042457938194275,0.6398005485534668,-0.17631326615810394,0.389604777097702,-0.3385351598262787
0.04830329120159149,0.23185276985168457,1.4856706857681274,0.3801742494106293,0.06471733748912811,2.065762996673584,0.14728447794914246,-0.14779649674892426,2.0992860794067383,1.472154974937439,-0.07049272209405899,-0.139247864484787,0.38780319690704346,0.14433984458446503,0.26864856481552124,1.7290887832641602,-0.21192362904548645,2.178069829940796,-0.1952401101589203,0.3904411792755127,0.6398480534553528,-0.17632858455181122,0.38962364196777344,-0.3385470509529114
0.048297397792339325,0.23184385895729065,1.485654354095459,0.380188912153244,0.06472118198871613,2.065753221511841,0.14728307723999023,-0.14780859649181366,2.0992939472198486,1.4721384048461914,-0.07050009071826935,-0.13925577700138092,0.3877909481525421,0.1443278193473816,0.2686382234096527,1.729082465171814,-0.21193362772464752,2.178088665008545,-0.19525650143623352,0.39044755697250366,0.6398761868476868,-0.17633748054504395,0.38964372873306274,-0.3385581076145172
0.04828322306275368,0.23183873295783997,1.4855854511260986,0.3802020251750946,0.06472745537757874,2.0657386779785156,0.1472872495651245,-0.14782001078128815,2.0993123054504395,1.4721181392669678,-0.07050424814224243,-0.13926054537296295,0.3877811133861542,0.14431796967983246,0.26863136887550354,1.7290749549865723,-0.21194025874137878,2.178100824356079,-0.1952742636203766,0.39044666290283203,0.6398900747299194,-0.1763416826725006,0.3896636664867401,-0.33856824040412903
0.04830059036612511,0.23182412981987,1.4856960773468018,0.3802100419998169,0.064723439514637,2.0657460689544678,0.1472732126712799,-0.1478278934955597,2.0992910861968994,1.4721190929412842,-0.07051621377468109,-0.13927258551120758,0.387768030166626,0.14430581033229828,0.2686174213886261,1.7290784120559692,-0.21195371448993683,2.1781275272369385,-0.19528038799762726,0.3904629349708557,0.6399350166320801,-0.17635783553123474,0.3896714448928833,-0.33857640624046326
0.04827011376619339,0.23182666301727295,1.485526204109192,0.38022053241729736,0.06473445892333984,2.0657222270965576,0.1472882777452469,-0.14783762395381927,2.099330186843872,1.4720916748046875,-0.07051382958889008,-0.13927091658115387,0.3877635896205902,0.1443006992340088,0.26861774921417236,1.7290676832199097,-0.21195346117019653,2.178126096725464,-0.19530044496059418,0.3904484808444977,0.6399214267730713,-0.17635253071784973,0.38969096541404724,-0.3385847508907318
0.048306018114089966,0.2318081259727478,1.4857392311096191,0.38022303581237793,0.06472408771514893,2.0657436847686768,0.1472642570734024,-0.14784134924411774,2.09928560256958,1.4721074104309082,-0.07052889466285706,-0.1392856389284134,0.3877509534358978,0.14428935945034027,0.2686017155647278,1.7290786504745483,-0.21196895837783813,2.178157329559326,-0.19529743492603302,0.39047279953956604,0.63997882604599,-0.17637373507022858,0.3896879553794861,-0.33859020471572876
0.04826226830482483,0.23181742429733276,1.4854885339736938,0.3802312910556793,0.06473890691995621,2.0657126903533936,0.1472882628440857,-0.14784906804561615,2.0993411540985107,1.4720749855041504,-0.07052073627710342,-0.13927823305130005,0.3877517879009247,0.1442888230085373,0.26860854029655457,1.7290650606155396,-0.2119625359773636,2.1781437397003174,-0.1953185498714447,0.39044758677482605,0.6399421691894531,-0.1763601154088974,0.38970643281936646,-0.33859676122665405
0.04831422120332718,0.23179584741592407,1.4857909679412842,0.3802291750907898,0.06472300738096237,2.065746545791626,0.14725561439990997,-0.14784882962703705,2.099276065826416,1.4721039533615112,-0.07053821533918381,-0.13929499685764313,0.3877401053905487,0.14427858591079712,0.2685910761356354,1.7290821075439453,-0.21197950839996338,2.178178310394287,-0.19530710577964783,0.39047935605049133,0.6400102972984314,-0.17638537287712097,0.38969385623931885,-0.33859971165657043
0.04825723171234131,0.23181188106536865,1.485460877418518,0.38023582100868225,0.06474167853593826,2.0657079219818115,0.14728839695453644,-0.14785470068454742,2.0993480682373047,1.4720662832260132,-0.07052436470985413,-0.1392819583415985,0.387746125459671,0.14428244531154633,0.26860421895980835,1.7290650606155396,-0.2119671106338501,2.178152561187744,-0.19532930850982666,0.39044424891471863,0.639951765537262,-0.17636360228061676,0.3897119164466858,-0.33860456943511963
0.04832581803202629,0.23178699612617493,1.4858558177947998,0.3802295923233032,0.06472013145685196,2.0657541751861572,0.14724664390087128,-0.14785073697566986,2.099261999130249,1.4721084833145142,-0.07054456323385239,-0.1393010914325714,0.3877350389957428,0.14427295327186584,0.26858487725257874,1.7290879487991333,-0.21198596060276031,2.1781911849975586,-0.19530941545963287,0.39048460125923157,0.6400323510169983,-0.17639340460300446,0.3896903693675995,-0.3386050760746002
0.04825266823172569,0.23181062936782837,1.4854300022125244,0.3802354633808136,0.06474365293979645,2.0657057762145996,0.14728988707065582,-0.14785537123680115,2.0993545055389404,1.4720633029937744,-0.0705244168639183,-0.13928189873695374,0.38774624466896057,0.14428116381168365,0.26860475540161133,1.729066252708435,-0.21196714043617249,2.178152084350586,-0.19533398747444153,0.3904384970664978,0.6399495005607605,-0.1763625591993332,0.38970983028411865,-0.33860844373703003
0.0483413003385067,0.23178111016750336,1.4859354496002197,0.38022539019584656,0.0647154375910759,2.0657663345336914,0.14723697304725647,-0.1478479653596878,2.099243402481079,1.4721202850341797,-0.07054854929447174,-0.13930459320545197,0.38773468136787415,0.144271582365036,0.26858219504356384,1.7290958166122437,-0.2119891345500946,2.178197145462036,-0.1953050196170807,0.3904900550842285,0.6400471925735474,-0.17639869451522827,0.3896794021129608,-0.3386065363883972
0.048247165977954865,0.2318137288093567,1.4853863716125488,0.3802315890789032,0.06474541872739792,2.065704345703125,0.1472935527563095,-0.14785227179527283,2.09936261177063,1.4720638990402222,-0.0705210417509079,-0.13927830755710602,0.38775110244750977,0.1442842334508896,0.2686096429824829,1.7290676832199097,-0.21196307241916656,2.178143262863159,-0.19533410668373108,0.3904305100440979,0.6399352550506592,-0.17635713517665863,0.3897029757499695,-0.33860868215560913
0.048360392451286316,0.23177778720855713,1.4860252141952515,0.380217969417572,0.0647091418504715,2.065781593322754,0.14722676575183868,-0.14784175157546997,2.0992209911346436,1.472137689590454,-0.07055068761110306,-0.13930614292621613,0.3877376616001129,0.1442735344171524,0.26858213543891907,1.7291051149368286,-0.21198980510234833,2.1781983375549316,-0.1952952891588211,0.39049652218818665,0.6400556564331055,-0.17640191316604614,0.38966357707977295,-0.33860448002815247
0.04824163392186165,0.23182033002376556,1.485333800315857,0.38022565841674805,0.06474683433771133,2.0657031536102295,0.1472989022731781,-0.14784666895866394,2.0993716716766357,1.472066879272461,-0.07051514089107513,-0.13927219808101654,0.38775911927223206,0.14429056644439697,0.26861757040023804,1.7290693521499634,-0.2119559794664383,2.178128719329834,-0.19533084332942963,0.39042171835899353,0.6399108171463013,-0.1763485074043274,0.3896937370300293,-0.3386057913303375
0.048380233347415924,0.2317773699760437,1.4861057996749878,0.3802093267440796,0.0647023394703865,2.0657968521118164,0.1472177952528,-0.1478336751461029,2.099198818206787,1.4721571207046509,-0.07055087387561798,-0.13930578529834747,0.3877429664134979,0.14427819848060608,0.26858431100845337,1.7291148900985718,-0.21198809146881104,2.178194999694824,-0.1952827274799347,0.3905029594898224,0.6400550007820129,-0.17640267312526703,0.3896465599536896,-0.33859962224960327
0.04824158176779747,0.23182787001132965,1.4853028059005737,0.38021913170814514,0.06474634259939194,2.065704345703125,0.14730270206928253,-0.14783962070941925,2.0993754863739014,1.4720739126205444,-0.07050897181034088,-0.13926585018634796,0.38776808977127075,0.14429861307144165,0.2686258852481842,1.7290725708007812,-0.21194815635681152,2.1781132221221924,-0.1953240931034088,0.3904159963130951,0.6398826241493225,-0.17633983492851257,0.389683336019516,-0.33860042691230774
0.048393137753009796,0.23178158700466156,1.4861342906951904,0.38020235300064087,0.06469766050577164,2.0658059120178223,0.1472146213054657,-0.14782576262950897,2.099187135696411,1.4721720218658447,-0.07054773718118668,-0.1393023580312729,0.38775038719177246,0.1442856341600418,0.26858967542648315,1.7291218042373657,-0.2119828760623932,2.17818546295166,-0.19527162611484528,0.3905051350593567,0.6400365829467773,-0.17639859020709991,0.389633446931839,-0.33859318494796753
0.048257287591695786,0.23183195292949677,1.4853519201278687,0.38021326065063477,0.06474080681800842,2.065714120864868,0.14729857444763184,-0.14783191680908203,2.099360942840576,1.4720898866653442,-0.07050623744726181,-0.1392628699541092,0.38777512311935425,0.14430645108222961,0.2686307430267334,1.7290798425674438,-0.211943119764328,2.1781046390533447,-0.19531238079071045,0.3904199004173279,0.6398626565933228,-0.17633630335330963,0.3896712362766266,-0.3385934829711914
0.0483894944190979,0.2317926287651062,1.4860658645629883,0.3802000880241394,0.06469830125570297,2.0658016204833984,0.14722251892089844,-0.1478201150894165,2.0991978645324707,1.4721750020980835,-0.07053951174020767,-0.13929426670074463,0.3877600431442261,0.1442963182926178,0.2685996890068054,1.7291224002838135,-0.21197257936000824,2.1781668663024902,-0.19526685774326324,0.3904973566532135,0.6399904489517212,-0.17638660967350006,0.3896293342113495,-0.338586688041687
0.048294682055711746,0.23182940483093262,1.4855188131332397,0.380209356546402,0.06472836434841156,2.0657362937927246,0.147282212972641,-0.1478245109319687,2.099320650100708,1.472117304801941,-0.07050961256027222,-0.13926586508750916,0.3877781629562378,0.1443127989768982,0.26862940192222595,1.7290925979614258,-0.21194341778755188,2.1781086921691895,-0.19529542326927185,0.39043697714805603,0.6398594379425049,-0.17634153366088867,0.38965722918510437,-0.3385861814022064
0.04836970567703247,0.23180906474590302,1.4859168529510498,0.38020387291908264,0.06470412015914917,2.065784454345703,0.14724025130271912,-0.1478179544210434,2.099229574203491,1.4721652269363403,-0.07052737474441528,-0.13928265869617462,0.38777071237564087,0.14430958032608032,0.2686131000518799,1.7291160821914673,-0.21195834875106812,2.1781418323516846,-0.19526977837085724,0.39047959446907043,0.6399197578430176,-0.1763680875301361,0.3896350860595703,-0.33858156204223633
0.04834422841668129,0.23182211816310883,1.4857620000839233,0.38020896911621094,0.06471201032400131,2.065764904022217,0.14725813269615173,-0.14781905710697174,2.0992650985717773,1.4721496105194092,-0.07051748782396317,-0.13927330076694489,0.38777756690979004,0.14431801438331604,0.26862335205078125,1.729107141494751,-0.21194761991500854,2.1781222820281982,-0.19527746737003326,0.3904610574245453,0.6398656368255615,-0.17635273933410645,0.38964441418647766,-0.3385801315307617
0.04834713041782379,0.23182524740695953,1.4857685565948486,0.3802124261856079,0.06471085548400879,2.0657641887664795,0.1472586989402771,-0.14781898260116577,2.0992648601531982,1.4721510410308838,-0.07051598280668259,-0.13927192986011505,0.3877795934677124,0.14432291686534882,0.268625408411026,1.7291067838668823,-0.21194463968276978,2.178118944168091,-0.19527682662010193,0.3904595971107483,0.6398437023162842,-0.17634978890419006,0.38964614272117615,-0.33857855200767517
0.0483895018696785,0.2318146675825119,1.4859974384307861,0.3802129924297333,0.06469714641571045,2.0657899379730225,0.14723525941371918,-0.14781691133975983,2.099214792251587,1.4721766710281372,-0.07052598893642426,-0.1392814964056015,0.38777512311935425,0.14432281255722046,0.26861628890037537,1.7291187047958374,-0.211952343583107,2.1781375408172607,-0.19526422023773193,0.39048194885253906,0.6398669481277466,-0.1763639897108078,0.38963669538497925,-0.3385765254497528
0.04833373427391052,0.2318364828824997,1.4856855869293213,0.3802233040332794,0.0647149458527565,2.0657496452331543,0.1472700536251068,-0.14782220125198364,2.09928822517395,1.4721403121948242,-0.07050912827253342,-0.13926564157009125,0.38778451085090637,0.14433352649211884,0.26863300800323486,1.7290992736816406,-0.21193522214889526,2.178104877471924,-0.19528412818908691,0.3904445767402649,0.6397800445556641,-0.17633749544620514,0.3896573483943939,-0.3385777175426483
0.04842109605669975,0.23180976510047913,1.486167073249817,0.3802204132080078,0.06468712538480759,2.065805673599243,0.14721880853176117,-0.1478181630373001,2.099181652069092,1.4721932411193848,-0.07053270936012268,-0.13928814232349396,0.3877721130847931,0.14432679116725922,0.2686106860637665,1.7291252613067627,-0.21195568144321442,2.1781492233276367,-0.19525837898254395,0.3904939889907837,0.6398566961288452,-0.17637181282043457,0.3896349370479584,-0.33857566118240356
0.048333846032619476,0.2318410873413086,1.4856843948364258,0.38023388385772705,0.06471535563468933,2.065744638442993,0.1472715586423874,-0.14782650768756866,2.099295139312744,1.472136378288269,-0.07050803303718567,-0.13926495611667633,0.3877849280834198,0.14433948695659637,0.2686347961425781,1.7290959358215332,-0.21193157136440277,2.1781015396118164,-0.1952897012233734,0.3904373049736023,0.6397373676300049,-0.17633329331874847,0.3896652162075043,-0.3385787308216095
0.0484359934926033,0.2318083494901657,1.4862453937530518,0.38022923469543457,0.06468317657709122,2.0658109188079834,0.14721056818962097,-0.14782212674617767,2.099170446395874,1.4721980094909668,-0.07053667306900024,-0.13929228484630585,0.3877691626548767,0.14432913064956665,0.2686074674129486,1.7291269302368164,-0.21195705235004425,2.1781551837921143,-0.1952601969242096,0.39049553871154785,0.6398347020149231,-0.17637504637241364,0.3896379768848419,-0.3385772407054901
0.048347875475883484,0.23183892667293549,1.4857587814331055,0.3802419900894165,0.06471206992864609,2.0657496452331543,0.14726299047470093,-0.147830992937088,2.099285364151001,1.4721403121948242,-0.07051261514425278,-0.13926970958709717,0.3877810537815094,0.14433996379375458,0.26863089203834534,1.7290979623794556,-0.21193388104438782,2.1781082153320312,-0.1952926516532898,0.3904382288455963,0.6397188901901245,-0.176337331533432,0.3896677792072296,-0.3385811746120453
0.04843483865261078,0.23181027173995972,1.4862325191497803,0.3802376091480255,0.06468506157398224,2.0658063888549805,0.1472102403640747,-0.14782795310020447,2.099179983139038,1.4721922874450684,-0.07053780555725098,-0.13929380476474762,0.387766569852829,0.14432944357395172,0.2686068117618561,1.7291250228881836,-0.21195654571056366,2.178154945373535,-0.19526873528957367,0.3904872238636017,0.639803946018219,-0.17637380957603455,0.3896440863609314,-0.33858078718185425
0.04837261885404587,0.23183120787143707,1.4858874082565308,0.3802465498447418,0.06470591574907303,2.065763235092163,0.14724640548229218,-0.14783520996570587,2.0992624759674072,1.4721506834030151,-0.07052167505025864,-0.13927875459194183,0.3877737522125244,0.14433549344539642,0.2686225175857544,1.7291052341461182,-0.21194110810756683,2.1781227588653564,-0.1952933371067047,0.39044567942619324,0.6397225856781006,-0.1763480007648468,0.389664888381958,-0.33858466148376465
0.048423100262880325,0.23181387782096863,1.4861589670181274,0.3802441358566284,0.0646907240152359,2.0657958984375,0.14721478521823883,-0.14783473312854767,2.099203109741211,1.4721797704696655,-0.07053729891777039,-0.13929377496242523,0.38776394724845886,0.14432771503925323,0.26860761642456055,1.7291215658187866,-0.21195527911186218,2.1781511306762695,-0.19528160989284515,0.3904726505279541,0.6397714018821716,-0.1763700395822525,0.38965097069740295,-0.338585764169693
0.04840097948908806,0.23182052373886108,1.4860326051712036,0.38024789094924927,0.06469877809286118,2.0657799243927,0.14722633361816406,-0.14783918857574463,2.0992350578308105,1.472163438796997,-0.07053287327289581,-0.13928979635238647,0.3877646028995514,0.14432786405086517,0.26861199736595154,1.72911536693573,-0.21195103228092194,2.1781413555145264,-0.19529350101947784,0.3904556632041931,0.6397403478622437,-0.17636187374591827,0.38965848088264465,-0.33858898282051086
0.04840894788503647,0.23181673884391785,1.4860706329345703,0.38024818897247314,0.06469716131687164,2.065784454345703,0.1472196877002716,-0.14784151315689087,2.099228858947754,1.4721660614013672,-0.0705370083451271,-0.13929392397403717,0.38776063919067383,0.1443241387605667,0.26860812306404114,1.729119062423706,-0.21195484697818756,2.178148031234741,-0.19529569149017334,0.3904571533203125,0.6397455334663391,-0.1763666272163391,0.3896564245223999,-0.3385915458202362
0.048426222056150436,0.2318095713853836,1.4861594438552856,0.3802471458911896,0.06469249725341797,2.0657951831817627,0.1472073495388031,-0.14784309267997742,2.099210739135742,1.4721746444702148,-0.07054383307695389,-0.13930058479309082,0.3877551853656769,0.1443191021680832,0.2686016261577606,1.7291259765625,-0.2119612842798233,2.1781599521636963,-0.19529485702514648,0.39046451449394226,0.6397631168365479,-0.17637546360492706,0.38965120911598206,-0.3385939598083496
0.0483982153236866,0.23181740939617157,1.4860001802444458,0.3802500367164612,0.06470225006341934,2.0657753944396973,0.14722208678722382,-0.14784765243530273,2.0992493629455566,1.4721548557281494,-0.07053804397583008,-0.1392952799797058,0.38775643706321716,0.14431926608085632,0.2686072587966919,1.7291187047958374,-0.21195611357688904,2.178148031234741,-0.1953085958957672,0.39044469594955444,0.6397309303283691,-0.17636533081531525,0.38965949416160583,-0.3385975956916809
0.04844541475176811,0.2317998707294464,1.4862524271011353,0.3802456557750702,0.0646878331899643,2.0658061504364014,0.1471918523311615,-0.14784689247608185,2.0991930961608887,1.4721823930740356,-0.07055322825908661,-0.139309823513031,0.3877466320991516,0.14431069791316986,0.2685926556587219,1.7291353940963745,-0.21197043359279633,2.1781764030456543,-0.19529786705970764,0.3904709219932556,0.63978511095047,-0.17638686299324036,0.38964495062828064,-0.33859923481941223
0.04839271306991577,0.23181580007076263,1.4859580993652344,0.3802506625652313,0.06470532715320587,2.065769672393799,0.14722153544425964,-0.147852823138237,2.099262237548828,1.4721473455429077,-0.0705404281616211,-0.13929784297943115,0.3877517580986023,0.14431393146514893,0.26860499382019043,1.7291203737258911,-0.2119588702917099,2.1781516075134277,-0.1953192800283432,0.39043688774108887,0.639726996421814,-0.17636631429195404,0.38966071605682373,-0.3386034667491913
0.048458635807037354,0.2317918837070465,1.4863122701644897,0.3802446126937866,0.06468474864959717,2.065812826156616,0.14718039333820343,-0.1478504240512848,2.099181652069092,1.472186803817749,-0.07056063413619995,-0.139317125082016,0.38773950934410095,0.14430353045463562,0.2685855031013489,1.7291427850723267,-0.21197791397571564,2.178189754486084,-0.1953020542860031,0.390475332736969,0.6398038268089294,-0.17639559507369995,0.389640748500824,-0.33860448002815247
0.04839188978075981,0.23181255161762238,1.4859421253204346,0.38025131821632385,0.06470659375190735,2.0657668113708496,0.14721888303756714,-0.1478569507598877,2.0992679595947266,1.4721430540084839,-0.07054363191127777,-0.139301136136055,0.3877471387386322,0.1443088948726654,0.2686018645763397,1.7291228771209717,-0.2119624763727188,2.178157329559326,-0.1953275054693222,0.3904336988925934,0.63973069190979,-0.17636890709400177,0.38966119289398193,-0.33860889077186584
0.048466939479112625,0.23178568482398987,1.4863460063934326,0.38024500012397766,0.06468295305967331,2.0658159255981445,0.1471727192401886,-0.14785358309745789,2.099175453186035,1.4721883535385132,-0.07056606560945511,-0.13932248950004578,0.387734055519104,0.1442980319261551,0.26858019828796387,1.7291477918624878,-0.2119835764169693,2.1782002449035645,-0.19530676305294037,0.3904786705970764,0.6398183107376099,-0.17640173435211182,0.38963907957077026,-0.3386094272136688
0.04839453846216202,0.23180842399597168,1.4859468936920166,0.3802530765533447,0.06470650434494019,2.065765857696533,0.1472150832414627,-0.14786016941070557,2.0992681980133057,1.4721412658691406,-0.07054712623357773,-0.13930465281009674,0.3877430856227875,0.14430472254753113,0.268598347902298,1.7291254997253418,-0.21196630597114563,2.178164482116699,-0.19533345103263855,0.390434592962265,0.6397387981414795,-0.17637234926223755,0.3896620273590088,-0.33861371874809265
0.0484713539481163,0.23178118467330933,1.486360788345337,0.380247563123703,0.06468220800161362,2.0658161640167236,0.1471683382987976,-0.14785638451576233,2.099172830581665,1.4721877574920654,-0.07056968659162521,-0.13932612538337708,0.38773033022880554,0.1442943513393402,0.2685765027999878,1.7291501760482788,-0.2119874656200409,2.1782078742980957,-0.1953115165233612,0.3904816508293152,0.6398281455039978,-0.17640559375286102,0.38964027166366577,-0.33861392736434937
0.048399414867162704,0.2318040281534195,1.4859669208526611,0.38025665283203125,0.06470554322004318,2.0657663345336914,0.14721088111400604,-0.14786268770694733,2.09926438331604,1.4721410274505615,-0.07055052369832993,-0.13930806517601013,0.3877398669719696,0.14430169761180878,0.2685948312282562,1.7291271686553955,-0.21196991205215454,2.1781718730926514,-0.1953374445438385,0.39043882489204407,0.639748752117157,-0.17637605965137482,0.38966405391693115,-0.3386179208755493
0.048472847789525986,0.23177820444107056,1.486363410949707,0.38025256991386414,0.0646822601556778,2.065814256668091,0.14716657996177673,-0.14785891771316528,2.099172592163086,1.472185492515564,-0.07057181000709534,-0.13932831585407257,0.38772812485694885,0.144292414188385,0.26857417821884155,1.7291498184204102,-0.21198982000350952,2.178213119506836,-0.19531603157520294,0.3904847800731659,0.6398338079452515,-0.1764075756072998,0.3896442949771881,-0.3386179506778717
0.048405323177576065,0.23179985582828522,1.4859964847564697,0.3802623152732849,0.06470412760972977,2.065767288208008,0.1472068578004837,-0.14786475896835327,2.0992579460144043,1.4721415042877197,-0.07055357843637466,-0.13931111991405487,0.3877374827861786,0.14429987967014313,0.26859158277511597,1.729127287864685,-0.21197305619716644,2.1781790256500244,-0.19534000754356384,0.3904455304145813,0.6397588849067688,-0.17637962102890015,0.38966768980026245,-0.338621586561203
0.04847245663404465,0.2317764163017273,1.4863601922988892,0.38025981187820435,0.06468281149864197,2.0658106803894043,0.14716662466526031,-0.1478613168001175,2.0991737842559814,1.472182035446167,-0.07057284563779831,-0.1393294483423233,0.3877270817756653,0.14429189264774323,0.2685728371143341,1.72914719581604,-0.21199102699756622,2.1782164573669434,-0.19532018899917603,0.39048847556114197,0.639836311340332,-0.17640823125839233,0.38965070247650146,-0.3386215567588806
0.04841114208102226,0.2317962348461151,1.4860295057296753,0.380269855260849,0.06470264494419098,2.065767765045166,0.14720341563224792,-0.14786666631698608,2.0992510318756104,1.472141981124878,-0.07055612653493881,-0.1393136978149414,0.38773584365844727,0.14429911971092224,0.26858872175216675,1.7291259765625,-0.21197561919689178,2.178185224533081,-0.1953417807817459,0.3904537558555603,0.6397680044174194,-0.17638269066810608,0.38967302441596985,-0.3386248052120209
0.048471271991729736,0.23177538812160492,1.486356496810913,0.38026872277259827,0.06468352675437927,2.0658063888549805,0.14716753363609314,-0.14786367118358612,2.099175453186035,1.4721781015396118,-0.07057327032089233,-0.13933001458644867,0.387726753950119,0.14429235458374023,0.26857197284698486,1.7291430234909058,-0.2119915783405304,2.1782186031341553,-0.1953239142894745,0.39049309492111206,0.6398372054100037,-0.17640820145606995,0.3896588683128357,-0.3386247754096985
0.04841592162847519,0.23179341852664948,1.4860599040985107,0.38027873635292053,0.06470140069723129,2.065767288208008,0.1472008377313614,-0.14786860346794128,2.099245071411133,1.4721417427062988,-0.0705580934882164,-0.13931572437286377,0.3877348005771637,0.1442991942167282,0.26858633756637573,1.7291231155395508,-0.21197758615016937,2.1781904697418213,-0.19534333050251007,0.3904625475406647,0.6397755146026611,-0.1763850450515747,0.3896799385547638,-0.3386276960372925
0.04847035929560661,0.23177465796470642,1.4863567352294922,0.38027846813201904,0.06468405574560165,2.0658020973205566,0.1471683830022812,-0.14786599576473236,2.0991764068603516,1.4721742868423462,-0.07057356089353561,-0.13933046162128448,0.38772663474082947,0.14429329335689545,0.2685711681842804,1.7291380167007446,-0.21199201047420502,2.178220748901367,-0.19532713294029236,0.3904988765716553,0.6398382782936096,-0.1764080822467804,0.3896678686141968,-0.3386276662349701
0.04841895028948784,0.23179151117801666,1.4860824346542358,0.3802882432937622,0.06470062583684921,2.065765619277954,0.14719930291175842,-0.14787067472934723,2.099241018295288,1.4721404314041138,-0.07055944204330444,-0.13931718468666077,0.3877341151237488,0.14429977536201477,0.2685844898223877,1.7291191816329956,-0.21197901666164398,2.178194761276245,-0.1953451782464981,0.39047104120254517,0.6397811770439148,-0.17638655006885529,0.3896879553794861,-0.3386303782463074
0.048470638692379,0.23177377879619598,1.4863643646240234,0.38028818368911743,0.06468413025140762,2.065798282623291,0.14716841280460358,-0.1478682905435562,2.0991759300231934,1.4721713066101074,-0.07057414203882217,-0.13933120667934418,0.3877263069152832,0.14429420232772827,0.26857003569602966,1.729133129119873,-0.2119927555322647,2.1782236099243164,-0.19532983005046844,0.39050590991973877,0.6398410797119141,-0.17640843987464905,0.3896767795085907,-0.338630348443985
0.04841969534754753,0.23179054260253906,1.4860926866531372,0.3802976906299591,0.06470052897930145,2.0657620429992676,0.14719894528388977,-0.14787296950817108,2.0992400646209717,1.472137689590454,-0.07056017965078354,-0.1393180787563324,0.3877336382865906,0.14430055022239685,0.268583208322525,1.7291144132614136,-0.211979940533638,2.1781978607177734,-0.19534772634506226,0.3904784619808197,0.6397848725318909,-0.17638714611530304,0.3896966576576233,-0.3386329710483551
0.04847293347120285,0.231772318482399,1.4863821268081665,0.38029715418815613,0.06468351930379868,2.0657958984375,0.14716698229312897,-0.1478705108165741,2.099173069000244,1.4721695184707642,-0.07057536393404007,-0.13933256268501282,0.38772547245025635,0.1442946493625641,0.2685683071613312,1.7291289567947388,-0.21199417114257812,2.178227663040161,-0.19533193111419678,0.3905142843723297,0.6398469805717468,-0.1764097511768341,0.3896848261356354,-0.33863285183906555
0.048417653888463974,0.23179054260253906,1.4860867261886597,0.3803066313266754,0.06470130383968353,2.0657565593719482,0.14719995856285095,-0.14787551760673523,2.099242925643921,1.4721332788467407,-0.0705602616071701,-0.13931836187839508,0.3877333104610443,0.14430131018161774,0.2685825824737549,1.7291091680526733,-0.21198035776615143,2.178199529647827,-0.19535131752490997,0.390484094619751,0.6397863626480103,-0.17638671398162842,0.38970571756362915,-0.33863556385040283
0.04847816005349159,0.2317698448896408,1.4864140748977661,0.38030490279197693,0.06468196958303452,2.0657951831817627,0.1471634805202484,-0.14787258207798004,2.0991671085357666,1.4721697568893433,-0.07057756185531616,-0.13933485746383667,0.3877239227294922,0.14429432153701782,0.26856565475463867,1.7291263341903687,-0.21199660003185272,2.1782331466674805,-0.19533325731754303,0.39052414894104004,0.6398571133613586,-0.1764124631881714,0.3896912932395935,-0.33863523602485657
0.04841216653585434,0.23179161548614502,1.4860605001449585,0.3803149163722992,0.06470321863889694,2.065748691558838,0.147202730178833,-0.14787833392620087,2.099250555038452,1.472126841545105,-0.0705595463514328,-0.13931789994239807,0.38773319125175476,0.14430196583271027,0.2685827314853668,1.729103446006775,-0.21198013424873352,2.178199529647827,-0.19535622000694275,0.3904871940612793,0.6397846937179565,-0.17638500034809113,0.3897150158882141,-0.3386382758617401
0.04848755523562431,0.23176583647727966,1.4864659309387207,0.3803113102912903,0.06467914581298828,2.0657973289489746,0.147157222032547,-0.1478743851184845,2.099156141281128,1.4721726179122925,-0.07058108597993851,-0.139338418841362,0.387721449136734,0.14429298043251038,0.2685617208480835,1.7291256189346313,-0.21200034022331238,2.17824125289917,-0.19533346593379974,0.39053598046302795,0.6398724913597107,-0.17641711235046387,0.3896956443786621,-0.3386376202106476
0.048402298241853714,0.23179399967193604,1.4860085248947144,0.38032275438308716,0.06470663100481033,2.0657379627227783,0.14720794558525085,-0.14788146317005157,2.099264144897461,1.47211754322052,-0.07055775821208954,-0.13931643962860107,0.38773342967033386,0.1443026214838028,0.2685839533805847,1.7290968894958496,-0.2119789719581604,2.1781973838806152,-0.19536282122135162,0.3904869556427002,0.6397782564163208,-0.17638160288333893,0.38972482085227966,-0.3386412262916565
0.04850270599126816,0.23175974190235138,1.4865449666976929,0.38031649589538574,0.06467460840940475,2.0658035278320312,0.14714740216732025,-0.1478758007287979,2.0991384983062744,1.4721790552139282,-0.07058635354042053,-0.13934363424777985,0.3877179026603699,0.1442904770374298,0.2685561776161194,1.7291274070739746,-0.21200571954250336,2.1782524585723877,-0.1953321397304535,0.3905505836009979,0.6398941874504089,-0.1764242798089981,0.38969752192497253,-0.3386400043964386
0.04838724061846733,0.23179802298545837,1.4859259128570557,0.3803306519985199,0.06471189856529236,2.0657238960266113,0.14721627533435822,-0.14788497984409332,2.0992848873138428,1.4721050262451172,-0.07055460661649704,-0.1393136829137802,0.3877342939376831,0.14430342614650726,0.26858654618263245,1.729089379310608,-0.2119765281677246,2.178192377090454,-0.19537146389484406,0.3904828429222107,0.6397651433944702,-0.17637602984905243,0.3897356688976288,-0.33864450454711914
0.04852476716041565,0.23175127804279327,1.486654281616211,0.3803209364414215,0.06466808915138245,2.06581449508667,0.14713360369205475,-0.1478767842054367,2.0991129875183105,1.4721897840499878,-0.07059357315301895,-0.13935071229934692,0.3877132833003998,0.14428679645061493,0.2685488164424896,1.7291319370269775,-0.2120128720998764,2.178267002105713,-0.1953289806842804,0.39056873321533203,0.6399222016334534,-0.17643426358699799,0.3896970748901367,-0.3386424481868744
0.04836833104491234,0.23180337250232697,1.4858191013336182,0.3803393244743347,0.06471871584653854,2.065707206726074,0.14722730219364166,-0.14788882434368134,2.099311351776123,1.4720897674560547,-0.07055030018091202,-0.1393098533153534,0.3877358138561249,0.14430442452430725,0.2685903012752533,1.7290810346603394,-0.21197295188903809,2.178184747695923,-0.19538187980651855,0.3904758095741272,0.63974529504776,-0.1763685941696167,0.38974788784980774,-0.3386481702327728
0.04855119436979294,0.23174145817756653,1.4867743253707886,0.38032591342926025,0.06466053426265717,2.0658278465270996,0.14711777865886688,-0.14787758886814117,2.099083185195923,1.4722026586532593,-0.07060184329748154,-0.13935881853103638,0.3877081871032715,0.1442824751138687,0.26854047179222107,1.7291381359100342,-0.2120208889245987,2.178283452987671,-0.1953250914812088,0.3905891478061676,0.639951765537262,-0.17644567787647247,0.389695942401886,-0.3386451005935669
0.048354558646678925,0.23180727660655975,1.4857335090637207,0.38034921884536743,0.06472437083721161,2.065692901611328,0.14723612368106842,-0.1478925496339798,2.0993330478668213,1.4720768928527832,-0.07054713368415833,-0.1393071711063385,0.38773679733276367,0.14430482685565948,0.2685929536819458,1.729074239730835,-0.2119702845811844,2.1781795024871826,-0.19539155066013336,0.3904716968536377,0.6397265791893005,-0.17636267840862274,0.38975989818573,-0.338652104139328
0.04856899753212929,0.23173493146896362,1.4868320226669312,0.3803342580795288,0.06465627253055573,2.0658340454101562,0.14710815250873566,-0.14787936210632324,2.0990662574768066,1.4722092151641846,-0.07060734182596207,-0.13936439156532288,0.38770467042922974,0.1442793607711792,0.2685348093509674,1.7291412353515625,-0.21202614903450012,2.1782946586608887,-0.19532521069049835,0.3906044363975525,0.6399655938148499,-0.1764526218175888,0.3896995186805725,-0.33864858746528625
0.04836749657988548,0.23180264234542847,1.4857770204544067,0.3803600072860718,0.06472199410200119,2.065694570541382,0.14723005890846252,-0.14789508283138275,2.099323272705078,1.4720795154571533,-0.0705510750412941,-0.13931132853031158,0.38773417472839355,0.1443025767803192,0.2685888111591339,1.729075312614441,-0.21197395026683807,2.178187847137451,-0.19539417326450348,0.39048415422439575,0.639731228351593,-0.17636704444885254,0.3897666931152344,-0.3386561870574951
0.04855620861053467,0.23173902928829193,1.4867243766784668,0.380349725484848,0.06466227769851685,2.06581711769104,0.14711782336235046,-0.14788426458835602,2.0990898609161377,1.472194790840149,-0.07060406357049942,-0.13936176896095276,0.38770592212677,0.1442805975675583,0.26853764057159424,1.7291334867477417,-0.21202294528484344,2.1782894134521484,-0.19533729553222656,0.3906015157699585,0.6399375796318054,-0.17644575238227844,0.38971593976020813,-0.3386540710926056
0.048423830419778824,0.2317834198474884,1.4860343933105469,0.3803713917732239,0.06470582634210587,2.065723180770874,0.14719831943511963,-0.14789609611034393,2.0992603302001953,1.4721075296401978,-0.07056727260351181,-0.13932719826698303,0.3877250552177429,0.14429639279842377,0.2685728967189789,1.7290887832641602,-0.21198859810829163,2.17822003364563,-0.19538523256778717,0.39052340388298035,0.6397785544395447,-0.17638906836509705,0.38976407051086426,-0.3386608064174652
0.04851146414875984,0.23175351321697235,1.4864681959152222,0.38037317991256714,0.06467845290899277,2.065776824951172,0.14714635908603668,-0.14789333939552307,2.099153995513916,1.4721583127975464,-0.07059235870838165,-0.1393512487411499,0.38771140575408936,0.14428694546222687,0.2685486078262329,1.7291136980056763,-0.21201150119304657,2.1782686710357666,-0.1953626275062561,0.3905792236328125,0.6398683190345764,-0.17642523348331451,0.38974595069885254,-0.33866244554519653
0.04850282520055771,0.23175574839115143,1.4864182472229004,0.3803851902484894,0.06468190997838974,2.065765380859375,0.14715176820755005,-0.1478978544473648,2.099168539047241,1.472148060798645,-0.07059082388877869,-0.13935008645057678,0.38771167397499084,0.144289031624794,0.26854994893074036,1.72910737991333,-0.21200962364673615,2.178266763687134,-0.19537203013896942,0.3905763328075409,0.6398488283157349,-0.17642103135585785,0.3897578716278076,-0.33866724371910095
0.0484665222465992,0.23176699876785278,1.4862327575683594,0.38040056824684143,0.06469414383172989,2.065735101699829,0.14717328548431396,-0.14790485799312592,2.099217653274536,1.4721200466156006,-0.07058189809322357,-0.13934193551540375,0.3877156674861908,0.14429450035095215,0.26855841279029846,1.7290918827056885,-0.21200084686279297,2.178251028060913,-0.19539111852645874,0.3905565142631531,0.6397982835769653,-0.1764054298400879,0.389778733253479,-0.33867335319519043
0.04856709763407707,0.23173187673091888,1.4867454767227173,0.3804032802581787,0.06466224789619446,2.0657968521118164,0.14711208641529083,-0.14790289103984833,2.0990946292877197,1.4721779823303223,-0.07061165571212769,-0.13937042653560638,0.3876990079879761,0.14428392052650452,0.26852965354919434,1.729119896888733,-0.2120279222726822,2.1783089637756348,-0.19536644220352173,0.39062002301216125,0.6399035453796387,-0.17644783854484558,0.38975805044174194,-0.338676393032074
0.04844960197806358,0.23177003860473633,1.486153483390808,0.38042694330215454,0.06470061093568802,2.065711498260498,0.14718152582645416,-0.1479162722826004,2.099246025085449,1.4720983505249023,-0.07058058679103851,-0.139341339468956,0.38771429657936096,0.14429843425750732,0.26855942606925964,1.7290781736373901,-0.21199865639209747,2.178251028060913,-0.19541291892528534,0.3905507028102875,0.6397623419761658,-0.17639854550361633,0.3898039758205414,-0.33868542313575745
0.04859573766589165,0.2317192107439041,1.4868943691253662,0.3804250657558441,0.0646541640162468,2.0658037662506104,0.14709217846393585,-0.1479116678237915,2.0990662574768066,1.472184658050537,-0.07062363624572754,-0.13938245177268982,0.3876902461051941,0.14428164064884186,0.2685178816318512,1.7291208505630493,-0.21203821897506714,2.1783339977264404,-0.19537420570850372,0.390641987323761,0.6399211287498474,-0.17646072804927826,0.38976913690567017,-0.33868783712387085
0.0484711118042469,0.23175948858261108,1.4862679243087769,0.380448579788208,0.0646950826048851,2.065713882446289,0.14716526865959167,-0.14792577922344208,2.0992274284362793,1.4721003770828247,-0.07059101015329361,-0.13935191929340363,0.3877059817314148,0.14429575204849243,0.2685491442680359,1.7290773391723633,-0.21200776100158691,2.1782724857330322,-0.1954234540462494,0.3905682861804962,0.6397742629051208,-0.17640900611877441,0.3898165225982666,-0.3386973440647125
0.04858487471938133,0.2317192554473877,1.4868395328521729,0.3804483413696289,0.06465929746627808,2.0657849311828613,0.1470946967601776,-0.14792345464229584,2.0990889072418213,1.4721664190292358,-0.0706254169344902,-0.13938488066196442,0.3876860737800598,0.1442812979221344,0.2685158848762512,1.7291103601455688,-0.21203961968421936,2.1783385276794434,-0.19539541006088257,0.3906398117542267,0.6398994326591492,-0.1764581948518753,0.3897903561592102,-0.33870071172714233
0.048522040247917175,0.2317383885383606,1.4865235090255737,0.3804640471935272,0.06468051671981812,2.065737247467041,0.14712995290756226,-0.1479332447052002,2.099172592163086,1.4721213579177856,-0.07061053067445755,-0.13937115669250488,0.38769203424453735,0.14428672194480896,0.2685300409793854,1.7290873527526855,-0.2120259404182434,2.1783103942871094,-0.19542454183101654,0.390603631734848,0.6398263573646545,-0.1764332503080368,0.38981735706329346,-0.3387085795402527
0.048551686108112335,0.23172615468502045,1.4866715669631958,0.38046973943710327,0.06467196345329285,2.0657525062561035,0.147109255194664,-0.14793655276298523,2.099139928817749,1.4721347093582153,-0.07062176614999771,-0.13938216865062714,0.3876839876174927,0.14428068697452545,0.2685190439224243,1.729094386100769,-0.2120366394519806,2.1783318519592285,-0.19542349874973297,0.39062365889549255,0.639860212802887,-0.17644770443439484,0.38981518149375916,-0.33871394395828247
0.048575423657894135,0.23171575367450714,1.4867898225784302,0.38047489523887634,0.06466533988714218,2.0657641887664795,0.1470918506383896,-0.14794011414051056,2.0991146564483643,1.472144603729248,-0.0706314891576767,-0.1393917351961136,0.3876765966415405,0.1442747563123703,0.26850947737693787,1.729099988937378,-0.2120460718870163,2.1783502101898193,-0.19542410969734192,0.3906399607658386,0.6398892998695374,-0.17645998299121857,0.38981392979621887,-0.33871927857398987
0.04852315038442612,0.2317308783531189,1.4865262508392334,0.38048630952835083,0.06468323618173599,2.065725088119507,0.14712004363536835,-0.14794868230819702,2.099184989929199,1.47210693359375,-0.07061996310949326,-0.13938117027282715,0.3876803517341614,0.14427724480628967,0.268520325422287,1.7290817499160767,-0.2120359241962433,2.178328037261963,-0.19544902443885803,0.39060983061790466,0.6398337483406067,-0.17644041776657104,0.3898351490497589,-0.33872634172439575
0.04860861599445343,0.23169951140880585,1.486952304840088,0.38048362731933594,0.06465673446655273,2.065779209136963,0.1470654159784317,-0.1479475051164627,2.0990817546844482,1.472156286239624,-0.07064703851938248,-0.13940715789794922,0.38766366243362427,0.14426332712173462,0.26849400997161865,1.7291079759597778,-0.21206167340278625,2.1783792972564697,-0.19542886316776276,0.39066359400749207,0.6399354934692383,-0.17647910118103027,0.3898136019706726,-0.3387295603752136
0.048515934497117996,0.23172825574874878,1.4864845275878906,0.38049739599227905,0.06468769162893295,2.065713405609131,0.14711810648441315,-0.14795827865600586,2.0992026329040527,1.4720935821533203,-0.07062404602766037,-0.13938571512699127,0.3876734673976898,0.14427006244659424,0.26851582527160645,1.7290774583816528,-0.21204105019569397,2.178335189819336,-0.1954660415649414,0.3906087577342987,0.6398358345031738,-0.17644260823726654,0.3898461163043976,-0.33873704075813293
0.04861431568861008,0.2316926270723343,1.486971378326416,0.38049232959747314,0.06465701758861542,2.0657765865325928,0.14705613255500793,-0.14795558154582977,2.0990829467773438,1.472151517868042,-0.0706544741988182,-0.13941484689712524,0.387655109167099,0.14425449073314667,0.26848623156547546,1.7291083335876465,-0.21206998825073242,2.1783928871154785,-0.19544078409671783,0.39067038893699646,0.6399530172348022,-0.17648667097091675,0.3898199200630188,-0.338739275932312
0.04853259027004242,0.23171783983707428,1.4865576028823853,0.3805043399333954,0.06468439102172852,2.065718412399292,0.14710284769535065,-0.1479649841785431,2.099189519882202,1.4720962047576904,-0.07063417881727219,-0.13939592242240906,0.38766369223594666,0.14426015317440033,0.26850542426109314,1.729081630706787,-0.2120518684387207,2.178354024887085,-0.19547349214553833,0.39062225818634033,0.6398658156394958,-0.176454558968544,0.3898487389087677,-0.33874577283859253
0.04859815537929535,0.23169346153736115,1.4868789911270142,0.3805021047592163,0.06466416269540787,2.0657598972320557,0.1470613032579422,-0.14796395599842072,2.0991103649139404,1.4721338748931885,-0.0706549733877182,-0.1394158899784088,0.387650728225708,0.14424896240234375,0.26848506927490234,1.7291020154953003,-0.21207180619239807,2.178393602371216,-0.19545795023441315,0.3906639516353607,0.6399452090263367,-0.17648443579673767,0.3898324966430664,-0.33874818682670593
0.04856356978416443,0.231702983379364,1.4867017269134521,0.380509614944458,0.06467612832784653,2.0657339096069336,0.14708037674427032,-0.1479695737361908,2.099156618118286,1.4721086025238037,-0.07064744085073471,-0.13940900564193726,0.3876529335975647,0.14424996078014374,0.2684919536113739,1.7290902137756348,-0.21206539869308472,2.178379535675049,-0.19547446072101593,0.3906446397304535,0.6399104595184326,-0.17647181451320648,0.3898470401763916,-0.3387528955936432
0.04857441410422325,0.23169729113578796,1.4867523908615112,0.38051295280456543,0.06467330455780029,2.0657386779785156,0.1470724493265152,-0.14797182381153107,2.0991451740264893,1.4721121788024902,-0.07065241038799286,-0.13941393792629242,0.38764873147010803,0.14424622058868408,0.26848679780960083,1.7290928363800049,-0.212070494890213,2.178389549255371,-0.19547580182552338,0.3906530737876892,0.6399264931678772,-0.17647813260555267,0.38984787464141846,-0.33875617384910583
0.04859425127506256,0.2316886931657791,1.486849308013916,0.3805156946182251,0.06466744840145111,2.065749406814575,0.14705945551395416,-0.14797323942184448,2.0991220474243164,1.4721215963363647,-0.07065966725349426,-0.1394210159778595,0.38764357566833496,0.14424201846122742,0.26847946643829346,1.7290980815887451,-0.21207760274410248,2.1784040927886963,-0.1954738050699234,0.39066705107688904,0.6399519443511963,-0.1764879822731018,0.38984620571136475,-0.3387589752674103
0.04855668544769287,0.2316996157169342,1.4866613149642944,0.380524218082428,0.06467999517917633,2.0657215118408203,0.14708131551742554,-0.14797836542129517,2.099170684814453,1.472095012664795,-0.07065057009458542,-0.13941258192062378,0.38764727115631104,0.14424508810043335,0.2684878706932068,1.7290847301483154,-0.21206945180892944,2.1783876419067383,-0.1954900175333023,0.3906461000442505,0.6399115324020386,-0.17647334933280945,0.3898622989654541,-0.3387629985809326
0.048614587634801865,0.23167850077152252,1.486950159072876,0.38052377104759216,0.06466164439916611,2.065758228302002,0.1470460295677185,-0.14797669649124146,2.0990986824035645,1.4721287488937378,-0.07066801935434341,-0.1394292712211609,0.387637197971344,0.14423750340938568,0.26847073435783386,1.7291016578674316,-0.21208582818508148,2.178421974182129,-0.19547486305236816,0.39068344235420227,0.6399786472320557,-0.17649875581264496,0.38984930515289307,-0.33876433968544006
0.048551347106695175,0.2316984385251999,1.4866358041763306,0.3805351257324219,0.06468231976032257,2.0657131671905518,0.14708390831947327,-0.147983118891716,2.0991787910461426,1.4720863103866577,-0.07065125554800034,-0.13941353559494019,0.387645423412323,0.1442445069551468,0.26848655939102173,1.7290797233581543,-0.21207039058208466,2.178391218185425,-0.19549858570098877,0.3906470239162445,0.6399077773094177,-0.17647278308868408,0.3898734748363495,-0.33876854181289673
0.04862156882882118,0.23167352378368378,1.4869862794876099,0.3805336356163025,0.06465988606214523,2.065758228302002,0.1470416784286499,-0.14798010885715485,2.099090814590454,1.4721282720565796,-0.07067172974348068,-0.13943304121494293,0.38763415813446045,0.144236221909523,0.2684665620326996,1.7291003465652466,-0.2120894342660904,2.178431272506714,-0.1954786330461502,0.3906920850276947,0.6399878263473511,-0.17650295794010162,0.38985675573349,-0.3387690782546997
0.04855809733271599,0.23169389367103577,1.4866714477539062,0.38054490089416504,0.0646805688738823,2.0657131671905518,0.14708006381988525,-0.14798606932163239,2.0991709232330322,1.4720860719680786,-0.07065451145172119,-0.13941684365272522,0.3876429796218872,0.1442437767982483,0.26848286390304565,1.7290780544281006,-0.21207350492477417,2.1783995628356934,-0.1955016702413559,0.3906556963920593,0.639915943145752,-0.17647650837898254,0.38988083600997925,-0.3387727737426758
0.048617199063301086,0.23167306184768677,1.4869661331176758,0.38054415583610535,0.0646616667509079,2.065751075744629,0.14704474806785583,-0.1479833722114563,2.0990967750549316,1.4721214771270752,-0.07067154347896576,-0.13943307101726532,0.3876338303089142,0.14423713088035583,0.2684662342071533,1.7290951013565063,-0.21208932995796204,2.1784329414367676,-0.19548459351062775,0.39069411158561707,0.639983057975769,-0.17650169134140015,0.3898671567440033,-0.33877313137054443
0.048572540283203125,0.23168739676475525,1.4867448806762695,0.38055306673049927,0.06467624008655548,2.0657191276550293,0.14707191288471222,-0.14798761904239655,2.0991530418395996,1.4720916748046875,-0.07065935432910919,-0.13942161202430725,0.38764020800590515,0.14424267411231995,0.26847773790359497,1.7290788888931274,-0.2120780497789383,2.178410530090332,-0.19550086557865143,0.3906693160533905,0.6399326324462891,-0.17648297548294067,0.38988494873046875,-0.3387759327888489
0.048606302589178085,0.231675386428833,1.4869133234024048,0.38055405020713806,0.06466548144817352,2.0657401084899902,0.1470518410205841,-0.1479862928390503,2.0991106033325195,1.472111463546753,-0.07066909223794937,-0.1394309103488922,0.38763508200645447,0.14423905313014984,0.2684681713581085,1.7290878295898438,-0.21208712458610535,2.1784298419952393,-0.19549143314361572,0.3906923532485962,0.6399714350700378,-0.17649732530117035,0.38987836241722107,-0.33877652883529663
0.04858896881341934,0.2316807210445404,1.4868277311325073,0.3805595338344574,0.06467120349407196,2.0657267570495605,0.14706245064735413,-0.14798834919929504,2.099132537841797,1.4720993041992188,-0.07066445052623749,-0.1394265741109848,0.38763758540153503,0.1442413479089737,0.26847246289253235,1.7290805578231812,-0.2120828926563263,2.17842173576355,-0.19549836218357086,0.39068421721458435,0.6399526596069336,-0.17649008333683014,0.3898870348930359,-0.3387782573699951
0.04859401285648346,0.23167859017848969,1.4868532419204712,0.3805623948574066,0.06466969102621078,2.0657286643981934,0.14705948531627655,-0.14798875153064728,2.0991263389587402,1.4721013307571411,-0.07066606730222702,-0.13942816853523254,0.38763678073883057,0.14424094557762146,0.26847073435783386,1.7290805578231812,-0.21208448708057404,2.1784253120422363,-0.19549785554409027,0.3906897008419037,0.6399596333503723,-0.17649230360984802,0.3898884654045105,-0.3387792706489563
0.048603080213069916,0.2316751629114151,1.4868985414505005,0.380564421415329,0.06466685980558395,2.0657334327697754,0.14705400168895721,-0.14798878133296967,2.0991151332855225,1.4721060991287231,-0.07066880166530609,-0.13943082094192505,0.38763538002967834,0.14423997700214386,0.2684679627418518,1.7290819883346558,-0.21208715438842773,2.1784310340881348,-0.19549591839313507,0.3906975984573364,0.6399715542793274,-0.1764962375164032,0.38988828659057617,-0.3387800455093384
0.048583727329969406,0.23168139159679413,1.486802339553833,0.3805687725543976,0.06467320024967194,2.0657191276550293,0.14706552028656006,-0.14799070358276367,2.09913969039917,1.4720929861068726,-0.07066356390714645,-0.13942591845989227,0.3876381516456604,0.14424224197864532,0.2684728801250458,1.729074478149414,-0.21208246052265167,2.1784214973449707,-0.1955031007528305,0.39068809151649475,0.6399515271186829,-0.17648819088935852,0.3898964524269104,-0.3387814462184906
0.04861315339803696,0.23167121410369873,1.4869482517242432,0.3805680572986603,0.06466378271579742,2.065737724304199,0.14704759418964386,-0.1479892134666443,2.0991029739379883,1.4721107482910156,-0.07067202031612396,-0.13943397998809814,0.38763365149497986,0.1442386955022812,0.2684646248817444,1.7290828227996826,-0.21209049224853516,2.1784379482269287,-0.1954943984746933,0.39070823788642883,0.639987051486969,-0.17650075256824493,0.3898893892765045,-0.33878153562545776
0.04857669025659561,0.23168329894542694,1.4867665767669678,0.38057342171669006,0.06467562913894653,2.0657119750976562,0.14706926047801971,-0.14799223840236664,2.099149227142334,1.472087025642395,-0.0706619992852211,-0.13942453265190125,0.3876388967037201,0.1442427933216095,0.26847416162490845,1.7290701866149902,-0.21208138763904572,2.1784191131591797,-0.19550704956054688,0.39068809151649475,0.6399479508399963,-0.17648550868034363,0.3899022936820984,-0.33878323435783386
0.048619527369737625,0.2316686511039734,1.486978530883789,0.3805709183216095,0.06466187536716461,2.065739870071411,0.1470431536436081,-0.14798979461193085,2.0990958213806152,1.4721133708953857,-0.07067424058914185,-0.13943617045879364,0.3876323401927948,0.14423756301403046,0.26846227049827576,1.7290830612182617,-0.21209295094013214,2.1784427165985107,-0.19549398124217987,0.39071616530418396,0.6399987936019897,-0.1765037626028061,0.38989073038101196,-0.3387828767299652
0.04857267811894417,0.23168429732322693,1.4867448806762695,0.3805769383907318,0.06467707455158234,2.065707206726074,0.1470710188150406,-0.1479935348033905,2.0991554260253906,1.4720830917358398,-0.07066132128238678,-0.13942399621009827,0.38763904571533203,0.1442427784204483,0.26847460865974426,1.7290672063827515,-0.2120811641216278,2.1784181594848633,-0.19551002979278564,0.3906894028186798,0.6399477124214172,-0.1764841377735138,0.38990652561187744,-0.338784784078598
0.048623524606227875,0.23166696727275848,1.486996054649353,0.38057348132133484,0.06466073542833328,2.0657403469085693,0.14704006910324097,-0.14799058437347412,2.0990920066833496,1.4721144437789917,-0.07067583501338959,-0.13943779468536377,0.38763123750686646,0.14423657953739166,0.26846057176589966,1.7290828227996826,-0.21209479868412018,2.178446054458618,-0.19549442827701569,0.3907220661640167,0.6400071978569031,-0.17650575935840607,0.3898923397064209,-0.33878418803215027
0.04857083410024643,0.2316845953464508,1.4867334365844727,0.38058000802993774,0.06467782706022263,2.0657036304473877,0.1470714658498764,-0.1479947865009308,2.099159002304077,1.4720804691314697,-0.07066129893064499,-0.13942408561706543,0.38763874769210815,0.14424249529838562,0.2684744894504547,1.7290652990341187,-0.21208147704601288,2.1784183979034424,-0.19551245868206024,0.3906913995742798,0.6399489045143127,-0.1764836609363556,0.38990989327430725,-0.338786244392395
0.048626627773046494,0.23166559636592865,1.4870089292526245,0.38057613372802734,0.06465990096330643,2.0657401084899902,0.1470375955104828,-0.14799156785011292,2.0990893840789795,1.47211492061615,-0.07067721337080002,-0.13943921029567719,0.3876301646232605,0.144235759973526,0.2684590816497803,1.7290825843811035,-0.21209636330604553,2.1784489154815674,-0.1954953521490097,0.3907267451286316,0.6400132179260254,-0.1765073537826538,0.3898942172527313,-0.3387855589389801
0.04857010021805763,0.23168449103832245,1.4867277145385742,0.38058316707611084,0.06467825174331665,2.0657010078430176,0.14707137644290924,-0.14799611270427704,2.099161148071289,1.4720784425735474,-0.07066161185503006,-0.13942448794841766,0.3876382112503052,0.14424218237400055,0.2684740126132965,1.729063868522644,-0.21208199858665466,2.178419351577759,-0.1955147534608841,0.39069339632987976,0.6399496793746948,-0.176483616232872,0.38991302251815796,-0.3387877643108368
0.04863009601831436,0.2316640317440033,1.4870240688323975,0.38057905435562134,0.0646589919924736,2.0657405853271484,0.14703504741191864,-0.14799268543720245,2.099086284637451,1.4721155166625977,-0.0706787258386612,-0.13944076001644135,0.387628972530365,0.1442350149154663,0.26845747232437134,1.729082465171814,-0.2120979279279709,2.1784520149230957,-0.19549641013145447,0.39073094725608826,0.6400179266929626,-0.1765090674161911,0.3898961842060089,-0.3387870490550995
0.04856939613819122,0.23168429732322693,1.4867228269577026,0.380586713552475,0.06467872112989426,2.0656986236572266,0.14707142114639282,-0.14799760282039642,2.099163293838501,1.4720762968063354,-0.07066196948289871,-0.13942494988441467,0.3876376152038574,0.14424198865890503,0.2684735357761383,1.7290623188018799,-0.21208243072032928,2.178420305252075,-0.19551728665828705,0.3906947076320648,0.639948844909668,-0.17648355662822723,0.38991639018058777,-0.3387894332408905
0.04863493889570236,0.23166191577911377,1.4870463609695435,0.3805822730064392,0.06465769559144974,2.065741777420044,0.14703182876110077,-0.14799387753009796,2.099081516265869,1.4721167087554932,-0.0706806629896164,-0.13944271206855774,0.3876275420188904,0.14423422515392303,0.26845547556877136,1.729082703590393,-0.21209977567195892,2.1784560680389404,-0.19549725949764252,0.39073532819747925,0.6400225758552551,-0.17651134729385376,0.3898979425430298,-0.33878862857818604
0.04856770485639572,0.2316843420267105,1.486713171005249,0.3805907070636749,0.0646795704960823,2.0656955242156982,0.1470722109079361,-0.14799930155277252,2.0991668701171875,1.4720733165740967,-0.07066208869218826,-0.13942518830299377,0.3876371383666992,0.14424198865890503,0.2684732973575592,1.7290605306625366,-0.21208253502845764,2.1784207820892334,-0.19552035629749298,0.390694797039032,0.6399453282356262,-0.17648306488990784,0.3899202048778534,-0.33879125118255615
0.04864203929901123,0.2316589653491974,1.4870795011520386,0.38058552145957947,0.06465575098991394,2.0657448768615723,0.147027388215065,-0.1479950100183487,2.099074125289917,1.4721192121505737,-0.07068326324224472,-0.13944530487060547,0.38762572407722473,0.14423319697380066,0.26845288276672363,1.729083776473999,-0.21210213005542755,2.1784613132476807,-0.1954975575208664,0.3907405138015747,0.6400284171104431,-0.17651456594467163,0.3898991048336029,-0.33879029750823975
0.04856404289603233,0.23168501257896423,1.4866931438446045,0.38059505820274353,0.06468115001916885,2.0656912326812744,0.14707431197166443,-0.14800120890140533,2.099173069000244,1.4720690250396729,-0.07066167145967484,-0.13942492008209229,0.3876368999481201,0.14424219727516174,0.2684735953807831,1.7290582656860352,-0.21208205819129944,2.178420305252075,-0.1955242156982422,0.39069318771362305,0.639938473701477,-0.1764817088842392,0.38992467522621155,-0.33879324793815613
0.0486522875726223,0.23165492713451385,1.4871265888214111,0.3805885314941406,0.06465288251638412,2.0657498836517334,0.14702115952968597,-0.1479959636926651,2.099062919616699,1.4721237421035767,-0.07068674266338348,-0.13944873213768005,0.3876234292984009,0.14423172175884247,0.26844942569732666,1.7290860414505005,-0.21210525929927826,2.1784682273864746,-0.19549697637557983,0.39074721932411194,0.6400368809700012,-0.17651905119419098,0.38989928364753723,-0.33879196643829346
0.04855753108859062,0.23168665170669556,1.4866573810577393,0.3805996775627136,0.06468375772237778,2.0656850337982178,0.1470782607793808,-0.14800330996513367,2.0991830825805664,1.4720629453659058,-0.07066041976213455,-0.13942387700080872,0.38763707876205444,0.14424261450767517,0.2684746980667114,1.7290551662445068,-0.21208079159259796,2.1784181594848633,-0.19552914798259735,0.39068955183029175,0.6399275064468384,-0.17647907137870789,0.38993000984191895,-0.33879533410072327
0.04866659641265869,0.23164957761764526,1.4871904850006104,0.38059115409851074,0.0646488219499588,2.0657577514648438,0.1470126509666443,-0.14799663424491882,2.0990469455718994,1.4721307754516602,-0.0706913098692894,-0.1394532024860382,0.3876205384731293,0.14422963559627533,0.2684449255466461,1.7290897369384766,-0.21210938692092896,2.1784770488739014,-0.19549521803855896,0.3907562494277954,0.640049159526825,-0.17652516067028046,0.38989824056625366,-0.3387935161590576
0.04854770004749298,0.23168952763080597,1.4866023063659668,0.38060471415519714,0.064687579870224,2.06567645072937,0.14708440005779266,-0.1480056494474411,2.0991978645324707,1.4720546007156372,-0.07065816223621368,-0.13942189514636993,0.38763779401779175,0.1442432850599289,0.26847678422927856,1.7290512323379517,-0.21207860112190247,2.1784141063690186,-0.195535346865654,0.3906838595867157,0.6399118900299072,-0.1764748990535736,0.3899364769458771,-0.33879753947257996
0.048685457557439804,0.23164285719394684,1.4872710704803467,0.38059359788894653,0.06464345008134842,2.065768241882324,0.14700162410736084,-0.14799700677394867,2.0990259647369385,1.4721404314041138,-0.07069704681634903,-0.1394588053226471,0.3876170217990875,0.14422689378261566,0.26843932271003723,1.7290951013565063,-0.212114617228508,2.178488254547119,-0.19549226760864258,0.3907681405544281,0.6400654315948486,-0.17653296887874603,0.38989609479904175,-0.3387950360774994
0.048535555601119995,0.23169343173503876,1.4865314960479736,0.38061055541038513,0.06469235569238663,2.0656654834747314,0.14709225296974182,-0.14800819754600525,2.0992162227630615,1.4720444679260254,-0.07065508514642715,-0.13941916823387146,0.38763895630836487,0.14424413442611694,0.2684796452522278,1.7290465831756592,-0.21207565069198608,2.17840838432312,-0.19554267823696136,0.39067697525024414,0.6398921012878418,-0.17646941542625427,0.3899442255496979,-0.3387998938560486
0.04870752617716789,0.23163536190986633,1.487358570098877,0.38059672713279724,0.06463728845119476,2.065779685974121,0.14698907732963562,-0.14799727499485016,2.0990021228790283,1.4721516370773315,-0.07070347666740417,-0.1394651085138321,0.3876132071018219,0.14422376453876495,0.2684330642223358,1.729101300239563,-0.21212047338485718,2.1785006523132324,-0.1954887956380844,0.3907824456691742,0.6400832533836365,-0.17654171586036682,0.38989388942718506,-0.3387966454029083
0.04852581396698952,0.23169690370559692,1.4864667654037476,0.38061773777008057,0.06469667702913284,2.065654754638672,0.14709921181201935,-0.14801082015037537,2.0992331504821777,1.4720351696014404,-0.07065243273973465,-0.13941690325737,0.38763996958732605,0.14424480497837067,0.26848211884498596,1.7290422916412354,-0.21207305788993835,2.178403615951538,-0.19554999470710754,0.3906722068786621,0.6398721933364868,-0.17646439373493195,0.389952689409256,-0.3388025164604187
0.04872691631317139,0.2316291779279709,1.4874221086502075,0.3806023895740509,0.0646323412656784,2.0657877922058105,0.14697876572608948,-0.1479981243610382,2.0989832878112793,1.4721602201461792,-0.07070889323949814,-0.13947051763534546,0.3876100182533264,0.14422118663787842,0.2684277594089508,1.729106068611145,-0.21212531626224518,2.178511142730713,-0.19548723101615906,0.3907959461212158,0.6400943398475647,-0.17654867470264435,0.3898945152759552,-0.338798850774765
0.04852919653058052,0.23169636726379395,1.486458659172058,0.3806266486644745,0.06469715386629105,2.0656509399414062,0.14709894359111786,-0.1480131447315216,2.0992355346679688,1.472032904624939,-0.07065320760011673,-0.13941797614097595,0.38763928413391113,0.14424432814121246,0.2684812545776367,1.7290414571762085,-0.21207351982593536,2.178405284881592,-0.19555442035198212,0.3906763792037964,0.6398627161979675,-0.17646417021751404,0.38995975255966187,-0.33880558609962463
0.04873229190707207,0.23162807524204254,1.4874099493026733,0.3806130886077881,0.06463228911161423,2.065784215927124,0.1469775140285492,-0.1480008214712143,2.0989840030670166,1.4721585512161255,-0.0707101970911026,-0.13947215676307678,0.3876090943813324,0.14422081410884857,0.26842638850212097,1.7291052341461182,-0.21212618052959442,2.178514003753662,-0.1954919844865799,0.39080193638801575,0.6400845646858215,-0.17654895782470703,0.38990259170532227,-0.3388024866580963
0.04855841025710106,0.2316872626543045,1.4865680932998657,0.38063737750053406,0.06468953937292099,2.065662384033203,0.14708347618579865,-0.14801490306854248,2.0992069244384766,1.4720453023910522,-0.07066124677658081,-0.13942605257034302,0.3876347839832306,0.144241601228714,0.26847338676452637,1.729047417640686,-0.21208050847053528,2.1784212589263916,-0.19555264711380005,0.3906974196434021,0.6398776173591614,-0.17647424340248108,0.38996243476867676,-0.33880940079689026
0.04871510714292526,0.2316344827413559,1.48729407787323,0.3806306719779968,0.06463967263698578,2.065763235092163,0.1469898223876953,-0.14800666272640228,2.0990142822265625,1.4721406698226929,-0.07070544362068176,-0.13946816325187683,0.3876112699508667,0.14422400295734406,0.26843082904815674,1.729095458984375,-0.2121211588382721,2.1785058975219727,-0.19550663232803345,0.39079511165618896,0.6400450468063354,-0.176539346575737,0.3899213969707489,-0.33880850672721863
0.048613760620355606,0.23166880011558533,1.4868040084838867,0.38065019249916077,0.06467334926128387,2.0656893253326416,0.14705155789852142,-0.1480167806148529,2.0991461277008057,1.4720723628997803,-0.07067731767892838,-0.13944180309772491,0.3876258134841919,0.14423678815364838,0.26845782995224,1.7290599346160889,-0.21209466457366943,2.178452968597412,-0.19554519653320312,0.3907352089881897,0.6399194598197937,-0.17649543285369873,0.3899606466293335,-0.33881473541259766
0.04868267476558685,0.23164519667625427,1.4871214628219604,0.3806540071964264,0.0646517351269722,2.065730333328247,0.14701005816459656,-0.14801570773124695,2.0990636348724365,1.472111463546753,-0.07069743424654007,-0.13946114480495453,0.38761475682258606,0.14422981441020966,0.268438458442688,1.729078769683838,-0.21211287379264832,2.1784920692443848,-0.19552917778491974,0.39077943563461304,0.6399874091148376,-0.17652378976345062,0.3899480104446411,-0.338817298412323
0.04867742955684662,0.2316463440656662,1.4870936870574951,0.3806656301021576,0.06465405225753784,2.065721035003662,0.14701277017593384,-0.14802028238773346,2.099074125289917,1.4721033573150635,-0.07069706916809082,-0.13946110010147095,0.38761430978775024,0.14423152804374695,0.26843878626823425,1.729073405265808,-0.21211206912994385,2.178492307662964,-0.19553792476654053,0.3907783627510071,0.6399720311164856,-0.17652112245559692,0.38995859026908875,-0.3388223350048065
0.04865284636616707,0.23165369033813477,1.4869784116744995,0.3806793987751007,0.06466256827116013,2.0656986236572266,0.14702659845352173,-0.14802663028240204,2.0991086959838867,1.4720827341079712,-0.07069165259599686,-0.13945627212524414,0.3876163363456726,0.144235298037529,0.2684439718723297,1.7290616035461426,-0.2121066004037857,2.1784827709198,-0.1955534964799881,0.3907654583454132,0.6399359107017517,-0.17651066184043884,0.3899751901626587,-0.33882835507392883
0.04872993379831314,0.23162630200386047,1.48734450340271,0.3806830942630768,0.06463812291622162,2.0657451152801514,0.14697854220867157,-0.1480262726545334,2.099015474319458,1.4721263647079468,-0.07071519643068314,-0.1394788771867752,0.38760286569595337,0.14422675967216492,0.2684212923049927,1.7290825843811035,-0.21212807297706604,2.178528308868408,-0.19553640484809875,0.3908146619796753,0.6400166749954224,-0.17654362320899963,0.38996025919914246,-0.33883213996887207
0.04863780364394188,0.23165592551231384,1.4869139194488525,0.38070282340049744,0.06466860324144363,2.0656774044036865,0.147032231092453,-0.14803773164749146,2.099135160446167,1.4720628261566162,-0.07069141417741776,-0.13945667445659637,0.3876141309738159,0.1442374289035797,0.26844409108161926,1.7290493249893188,-0.21210578083992004,2.178483724594116,-0.19557450711727142,0.3907603919506073,0.63990718126297,-0.17650538682937622,0.38999706506729126,-0.33884039521217346
0.048761479556560516,0.23161228001117706,1.4874979257583618,0.3807007074356079,0.0646292045712471,2.065755844116211,0.14695528149604797,-0.14803431928157806,2.0989835262298584,1.4721360206604004,-0.070728600025177,-0.1394922137260437,0.38759303092956543,0.14422209560871124,0.26840823888778687,1.729085922241211,-0.21214020252227783,2.1785550117492676,-0.19554252922534943,0.39083802700042725,0.6400443315505981,-0.17655883729457855,0.3899666965007782,-0.3388432562351227
0.04864160344004631,0.2316509336233139,1.4869354963302612,0.3807213604450226,0.0646689385175705,2.0656697750091553,0.1470251828432083,-0.14804759621620178,2.0991384983062744,1.4720550775527954,-0.07069738954305649,-0.13946299254894257,0.3876078128814697,0.14423446357250214,0.2684381306171417,1.7290445566177368,-0.21211135387420654,2.1784958839416504,-0.1955896019935608,0.3907667100429535,0.6399070024490356,-0.1765095442533493,0.3900107145309448,-0.3388521671295166
0.04876949265599251,0.23160555958747864,1.4875327348709106,0.3807167410850525,0.06462842971086502,2.065751791000366,0.1469453126192093,-0.14804360270500183,2.098982095718384,1.4721312522888184,-0.07073605060577393,-0.13949993252754211,0.3875855803489685,0.14421704411506653,0.26840081810951233,1.72908353805542,-0.21214750409126282,2.1785693168640137,-0.1955559402704239,0.390846848487854,0.6400525569915771,-0.17656540870666504,0.38997748494148254,-0.33885467052459717
0.048663169145584106,0.23163940012454987,1.4870312213897705,0.3807339370250702,0.06466402113437653,2.065675735473633,0.1470068395137787,-0.1480555236339569,2.0991203784942627,1.4720592498779297,-0.07070883363485336,-0.13947449624538422,0.3875979483127594,0.14422637224197388,0.2684268057346344,1.7290475368499756,-0.21212269365787506,2.1785173416137695,-0.19559809565544128,0.39078372716903687,0.6399339437484741,-0.1765223890542984,0.39001578092575073,-0.3388628363609314
0.04875752702355385,0.2316051721572876,1.48746657371521,0.3807305693626404,0.0646345466375351,2.0657358169555664,0.14694711565971375,-0.1480533629655838,2.099006175994873,1.4721146821975708,-0.07073815166950226,-0.13950258493423462,0.38758042454719543,0.14421170949935913,0.26839837431907654,1.7290767431259155,-0.2121504694223404,2.1785728931427,-0.19557468593120575,0.3908432722091675,0.6400443911552429,-0.17656449973583221,0.38999143242836,-0.3388656973838806
0.04869574308395386,0.23162376880645752,1.4871718883514404,0.380741685628891,0.06465575098991394,2.065690517425537,0.14698177576065063,-0.14806173741817474,2.099088191986084,1.4720714092254639,-0.07072348892688751,-0.13948902487754822,0.3875860273838043,0.14421504735946655,0.26841220259666443,1.7290558815002441,-0.21213753521442413,2.178544759750366,-0.1956016719341278,0.39080727100372314,0.6399787068367004,-0.17654064297676086,0.39001479744911194,-0.3388722240924835
0.048735398799180984,0.23160794377326965,1.4873508214950562,0.3807423412799835,0.0646439865231514,2.065714120864868,0.14695525169372559,-0.14806289970874786,2.0990424156188965,1.4720925092697144,-0.07073734700679779,-0.13950245082378387,0.3875766098499298,0.14420641958713531,0.26839858293533325,1.7290680408477783,-0.21215109527111053,2.1785709857940674,-0.19559530913829803,0.3908332586288452,0.6400288343429565,-0.17655980587005615,0.39000648260116577,-0.338875949382782
0.048729218542575836,0.23160763084888458,1.4873164892196655,0.3807471692562103,0.06464701145887375,2.065706968307495,0.14695659279823303,-0.14806701242923737,2.0990538597106934,1.4720847606658936,-0.07073820382356644,-0.13950355350971222,0.38757410645484924,0.1442032903432846,0.26839742064476013,1.7290654182434082,-0.21215258538722992,2.178572416305542,-0.19560346007347107,0.3908311724662781,0.6400272846221924,-0.17655955255031586,0.3900121748447418,-0.3388805687427521
0.04871407896280289,0.23161037266254425,1.4872411489486694,0.3807527720928192,0.06465283781290054,2.0656940937042236,0.14696358144283295,-0.1480715423822403,2.09907603263855,1.4720715284347534,-0.07073639333248138,-0.13950210809707642,0.38757312297821045,0.14420150220394135,0.26839882135391235,1.7290599346160889,-0.21215157210826874,2.1785690784454346,-0.19561414420604706,0.3908236026763916,0.6400154829025269,-0.17655541002750397,0.39002060890197754,-0.3388851583003998
0.048756010830402374,0.23159384727478027,1.4874331951141357,0.380752831697464,0.06464003026485443,2.0657198429107666,0.14693640172481537,-0.14807191491127014,2.0990259647369385,1.4720946550369263,-0.07075046747922897,-0.139515683054924,0.38756391406059265,0.14419345557689667,0.2683849334716797,1.7290728092193604,-0.2121652364730835,2.178596258163452,-0.19560587406158447,0.3908509910106659,0.6400680541992188,-0.17657527327537537,0.3900115489959717,-0.3388880789279938
0.04870026558637619,0.23161053657531738,1.4871702194213867,0.38076263666152954,0.06465882062911987,2.0656795501708984,0.14696858823299408,-0.1480787992477417,2.0990982055664062,1.4720560312271118,-0.07073680311441422,-0.13950297236442566,0.38756951689720154,0.14419732987880707,0.2683976888656616,1.7290539741516113,-0.21215307712554932,2.1785707473754883,-0.19562894105911255,0.39081868529319763,0.6400091648101807,-0.17655356228351593,0.3900328576564789,-0.33889317512512207
0.04877336323261261,0.23158371448516846,1.4875088930130005,0.3807600736618042,0.06463568657636642,2.0657265186309814,0.14692328870296478,-0.14807656407356262,2.099008083343506,1.4720991849899292,-0.07075917720794678,-0.13952437043190002,0.3875563144683838,0.14418663084506989,0.26837578415870667,1.7290765047073364,-0.21217426657676697,2.1786141395568848,-0.19560971856117249,0.390865296125412,0.6400956511497498,-0.17658613622188568,0.3900146186351776,-0.338894784450531
0.048695869743824005,0.23160810768604279,1.4871459007263184,0.3807724714279175,0.06466136127710342,2.065671443939209,0.14696936309337616,-0.14808446168899536,2.099107027053833,1.4720470905303955,-0.07073886692523956,-0.1395053267478943,0.38756585121154785,0.144194096326828,0.26839491724967957,1.7290502786636353,-0.2121557742357254,2.1785764694213867,-0.19563902914524078,0.39081987738609314,0.640010416507721,-0.17655466496944427,0.39004310965538025,-0.3388998806476593
0.04878160357475281,0.23157738149166107,1.4875437021255493,0.38076913356781006,0.06463396549224854,2.0657269954681396,0.14691711962223053,-0.14808087050914764,2.0990002155303955,1.4720985889434814,-0.07076428085565567,-0.13952957093715668,0.38755151629447937,0.14418290555477142,0.268370121717453,1.7290765047073364,-0.21217961609363556,2.1786258220672607,-0.19561487436294556,0.390874445438385,0.6401095986366272,-0.17659203708171844,0.3900213837623596,-0.338900625705719
0.04869993031024933,0.23160359263420105,1.4871623516082764,0.3807823359966278,0.06466086953878403,2.065669298171997,0.1469663381576538,-0.14808857440948486,2.0991036891937256,1.4720442295074463,-0.07074228674173355,-0.1395089030265808,0.3875623941421509,0.14419175684452057,0.2683909237384796,1.729048490524292,-0.2121594101190567,2.1785850524902344,-0.19564473628997803,0.3908267319202423,0.640018105506897,-0.176558256149292,0.3900514841079712,-0.33890530467033386
0.04878237470984459,0.23157437145709991,1.4875446557998657,0.38077953457832336,0.06463442742824554,2.065722703933716,0.14691658318042755,-0.14808474481105804,2.0990006923675537,1.4720940589904785,-0.07076632231473923,-0.13953179121017456,0.38754919171333313,0.1441817283630371,0.2683674991130829,1.7290732860565186,-0.21218183636665344,2.1786320209503174,-0.19562087953090668,0.3908795416355133,0.6401123404502869,-0.17659375071525574,0.3900308907032013,-0.3389056324958801
0.04870997741818428,0.23159782588481903,1.487207293510437,0.38079187273979187,0.06465823203325272,2.065671443939209,0.1469605565071106,-0.1480913609266281,2.0990922451019287,1.4720458984375,-0.07074654847383499,-0.13951319456100464,0.38755926489830017,0.14419011771678925,0.26838621497154236,1.7290480136871338,-0.21216358244419098,2.178595542907715,-0.19564701616764069,0.39083772897720337,0.6400305032730103,-0.17656348645687103,0.39005807042121887,-0.3389096260070801
0.048777986317873,0.23157386481761932,1.4875223636627197,0.3807903230190277,0.06463639438152313,2.0657153129577637,0.14691972732543945,-0.14808811247348785,2.0990071296691895,1.4720869064331055,-0.07076618820428848,-0.13953189551830292,0.3875487148761749,0.1441822499036789,0.26836705207824707,1.7290680408477783,-0.21218186616897583,2.17863392829895,-0.19562719762325287,0.39088189601898193,0.6401078701019287,-0.17659252882003784,0.390041708946228,-0.33890989422798157
0.04872293025255203,0.23159176111221313,1.487266182899475,0.38080063462257385,0.06465449929237366,2.065675973892212,0.1469532996416092,-0.14809317886829376,2.099076747894287,1.4720501899719238,-0.07075104117393494,-0.1395176500082016,0.38755661249160767,0.14418892562389374,0.26838135719299316,1.729048252105713,-0.2121678739786148,2.1786060333251953,-0.19564712047576904,0.39085084199905396,0.6400455832481384,-0.1765693575143814,0.3900631368160248,-0.33891305327415466
0.0487709678709507,0.23157484829425812,1.4874886274337769,0.3808005452156067,0.06463909149169922,2.065706491470337,0.14692449569702148,-0.14809100329875946,2.0990166664123535,1.4720789194107056,-0.07076487690210342,-0.13953083753585815,0.3875492811203003,0.14418357610702515,0.26836782693862915,1.7290618419647217,-0.21218077838420868,2.178633213043213,-0.19563330709934235,0.3908829092979431,0.6401004791259766,-0.17658978700637817,0.3900524079799652,-0.3389135003089905
0.04873599857091904,0.23158618807792664,1.4873260259628296,0.3808082640171051,0.06465061753988266,2.065680980682373,0.1469457894563675,-0.14809444546699524,2.0990610122680664,1.472055196762085,-0.07075528055429459,-0.13952183723449707,0.3875543475151062,0.14418795704841614,0.2683768570423126,1.729048728942871,-0.21217195689678192,2.1786158084869385,-0.19564630091190338,0.39086416363716125,0.6400614380836487,-0.17657501995563507,0.3900670111179352,-0.3389158844947815
0.0487634614109993,0.23157644271850586,1.4874533414840698,0.380809485912323,0.06464184075593948,2.06569766998291,0.14692921936511993,-0.14809349179267883,2.099026918411255,1.4720712900161743,-0.07076326012611389,-0.13952946662902832,0.3875501751899719,0.14418497681617737,0.26836901903152466,1.7290557622909546,-0.21217946708202362,2.178631544113159,-0.19563886523246765,0.3908836245536804,0.6400935649871826,-0.17658668756484985,0.3900619447231293,-0.3389165997505188
0.04874742403626442,0.23158150911331177,1.4873788356781006,0.3808145523071289,0.06464717537164688,2.0656850337982178,0.14693881571292877,-0.14809547364711761,2.0990474224090576,1.4720598459243774,-0.07075899094343185,-0.13952548801898956,0.3875524401664734,0.14418703317642212,0.2683729827404022,1.7290489673614502,-0.2121756225824356,2.178623914718628,-0.19564548134803772,0.3908763825893402,0.6400766968727112,-0.17657995223999023,0.39006996154785156,-0.3389182984828949
0.048756714910268784,0.2315780371427536,1.4874218702316284,0.3808167576789856,0.06464426219463348,2.0656898021698,0.14693297445774078,-0.14809566736221313,2.09903621673584,1.4720646142959595,-0.07076187431812286,-0.139528289437294,0.3875509202480316,0.14418601989746094,0.2683700919151306,1.7290503978729248,-0.21217843890190125,2.1786298751831055,-0.19564379751682281,0.39088454842567444,0.6400888562202454,-0.17658397555351257,0.3900698125362396,-0.3389192819595337
0.0487566739320755,0.2315777689218521,1.4874216318130493,0.38081949949264526,0.06464437395334244,2.065688133239746,0.1469326615333557,-0.1480964720249176,2.099036931991577,1.4720635414123535,-0.07076214998960495,-0.13952861726284027,0.3875507116317749,0.14418600499629974,0.2683697044849396,1.7290489673614502,-0.21217885613441467,2.178630828857422,-0.19564509391784668,0.39088690280914307,0.6400907039642334,-0.17658407986164093,0.390072226524353,-0.3389204442501068
0.048751067370176315,0.23157939314842224,1.4873955249786377,0.38082244992256165,0.06464628875255585,2.065682888031006,0.1469356119632721,-0.14809763431549072,2.0990445613861084,1.4720590114593506,-0.07076089084148407,-0.13952748477458954,0.38755127787590027,0.14418652653694153,0.2683708071708679,1.7290459871292114,-0.21217787265777588,2.17862868309021,-0.1956481784582138,0.39088568091392517,0.6400864124298096,-0.17658187448978424,0.39007607102394104,-0.3389216959476471
0.048764169216156006,0.23157468438148499,1.4874560832977295,0.3808232843875885,0.06464211642742157,2.065690279006958,0.14692717790603638,-0.14809750020503998,2.0990288257598877,1.4720664024353027,-0.0707649365067482,-0.13953137397766113,0.3875490128993988,0.14418476819992065,0.26836684346199036,1.7290492057800293,-0.21218182146549225,2.1786365509033203,-0.19564516842365265,0.3908957242965698,0.6401034593582153,-0.17658764123916626,0.39007389545440674,-0.3389224410057068
0.04874616116285324,0.23158051073551178,1.4873722791671753,0.3808269202709198,0.06464805454015732,2.065676689147949,0.1469375044107437,-0.14809951186180115,2.0990521907806396,1.472054123878479,-0.07076024264097214,-0.13952699303627014,0.38755130767822266,0.1441865712404251,0.2683712840080261,1.729042410850525,-0.21217766404151917,2.1786277294158936,-0.19565227627754211,0.3908865451812744,0.6400851607322693,-0.1765802651643753,0.39008113741874695,-0.33892393112182617
0.04877091944217682,0.23157182335853577,1.4874868392944336,0.3808261454105377,0.0646400973200798,2.065692186355591,0.14692196249961853,-0.14809857308864594,2.0990216732025146,1.4720690250396729,-0.07076762616634369,-0.13953404128551483,0.38754719495773315,0.14418330788612366,0.2683641016483307,1.729049563407898,-0.21218469738960266,2.1786417961120605,-0.19564546644687653,0.3909033238887787,0.6401153206825256,-0.17659103870391846,0.3900749683380127,-0.3389243185520172
0.04874122887849808,0.23158158361911774,1.4873487949371338,0.3808305561542511,0.06464984267950058,2.065670967102051,0.14693935215473175,-0.14810138940811157,2.099059820175171,1.472049355506897,-0.07075968384742737,-0.1395265758037567,0.38755109906196594,0.1441863775253296,0.26837167143821716,1.7290393114089966,-0.21217750012874603,2.178626775741577,-0.19565635919570923,0.3908865451812744,0.6400834918022156,-0.17657877504825592,0.39008551836013794,-0.3389260172843933
0.0487782321870327,0.23156870901584625,1.4875200986862183,0.380828320980072,0.0646379292011261,2.06569504737854,0.1469164490699768,-0.1480996161699295,2.0990140438079834,1.4720720052719116,-0.07077054679393768,-0.13953691720962524,0.38754507899284363,0.14418159425258636,0.2683611512184143,1.729050636291504,-0.2121877372264862,2.178647518157959,-0.1956455558538437,0.3909103572368622,0.6401270627975464,-0.1765947788953781,0.39007535576820374,-0.3389260172843933
0.04873507842421532,0.23158299922943115,1.4873194694519043,0.3808338940143585,0.06465207040309906,2.0656650066375732,0.14694207906723022,-0.14810334146022797,2.0990688800811768,1.4720438718795776,-0.07075881212949753,-0.1395258605480194,0.387550950050354,0.14418619871139526,0.2683723568916321,1.7290362119674683,-0.21217699348926544,2.1786253452301025,-0.195660799741745,0.3908849060535431,0.6400793194770813,-0.17657683789730072,0.3900899291038513,-0.3389279842376709
0.04878772050142288,0.23156479001045227,1.4875630140304565,0.3808300197124481,0.06463510543107986,2.065699815750122,0.14690986275672913,-0.14810046553611755,2.099003314971924,1.472076416015625,-0.07077407091856003,-0.13954035937786102,0.38754257559776306,0.144179567694664,0.26835760474205017,1.7290527820587158,-0.21219126880168915,2.178654432296753,-0.19564487040042877,0.3909178674221039,0.6401399374008179,-0.17659945785999298,0.39007481932640076,-0.3389275372028351
0.048726100474596024,0.2315853238105774,1.487276554107666,0.3808373212814331,0.06465528905391693,2.065657377243042,0.14694681763648987,-0.1481054276227951,2.099081516265869,1.472036600112915,-0.07075709849596024,-0.13952434062957764,0.3875512182712555,0.1441863477230072,0.26837384700775146,1.7290325164794922,-0.21217560768127441,2.178622245788574,-0.19566605985164642,0.3908807039260864,0.6400704979896545,-0.17657366394996643,0.3900950253009796,-0.3389298915863037
0.048801545053720474,0.2315593808889389,1.4876248836517334,0.38083118200302124,0.06463095545768738,2.0657076835632324,0.1469009965658188,-0.14810092747211456,2.098987102508545,1.4720836877822876,-0.0707787275314331,-0.13954487442970276,0.38753950595855713,0.14417707920074463,0.2683529853820801,1.7290565967559814,-0.2121957391500473,2.178663492202759,-0.1956426501274109,0.390927255153656,0.6401561498641968,-0.17660589516162872,0.39007285237312317,-0.33892878890037537
0.04871208220720291,0.2315893918275833,1.4872089624404907,0.3808412551879883,0.06466024369001389,2.0656464099884033,0.14695501327514648,-0.14810773730278015,2.099100351333618,1.4720261096954346,-0.07075382769107819,-0.13952134549617767,0.3875523507595062,0.14418718218803406,0.2683768570423126,1.7290273904800415,-0.21217267215251923,2.1786162853240967,-0.19567282497882843,0.3908727467060089,0.6400541663169861,-0.17656821012496948,0.39010170102119446,-0.33893176913261414
0.04882272332906723,0.23155158758163452,1.487717866897583,0.380831778049469,0.06462454050779343,2.065720558166504,0.14688816666603088,-0.14810073375701904,2.09896183013916,1.4720954895019531,-0.0707852691411972,-0.13955117762088776,0.3875355124473572,0.14417384564876556,0.26834654808044434,1.7290629148483276,-0.21220186352729797,2.178676128387451,-0.19563791155815125,0.3909406065940857,0.6401787400245667,-0.17661522328853607,0.3900687098503113,-0.3389297127723694
0.04869021102786064,0.23159632086753845,1.4871022701263428,0.3808462917804718,0.06466792523860931,2.0656299591064453,0.1469685435295105,-0.14811043441295624,2.0991294384002686,1.472010612487793,-0.07074808329343796,-0.13951602578163147,0.38755491375923157,0.14418905973434448,0.2683822214603424,1.7290198802947998,-0.21216735243797302,2.178605556488037,-0.1956820785999298,0.39085960388183594,0.6400266885757446,-0.17655910551548004,0.3901110887527466,-0.33893370628356934
0.048854999244213104,0.23154033720493317,1.4878549575805664,0.38083186745643616,0.06461475044488907,2.0657405853271484,0.14686931669712067,-0.1480996161699295,2.098923444747925,1.4721142053604126,-0.07079460471868515,-0.13956014811992645,0.38753023743629456,0.14416943490505219,0.2683374285697937,1.72907292842865,-0.2122104912996292,2.178694248199463,-0.19562959671020508,0.3909606337547302,0.6402111649513245,-0.17662878334522247,0.3900616765022278,-0.33893024921417236
0.04865874722599983,0.23160699009895325,1.4869457483291626,0.3808532953262329,0.0646790862083435,2.0656063556671143,0.14698877930641174,-0.1481136530637741,2.0991718769073486,1.471988558769226,-0.07073917239904404,-0.13950775563716888,0.3875593841075897,0.14419220387935638,0.2683906555175781,1.7290092706680298,-0.21215900778770447,2.1785888671875,-0.19569465517997742,0.3908407390117645,0.6399847269058228,-0.17654523253440857,0.3901244103908539,-0.3389357924461365
0.048900000751018524,0.23152543604373932,1.488033413887024,0.38083237409591675,0.06460130214691162,2.065768003463745,0.14684392511844635,-0.14809753000736237,2.0988707542419434,1.4721403121948242,-0.07080692797899246,-0.13957202434539795,0.38752368092536926,0.14416372776031494,0.26832544803619385,1.7290868759155273,-0.21222178637981415,2.178717851638794,-0.19561760127544403,0.3909889757633209,0.6402531862258911,-0.17664676904678345,0.39005228877067566,-0.33893048763275146
0.048624273389577866,0.23161965608596802,1.486765742301941,0.38086333870887756,0.06469199061393738,2.0655784606933594,0.14701247215270996,-0.1481170952320099,2.0992207527160645,1.4719635248184204,-0.07072857767343521,-0.13949799537658691,0.38756507635116577,0.14419595897197723,0.2684006690979004,1.7289971113204956,-0.212148979306221,2.1785688400268555,-0.19570910930633545,0.3908208906650543,0.6399326324462891,-0.1765287220478058,0.3901412785053253,-0.3389381468296051
0.04894596338272095,0.23151139914989471,1.4881832599639893,0.3808368742465973,0.06458847969770432,2.065793037414551,0.14681996405124664,-0.14809554815292358,2.098820924758911,1.4721654653549194,-0.07081852853298187,-0.13958336412906647,0.38751792907714844,0.1441582888364792,0.2683141231536865,1.7291004657745361,-0.21223226189613342,2.1787400245666504,-0.1956067532300949,0.39101937413215637,0.6402871608734131,-0.17666341364383698,0.3900463283061981,-0.3389311730861664
0.048617973923683167,0.23162426054477692,1.4866948127746582,0.3808765113353729,0.06469700485467911,2.065565586090088,0.14702168107032776,-0.14811915159225464,2.0992391109466553,1.4719538688659668,-0.070724718272686,-0.13949482142925262,0.3875677287578583,0.144197016954422,0.26840415596961975,1.7289928197860718,-0.21214498579502106,2.1785616874694824,-0.1957167237997055,0.390820175409317,0.6399006843566895,-0.176521897315979,0.3901548385620117,-0.33894068002700806
0.048952702432870865,0.2315121442079544,1.4881253242492676,0.38085296750068665,0.06458970904350281,2.065786123275757,0.14682228863239288,-0.14809741079807281,2.0988259315490723,1.4721626043319702,-0.07081794738769531,-0.13958342373371124,0.38751912117004395,0.14415845274925232,0.2683144807815552,1.7290995121002197,-0.2122311294078827,2.178739547729492,-0.19561196863651276,0.3910280764102936,0.6402627229690552,-0.17666098475456238,0.3900594115257263,-0.33893442153930664
0.04869017377495766,0.2316032201051712,1.4869436025619507,0.3808912932872772,0.06467746198177338,2.0655999183654785,0.14698520302772522,-0.148117795586586,2.0991640090942383,1.4719904661178589,-0.0707423985004425,-0.139512300491333,0.3875593841075897,0.1441904455423355,0.26838696002960205,1.7290114164352417,-0.21216051280498505,2.1785964965820312,-0.19570320844650269,0.39086997509002686,0.6399438977241516,-0.17654620110988617,0.3901519775390625,-0.33894386887550354
0.0488881915807724,0.23153726756572723,1.487765908241272,0.3808865547180176,0.0646146908402443,2.065725326538086,0.1468682736158371,-0.14810742437839508,2.098923683166504,1.472110390663147,-0.07079749554395676,-0.1395648866891861,0.38753074407577515,0.1441691517829895,0.26833397150039673,1.729071855545044,-0.21221092343330383,2.1787023544311523,-0.1956460177898407,0.3909949064254761,0.6401461958885193,-0.1766269952058792,0.3901031017303467,-0.3389432430267334
0.04883040487766266,0.23155777156352997,1.4874905347824097,0.38090965151786804,0.06463518738746643,2.065676212310791,0.14690560102462769,-0.1481160968542099,2.0990042686462402,1.4720665216445923,-0.0707809329032898,-0.13954965770244598,0.3875395953655243,0.14417855441570282,0.26834985613822937,1.7290478944778442,-0.21219465136528015,2.1786723136901855,-0.19567397236824036,0.3909628987312317,0.6400580406188965,-0.17659953236579895,0.3901355564594269,-0.33895042538642883
0.04880222678184509,0.23156744241714478,1.4873535633087158,0.3809318244457245,0.0646456703543663,2.0656466484069824,0.1469237357378006,-0.1481240838766098,2.0990471839904785,1.4720406532287598,-0.07077359408140182,-0.13954319059848785,0.3875432312488556,0.1441849321126938,0.26835694909095764,1.7290325164794922,-0.212186798453331,2.1786601543426514,-0.19569404423236847,0.3909491300582886,0.6400043368339539,-0.17658525705337524,0.3901600241661072,-0.33895841240882874
0.048956096172332764,0.23151440918445587,1.4880110025405884,0.3809373676776886,0.06459646672010422,2.0657403469085693,0.14683018624782562,-0.1481206864118576,2.0988609790802,1.4721300601959229,-0.07081859558820724,-0.13958628475666046,0.3875189423561096,0.14416995644569397,0.26831379532814026,1.7290756702423096,-0.212227463722229,2.1787476539611816,-0.19565637409687042,0.3910472095012665,0.6401585936546326,-0.17664897441864014,0.39012861251831055,-0.3389632999897003
0.048769328743219376,0.2315768301486969,1.4872022867202759,0.38097769021987915,0.06465865671634674,2.0656020641326904,0.14694249629974365,-0.1481417715549469,2.0991032123565674,1.4720017910003662,-0.07076788693666458,-0.13953880965709686,0.3875446319580078,0.14419445395469666,0.2683625817298889,1.729007601737976,-0.21217937767505646,2.1786530017852783,-0.19573113322257996,0.3909361958503723,0.639927864074707,-0.17656856775283813,0.39020392298698425,-0.3389776647090912
0.049007952213287354,0.23149384558200836,1.4882222414016724,0.38097578287124634,0.06458191573619843,2.0657527446746826,0.14679567515850067,-0.14813408255577087,2.098811626434326,1.4721441268920898,-0.07083821296691895,-0.13960596919059753,0.3875061869621277,0.1441679745912552,0.2682950794696808,1.7290781736373901,-0.21224379539489746,2.178788185119629,-0.19566823542118073,0.3910866379737854,0.6401817798614502,-0.17666956782341003,0.39014649391174316,-0.33898240327835083
0.048822708427906036,0.23155483603477478,1.4874250888824463,0.3810155689716339,0.06464412808418274,2.065615177154541,0.1469055712223053,-0.14815612137317657,2.099053382873535,1.4720159769058228,-0.07078908383846283,-0.13956007361412048,0.3875301480293274,0.1441899538040161,0.2683422863483429,1.729011058807373,-0.21219761669635773,2.1786959171295166,-0.1957443207502365,0.3909766972064972,0.6399574279785156,-0.17659108340740204,0.39022088050842285,-0.33899810910224915
0.04897577315568924,0.23149994015693665,1.4880719184875488,0.38102030754089355,0.0645957887172699,2.0657081604003906,0.14680899679660797,-0.1481550633907318,2.0988705158233643,1.472103476524353,-0.07083642482757568,-0.1396055370569229,0.3875028192996979,0.14417065680027008,0.2682968080043793,1.7290548086166382,-0.2122412770986557,2.178786516189575,-0.19571051001548767,0.39107459783554077,0.6401207447052002,-0.1766573190689087,0.3901885151863098,-0.3390059173107147
0.048933450132608414,0.23151104152202606,1.4878867864608765,0.3810427486896515,0.0646115392446518,2.065669059753418,0.14683020114898682,-0.1481676548719406,2.098933219909668,1.4720665216445923,-0.07082906365394592,-0.13959921896457672,0.3875037729740143,0.1441727727651596,0.2683038115501404,1.7290356159210205,-0.2122345119714737,2.1787726879119873,-0.19574059545993805,0.3910521864891052,0.640066921710968,-0.17664144933223724,0.3902156949043274,-0.33901873230934143
0.048912305384874344,0.23151430487632751,1.4877930879592896,0.38106101751327515,0.06462042033672333,2.065645217895508,0.14683768153190613,-0.14817878603935242,2.098968982696533,1.4720433950424194,-0.07082828879356384,-0.13959912955760956,0.3875007629394531,0.14417089521884918,0.26830440759658813,1.7290241718292236,-0.21223419904708862,2.1787710189819336,-0.19576367735862732,0.3910425305366516,0.6400418281555176,-0.17663554847240448,0.3902345895767212,-0.33903104066848755
0.049026183784008026,0.23147104680538177,1.4882742166519165,0.38106366991996765,0.06458516418933868,2.0657143592834473,0.14676252007484436,-0.14818041026592255,2.098834991455078,1.4721068143844604,-0.0708661898970604,-0.13963565230369568,0.38747698068618774,0.1441517472267151,0.26826778054237366,1.7290576696395874,-0.2122700959444046,2.178842544555664,-0.19574236869812012,0.39111563563346863,0.6401740312576294,-0.17668788135051727,0.3902096748352051,-0.3390398621559143
0.04888549819588661,0.2315143197774887,1.4876694679260254,0.38108986616134644,0.06463343650102615,2.065610885620117,0.14684197306632996,-0.14819924533367157,2.0990209579467773,1.472008228302002,-0.07083211094141006,-0.13960403203964233,0.38749080896377563,0.1441613882780075,0.26830020546913147,1.7290091514587402,-0.21223947405815125,2.178776979446411,-0.19580356776714325,0.3910320997238159,0.640020489692688,-0.17663244903087616,0.39026299118995667,-0.33905449509620667
0.04905223846435547,0.2314525693655014,1.488368034362793,0.3810836374759674,0.06458109617233276,2.0657174587249756,0.14673465490341187,-0.14819638431072235,2.098820447921753,1.4721060991287231,-0.07088516652584076,-0.13965490460395813,0.38745859265327454,0.14413397014141083,0.2682488262653351,1.7290617227554321,-0.2122899442911148,2.178877115249634,-0.19576376676559448,0.3911374807357788,0.6402179002761841,-0.17670811712741852,0.390219122171402,-0.33906105160713196
0.04892170801758766,0.23149222135543823,1.4878031015396118,0.3811059296131134,0.06462624669075012,2.065622091293335,0.14680851995944977,-0.14821350574493408,2.0989933013916016,1.4720146656036377,-0.07085378468036652,-0.13962581753730774,0.3874708116054535,0.1441410928964615,0.26827847957611084,1.7290178537368774,-0.21226218342781067,2.178816795349121,-0.1958201378583908,0.3910600244998932,0.6400792598724365,-0.17665740847587585,0.390267550945282,-0.3390742242336273
0.04901557043194771,0.2314552664756775,1.4881877899169922,0.38110485672950745,0.06459776312112808,2.0656800270080566,0.14674636721611023,-0.14821462333202362,2.0988833904266357,1.4720667600631714,-0.0708858072757721,-0.13965672254562378,0.387449711561203,0.14412178099155426,0.268247127532959,1.7290476560592651,-0.2122933268547058,2.178877115249634,-0.19580242037773132,0.3911205232143402,0.6401960253715515,-0.17670218646526337,0.39024534821510315,-0.3390812873840332
0.04899409040808678,0.23145771026611328,1.4880852699279785,0.3811148703098297,0.0646069273352623,2.065659999847412,0.1467549353837967,-0.14822320640087128,2.0989174842834473,1.472045660018921,-0.0708848237991333,-0.13965635001659393,0.38744616508483887,0.14411647617816925,0.26824742555618286,1.7290399074554443,-0.212293803691864,2.178874969482422,-0.19582143425941467,0.3911100924015045,0.6401820182800293,-0.1766977459192276,0.39025911688804626,-0.3390905559062958
0.04896373674273491,0.23146329820156097,1.48794686794281,0.38112571835517883,0.06461876630783081,2.065634250640869,0.14676955342292786,-0.14823192358016968,2.098961591720581,1.4720193147659302,-0.0708809420466423,-0.13965319097042084,0.387444406747818,0.1441129595041275,0.268250435590744,1.7290291786193848,-0.21229149401187897,2.178867816925049,-0.1958424150943756,0.39109423756599426,0.6401574611663818,-0.1766892671585083,0.39027583599090576,-0.3390994071960449
0.04905109852552414,0.23142890632152557,1.4883081912994385,0.38112500309944153,0.06459176540374756,2.0656888484954834,0.14671331644058228,-0.14823201298713684,2.0988566875457764,1.472068428993225,-0.07090997695922852,-0.1396811604499817,0.3874256908893585,0.14409655332565308,0.26822179555892944,1.7290565967559814,-0.21231958270072937,2.1789238452911377,-0.1958240568637848,0.39115092158317566,0.6402653455734253,-0.1767304688692093,0.3902561068534851,-0.3391048014163971
0.04894433915615082,0.23146112263202667,1.487849473953247,0.381144255399704,0.0646282210946083,2.0656113624572754,0.14677605032920837,-0.1482449769973755,2.0989949703216553,1.4719939231872559,-0.0708833858370781,-0.1396564245223999,0.38743671774864197,0.14410415291786194,0.2682465612888336,1.7290202379226685,-0.21229584515094757,2.1788744926452637,-0.1958681046962738,0.39108842611312866,0.6401512026786804,-0.17668847739696503,0.39029771089553833,-0.3391142785549164
0.04906328767538071,0.23141665756702423,1.4883453845977783,0.38114145398139954,0.0645904466509819,2.065687656402588,0.14670227468013763,-0.14824184775352478,2.098848581314087,1.4720637798309326,-0.07092023640871048,-0.13969171047210693,0.3874148428440094,0.1440863013267517,0.26821038126945496,1.7290570735931396,-0.21233080327510834,2.1789462566375732,-0.1958375722169876,0.3911650776863098,0.6402913928031921,-0.17674195766448975,0.3902692198753357,-0.3391176462173462
0.048970919102430344,0.23144477605819702,1.487950325012207,0.3811603784561157,0.06462180614471436,2.065619945526123,0.1467578411102295,-0.14825275540351868,2.0989670753479004,1.4719990491867065,-0.07089655846357346,-0.13966965675354004,0.38742533326148987,0.14409449696540833,0.2682323455810547,1.7290244102478027,-0.21230940520763397,2.178903341293335,-0.19587509334087372,0.3911120295524597,0.6401899456977844,-0.17670485377311707,0.39030739665031433,-0.3391255736351013
0.04903680086135864,0.23141926527023315,1.4882245063781738,0.3811638355255127,0.06460104137659073,2.065660238265991,0.1467176377773285,-0.14825226366519928,2.098886013031006,1.4720358848571777,-0.0709172859787941,-0.1396895945072174,0.3874129354953766,0.1440850794315338,0.26821169257164,1.7290430068969727,-0.21232904493808746,2.1789450645446777,-0.1958601027727127,0.3911566436290741,0.6402668356895447,-0.17673459649085999,0.3902962803840637,-0.33912912011146545
0.049021583050489426,0.2314218282699585,1.4881584644317627,0.38117557764053345,0.0646066889166832,2.065645456314087,0.14672717452049255,-0.14825689792633057,2.0989060401916504,1.4720213413238525,-0.07091456651687622,-0.13968728482723236,0.38741329312324524,0.14408612251281738,0.2682135999202728,1.729034662246704,-0.212326779961586,2.1789422035217285,-0.1958707571029663,0.39115163683891296,0.6402508020401001,-0.17672935128211975,0.3903106153011322,-0.3391341269016266
0.0490020215511322,0.23142625391483307,1.488075852394104,0.38118767738342285,0.06461358815431595,2.0656278133392334,0.14673957228660583,-0.14826138317584991,2.098931074142456,1.4720045328140259,-0.07091024518013,-0.13968342542648315,0.3874149024486542,0.14408838748931885,0.2682171165943146,1.7290246486663818,-0.21232293546199799,2.17893648147583,-0.19588203728199005,0.3911442160606384,0.6402294635772705,-0.17672187089920044,0.3903260827064514,-0.33913877606391907
0.0490620918571949,0.23140384256839752,1.4883300065994263,0.3811914026737213,0.06459423154592514,2.065664768218994,0.1467036008834839,-0.1482599377632141,2.09885573387146,1.4720391035079956,-0.07092821598052979,-0.13970062136650085,0.3874050974845886,0.1440817266702652,0.26819929480552673,1.729040503501892,-0.21233972907066345,2.1789729595184326,-0.19586659967899323,0.39118602871894836,0.6402984857559204,-0.17674800753593445,0.3903161585330963,-0.33914104104042053
0.04898699000477791,0.23142796754837036,1.4880143404006958,0.3812080919742584,0.06461916863918304,2.0656096935272217,0.14674992859363556,-0.14826737344264984,2.098950147628784,1.4719877243041992,-0.07090755552053452,-0.13968122005462646,0.38741588592529297,0.14409127831459045,0.26821863651275635,1.729012131690979,-0.21232065558433533,2.1789357662200928,-0.19589459896087646,0.39114484190940857,0.6402142643928528,-0.17671632766723633,0.390347957611084,-0.33914610743522644
0.04907282814383507,0.23139747977256775,1.4883763790130615,0.3812078535556793,0.06459124386310577,2.065664529800415,0.1466982066631317,-0.14826330542564392,2.0988423824310303,1.4720396995544434,-0.07093235850334167,-0.1397048383951187,0.3874029517173767,0.14408190548419952,0.26819440722465515,1.7290364503860474,-0.21234381198883057,2.1789846420288086,-0.19586949050426483,0.3912028670310974,0.6403132081031799,-0.1767529994249344,0.3903285562992096,-0.33914685249328613
0.04899980500340462,0.231421560049057,1.4880684614181519,0.3812226355075836,0.06461545079946518,2.0656113624572754,0.1467430740594864,-0.14826981723308563,2.0989344120025635,1.4719905853271484,-0.07091191411018372,-0.13968560099601746,0.38741394877433777,0.1440911889076233,0.26821368932724,1.7290091514587402,-0.21232502162456512,2.1789472103118896,-0.195895716547966,0.3911632001399994,0.640232503414154,-0.17672188580036163,0.3903580605983734,-0.3391510546207428
0.04905622825026512,0.23140166699886322,1.4883049726486206,0.3812234103679657,0.06459715217351913,2.0656466484069824,0.1467089205980301,-0.14826712012290955,2.0988638401031494,1.47202467918396,-0.07092811912298203,-0.13970105350017548,0.38740572333335876,0.14408504962921143,0.26819783449172974,1.7290244102478027,-0.2123403251171112,2.1789791584014893,-0.1958792805671692,0.3912031948566437,0.6402994990348816,-0.17674584686756134,0.39034608006477356,-0.3391517996788025
0.04902910441160202,0.23141050338745117,1.4881893396377563,0.3812316060066223,0.06460625678300858,2.0656251907348633,0.1467253863811493,-0.14826995134353638,2.098898410797119,1.4720057249069214,-0.07092057913541794,-0.1396940052509308,0.3874099850654602,0.14408856630325317,0.26820483803749084,1.7290127277374268,-0.21233363449573517,2.1789655685424805,-0.19588981568813324,0.39119166135787964,0.6402724385261536,-0.17673422396183014,0.39035940170288086,-0.33915430307388306
0.049029640853405,0.23141002655029297,1.4881898164749146,0.38123610615730286,0.06460624933242798,2.0656228065490723,0.14672476053237915,-0.14827072620391846,2.098898410797119,1.4720046520233154,-0.07092089205980301,-0.13969439268112183,0.38741007447242737,0.14408862590789795,0.26820436120033264,1.7290103435516357,-0.2123343050479889,2.178966760635376,-0.1958911120891571,0.39119699597358704,0.6402774453163147,-0.17673441767692566,0.39036324620246887,-0.339155912399292
0.04905613511800766,0.23140078783035278,1.4882993698120117,0.381237268447876,0.0645977035164833,2.065638303756714,0.14670813083648682,-0.1482696235179901,2.0988659858703613,1.4720203876495361,-0.07092860341072083,-0.13970176875591278,0.38740622997283936,0.14408543705940247,0.26819682121276855,1.7290167808532715,-0.21234187483787537,2.1789817810058594,-0.1958838254213333,0.39121803641319275,0.6403123140335083,-0.1767457127571106,0.3903582990169525,-0.33915674686431885
0.04901129752397537,0.23141597211360931,1.488108515739441,0.3812449872493744,0.06461255997419357,2.065605401992798,0.1467347890138626,-0.14827340841293335,2.098923444747925,1.471990704536438,-0.07091609388589859,-0.13969001173973083,0.3874129354953766,0.14409053325653076,0.26820871233940125,1.729000210762024,-0.2123306840658188,2.1789584159851074,-0.19589979946613312,0.3911948502063751,0.6402662992477417,-0.17672665417194366,0.3903752267360687,-0.33915919065475464
0.04906836897134781,0.2313963621854782,1.4883463382720947,0.3812420666217804,0.06459394842386246,2.0656421184539795,0.14669932425022125,-0.14827018976211548,2.0988528728485107,1.4720261096954346,-0.07093255966901779,-0.13970567286014557,0.38740432262420654,0.14408349990844727,0.2681927978992462,1.7290171384811401,-0.2123463898897171,2.178989887237549,-0.19588254392147064,0.39123404026031494,0.640335738658905,-0.176751047372818,0.39035987854003906,-0.3391591012477875
0.049009956419467926,0.23141621053218842,1.48809814453125,0.3812505304813385,0.06461325287818909,2.0656001567840576,0.14673416316509247,-0.1482749879360199,2.0989274978637695,1.4719877243041992,-0.07091628015041351,-0.1396903395652771,0.3874128460884094,0.14409005641937256,0.2682083249092102,1.7289965152740479,-0.21233166754245758,2.1789591312408447,-0.19590306282043457,0.3912017047405243,0.6402735114097595,-0.17672626674175262,0.3903805613517761,-0.33916178345680237
0.049064286053180695,0.23139750957489014,1.4883242845535278,0.3812475800514221,0.0645955428481102,2.0656352043151855,0.14670036733150482,-0.14827211201190948,2.098860502243042,1.4720213413238525,-0.0709320530295372,-0.1397053599357605,0.3874044120311737,0.14408330619335175,0.2681930959224701,1.7290129661560059,-0.2123466432094574,2.1789891719818115,-0.19588689506053925,0.3912383019924164,0.6403385996818542,-0.17674952745437622,0.3903658390045166,-0.33916175365448
0.049023471772670746,0.23141124844551086,1.488150715827942,0.3812542259693146,0.06460907310247421,2.065605401992798,0.14672455191612244,-0.14827588200569153,2.0989129543304443,1.4719940423965454,-0.07092086225748062,-0.13969485461711884,0.38741010427474976,0.1440878063440323,0.2682037651538849,1.7289984226226807,-0.21233652532100677,2.1789681911468506,-0.19590191543102264,0.39121586084365845,0.6402948498725891,-0.17673228681087494,0.39038094878196716,-0.3391640782356262
0.04905064404010773,0.23140168190002441,1.4882636070251465,0.381254106760025,0.06460028141736984,2.065622091293335,0.14670740067958832,-0.14827509224414825,2.098879814147949,1.4720101356506348,-0.07092903554439545,-0.1397026777267456,0.38740554451942444,0.14408433437347412,0.26819583773612976,1.7290061712265015,-0.21234431862831116,2.1789839267730713,-0.19589488208293915,0.39123475551605225,0.6403273940086365,-0.17674405872821808,0.3903747797012329,-0.3391648232936859
0.049043163657188416,0.23140385746955872,1.4882314205169678,0.381257563829422,0.06460287421941757,2.065615177154541,0.14671140909194946,-0.14827680587768555,2.0988903045654297,1.4720040559768677,-0.07092742621898651,-0.139701247215271,0.38740605115890503,0.14408499002456665,0.26819729804992676,1.7290027141571045,-0.21234296262264252,2.178981065750122,-0.19589927792549133,0.39123180508613586,0.6403197646141052,-0.1767411082983017,0.39037951827049255,-0.33916646242141724
0.04903672635555267,0.231405571103096,1.4882043600082397,0.3812609612941742,0.06460513919591904,2.0656092166900635,0.14671485126018524,-0.14827853441238403,2.0988993644714355,1.4719985723495483,-0.07092616707086563,-0.13970014452934265,0.3874063193798065,0.14408554136753082,0.2681984007358551,1.7289996147155762,-0.21234185993671417,2.17897891998291,-0.19590342044830322,0.3912290036678314,0.6403125524520874,-0.1767386645078659,0.3903839588165283,-0.33916810154914856
0.04906010627746582,0.23139700293540955,1.4883030652999878,0.38126134872436523,0.06459762901067734,2.0656237602233887,0.1467002034187317,-0.14827825129032135,2.0988707542419434,1.4720120429992676,-0.07093342393636703,-0.13970710337162018,0.3874020576477051,0.14408254623413086,0.2681913375854492,1.7290064096450806,-0.21234861016273499,2.178992986679077,-0.19589786231517792,0.3912440836429596,0.6403385996818542,-0.17674897611141205,0.3903789818286896,-0.33916905522346497
0.04902910068631172,0.23140694200992584,1.488173246383667,0.38126710057258606,0.06460801512002945,2.065601348876953,0.14671875536441803,-0.14828172326087952,2.0989105701446533,1.4719908237457275,-0.0709252655506134,-0.13969947397708893,0.3874058723449707,0.14408591389656067,0.26819905638694763,1.7289955615997314,-0.21234101057052612,2.1789777278900146,-0.19591005146503448,0.39122527837753296,0.6403024196624756,-0.17673617601394653,0.39039093255996704,-0.33917129039764404
0.049069251865148544,0.2313925176858902,1.488342523574829,0.3812654912471771,0.06459507346153259,2.0656278133392334,0.14669401943683624,-0.14828026294708252,2.098860740661621,1.472015142440796,-0.07093733549118042,-0.13971097767353058,0.38739901781082153,0.1440807729959488,0.26818737387657166,1.7290080785751343,-0.21235217154026031,2.1790008544921875,-0.19589895009994507,0.3912498950958252,0.6403467059135437,-0.17675374448299408,0.3903803527355194,-0.33917176723480225
0.049029722809791565,0.23140528798103333,1.4881765842437744,0.3812715709209442,0.06460833549499512,2.0656001567840576,0.1467178463935852,-0.1482842117547989,2.0989110469818115,1.471988558769226,-0.07092678546905518,-0.13970106840133667,0.38740405440330505,0.14408491551876068,0.2681974172592163,1.7289947271347046,-0.21234232187271118,2.178981065750122,-0.19591376185417175,0.391225129365921,0.6403003931045532,-0.17673741281032562,0.39039450883865356,-0.3391740918159485
0.04907003045082092,0.23139077425003052,1.488345742225647,0.381269246339798,0.06459540873765945,2.065627098083496,0.14669308066368103,-0.14828257262706757,2.0988609790802,1.4720131158828735,-0.07093889266252518,-0.1397126019001007,0.3873971402645111,0.14407949149608612,0.26818570494651794,1.7290077209472656,-0.21235351264476776,2.179004192352295,-0.19590236246585846,0.39124926924705505,0.6403446793556213,-0.1767551153898239,0.3903832733631134,-0.33917436003685
0.049036819487810135,0.23140139877796173,1.4882053136825562,0.38127389550209045,0.06460665166378021,2.0656042098999023,0.14671310782432556,-0.1482858657836914,2.0989034175872803,1.4719908237457275,-0.0709301009774208,-0.13970434665679932,0.3874012231826782,0.14408262073993683,0.2681940793991089,1.7289968729019165,-0.21234531700611115,2.178987503051758,-0.19591480493545532,0.39122796058654785,0.6403056383132935,-0.17674152553081512,0.3903947174549103,-0.3391762673854828
0.04906493052840233,0.23139111697673798,1.488322138786316,0.38127192854881287,0.06459776312112808,2.0656232833862305,0.1466957926750183,-0.14828479290008545,2.0988688468933105,1.4720078706741333,-0.07093868404626846,-0.13971254229545593,0.3873961865901947,0.14407840371131897,0.2681857645511627,1.729006290435791,-0.21235327422618866,2.1790037155151367,-0.19590705633163452,0.3912442922592163,0.6403363943099976,-0.17675405740737915,0.39038655161857605,-0.33917656540870667
0.04904693737626076,0.2313966602087021,1.4882447719573975,0.38127419352531433,0.0646040141582489,2.065610885620117,0.14670655131340027,-0.14828675985336304,2.0988922119140625,1.4719955921173096,-0.07093412429094315,-0.1397082805633545,0.3873980641365051,0.14407958090305328,0.26819008588790894,1.7290008068084717,-0.2123490571975708,2.17899489402771,-0.195914164185524,0.3912321627140045,0.640315055847168,-0.1767469197511673,0.3903925120830536,-0.33917781710624695
0.0490574985742569,0.2313925176858902,1.4882869720458984,0.38127321004867554,0.0646008625626564,2.0656180381774902,0.146699920296669,-0.1482866108417511,2.09887957572937,1.4720017910003662,-0.0709376111626625,-0.1397116333246231,0.3873957395553589,0.1440773755311966,0.26818668842315674,1.7290047407150269,-0.21235232055187225,2.1790013313293457,-0.19591177999973297,0.3912375867366791,0.6403263211250305,-0.17675189673900604,0.39038923382759094,-0.3391782343387604
0.04905685409903526,0.23139230906963348,1.4882818460464478,0.3812730610370636,0.0646013617515564,2.065617561340332,0.14670012891292572,-0.1482871025800705,2.0988810062408447,1.4720009565353394,-0.07093784213066101,-0.1397118866443634,0.3873952031135559,0.14407654106616974,0.26818645000457764,1.7290050983428955,-0.21235257387161255,2.179001569747925,-0.19591286778450012,0.39123615622520447,0.6403250098228455,-0.1767520308494568,0.39038923382759094,-0.33917877078056335
0.049050722271203995,0.23139408230781555,1.4882534742355347,0.3812732696533203,0.06460361927747726,2.0656135082244873,0.14670369029045105,-0.14828786253929138,2.0988893508911133,1.4719966650009155,-0.07093643397092819,-0.13971059024333954,0.38739556074142456,0.14407645165920258,0.2681877911090851,1.7290037870407104,-0.21235130727291107,2.1789987087249756,-0.1959155946969986,0.3912314474582672,0.6403175592422485,-0.17674973607063293,0.3903907835483551,-0.33917930722236633
0.049064647406339645,0.2313891053199768,1.488309383392334,0.3812713921070099,0.06459924578666687,2.0656230449676514,0.1466950625181198,-0.14828713238239288,2.098872423171997,1.4720053672790527,-0.07094063609838486,-0.13971459865570068,0.387393057346344,0.14407414197921753,0.26818376779556274,1.7290089130401611,-0.21235524117946625,2.179006576538086,-0.19591163098812103,0.391239196062088,0.6403328776359558,-0.176755890250206,0.3903859853744507,-0.33917924761772156
0.04904627054929733,0.23139528930187225,1.4882296323776245,0.3812727630138397,0.06460543721914291,2.065610408782959,0.14670614898204803,-0.1482885479927063,2.0988962650299072,1.4719934463500977,-0.07093557715415955,-0.13970983028411865,0.3873955011367798,0.14407581090927124,0.2681886553764343,1.7290034294128418,-0.21235056221485138,2.1789968013763428,-0.19591806828975677,0.39122718572616577,0.6403114199638367,-0.17674817144870758,0.3903913199901581,-0.3391798734664917
0.04906975105404854,0.23138727247714996,1.488326072692871,0.38126999139785767,0.06459783017635345,2.065626382827759,0.14669178426265717,-0.14828701317310333,2.098867416381836,1.4720083475112915,-0.07094231247901917,-0.1397162228822708,0.3873918354511261,0.1440727412700653,0.2681822180747986,1.7290115356445312,-0.2123568207025528,2.179009437561035,-0.1959107369184494,0.39124107360839844,0.640337347984314,-0.17675817012786865,0.3903835713863373,-0.3391793966293335
0.04904450103640556,0.23139601945877075,1.488218069076538,0.38127225637435913,0.0646061897277832,2.0656089782714844,0.14670714735984802,-0.1482887715101242,2.0988996028900146,1.4719921350479126,-0.07093513011932373,-0.13970942795276642,0.38739556074142456,0.14407563209533691,0.2681891620159149,1.7290035486221313,-0.21235013008117676,2.1789956092834473,-0.1959192156791687,0.39122509956359863,0.6403077244758606,-0.17674729228019714,0.39039120078086853,-0.339180052280426
0.04907251521945,0.23138664662837982,1.4883341789245605,0.38126933574676514,0.06459701806306839,2.0656278133392334,0.14669011533260345,-0.148286834359169,2.098864793777466,1.4720100164413452,-0.07094299793243408,-0.13971687853336334,0.38739144802093506,0.14407242834568024,0.2681816816329956,1.7290128469467163,-0.21235738694667816,2.1790103912353516,-0.1959102302789688,0.39124205708503723,0.6403384208679199,-0.1767590045928955,0.3903822600841522,-0.3391793668270111
0.04904494062066078,0.23139634728431702,1.4882171154022217,0.38127219676971436,0.06460607051849365,2.0656087398529053,0.14670699834823608,-0.14828869700431824,2.0988998413085938,1.4719923734664917,-0.07093501091003418,-0.13970932364463806,0.3873957693576813,0.14407597482204437,0.2681894302368164,1.72900390625,-0.21234989166259766,2.178995132446289,-0.19591931998729706,0.3912249207496643,0.640305757522583,-0.17674694955348969,0.39039090275764465,-0.33917999267578125
0.04907366260886192,0.23138685524463654,1.4883369207382202,0.38126957416534424,0.06459660828113556,2.0656280517578125,0.14668962359428406,-0.14828667044639587,2.0988640785217285,1.4720107316970825,-0.0709429606795311,-0.13971684873104095,0.38739174604415894,0.144073024392128,0.26818186044692993,1.729013204574585,-0.21235717833042145,2.1790101528167725,-0.19590997695922852,0.3912425637245178,0.6403368711471558,-0.1767588108778,0.3903820216655731,-0.33917924761772156
0.049046702682971954,0.23139643669128418,1.4882230758666992,0.38127273321151733,0.06460542231798172,2.0656092166900635,0.1467062085866928,-0.14828847348690033,2.09889817237854,1.4719935655593872,-0.07093507051467896,-0.13970936834812164,0.38739609718322754,0.14407674968242645,0.26818951964378357,1.729004144668579,-0.21234972774982452,2.178995132446289,-0.19591876864433289,0.39122602343559265,0.6403046250343323,-0.1767469048500061,0.3903907239437103,-0.3391798436641693
0.04907390847802162,0.23138752579689026,1.4883370399475098,0.38127055764198303,0.06459643691778183,2.065627336502075,0.14668981730937958,-0.14828653633594513,2.0988640785217285,1.4720109701156616,-0.07094253599643707,-0.13971643149852753,0.38739240169525146,0.14407414197921753,0.2681824266910553,1.7290127277374268,-0.2123565375804901,2.179009199142456,-0.19590984284877777,0.3912428915500641,0.6403338313102722,-0.1767580658197403,0.3903825283050537,-0.3391790986061096
0.04904884845018387,0.23139648139476776,1.4882316589355469,0.38127371668815613,0.06460462510585785,2.065609931945801,0.1467052698135376,-0.14828820526599884,2.098895788192749,1.4719949960708618,-0.07093515992164612,-0.1397094428539276,0.38739654421806335,0.14407773315906525,0.26818957924842834,1.729004144668579,-0.2123495638370514,2.178995132446289,-0.19591796398162842,0.3912276327610016,0.6403037309646606,-0.17674694955348969,0.3903908133506775,-0.3391796350479126
0.049073800444602966,0.23138833045959473,1.4883365631103516,0.3812718689441681,0.06459639221429825,2.065626621246338,0.1466902494430542,-0.14828643202781677,2.0988645553588867,1.4720109701156616,-0.0709419921040535,-0.13971590995788574,0.38739320635795593,0.1440753936767578,0.2681830823421478,1.7290118932724,-0.21235577762126923,2.1790080070495605,-0.19590973854064941,0.39124321937561035,0.6403304934501648,-0.17675717175006866,0.39038342237472534,-0.3391789495944977
0.04905065894126892,0.23139658570289612,1.4882394075393677,0.3812748193740845,0.06460396945476532,2.065610647201538,0.1467045098543167,-0.14828798174858093,2.098893880844116,1.4719961881637573,-0.0709351897239685,-0.13970947265625,0.38739702105522156,0.14407867193222046,0.2681896686553955,1.72900390625,-0.21234935522079468,2.178995132446289,-0.19591720402240753,0.39122918248176575,0.6403027772903442,-0.1767469346523285,0.39039111137390137,-0.3391794264316559
0.04907377436757088,0.23138898611068726,1.488336443901062,0.3812730610370636,0.06459636241197586,2.0656261444091797,0.14669057726860046,-0.1482863575220108,2.098865032196045,1.4720109701156616,-0.07094155251979828,-0.13971549272537231,0.38739386200904846,0.1440763920545578,0.2681835889816284,1.729011058807373,-0.21235516667366028,2.1790072917938232,-0.19590958952903748,0.3912436366081238,0.6403278112411499,-0.17675647139549255,0.3903842568397522,-0.33917880058288574
0.0490516759455204,0.23139679431915283,1.4882434606552124,0.3812757730484009,0.06460361927747726,2.065610885620117,0.14670416712760925,-0.1482878476381302,2.0988929271698,1.471996784210205,-0.07093511521816254,-0.13970939815044403,0.3873974084854126,0.14407935738563538,0.26818981766700745,1.7290035486221313,-0.21234911680221558,2.178995132446289,-0.19591674208641052,0.3912302255630493,0.6403017044067383,-0.17674680054187775,0.3903915286064148,-0.33917927742004395
0.0490742027759552,0.23138929903507233,1.488337755203247,0.38127389550209045,0.06459623575210571,2.0656261444091797,0.14669054746627808,-0.14828628301620483,2.098864793777466,1.4720112085342407,-0.07094138860702515,-0.13971534371376038,0.3873942196369171,0.14407694339752197,0.2681838274002075,1.7290107011795044,-0.2123548835515976,2.179007053375244,-0.19590935111045837,0.3912442624568939,0.6403264999389648,-0.17675620317459106,0.3903847336769104,-0.3391786813735962
0.04905163496732712,0.23139715194702148,1.488242506980896,0.3812764585018158,0.06460367143154144,2.065610647201538,0.14670436084270477,-0.148287832736969,2.098893404006958,1.471996784210205,-0.07093489170074463,-0.1397092044353485,0.3873977065086365,0.14407974481582642,0.26819008588790894,1.7290031909942627,-0.2123488336801529,2.178994655609131,-0.19591671228408813,0.3912304937839508,0.6403003334999084,-0.1767464578151703,0.3903920352458954,-0.33917921781539917
0.04907545447349548,0.2313890904188156,1.4883419275283813,0.3812742531299591,0.06459588557481766,2.065626859664917,0.14668989181518555,-0.14828620851039886,2.0988636016845703,1.472011923789978,-0.07094161212444305,-0.13971558213233948,0.3873941898345947,0.14407697319984436,0.2681836187839508,1.7290109395980835,-0.21235506236553192,2.1790072917938232,-0.19590897858142853,0.3912452757358551,0.6403270363807678,-0.17675653100013733,0.3903847336769104,-0.3391786515712738
0.049050312489271164,0.23139771819114685,1.488235592842102,0.3812769055366516,0.06460418552160263,2.0656096935272217,0.1467052400112152,-0.14828798174858093,2.098895311355591,1.4719957113265991,-0.0709344670176506,-0.13970883190631866,0.3873979449272156,0.14407989382743835,0.2681904733181,1.7290027141571045,-0.21234843134880066,2.1789937019348145,-0.1959172785282135,0.39122986793518066,0.6402983069419861,-0.17674578726291656,0.3903927505016327,-0.33917930722236633
0.04907801374793053,0.23138822615146637,1.4883511066436768,0.3812742233276367,0.06459513306617737,2.0656285285949707,0.14668837189674377,-0.1482861489057541,2.098860740661621,1.4720133543014526,-0.07094236463308334,-0.13971632719039917,0.3873937427997589,0.14407651126384735,0.2681828737258911,1.7290117740631104,-0.21235579252243042,2.179008722305298,-0.19590838253498077,0.3912469744682312,0.6403297185897827,-0.17675761878490448,0.3903841972351074,-0.3391787111759186
0.049047376960515976,0.23139862716197968,1.4882216453552246,0.3812773823738098,0.06460525095462799,2.0656075477600098,0.14670702815055847,-0.14828835427761078,2.0988993644714355,1.4719935655593872,-0.07093372195959091,-0.13970816135406494,0.38739821314811707,0.14407996833324432,0.2681911587715149,1.729001760482788,-0.21234780550003052,2.17899227142334,-0.19591857492923737,0.3912281394004822,0.6402949690818787,-0.17674462497234344,0.3903939425945282,-0.33917954564094543
0.04908258840441704,0.2313864827156067,1.4883685111999512,0.38127392530441284,0.06459373980760574,2.06563138961792,0.14668557047843933,-0.14828605949878693,2.0988552570343018,1.4720158576965332,-0.07094381004571915,-0.1397177278995514,0.3873927891254425,0.14407561719417572,0.2681814432144165,1.7290133237838745,-0.21235720813274384,2.179011583328247,-0.195907324552536,0.3912498354911804,0.6403350234031677,-0.17675970494747162,0.3903830349445343,-0.33917883038520813
0.04904214292764664,0.23140017688274384,1.4881978034973145,0.3812781274318695,0.06460709124803543,2.065603733062744,0.14671018719673157,-0.14828899502754211,2.0989062786102295,1.4719897508621216,-0.07093243300914764,-0.13970696926116943,0.3873986601829529,0.14408017694950104,0.2681923508644104,1.729000210762024,-0.21234668791294098,2.178989887237549,-0.19592082500457764,0.3912249207496643,0.6402891874313354,-0.1767425686120987,0.3903959095478058,-0.33917999267578125
0.049090273678302765,0.2313835620880127,1.4883989095687866,0.381273478269577,0.06459134817123413,2.065636396408081,0.14668084681034088,-0.1482858657836914,2.098845958709717,1.4720202684402466,-0.07094622403383255,-0.13972003757953644,0.38739126920700073,0.14407427608966827,0.2681790888309479,1.7290160655975342,-0.21235951781272888,2.17901611328125,-0.19590546190738678,0.3912545442581177,0.6403439044952393,-0.17676319181919098,0.3903810381889343,-0.33917906880378723
0.04903330281376839,0.23140287399291992,1.488158941268921,0.38127949833869934,0.06461014598608017,2.0655972957611084,0.14671553671360016,-0.1482899934053421,2.0989177227020264,1.471983551979065,-0.07093017548322678,-0.1397048681974411,0.3873995840549469,0.14408078789710999,0.2681944668292999,1.7289974689483643,-0.21234464645385742,2.178985595703125,-0.19592444598674774,0.39121949672698975,0.640279233455658,-0.17673902213573456,0.3903992176055908,-0.33918070793151855
0.049102939665317535,0.23137889802455902,1.488450050354004,0.38127291202545166,0.06458736211061478,2.0656445026397705,0.14667311310768127,-0.14828543365001678,2.098830461502075,1.4720277786254883,-0.07095008343458176,-0.1397237330675125,0.38738900423049927,0.14407235383987427,0.268175333738327,1.7290202379226685,-0.21236315369606018,2.179023504257202,-0.19590213894844055,0.391262412071228,0.6403582096099854,-0.17676879465579987,0.3903777599334717,-0.3391793370246887
0.04901861399412155,0.23140756785869598,1.4880951642990112,0.38128194212913513,0.06461518257856369,2.065586566925049,0.14672450721263885,-0.1482914835214615,2.0989367961883545,1.4719735383987427,-0.0709262490272522,-0.13970118761062622,0.38740143179893494,0.14408211410045624,0.2681981921195984,1.7289925813674927,-0.2123410552740097,2.178978204727173,-0.1959301382303238,0.3912105858325958,0.6402621865272522,-0.17673292756080627,0.39040470123291016,-0.33918169140815735
0.049123793840408325,0.23137150704860687,1.4885339736938477,0.3812720775604248,0.0645807757973671,2.0656578540802,0.14666050672531128,-0.14828449487686157,2.0988049507141113,1.4720404148101807,-0.07095620781183243,-0.1397295743227005,0.3873855769634247,0.14406950771808624,0.2681694030761719,1.7290269136428833,-0.2123688906431198,2.179035186767578,-0.19589631259441376,0.3912754952907562,0.6403810381889343,-0.17677776515483856,0.39037230610847473,-0.33917951583862305
0.048994578421115875,0.23141562938690186,1.4879902601242065,0.38128599524497986,0.06462343782186508,2.0655691623687744,0.1467394083738327,-0.1482936441898346,2.098968029022217,1.4719573259353638,-0.07091953605413437,-0.13969489932060242,0.38740479946136475,0.1440846025943756,0.26820456981658936,1.7289844751358032,-0.21233485639095306,2.1789655685424805,-0.1959390789270401,0.3911961615085602,0.6402333974838257,-0.17672263085842133,0.39041370153427124,-0.3391830027103424
0.049157898873090744,0.2313598394393921,1.4886682033538818,0.38127079606056213,0.06457005441188812,2.0656797885894775,0.14664022624492645,-0.14828267693519592,2.0987634658813477,1.4720611572265625,-0.07096588611602783,-0.13973882794380188,0.3873803913593292,0.14406517148017883,0.26816001534461975,1.7290376424789429,-0.2123778909444809,2.179053783416748,-0.19588643312454224,0.3912971019744873,0.640417218208313,-0.17679204046726227,0.39036354422569275,-0.33917948603630066
0.04895700886845589,0.23142872750759125,1.4878239631652832,0.3812927007675171,0.06463649868965149,2.0655415058135986,0.14676323533058167,-0.1482967883348465,2.099017381668091,1.4719318151474,-0.07090863585472107,-0.13968470692634583,0.38741055130958557,0.1440887749195099,0.2682149410247803,1.7289716005325317,-0.21232473850250244,2.1789450645446777,-0.1959528625011444,0.3911738991737366,0.6401865482330322,-0.176706001162529,0.39042818546295166,-0.3391847610473633
0.049211036413908005,0.23134227097034454,1.4888672828674316,0.3812694847583771,0.06455359607934952,2.0657131671905518,0.1466093808412552,-0.1482795774936676,2.0987000465393066,1.4720932245254517,-0.07098045945167542,-0.13975279033184052,0.3873728811740875,0.14405867457389832,0.26814591884613037,1.72905433177948,-0.21239139139652252,2.179081678390503,-0.19587098062038422,0.39133119583129883,0.6404707431793213,-0.17681357264518738,0.3903506100177765,-0.3391791582107544
0.04890630394220352,0.23144730925559998,1.4875928163528442,0.38130369782447815,0.06465476006269455,2.065502643585205,0.14679674804210663,-0.148300901055336,2.099086284637451,1.4718966484069824,-0.07089317589998245,-0.13967031240463257,0.3874190151691437,0.14409460127353668,0.2682296633720398,1.7289538383483887,-0.212310329079628,2.1789159774780273,-0.1959719955921173,0.39114460349082947,0.6401181817054749,-0.17668241262435913,0.3904496729373932,-0.3391870856285095
0.04928041994571686,0.23132048547267914,1.489097237586975,0.38127100467681885,0.06453298032283783,2.0657541751861572,0.14657098054885864,-0.1482754945755005,2.098620891571045,1.4721338748931885,-0.07099852710962296,-0.1397702395915985,0.3873639702796936,0.14405041933059692,0.2681284248828888,1.7290756702423096,-0.21240805089473724,2.1791162490844727,-0.19585180282592773,0.39137697219848633,0.6405326128005981,-0.17684009671211243,0.390336811542511,-0.3391788899898529
0.04886727035045624,0.23146389424800873,1.4873898029327393,0.3813202977180481,0.06467106193304062,2.0654664039611816,0.14682669937610626,-0.14830459654331207,2.099146842956543,1.4718658924102783,-0.07087937742471695,-0.13965775072574615,0.3874272108078003,0.1440993696451187,0.2682426869869232,1.7289386987686157,-0.21229729056358337,2.1788902282714844,-0.19598989188671112,0.39112457633018494,0.6400485038757324,-0.1766609400510788,0.39047399163246155,-0.33918991684913635
0.049327220767736435,0.2313086837530136,1.4891762733459473,0.3812841475009918,0.06452194601297379,2.065772771835327,0.14655055105686188,-0.1482737511396408,2.098578691482544,1.4721561670303345,-0.07100830227136612,-0.139780193567276,0.38736021518707275,0.14404547214508057,0.2681187689304352,1.7290879487991333,-0.21241673827171326,2.17913556098938,-0.19584372639656067,0.39141181111335754,0.6405494809150696,-0.1768534779548645,0.3903387784957886,-0.3391806185245514
0.04891388490796089,0.231453537940979,1.4874916076660156,0.3813406229019165,0.06466164439916611,2.0654797554016113,0.14680896699428558,-0.1483040601015091,2.099109411239624,1.4718847274780273,-0.07088803499937057,-0.1396668702363968,0.38742437958717346,0.14409524202346802,0.2682340145111084,1.7289488315582275,-0.21230465173721313,2.178907871246338,-0.19598519802093506,0.39116063714027405,0.6400533318519592,-0.17667199671268463,0.3904826045036316,-0.3391932249069214
0.04927738010883331,0.23133164644241333,1.4888499975204468,0.3813219666481018,0.06454484164714813,2.065715789794922,0.14659257233142853,-0.14828182756900787,2.098666191101074,1.472110390663147,-0.0709894523024559,-0.1397634595632553,0.3873720169067383,0.14405405521392822,0.26813653111457825,1.7290643453598022,-0.21239815652370453,2.1791017055511475,-0.19587454199790955,0.3913901150226593,0.6404342651367188,-0.17682208120822906,0.3903840482234955,-0.3391888439655304
0.04909076169133186,0.2313980907201767,1.4880748987197876,0.3813634514808655,0.06460974365472794,2.0655739307403564,0.14671187102794647,-0.14829948544502258,2.0989136695861816,1.471981167793274,-0.07093463838100433,-0.13971222937107086,0.3874015212059021,0.14407889544963837,0.26818904280662537,1.7289968729019165,-0.21234630048274994,2.178999423980713,-0.19594673812389374,0.39127981662750244,0.6401890516281128,-0.17673709988594055,0.3904624283313751,-0.3391996920108795
0.04915165901184082,0.23137831687927246,1.4882742166519165,0.3813830614089966,0.06459220498800278,2.0656003952026367,0.14667797088623047,-0.1483021080493927,2.0988495349884033,1.4720096588134766,-0.07095171511173248,-0.1397290676832199,0.3873928189277649,0.1440753936767578,0.26817265152931213,1.7290093898773193,-0.2123609036207199,2.1790342330932617,-0.19594059884548187,0.39132261276245117,0.6402252316474915,-0.1767587959766388,0.39046457409858704,-0.33920708298683167
0.04929262027144432,0.2313297539949417,1.488797903060913,0.3813973069190979,0.06454768031835556,2.065680980682373,0.1465931087732315,-0.14830125868320465,2.098684072494507,1.4720884561538696,-0.07099301367998123,-0.13976885378360748,0.3873708248138428,0.14406289160251617,0.26813310384750366,1.7290469408035278,-0.21239782869815826,2.1791152954101562,-0.19591094553470612,0.39141491055488586,0.6403540372848511,-0.17681577801704407,0.39044296741485596,-0.3392149806022644
0.049076952040195465,0.23140276968479156,1.4879485368728638,0.3814500868320465,0.06462106853723526,2.065516471862793,0.14672495424747467,-0.1483267992734909,2.098966360092163,1.471936821937561,-0.07093366235494614,-0.13971342146396637,0.38740113377571106,0.14409233629703522,0.2681901752948761,1.7289658784866333,-0.21234126389026642,2.1790053844451904,-0.19600063562393188,0.3912866711616516,0.6400802135467529,-0.17672108113765717,0.39053553342819214,-0.3392334282398224
0.049397993832826614,0.2312903106212616,1.4891726970672607,0.3814489245414734,0.06451685726642609,2.0657193660736084,0.1465267688035965,-0.14831650257110596,2.0985755920410156,1.472129464149475,-0.07102866470813751,-0.1398041546344757,0.3873497247695923,0.14405709505081177,0.2680991291999817,1.7290619611740112,-0.21242819726467133,2.1791882514953613,-0.19591639935970306,0.3914906680583954,0.6404173970222473,-0.17685705423355103,0.39045846462249756,-0.33924075961112976
0.04913494363427162,0.23137816786766052,1.4881501197814941,0.38150766491889954,0.06460663676261902,2.065521240234375,0.14668534696102142,-0.14834746718406677,2.09891939163208,1.4719455242156982,-0.07095760107040405,-0.13973776996135712,0.38738489151000977,0.14408932626247406,0.2681674063205719,1.728965163230896,-0.21236121654510498,2.1790554523468018,-0.19602525234222412,0.39133328199386597,0.640095055103302,-0.17674380540847778,0.3905666172504425,-0.33926308155059814
0.04936656355857849,0.23129482567310333,1.4890201091766357,0.381514310836792,0.06453264504671097,2.0656628608703613,0.14653931558132172,-0.14834488928318024,2.0986430644989014,1.4720797538757324,-0.07102900743484497,-0.13980628550052643,0.38734444975852966,0.14406077563762665,0.26809895038604736,1.7290327548980713,-0.21242697536945343,2.179192304611206,-0.19597293436527252,0.39148208498954773,0.6403387784957886,-0.17684374749660492,0.390516459941864,-0.3392746150493622
0.04929936304688454,0.23131337761878967,1.4887512922286987,0.3815494179725647,0.06455795466899872,2.0656003952026367,0.14657489955425262,-0.14836342632770538,2.0987420082092285,1.4720215797424316,-0.07101602852344513,-0.1397949606180191,0.3873475193977356,0.14406538009643555,0.2681114077568054,1.7290024757385254,-0.21241483092308044,2.179168462753296,-0.1960192322731018,0.3914455771446228,0.6402501463890076,-0.1768171638250351,0.39055928587913513,-0.33929377794265747
0.049274563789367676,0.23131628334522247,1.4886471033096313,0.3815772533416748,0.06456925719976425,2.065568447113037,0.1465829312801361,-0.14837926626205444,2.098787307739258,1.4719910621643066,-0.07101622968912125,-0.13979610800743103,0.3873428404331207,0.14406263828277588,0.26811110973358154,1.728987455368042,-0.2124154269695282,2.179168939590454,-0.19605174660682678,0.3914349377155304,0.6402168869972229,-0.1768103539943695,0.39058616757392883,-0.33931222558021545
0.04944125562906265,0.23125237226486206,1.4892736673355103,0.3815822899341583,0.06451711803674698,2.065669536590576,0.14647242426872253,-0.1483817845582962,2.0985920429229736,1.472084403038025,-0.07107200473546982,-0.13984985649585724,0.3873082399368286,0.14403492212295532,0.26805737614631653,1.7290371656417847,-0.21246813237667084,2.179274320602417,-0.19602113962173462,0.39154258370399475,0.640407383441925,-0.17688699066638947,0.39054974913597107,-0.33932605385780334
0.04924366995692253,0.2313135415315628,1.4885092973709106,0.38162195682525635,0.06458620727062225,2.065521478652954,0.14658504724502563,-0.14840899407863617,2.0988543033599854,1.4719434976577759,-0.0710238665342331,-0.13980525732040405,0.38732776045799255,0.14404849708080292,0.2681032121181488,1.728967547416687,-0.21242478489875793,2.1791820526123047,-0.1961093544960022,0.39142435789108276,0.6401895880699158,-0.17680832743644714,0.3906271755695343,-0.3393478989601135
0.049470409750938416,0.23122817277908325,1.4893536567687988,0.3816153407096863,0.06451457738876343,2.0656659603118896,0.1464373916387558,-0.1484062820672989,2.098583698272705,1.472076654434204,-0.07109728455543518,-0.13987571001052856,0.387283056974411,0.14401008188724518,0.2680322527885437,1.7290397882461548,-0.21249471604824066,2.1793200969696045,-0.19605737924575806,0.3915689289569855,0.6404565572738647,-0.17691223323345184,0.39056795835494995,-0.33935901522636414
0.049318041652441025,0.23127341270446777,1.4887568950653076,0.3816458284854889,0.06456903368234634,2.0655510425567627,0.1465228945016861,-0.14842897653579712,2.0987887382507324,1.4719659090042114,-0.07106199115514755,-0.13984325528144836,0.38729536533355713,0.1440158635377884,0.2680654525756836,1.7289873361587524,-0.21246393024921417,2.1792519092559814,-0.19612860679626465,0.3914785087108612,0.6402959227561951,-0.17685382068157196,0.39062830805778503,-0.33937808871269226
0.04940228909254074,0.23123693466186523,1.4890565872192383,0.3816503882408142,0.06454470753669739,2.0655996799468994,0.14646366238594055,-0.14843465387821198,2.0986955165863037,1.4720083475112915,-0.07109425216913223,-0.13987469673156738,0.3872721791267395,0.1439933329820633,0.2680336833000183,1.7290139198303223,-0.21249599754810333,2.179312229156494,-0.19612085819244385,0.3915346562862396,0.6404054164886475,-0.1768970936536789,0.39061251282691956,-0.33939066529273987
0.04943389818072319,0.2312186062335968,1.4891588687896729,0.38165953755378723,0.06453760713338852,2.06561279296875,0.14643748104572296,-0.14844325184822083,2.0986669063568115,1.4720174074172974,-0.0711110532283783,-0.13989146053791046,0.38725730776786804,0.1439775675535202,0.26801660656929016,1.7290232181549072,-0.21251368522644043,2.1793437004089355,-0.1961289793252945,0.3915581703186035,0.6404558420181274,-0.17691770195960999,0.39061322808265686,-0.33940351009368896
0.04933442175388336,0.23124569654464722,1.4887666702270508,0.38168200850486755,0.06457377225160599,2.0655364990234375,0.1464928239583969,-0.14846013486385345,2.098801374435425,1.4719425439834595,-0.07108970731496811,-0.13987205922603607,0.38726288080215454,0.14397846162319183,0.26803603768348694,1.7289888858795166,-0.2124958038330078,2.1793036460876465,-0.1961786448955536,0.3915005624294281,0.6403568983078003,-0.17688165605068207,0.3906559348106384,-0.3394183814525604
0.04949630796909332,0.2311830073595047,1.489364504814148,0.38167786598205566,0.06452271342277527,2.0656399726867676,0.1463889330625534,-0.14845821261405945,2.0986061096191406,1.4720367193222046,-0.07114247232675552,-0.13992273807525635,0.3872300386428833,0.14394965767860413,0.2679842710494995,1.7290408611297607,-0.21254654228687286,2.1794047355651855,-0.1961410641670227,0.3916052579879761,0.6405525207519531,-0.17695708572864532,0.3906160593032837,-0.3394261300563812
0.04934273660182953,0.231229767203331,1.4887704849243164,0.3817070722579956,0.06457630544900894,2.0655267238616943,0.1464802473783493,-0.14847715198993683,2.0988059043884277,1.4719277620315552,-0.07110390067100525,-0.13988691568374634,0.38724592328071594,0.1439601331949234,0.2680200934410095,1.7289875745773315,-0.21251216530799866,2.179333448410034,-0.1962055116891861,0.39151477813720703,0.6403874158859253,-0.17689618468284607,0.39067769050598145,-0.33944016695022583
0.04947453364729881,0.2311786413192749,1.4892551898956299,0.3817076086997986,0.06453461199998856,2.0656096935272217,0.14639753103256226,-0.14847563207149506,2.0986456871032715,1.47200345993042,-0.07114621251821518,-0.13992758095264435,0.38722002506256104,0.14393845200538635,0.2679782807826996,1.729028344154358,-0.21255263686180115,2.1794161796569824,-0.19617484509944916,0.39160171151161194,0.6405433416366577,-0.17695684731006622,0.3906492292881012,-0.3394465744495392
0.049419157207012177,0.23119273781776428,1.4890365600585938,0.38172826170921326,0.06455482542514801,2.0655641555786133,0.1464308500289917,-0.1484862118959427,2.098719358444214,1.4719589948654175,-0.07113402336835861,-0.13991659879684448,0.3872235417366028,0.14394092559814453,0.26798880100250244,1.7290061712265015,-0.21254217624664307,2.179396152496338,-0.19620418548583984,0.3915730118751526,0.6404845714569092,-0.17693625390529633,0.39068111777305603,-0.3394564092159271
0.04941517859697342,0.23118968307971954,1.489014983177185,0.3817440867424011,0.06455753743648529,2.065554141998291,0.14643335342407227,-0.14849251508712769,2.098726987838745,1.4719483852386475,-0.07113582640886307,-0.13991878926753998,0.3872204124927521,0.14393897354602814,0.2679859399795532,1.7290003299713135,-0.21254445612430573,2.179403066635132,-0.19621530175209045,0.3915766477584839,0.6404824256896973,-0.17693693935871124,0.3906969428062439,-0.3394642174243927
0.04949411004781723,0.23115862905979156,1.4893087148666382,0.38175147771835327,0.0645323097705841,2.065601348876953,0.14638544619083405,-0.14849238097667694,2.0986294746398926,1.471992015838623,-0.07116072624921799,-0.13994276523590088,0.3872058391571045,0.14392857253551483,0.2679609954357147,1.729021430015564,-0.21256797015666962,2.1794538497924805,-0.19619791209697723,0.39163216948509216,0.6405732035636902,-0.17697249352931976,0.3906863033771515,-0.339469313621521
0.04938768222928047,0.23119224607944489,1.4889047145843506,0.381777822971344,0.06456854939460754,2.065521240234375,0.14645186066627502,-0.14850422739982605,2.098764181137085,1.4719167947769165,-0.07113184034824371,-0.13991576433181763,0.3872201442718506,0.14394134283065796,0.26798775792121887,1.728980541229248,-0.2125413864850998,2.1794025897979736,-0.1962401270866394,0.3915731906890869,0.6404528617858887,-0.17692777514457703,0.39073446393013,-0.33947792649269104
0.04951348900794983,0.23114630579948425,1.4893760681152344,0.3817794620990753,0.06452731788158417,2.065601348876953,0.14637574553489685,-0.14849936962127686,2.098606824874878,1.4719922542572021,-0.07116901874542236,-0.13995124399662018,0.3872002363204956,0.14392711222171783,0.26795127987861633,1.7290167808532715,-0.21257612109184265,2.179476499557495,-0.1962049901485443,0.3916586637496948,0.6405959129333496,-0.17698225378990173,0.39070776104927063,-0.3394804000854492
0.04941820353269577,0.23117733001708984,1.4890145063400269,0.3818029761314392,0.06455960124731064,2.0655295848846436,0.14643554389476776,-0.14850901067256927,2.098727226257324,1.4719257354736328,-0.07114235311746597,-0.1399262547492981,0.3872143030166626,0.14393961429595947,0.26797616481781006,1.7289795875549316,-0.212551549077034,2.179429054260254,-0.19624139368534088,0.3916073143482208,0.6404885053634644,-0.17694135010242462,0.39075055718421936,-0.3394872844219208
0.04947986081242561,0.2311546355485916,1.4892436265945435,0.3818088471889496,0.06453952193260193,2.065566301345825,0.1463986188173294,-0.1485072523355484,2.0986504554748535,1.4719613790512085,-0.07116043567657471,-0.13994356989860535,0.3872051239013672,0.1439334899187088,0.26795825362205505,1.7289947271347046,-0.21256859600543976,2.1794660091400146,-0.19622540473937988,0.39165350794792175,0.6405602693557739,-0.17696762084960938,0.39074188470840454,-0.3394899368286133
0.049476753920316696,0.23115471005439758,1.4892290830612183,0.38181987404823303,0.06454092264175415,2.065558910369873,0.14640112221240997,-0.1485094428062439,2.0986552238464355,1.4719558954238892,-0.07115978747606277,-0.13994312286376953,0.38720595836639404,0.14393498003482819,0.2679584324359894,1.728988766670227,-0.21256832778453827,2.179466962814331,-0.196229949593544,0.39165958762168884,0.64055997133255,-0.17696598172187805,0.390752375125885,-0.3394935429096222
0.04943770915269852,0.2311675101518631,1.489079236984253,0.3818329870700836,0.06455422937870026,2.0655272006988525,0.1464252769947052,-0.14851368963718414,2.098705291748047,1.4719278812408447,-0.07114876061677933,-0.13993282616138458,0.3872123062610626,0.1439404934644699,0.26796868443489075,1.728971242904663,-0.21255850791931152,2.179447650909424,-0.1962457150220871,0.3916432559490204,0.6405203342437744,-0.1769488900899887,0.3907727897167206,-0.33949753642082214
0.04951505735516548,0.2311403602361679,1.4893667697906494,0.3818325102329254,0.06452874839305878,2.0655760765075684,0.14637745916843414,-0.14850962162017822,2.098609447479248,1.471975564956665,-0.0711710974574089,-0.1399541050195694,0.38720110058784485,0.14393176138401031,0.2679469883441925,1.7289929389953613,-0.21257978677749634,2.1794912815093994,-0.19622284173965454,0.391698956489563,0.6406139731407166,-0.1769818365573883,0.3907546401023865,-0.33949846029281616
0.04942730441689491,0.23117046058177948,1.48903226852417,0.3818478286266327,0.06455826759338379,2.065511465072632,0.1464308351278305,-0.1485166698694229,2.0987212657928467,1.4719170331954956,-0.07114607095718384,-0.13993053138256073,0.3872147500514984,0.14394235610961914,0.26797083020210266,1.7289602756500244,-0.2125571370124817,2.1794445514678955,-0.1962539106607437,0.39165186882019043,0.6405209898948669,-0.17694388329982758,0.3907880187034607,-0.33950290083885193
0.04951116815209389,0.23114140331745148,1.489342451095581,0.38184431195259094,0.0645306333899498,2.065565347671509,0.14637842774391174,-0.1485118269920349,2.0986177921295166,1.4719696044921875,-0.07117033004760742,-0.1399535983800888,0.3872023820877075,0.14393216371536255,0.2679474353790283,1.7289851903915405,-0.21258032321929932,2.1794910430908203,-0.1962285190820694,0.3917108476161957,0.6406230926513672,-0.17697972059249878,0.3907656669616699,-0.3395031690597534
0.04945387318730354,0.23116116225719452,1.489121675491333,0.3818546533584595,0.06455002725124359,2.0655221939086914,0.14641262590885162,-0.1485166847705841,2.098691940307617,1.4719310998916626,-0.0711541548371315,-0.13993841409683228,0.3872111439704895,0.1439385712146759,0.26796284317970276,1.7289636135101318,-0.21256594359874725,2.1794605255126953,-0.19624948501586914,0.39168164134025574,0.6405648589134216,-0.17695499956607819,0.3907877504825592,-0.339506596326828
0.04947979748249054,0.23115213215351105,1.4892141819000244,0.38185587525367737,0.06454168260097504,2.0655364990234375,0.14639553427696228,-0.14851592481136322,2.0986616611480713,1.471946358680725,-0.07116197049617767,-0.13994592428207397,0.38720712065696716,0.1439349204301834,0.2679552733898163,1.7289700508117676,-0.2125738263130188,2.1794755458831787,-0.19624322652816772,0.39170339703559875,0.6406005620956421,-0.17696614563465118,0.39078283309936523,-0.339508056640625
0.049492307007312775,0.2311476469039917,1.4892570972442627,0.38185828924179077,0.06453778594732285,2.0655417442321777,0.14638663828372955,-0.14851625263690948,2.0986480712890625,1.4719529151916504,-0.07116606086492538,-0.13994991779327393,0.3872048854827881,0.14393281936645508,0.26795127987861633,1.7289721965789795,-0.2125781774520874,2.179483413696289,-0.19624154269695282,0.3917160630226135,0.6406201720237732,-0.17697162926197052,0.39078202843666077,-0.33950984477996826
0.0494527742266655,0.23116101324558258,1.489105224609375,0.38186606764793396,0.0645512193441391,2.065511465072632,0.1464097946882248,-0.1485203504562378,2.0986998081207275,1.4719257354736328,-0.07115533202886581,-0.13993988931179047,0.38721030950546265,0.14393694698810577,0.2679615020751953,1.7289572954177856,-0.21256865561008453,2.1794631481170654,-0.19625715911388397,0.3916955888271332,0.6405795216560364,-0.17695485055446625,0.39079785346984863,-0.3395128846168518
0.04951457679271698,0.23113922774791718,1.4893349409103394,0.38186347484588623,0.06453089416027069,2.0655510425567627,0.1463707536458969,-0.1485176980495453,2.0986239910125732,1.4719637632369995,-0.0711737722158432,-0.1399574726819992,0.387200266122818,0.14392901957035065,0.26794371008872986,1.7289762496948242,-0.21258613467216492,2.1794984340667725,-0.19623970985412598,0.3917371928691864,0.6406524181365967,-0.17698170244693756,0.3907814025878906,-0.3395136594772339
0.04945136979222298,0.231160506606102,1.4890954494476318,0.3818740248680115,0.06455225497484207,2.065504789352417,0.1464087814092636,-0.14852380752563477,2.098705291748047,1.4719208478927612,-0.07115641981363297,-0.13994118571281433,0.3872089087963104,0.14393605291843414,0.26796025037765503,1.7289537191390991,-0.21257023513317108,2.1794657707214355,-0.19626349210739136,0.3917003571987152,0.6405819058418274,-0.17695489525794983,0.39080506563186646,-0.33951738476753235
0.04951119050383568,0.23113912343978882,1.4893187284469604,0.38187193870544434,0.06453265249729156,2.0655434131622314,0.14637131989002228,-0.14852161705493927,2.0986318588256836,1.4719573259353638,-0.07117444276809692,-0.13995838165283203,0.3871988356113434,0.1439284235239029,0.2679428160190582,1.7289721965789795,-0.21258708834648132,2.1795003414154053,-0.19624702632427216,0.3917391002178192,0.640649676322937,-0.17698103189468384,0.39078953862190247,-0.33951830863952637
0.04947388172149658,0.23115116357803345,1.4891775846481323,0.3818799555301666,0.06454545259475708,2.0655155181884766,0.1463937610387802,-0.14852619171142578,2.098680257797241,1.471930980682373,-0.07116465270519257,-0.1399492621421814,0.38720330595970154,0.14393237233161926,0.2679520547389984,1.7289586067199707,-0.21257801353931427,2.1794822216033936,-0.19626252353191376,0.3917168080806732,0.6406060457229614,-0.17696550488471985,0.39080503582954407,-0.33952149748802185
0.049492593854665756,0.23114371299743652,1.4892473220825195,0.38188204169273376,0.06453961879014969,2.0655264854431152,0.14638185501098633,-0.14852696657180786,2.0986580848693848,1.4719407558441162,-0.07117099314928055,-0.13995540142059326,0.3871992230415344,0.14392957091331482,0.267945796251297,1.728963851928711,-0.21258385479450226,2.179494857788086,-0.19625961780548096,0.39172860980033875,0.6406251192092896,-0.17697414755821228,0.3908025026321411,-0.3395233452320099
0.04950267821550369,0.2311391532421112,1.4892849922180176,0.38188475370407104,0.0645366907119751,2.0655319690704346,0.14637534320354462,-0.1485283076763153,2.098646640777588,1.47194504737854,-0.07117489725351334,-0.13995923101902008,0.3871963620185852,0.1439276933670044,0.2679418921470642,1.728966474533081,-0.2125873863697052,2.1795027256011963,-0.19625946879386902,0.39173445105552673,0.6406338810920715,-0.1769791692495346,0.3908024728298187,-0.3395253121852875
0.049476757645606995,0.23114697635173798,1.489187240600586,0.38189074397087097,0.06454580277204514,2.0655128955841064,0.14639103412628174,-0.14853201806545258,2.098680257797241,1.471926212310791,-0.07116848230361938,-0.13995328545570374,0.38719889521598816,0.14392995834350586,0.26794788241386414,1.7289572954177856,-0.2125813215970993,2.1794910430908203,-0.19627097249031067,0.39171743392944336,0.6406015753746033,-0.1769687980413437,0.39081352949142456,-0.33952799439430237
0.049520354717969894,0.23113076388835907,1.4893503189086914,0.3818889558315277,0.06453178077936172,2.065541982650757,0.1463639885187149,-0.14853081107139587,2.0986266136169434,1.4719524383544922,-0.0711820125579834,-0.13996621966362,0.38719090819358826,0.14392372965812683,0.26793476939201355,1.7289716005325317,-0.21259379386901855,2.1795170307159424,-0.19625943899154663,0.3917432129383087,0.6406481862068176,-0.17698834836483002,0.39080187678337097,-0.339528888463974
0.04947524890303612,0.2311452478170395,1.4891794919967651,0.38189569115638733,0.0645473524928093,2.0655102729797363,0.14639152586460114,-0.14853549003601074,2.098684549331665,1.4719215631484985,-0.07117003947496414,-0.13995499908924103,0.3871963322162628,0.1439279168844223,0.26794612407684326,1.728956699371338,-0.21258258819580078,2.1794943809509277,-0.19627676904201508,0.3917136490345001,0.6405943036079407,-0.17696979641914368,0.3908179700374603,-0.33953163027763367
0.04952068626880646,0.23112852871418,1.4893479347229004,0.3818923532962799,0.06453275680541992,2.0655412673950195,0.14636336266994476,-0.14853373169898987,2.098628520965576,1.4719494581222534,-0.07118398696184158,-0.13996830582618713,0.3871881663799286,0.1439211368560791,0.26793262362480164,1.7289721965789795,-0.21259550750255585,2.179520845413208,-0.19626407325267792,0.3917401432991028,0.6406435370445251,-0.17699013650417328,0.3908045291900635,-0.3395320177078247
0.04948773980140686,0.23113901913166046,1.4892213344573975,0.3818964660167694,0.06454427540302277,2.065518379211426,0.14638341963291168,-0.14853709936141968,2.0986711978912354,1.4719270467758179,-0.07117534428834915,-0.13996021449565887,0.38719192147254944,0.14392364025115967,0.26794084906578064,1.7289619445800781,-0.21258747577667236,2.17950439453125,-0.19627679884433746,0.39171791076660156,0.6406041979789734,-0.17697674036026,0.3908155858516693,-0.3395339846611023
0.04950905218720436,0.23113089799880981,1.4892979860305786,0.38189437985420227,0.06453768163919449,2.06553316116333,0.1463700830936432,-0.14853650331497192,2.0986456871032715,1.4719399213790894,-0.07118216902017593,-0.13996674120426178,0.3871876299381256,0.1439196616411209,0.26793426275253296,1.728969931602478,-0.21259383857250214,2.1795170307159424,-0.1962713897228241,0.3917293846607208,0.640626847743988,-0.17698657512664795,0.3908088207244873,-0.3395344614982605
0.04950554296374321,0.23113152384757996,1.4892810583114624,0.38189440965652466,0.06453930586576462,2.065530776977539,0.1463720202445984,-0.14853738248348236,2.09865140914917,1.4719369411468506,-0.07118174433708191,-0.13996639847755432,0.38718724250793457,0.1439187228679657,0.267934650182724,1.728969693183899,-0.21259349584579468,2.179515838623047,-0.1962738335132599,0.3917255699634552,0.6406216621398926,-0.17698562145233154,0.3908095955848694,-0.33953526616096497
0.04949602484703064,0.23113441467285156,1.489241361618042,0.3818947374820709,0.06454285979270935,2.0655243396759033,0.14637766778469086,-0.1485384702682495,2.0986645221710205,1.4719303846359253,-0.07117945700883865,-0.1399642825126648,0.3871879279613495,0.14391867816448212,0.2679368555545807,1.728967547416687,-0.21259142458438873,2.179511070251465,-0.19627797603607178,0.39171817898750305,0.640609860420227,-0.17698194086551666,0.3908120095729828,-0.33953601121902466
0.0495191290974617,0.23112621903419495,1.4893242120742798,0.38189154863357544,0.0645354688167572,2.065540313720703,0.1463632732629776,-0.14853715896606445,2.0986366271972656,1.47194504737854,-0.07118638604879379,-0.13997086882591248,0.38718390464782715,0.14391498267650604,0.2679302394390106,1.7289762496948242,-0.21259790658950806,2.1795239448547363,-0.1962711662054062,0.39173126220703125,0.6406351327896118,-0.17699210345745087,0.39080387353897095,-0.33953583240509033
0.049489978700876236,0.2311362624168396,1.489211082458496,0.3818938136100769,0.0645454153418541,2.0655202865600586,0.14638108015060425,-0.14853928983211517,2.0986742973327637,1.4719260931015015,-0.07117816805839539,-0.13996312022209167,0.38718798756599426,0.14391781389713287,0.26793819665908813,1.7289674282073975,-0.212590292096138,2.1795079708099365,-0.196281298995018,0.39171212911605835,0.6406009793281555,-0.17697961628437042,0.3908124566078186,-0.3395366966724396
0.04952366650104523,0.23112475872039795,1.489334225654602,0.3818897008895874,0.06453434377908707,2.0655434131622314,0.14636030793190002,-0.14853700995445251,2.0986328125,1.4719477891921997,-0.07118784636259079,-0.13997229933738708,0.3871828019618988,0.14391347765922546,0.26792898774147034,1.728979229927063,-0.2125992774963379,2.1795260906219482,-0.1962706297636032,0.39173227548599243,0.6406378746032715,-0.1769939512014389,0.3908010721206665,-0.33953598141670227
0.04949334263801575,0.2311355471611023,1.4892175197601318,0.38189247250556946,0.06454453617334366,2.0655221939086914,0.1463789939880371,-0.14853903651237488,2.0986716747283936,1.4719282388687134,-0.07117901742458344,-0.13996393978595734,0.38718748092651367,0.14391712844371796,0.267937570810318,1.7289695739746094,-0.2125910222530365,2.179509162902832,-0.1962808221578598,0.3917129337787628,0.6406018733978271,-0.17698059976100922,0.3908103406429291,-0.3395366668701172
0.04952003061771393,0.23112674057483673,1.4893155097961426,0.3818896412849426,0.06453566253185272,2.065540313720703,0.14636267721652985,-0.14853709936141968,2.0986387729644775,1.4719455242156982,-0.07118643820285797,-0.13997095823287964,0.3871837258338928,0.14391428232192993,0.2679305672645569,1.7289786338806152,-0.2125978320837021,2.17952299118042,-0.19627217948436737,0.3917292058467865,0.6406302452087402,-0.17699161171913147,0.3908016085624695,-0.33953598141670227
0.04950318485498428,0.2311330884695053,1.489250659942627,0.3818916380405426,0.06454125046730042,2.065528154373169,0.1463732123374939,-0.14853812754154205,2.098660469055176,1.4719346761703491,-0.0711812749505043,-0.13996607065200806,0.3871867060661316,0.14391691982746124,0.2679356336593628,1.7289729118347168,-0.21259289979934692,2.1795132160186768,-0.19627773761749268,0.39171865582466125,0.6406089067459106,-0.1769837886095047,0.39080703258514404,-0.33953624963760376
0.04951254278421402,0.2311304360628128,1.4892847537994385,0.3818911910057068,0.06453806906938553,2.0655341148376465,0.14636768400669098,-0.14853733777999878,2.098649024963379,1.4719407558441162,-0.07118357717990875,-0.13996824622154236,0.38718584179878235,0.14391663670539856,0.26793354749679565,1.728975772857666,-0.2125948667526245,2.1795175075531006,-0.19627460837364197,0.39172452688217163,0.6406171321868896,-0.1769871562719345,0.3908042907714844,-0.3395358920097351
0.04951431229710579,0.2311304360628128,1.4892909526824951,0.38189175724983215,0.0645373985171318,2.065534830093384,0.14636684954166412,-0.1485370695590973,2.098647117614746,1.4719419479370117,-0.07118366658687592,-0.13996832072734833,0.3871861696243286,0.14391738176345825,0.26793357729911804,1.7289758920669556,-0.21259476244449615,2.1795177459716797,-0.19627392292022705,0.3917258083820343,0.6406166553497314,-0.17698721587657928,0.39080414175987244,-0.3395357131958008
0.04950583726167679,0.23113398253917694,1.489259123802185,0.381893515586853,0.06454013288021088,2.065528392791748,0.14637233316898346,-0.1485375165939331,2.0986580848693848,1.471936583518982,-0.0711808055639267,-0.13996560871601105,0.3871880769729614,0.14391940832138062,0.26793643832206726,1.7289724349975586,-0.21259191632270813,2.1795122623443604,-0.19627656042575836,0.39172083139419556,0.6406046152114868,-0.17698287963867188,0.3908073902130127,-0.33953577280044556
0.049522340297698975,0.23112887144088745,1.489321231842041,0.38189274072647095,0.06453455239534378,2.0655393600463867,0.14636245369911194,-0.14853624999523163,2.098637580871582,1.4719473123550415,-0.07118513435125351,-0.13996969163417816,0.387186199426651,0.14391842484474182,0.26793238520622253,1.7289773225784302,-0.21259574592113495,2.17952036857605,-0.19627097249031067,0.3917314112186432,0.6406210064888,-0.17698931694030762,0.3908027112483978,-0.3395352363586426
0.049502741545438766,0.23113618791103363,1.4892479181289673,0.38189569115638733,0.06454101949930191,2.065525531768799,0.14637477695941925,-0.14853747189044952,2.0986623764038086,1.4719346761703491,-0.07117912918329239,-0.1399639993906021,0.38718974590301514,0.14392167329788208,0.2679382264614105,1.7289701700210571,-0.21258999407291412,2.179508924484253,-0.1962772160768509,0.39171960949897766,0.6405966281890869,-0.17698030173778534,0.390809565782547,-0.33953553438186646
0.049525339156389236,0.23112885653972626,1.489332914352417,0.38189417123794556,0.06453344225883484,2.0655407905578613,0.1463611125946045,-0.148535817861557,2.0986340045928955,1.4719493389129639,-0.07118528336286545,-0.1399698108434677,0.38718685507774353,0.14391973614692688,0.26793238520622253,1.728977084159851,-0.21259556710720062,2.179520606994629,-0.19626961648464203,0.3917340040206909,0.6406204700469971,-0.17698951065540314,0.39080289006233215,-0.3395348787307739
0.04950373247265816,0.2311367243528366,1.489251732826233,0.38189709186553955,0.06454062461853027,2.065525531768799,0.14637461304664612,-0.14853720366954803,2.098661184310913,1.4719353914260864,-0.07117880135774612,-0.13996367156505585,0.3871905207633972,0.14392289519309998,0.26793864369392395,1.7289694547653198,-0.21258944272994995,2.1795082092285156,-0.19627653062343597,0.3917209208011627,0.640594482421875,-0.17697980999946594,0.3908102512359619,-0.3395352363586426
0.04952377453446388,0.23113010823726654,1.4893267154693604,0.3818954825401306,0.06453394889831543,2.0655391216278076,0.14636245369911194,-0.14853574335575104,2.0986361503601074,1.4719483852386475,-0.07118434458971024,-0.13996891677379608,0.38718780875205994,0.1439208835363388,0.26793336868286133,1.728975772857666,-0.21259452402591705,2.179518699645996,-0.19626981019973755,0.39173364639282227,0.6406161785125732,-0.1769881248474121,0.3908042013645172,-0.3395346403121948
0.04950759932398796,0.23113591969013214,1.4892654418945312,0.3818974494934082,0.06453937292098999,2.06552791595459,0.14637252688407898,-0.1485367864370346,2.09865665435791,1.471937894821167,-0.07117956131696701,-0.13996438682079315,0.38719043135643005,0.14392299950122833,0.26793795824050903,1.7289701700210571,-0.2125900536775589,2.1795096397399902,-0.1962750256061554,0.3917238116264343,0.6405971646308899,-0.17698098719120026,0.3908095955848694,-0.3395349085330963
0.04951949045062065,0.2311319261789322,1.489309310913086,0.38189634680747986,0.06453545391559601,2.0655360221862793,0.14636529982089996,-0.14853593707084656,2.098641872406006,1.4719455242156982,-0.07118289917707443,-0.13996756076812744,0.38718870282173157,0.1439215987920761,0.26793473958969116,1.7289741039276123,-0.2125931680202484,2.179515838623047,-0.19627107679843903,0.3917313516139984,0.6406103372573853,-0.17698600888252258,0.3908059298992157,-0.33953455090522766
0.049512580037117004,0.2311343550682068,1.4892823696136475,0.38189706206321716,0.06453781574964523,2.0655312538146973,0.1463695913553238,-0.14853641390800476,2.0986506938934326,1.4719409942626953,-0.07118090242147446,-0.13996568322181702,0.38718971610069275,0.14392229914665222,0.267936646938324,1.7289718389511108,-0.21259135007858276,2.1795120239257812,-0.19627337157726288,0.39172714948654175,0.6406024694442749,-0.176983043551445,0.39080822467803955,-0.3395346701145172
0.04951460659503937,0.2311336100101471,1.4892889261245728,0.3818967640399933,0.06453720480203629,2.065532684326172,0.1463683545589447,-0.1485363095998764,2.0986483097076416,1.4719421863555908,-0.0711815357208252,-0.13996629416942596,0.3871892988681793,0.14392182230949402,0.26793602108955383,1.7289726734161377,-0.2125919908285141,2.1795132160186768,-0.1962728053331375,0.3917284309864044,0.6406050324440002,-0.1769839972257614,0.3908075988292694,-0.3395346403121948
0.049517154693603516,0.2311325967311859,1.4892975091934204,0.38189637660980225,0.06453642249107361,2.0655343532562256,0.14636677503585815,-0.14853622019290924,2.0986452102661133,1.471943736076355,-0.07118236273527145,-0.13996709883213043,0.38718873262405396,0.14392119646072388,0.267935186624527,1.7289737462997437,-0.21259282529354095,2.1795148849487305,-0.19627214968204498,0.39173001050949097,0.6406083106994629,-0.1769852340221405,0.39080679416656494,-0.3395346701145172
0.04951070249080658,0.23113463819026947,1.4892723560333252,0.3818969428539276,0.06453864276409149,2.0655298233032227,0.14637070894241333,-0.1485367864370346,2.098653554916382,1.4719394445419312,-0.07118065655231476,-0.1399654895067215,0.38718944787979126,0.1439216136932373,0.2679367661476135,1.7289718389511108,-0.21259130537509918,2.179511785507202,-0.1962745189666748,0.39172595739364624,0.6406014561653137,-0.17698264122009277,0.39080891013145447,-0.3395349681377411
0.04952047020196915,0.23113101720809937,1.48930823802948,0.38189589977264404,0.06453545391559601,2.0655364990234375,0.14636464416980743,-0.1485362946987152,2.0986413955688477,1.4719455242156982,-0.07118363678455353,-0.13996832072734833,0.3871876895427704,0.14392007887363434,0.26793384552001953,1.7289752960205078,-0.212594136595726,2.1795175075531006,-0.1962716281414032,0.39173194766044617,0.6406130790710449,-0.17698705196380615,0.3908058702945709,-0.3395349383354187
0.04950849711894989,0.23113486170768738,1.4892628192901611,0.3818972110748291,0.06453950703144073,2.065528154373169,0.14637193083763123,-0.14853732287883759,2.09865665435791,1.4719375371932983,-0.07118040323257446,-0.13996528089046478,0.38718920946121216,0.1439211517572403,0.2679368853569031,1.7289714813232422,-0.21259118616580963,2.179511547088623,-0.19627593457698822,0.39172443747520447,0.6406000256538391,-0.17698214948177338,0.3908098340034485,-0.3395354747772217
0.0495222806930542,0.23112978041172028,1.489314317703247,0.3818959593772888,0.0645349770784378,2.065537452697754,0.14636336266994476,-0.14853662252426147,2.098639488220215,1.471946120262146,-0.07118458300828934,-0.13996925950050354,0.38718682527542114,0.1439191699028015,0.26793283224105835,1.7289761304855347,-0.2125951200723648,2.1795196533203125,-0.1962718367576599,0.39173293113708496,0.6406161189079285,-0.17698831856250763,0.3908056318759918,-0.3395354747772217
0.04950795695185661,0.23113439977169037,1.4892605543136597,0.3818977475166321,0.06453981250524521,2.0655274391174316,0.14637206494808197,-0.14853787422180176,2.0986576080322266,1.471936583518982,-0.07118070125579834,-0.13996560871601105,0.38718870282173157,0.14392058551311493,0.26793649792671204,1.7289713621139526,-0.21259155869483948,2.1795125007629395,-0.19627699255943298,0.39172399044036865,0.640600323677063,-0.17698241770267487,0.390810489654541,-0.3395361602306366
0.04952277988195419,0.23112894594669342,1.489316463470459,0.38189661502838135,0.06453493237495422,2.065537452697754,0.14636282622814178,-0.14853714406490326,2.0986390113830566,1.471945881843567,-0.07118518650531769,-0.1399698704481125,0.387186199426651,0.14391854405403137,0.26793214678764343,1.7289762496948242,-0.21259576082229614,2.179521083831787,-0.1962725967168808,0.39173316955566406,0.6406175494194031,-0.17698903381824493,0.39080607891082764,-0.33953621983528137
0.049508631229400635,0.23113352060317993,1.4892637729644775,0.38189852237701416,0.06453970819711685,2.0655276775360107,0.14637140929698944,-0.14853841066360474,2.0986568927764893,1.4719364643096924,-0.07118134945631027,-0.13996624946594238,0.3871880769729614,0.14392000436782837,0.26793578267097473,1.7289714813232422,-0.2125922292470932,2.179513931274414,-0.1962777078151703,0.3917244076728821,0.6406018733978271,-0.17698317766189575,0.3908109664916992,-0.33953696489334106
0.04952233284711838,0.2311284840106964,1.4893157482147217,0.38189756870269775,0.06453519314527512,2.0655369758605957,0.14636284112930298,-0.1485377550125122,2.098639726638794,1.47194504737854,-0.07118549942970276,-0.13997019827365875,0.3871857821941376,0.14391815662384033,0.2679317593574524,1.7289758920669556,-0.2125961184501648,2.1795217990875244,-0.19627365469932556,0.39173299074172974,0.640617847442627,-0.17698928713798523,0.3908069431781769,-0.3395370543003082
0.049509916454553604,0.23113250732421875,1.489269733428955,0.38189932703971863,0.06453938037157059,2.065528392791748,0.1463703215122223,-0.14853887259960175,2.0986554622650146,1.471936821937561,-0.07118213921785355,-0.13996702432632446,0.3871874511241913,0.1439194530248642,0.2679349482059479,1.7289716005325317,-0.21259301900863647,2.1795153617858887,-0.1962781399488449,0.3917253911495209,0.6406041979789734,-0.17698416113853455,0.3908112645149231,-0.33953770995140076
0.04952133446931839,0.23112833499908447,1.4893131256103516,0.38189858198165894,0.06453561782836914,2.0655360221862793,0.14636313915252686,-0.14853833615779877,2.0986411571502686,1.471943974494934,-0.07118560373783112,-0.1399703174829483,0.38718554377555847,0.14391791820526123,0.26793161034584045,1.7289752960205078,-0.21259626746177673,2.1795220375061035,-0.1962747573852539,0.3917326331138611,0.6406176686286926,-0.17698925733566284,0.3908079266548157,-0.3395377993583679
0.04951132833957672,0.23113159835338593,1.4892759323120117,0.38189998269081116,0.06453898549079895,2.0655291080474854,0.14636912941932678,-0.1485392302274704,2.098653793334961,1.4719372987747192,-0.07118289172649384,-0.13996776938438416,0.3871868848800659,0.1439189463853836,0.2679342031478882,1.7289718389511108,-0.21259377896785736,2.1795170307159424,-0.19627836346626282,0.39172661304473877,0.6406068801879883,-0.17698511481285095,0.39081138372421265,-0.3395383358001709
0.04952011629939079,0.23112840950489044,1.4893091917037964,0.381899356842041,0.06453607976436615,2.065535068511963,0.14636357128620148,-0.14853879809379578,2.0986428260803223,1.4719427824020386,-0.07118555158376694,-0.13997028768062592,0.3871854245662689,0.1439177542924881,0.26793164014816284,1.7289745807647705,-0.21259629726409912,2.1795220375061035,-0.1962757408618927,0.3917323052883148,0.6406174898147583,-0.17698903381824493,0.3908087909221649,-0.3395383954048157
0.049512576311826706,0.231130912899971,1.4892810583114624,0.3819003701210022,0.0645386129617691,2.0655298233032227,0.14636807143688202,-0.1485394537448883,2.0986523628234863,1.4719377756118774,-0.07118349522352219,-0.13996835052967072,0.3871864378452301,0.14391852915287018,0.26793360710144043,1.7289719581604004,-0.2125944346189499,2.179518222808838,-0.1962784230709076,0.39172789454460144,0.6406095623970032,-0.17698590457439423,0.39081138372421265,-0.3395387530326843
0.04951890930533409,0.23112864792346954,1.4893049001693726,0.3818998634815216,0.06453651189804077,2.0655341148376465,0.14636404812335968,-0.14853911101818085,2.098644495010376,1.4719418287277222,-0.0711853951215744,-0.13997015357017517,0.38718539476394653,0.14391766488552094,0.2679317593574524,1.7289739847183228,-0.21259625256061554,2.1795217990875244,-0.1962765008211136,0.3917321264743805,0.6406173706054688,-0.17698870599269867,0.3908095061779022,-0.3395387530326843
0.04951353371143341,0.2311304658651352,1.489284634590149,0.38190051913261414,0.06453830748796463,2.065530300140381,0.14636725187301636,-0.14853954315185547,2.09865140914917,1.4719382524490356,-0.07118390500545502,-0.13996875286102295,0.3871861398220062,0.1439182162284851,0.267933189868927,1.72897207736969,-0.2125949114561081,2.179518938064575,-0.19627836346626282,0.39172908663749695,0.6406118869781494,-0.1769864559173584,0.39081135392189026,-0.33953896164894104
0.04951786249876022,0.23112896084785461,1.4893007278442383,0.3819001317024231,0.06453685462474823,2.06553316116333,0.1463645100593567,-0.14853928983211517,2.0986459255218506,1.4719409942626953,-0.0711851716041565,-0.13996995985507965,0.3871854543685913,0.14391764998435974,0.2679319679737091,1.728973388671875,-0.212596133351326,2.179521322250366,-0.19627700746059418,0.3917320668697357,0.6406173706054688,-0.17698834836483002,0.3908100724220276,-0.33953890204429626
0.04951421543955803,0.23113024234771729,1.4892868995666504,0.3819005787372589,0.06453806161880493,2.06553053855896,0.14636671543121338,-0.14853955805301666,2.0986504554748535,1.4719386100769043,-0.07118412852287292,-0.13996897637844086,0.3871859908103943,0.14391806721687317,0.2679329514503479,1.72897207736969,-0.21259520947933197,2.1795194149017334,-0.19627822935581207,0.39173009991645813,0.6406136751174927,-0.17698678374290466,0.39081135392189026,-0.3395389914512634
0.04951707273721695,0.23112928867340088,1.4892975091934204,0.3819003403186798,0.06453709304332733,2.0655324459075928,0.1463649421930313,-0.14853936433792114,2.098646879196167,1.4719403982162476,-0.07118493318557739,-0.13996973633766174,0.38718557357788086,0.1439177393913269,0.2679321765899658,1.7289729118347168,-0.21259598433971405,2.179521083831787,-0.19627729058265686,0.3917321562767029,0.6406172513961792,-0.17698799073696136,0.3908105790615082,-0.33953893184661865
0.04951466992497444,0.23113015294075012,1.4892884492874146,0.38190069794654846,0.06453787535429001,2.065530776977539,0.1463664323091507,-0.14853951334953308,2.0986499786376953,1.4719388484954834,-0.07118421047925949,-0.13996905088424683,0.3871859610080719,0.14391806721687317,0.26793286204338074,1.7289719581604004,-0.21259532868862152,2.1795196533203125,-0.19627805054187775,0.391730934381485,0.6406147480010986,-0.1769869327545166,0.3908115029335022,-0.33953896164894104
0.04951653257012367,0.23112955689430237,1.4892953634262085,0.3819006383419037,0.06453723460435867,2.0655319690704346,0.14636532962322235,-0.14853936433792114,2.0986475944519043,1.471940040588379,-0.07118470221757889,-0.13996951282024384,0.3871857225894928,0.14391791820526123,0.26793238520622253,1.7289724349975586,-0.21259579062461853,2.179520606994629,-0.19627737998962402,0.3917323350906372,0.6406169533729553,-0.1769876927137375,0.39081108570098877,-0.3395388722419739
0.04951497167348862,0.23113015294075012,1.4892895221710205,0.38190093636512756,0.06453773379325867,2.065530776977539,0.14636635780334473,-0.1485394388437271,2.098649501800537,1.471938967704773,-0.0711841955780983,-0.13996903598308563,0.3871860206127167,0.1439182162284851,0.26793286204338074,1.7289718389511108,-0.21259532868862152,2.1795196533203125,-0.19627782702445984,0.3917315602302551,0.6406151652336121,-0.176986962556839,0.3908117711544037,-0.3395388722419739
0.049516234546899796,0.23112976551055908,1.4892942905426025,0.38190096616744995,0.06453729420900345,2.0655314922332764,0.14636565744876862,-0.14853931963443756,2.0986478328704834,1.4719398021697998,-0.07118450105190277,-0.13996931910514832,0.3871859014034271,0.14391818642616272,0.26793256402015686,1.7289721965789795,-0.212595596909523,2.17952036857605,-0.19627735018730164,0.39173251390457153,0.6406165361404419,-0.1769874393939972,0.390811562538147,-0.3395388126373291
0.049515172839164734,0.2311301827430725,1.4892903566360474,0.38190126419067383,0.06453763693571091,2.065530776977539,0.1463664025068283,-0.14853936433792114,2.098649024963379,1.4719390869140625,-0.07118413597345352,-0.13996897637844086,0.3871861398220062,0.14391843974590302,0.2679328918457031,1.7289717197418213,-0.21259523928165436,2.1795196533203125,-0.19627763330936432,0.39173197746276855,0.6406151652336121,-0.1769869178533554,0.39081206917762756,-0.3395388126373291
0.04951612651348114,0.23112988471984863,1.4892940521240234,0.381901353597641,0.06453730911016464,2.0655314922332764,0.1463659107685089,-0.14853927493095398,2.0986478328704834,1.4719396829605103,-0.07118435204029083,-0.13996918499469757,0.38718608021736145,0.1439184546470642,0.2679326832294464,1.7289719581604004,-0.21259541809558868,2.1795201301574707,-0.19627726078033447,0.39173266291618347,0.6406159996986389,-0.17698726058006287,0.3908119201660156,-0.3395387530326843
0.049515292048454285,0.2311301976442337,1.4892909526824951,0.3819015920162201,0.06453758478164673,2.065531015396118,0.14636652171611786,-0.14853930473327637,2.0986487865448,1.4719390869140625,-0.07118406146764755,-0.1399689018726349,0.38718628883361816,0.14391866326332092,0.2679329514503479,1.7289716005325317,-0.2125951200723648,2.1795196533203125,-0.1962774693965912,0.39173218607902527,0.6406148076057434,-0.17698684334754944,0.39081230759620667,-0.3395387530326843
0.04951614513993263,0.23112991452217102,1.489294171333313,0.3819016218185425,0.06453730165958405,2.0655314922332764,0.14636608958244324,-0.1485392153263092,2.0986475944519043,1.4719396829605103,-0.07118426263332367,-0.1399690955877304,0.3871862292289734,0.14391864836215973,0.2679327428340912,1.7289718389511108,-0.21259528398513794,2.1795201301574707,-0.19627712666988373,0.39173272252082825,0.6406155228614807,-0.1769871562719345,0.39081212878227234,-0.33953869342803955
0.049515318125486374,0.2311302125453949,1.4892910718917847,0.3819017708301544,0.06453757733106613,2.065531015396118,0.1463666707277298,-0.1485392451286316,2.0986485481262207,1.471939206123352,-0.07118399441242218,-0.1399688422679901,0.3871864080429077,0.14391881227493286,0.2679330110549927,1.7289714813232422,-0.21259501576423645,2.1795196533203125,-0.19627735018730164,0.39173218607902527,0.64061439037323,-0.17698676884174347,0.3908124566078186,-0.33953869342803955
0.049516256898641586,0.23112989962100983,1.4892945289611816,0.38190171122550964,0.06453727185726166,2.0655317306518555,0.146366149187088,-0.14853915572166443,2.098647356033325,1.4719398021697998,-0.07118424028158188,-0.13996906578540802,0.38718628883361816,0.1439187377691269,0.2679327726364136,1.7289718389511108,-0.21259522438049316,2.1795201301574707,-0.19627700746059418,0.39173272252082825,0.6406152844429016,-0.17698714137077332,0.3908121585845947,-0.33953866362571716
0.049515239894390106,0.23113025724887848,1.4892905950546265,0.3819018006324768,0.06453761458396912,2.065531015396118,0.14636680483818054,-0.148539200425148,2.0986485481262207,1.471939206123352,-0.0711839348077774,-0.13996878266334534,0.3871864676475525,0.14391885697841644,0.26793307065963745,1.7289714813232422,-0.2125949263572693,2.1795196533203125,-0.19627732038497925,0.39173203706741333,0.6406140327453613,-0.1769866943359375,0.3908124566078186,-0.33953866362571716
0.049516454339027405,0.23112984001636505,1.4892950057983398,0.3819015920162201,0.06453721970319748,2.0655319690704346,0.14636605978012085,-0.14853909611701965,2.098647117614746,1.471940040588379,-0.07118428498506546,-0.1399691104888916,0.38718628883361816,0.1439186930656433,0.2679327428340912,1.7289719581604004,-0.21259523928165436,2.17952036857605,-0.19627690315246582,0.39173272252082825,0.6406153440475464,-0.17698721587657928,0.3908119797706604,-0.3395386338233948
0.049515027552843094,0.23113033175468445,1.4892895221710205,0.38190165162086487,0.06453770399093628,2.065531015396118,0.1463669240474701,-0.14853917062282562,2.098649024963379,1.4719390869140625,-0.07118388265371323,-0.13996872305870056,0.3871864974498749,0.14391881227493286,0.2679331302642822,1.7289716005325317,-0.2125948667526245,2.1795196533203125,-0.19627736508846283,0.39173176884651184,0.6406137347221375,-0.17698660492897034,0.39081233739852905,-0.33953866362571716
0.04951680824160576,0.2311297059059143,1.4892959594726562,0.381901353597641,0.06453712284564972,2.0655322074890137,0.14636580646038055,-0.14853903651237488,2.098646879196167,1.471940279006958,-0.07118440419435501,-0.13996921479701996,0.387186199426651,0.14391854405403137,0.26793262362480164,1.728972315788269,-0.2125953584909439,2.179520606994629,-0.19627679884433746,0.391732782125473,0.6406157612800598,-0.17698737978935242,0.39081165194511414,-0.3395386338233948
0.04951462894678116,0.231130450963974,1.4892876148223877,0.38190144300460815,0.06453786045312881,2.065530776977539,0.1463671177625656,-0.14853918552398682,2.098649740219116,1.4719388484954834,-0.07118379324674606,-0.1399686336517334,0.3871864974498749,0.1439187377691269,0.2679332196712494,1.7289717197418213,-0.21259479224681854,2.1795194149017334,-0.19627754390239716,0.3917313516139984,0.640613317489624,-0.1769864559173584,0.3908122181892395,-0.33953869342803955
0.0495174340903759,0.2311294823884964,1.4892979860305786,0.3819010257720947,0.0645369365811348,2.065532684326172,0.14636534452438354,-0.1485389918088913,2.0986461639404297,1.4719406366348267,-0.07118462026119232,-0.13996942341327667,0.38718605041503906,0.14391833543777466,0.2679324448108673,1.7289727926254272,-0.21259556710720062,2.179520845413208,-0.19627666473388672,0.39173299074172974,0.6406165361404419,-0.1769876778125763,0.3908112049102783,-0.3395386338233948
0.04951392486691475,0.2311306893825531,1.489284634590149,0.3819012939929962,0.06453811377286911,2.065530300140381,0.14636746048927307,-0.1485392451286316,2.0986506938934326,1.4719383716583252,-0.07118363678455353,-0.13996849954128265,0.38718652725219727,0.1439186930656433,0.2679333984851837,1.7289717197418213,-0.2125946581363678,2.179518938064575,-0.19627785682678223,0.39173072576522827,0.6406125426292419,-0.1769861876964569,0.3908122181892395,-0.33953872323036194
0.04951852932572365,0.23112909495830536,1.4893018007278442,0.38190075755119324,0.06453658640384674,2.065533399581909,0.14636458456516266,-0.1485389620065689,2.098644971847534,1.471941351890564,-0.07118498533964157,-0.13996978104114532,0.3871857821941376,0.14391809701919556,0.26793211698532104,1.7289732694625854,-0.21259590983390808,2.1795215606689453,-0.19627639651298523,0.3917334973812103,0.6406177282333374,-0.17698818445205688,0.39081066846847534,-0.3395386338233948
0.049512650817632675,0.23113112151622772,1.4892797470092773,0.3819013237953186,0.06453855335712433,2.0655293464660645,0.14636816084384918,-0.14853939414024353,2.0986523628234863,1.4719375371932983,-0.07118332386016846,-0.13996821641921997,0.3871866464614868,0.14391876757144928,0.26793372631073,1.7289713621139526,-0.21259436011314392,2.179518461227417,-0.196278378367424,0.39172977209091187,0.6406109929084778,-0.17698566615581512,0.390812486410141,-0.3395388126373291
0.04952044039964676,0.23112842440605164,1.4893089532852173,0.38190051913261414,0.0645359680056572,2.065534830093384,0.14636333286762238,-0.14853888750076294,2.098642587661743,1.4719425439834595,-0.07118558138608932,-0.13997036218643188,0.3871854543685913,0.14391781389713287,0.26793158054351807,1.7289739847183228,-0.21259644627571106,2.179522752761841,-0.19627587497234344,0.3917345404624939,0.6406197547912598,-0.17698901891708374,0.3908099830150604,-0.33953866362571716
0.04951026290655136,0.23113194108009338,1.489270806312561,0.3819015920162201,0.06453937292098999,2.06552791595459,0.1463695764541626,-0.14853961765766144,2.0986554622650146,1.4719359874725342,-0.07118267565965652,-0.13996762037277222,0.3871869742870331,0.14391902089118958,0.2679343819618225,1.7289706468582153,-0.21259373426437378,2.1795172691345215,-0.19627925753593445,0.39172816276550293,0.6406080722808838,-0.17698465287685394,0.3908132314682007,-0.33953893184661865
0.04952384904026985,0.23112724721431732,1.4893218278884888,0.38190022110939026,0.06453485786914825,2.065537214279175,0.14636120200157166,-0.1485387086868286,2.0986382961273193,1.471944808959961,-0.07118658721446991,-0.13997133076190948,0.38718491792678833,0.14391739666461945,0.26793062686920166,1.7289751768112183,-0.21259735524654388,2.1795246601104736,-0.19627483189105988,0.39173653721809387,0.6406233310699463,-0.17699049413204193,0.3908088803291321,-0.3395386338233948
0.04950576648116112,0.23113350570201874,1.4892539978027344,0.38190212845802307,0.06454090029001236,2.0655248165130615,0.14637231826782227,-0.1485399752855301,2.098660945892334,1.471933126449585,-0.07118140161037445,-0.1399664282798767,0.3871876299381256,0.14391955733299255,0.2679356038570404,1.7289690971374512,-0.21259252727031708,2.1795148849487305,-0.19628079235553741,0.39172524213790894,0.6406026482582092,-0.17698271572589874,0.3908146619796753,-0.3395390510559082
0.04953015223145485,0.2311250865459442,1.4893455505371094,0.3818996250629425,0.06453278660774231,2.0655417442321777,0.14635731279850006,-0.14853832125663757,2.098630428314209,1.4719488620758057,-0.07118840515613556,-0.13997305929660797,0.3871839642524719,0.14391665160655975,0.2679288983345032,1.7289772033691406,-0.2125990241765976,2.17952823638916,-0.1962728053331375,0.3917403221130371,0.6406301259994507,-0.17699319124221802,0.3908068835735321,-0.33953848481178284
0.04949721693992615,0.2311364859342575,1.4892218112945557,0.3819030821323395,0.06454378366470337,2.065519094467163,0.1463775932788849,-0.14854058623313904,2.0986719131469727,1.471927523612976,-0.07117894291877747,-0.13996410369873047,0.38718894124031067,0.14392060041427612,0.2679379880428314,1.728966236114502,-0.21259021759033203,2.1795103549957275,-0.19628362357616425,0.3917198181152344,0.6405925750732422,-0.17697902023792267,0.39081743359565735,-0.33953922986984253
0.04954218864440918,0.23112095892429352,1.4893903732299805,0.3818984627723694,0.06452880799770355,2.0655500888824463,0.1463499665260315,-0.1485375016927719,2.0986154079437256,1.4719566106796265,-0.07119183242321014,-0.13997630774974823,0.38718217611312866,0.14391523599624634,0.2679256200790405,1.7289811372756958,-0.2126021832227707,2.179534912109375,-0.19626885652542114,0.39174771308898926,0.6406433582305908,-0.1769983172416687,0.39080309867858887,-0.33953818678855896
0.049480732530355453,0.23114225268363953,1.489159345626831,0.3819049298763275,0.06454932689666748,2.065507650375366,0.14638784527778625,-0.14854170382022858,2.0986926555633545,1.4719167947769165,-0.07117415219545364,-0.13995957374572754,0.3871914744377136,0.1439225971698761,0.2679425776004791,1.728960633277893,-0.21258574724197388,2.1795012950897217,-0.1962890475988388,0.3917095363140106,0.6405733227729797,-0.17697185277938843,0.3908228278160095,-0.3395395874977112
0.04956572875380516,0.23111294209957123,1.489477276802063,0.3818962275981903,0.06452103704214096,2.065566062927246,0.1463356614112854,-0.1485358625650406,2.098585844039917,1.4719717502593994,-0.0711984932422638,-0.13998262584209442,0.3871786892414093,0.1439124494791031,0.2679192125797272,1.7289888858795166,-0.21260835230350494,2.1795475482940674,-0.19626115262508392,0.3917623460292816,0.6406693458557129,-0.17700830101966858,0.3907957971096039,-0.3395375907421112
0.04944857954978943,0.23115356266498566,1.4890363216400146,0.3819085955619812,0.0645601823925972,2.0654850006103516,0.14640794694423676,-0.14854386448860168,2.098733425140381,1.4718959331512451,-0.07116474956274033,-0.1399507075548172,0.38719645142555237,0.1439264565706253,0.2679515779018402,1.7289499044418335,-0.2125770002603531,2.179483652114868,-0.19629967212677002,0.3916896879673004,0.6405356526374817,-0.17695778608322144,0.3908334970474243,-0.3395402729511261
0.049612466245889664,0.23109710216522217,1.4896469116210938,0.38189196586608887,0.06450570374727249,2.0655975341796875,0.14630746841430664,-0.14853256940841675,2.0985279083251953,1.4720016717910767,-0.07121162116527557,-0.13999509811401367,0.3871718943119049,0.1439068764448166,0.2679066061973572,1.7290045022964478,-0.2126205563545227,2.179572582244873,-0.1962459683418274,0.39179161190986633,0.6407203674316406,-0.17702797055244446,0.3907815217971802,-0.3395364582538605
0.04938630387187004,0.23117570579051971,1.4887953996658325,0.38191625475883484,0.06458146125078201,2.0654408931732178,0.1464473158121109,-0.14854799211025238,2.09881329536438,1.4718550443649292,-0.07114633172750473,-0.13993334770202637,0.3872063457965851,0.14393387734889984,0.2679692208766937,1.7289291620254517,-0.21255989372730255,2.1794488430023193,-0.19632047414779663,0.391651451587677,0.6404613256454468,-0.17693021893501282,0.39085471630096436,-0.33954164385795593
0.0497041791677475,0.23106646537780762,1.4899672269821167,0.3818848133087158,0.06447606533765793,2.0656585693359375,0.14625293016433716,-0.14852602779865265,2.0984158515930176,1.4720598459243774,-0.0712370052933693,-0.1400192528963089,0.38715893030166626,0.14389584958553314,0.26788219809532166,1.7290349006652832,-0.21264414489269257,2.1796207427978516,-0.19621652364730835,0.39184948801994324,0.6408175230026245,-0.17706596851348877,0.39075469970703125,-0.33953428268432617
0.04927465692162514,0.23121649026870728,1.4883571863174438,0.3819326162338257,0.06462069600820541,2.065359354019165,0.14651985466480255,-0.1485552340745926,2.0989596843719482,1.4717804193496704,-0.07111234217882156,-0.13990141451358795,0.3872249126434326,0.14394709467887878,0.2680017054080963,1.7288914918899536,-0.2125283032655716,2.179384469985962,-0.1963586062192917,0.3915836811065674,0.6403214931488037,-0.17687936127185822,0.39089542627334595,-0.3395441174507141
0.04986396059393883,0.23101487755775452,1.490466594696045,0.38187700510025024,0.06442607939243317,2.065760374069214,0.1461612433195114,-0.14851422607898712,2.0982272624969482,1.4721592664718628,-0.0712796151638031,-0.14006002247333527,0.38713786005973816,0.14387646317481995,0.267841100692749,1.7290877103805542,-0.21268370747566223,2.179701566696167,-0.19616657495498657,0.39195218682289124,0.6409737467765808,-0.17712971568107605,0.39071255922317505,-0.3395305275917053
0.04913930967450142,0.23127084970474243,1.4878064393997192,0.3819636404514313,0.06467293947935104,2.0652499198913574,0.14661642909049988,-0.148563414812088,2.0991501808166504,1.4716843366622925,-0.07106684893369675,-0.1398591697216034,0.3872511386871338,0.14396291971206665,0.26804491877555847,1.7288442850112915,-0.2124859243631363,2.1792984008789062,-0.19640861451625824,0.3915046155452728,0.640122652053833,-0.17681129276752472,0.3909565210342407,-0.3395472466945648
0.05001381039619446,0.23097382485866547,1.4907317161560059,0.3818897008895874,0.06438589841127396,2.065838098526001,0.14608879387378693,-0.14850203692913055,2.098076581954956,1.4722440242767334,-0.07131306082010269,-0.14009301364421844,0.38712427020072937,0.14385822415351868,0.2678084373474121,1.7291362285614014,-0.2127145528793335,2.179765462875366,-0.1961260735988617,0.3920559287071228,0.6410660743713379,-0.17717917263507843,0.3906930088996887,-0.33952778577804565
0.049229416996240616,0.2312571108341217,1.4879417419433594,0.38200128078460693,0.06465955078601837,2.06527042388916,0.14659233391284943,-0.14855636656284332,2.0990893840789795,1.4717202186584473,-0.07107754796743393,-0.13987132906913757,0.38725119829177856,0.14395302534103394,0.2680337131023407,1.728868007659912,-0.21249516308307648,2.1793205738067627,-0.1963956207036972,0.3915737271308899,0.6401087641716003,-0.17682607471942902,0.3909749984741211,-0.33954787254333496
0.049846354871988297,0.23105157911777496,1.4898282289505005,0.3819739520549774,0.06446117907762527,2.0656678676605225,0.14622856676578522,-0.1485159993171692,2.0983529090881348,1.472105622291565,-0.0712478905916214,-0.14003394544124603,0.3871653974056244,0.14388208091259003,0.2678700089454651,1.7290701866149902,-0.21265240013599396,2.179645538330078,-0.1962069571018219,0.3919695317745209,0.6407254338264465,-0.17707788944244385,0.39081093668937683,-0.3395395874977112
0.04973611235618591,0.23109810054302216,1.4893354177474976,0.3820338547229767,0.06450746953487396,2.0655572414398193,0.14631307125091553,-0.14853090047836304,2.098524808883667,1.4720131158828735,-0.07120952755212784,-0.139999121427536,0.38718849420547485,0.14390148222446442,0.2679066061973572,1.7290220260620117,-0.2126147747039795,2.179577112197876,-0.19626586139202118,0.3919103443622589,0.6405161023139954,-0.17701537907123566,0.3908894658088684,-0.339553564786911
0.049516644328832626,0.2311795949935913,1.488517165184021,0.38211432099342346,0.0645889863371849,2.065368175506592,0.14646057784557343,-0.14855894446372986,2.098830223083496,1.471846103668213,-0.07114280015230179,-0.13993747532367706,0.3872254192829132,0.14393681287765503,0.2679707109928131,1.7289326190948486,-0.21254993975162506,2.1794564723968506,-0.1963682919740677,0.3917827308177948,0.6401853561401367,-0.17690762877464294,0.3910087049007416,-0.3395766317844391
0.05013475939631462,0.23096537590026855,1.4904611110687256,0.38211381435394287,0.06438630074262619,2.065758228302002,0.14608410000801086,-0.14853383600711823,2.098087787628174,1.472222924232483,-0.07132217288017273,-0.1401088535785675,0.3871321678161621,0.14387249946594238,0.26779916882514954,1.7291240692138672,-0.21271342039108276,2.179802417755127,-0.1962004005908966,0.39218080043792725,0.6408018469810486,-0.1771649271249771,0.39086082577705383,-0.33958688378334045
0.04958413541316986,0.23115958273410797,1.488602638244629,0.3822467625141144,0.06458085030317307,2.0653295516967773,0.1464328169822693,-0.14859363436698914,2.0988121032714844,1.4718308448791504,-0.07116331160068512,-0.1399604082107544,0.3872154653072357,0.1439482867717743,0.2679518759250641,1.728916049003601,-0.21256235241889954,2.179508686065674,-0.1964273452758789,0.39184656739234924,0.6400925517082214,-0.17691490054130554,0.39109984040260315,-0.3396286964416504
0.05004918575286865,0.2309948354959488,1.4900189638137817,0.3822742700576782,0.0644306093454361,2.0656068325042725,0.14614537358283997,-0.14858680963516235,2.0982677936553955,1.4721014499664307,-0.07130312919616699,-0.14009477198123932,0.38714051246643066,0.14389926195144653,0.2678184509277344,1.7290529012680054,-0.21268929541110992,2.179779529571533,-0.1963231861591339,0.39215072989463806,0.6405366659164429,-0.17710892856121063,0.39100906252861023,-0.3396527171134949
0.05008435621857643,0.2309776246547699,1.490077018737793,0.3823483884334564,0.06442620605230331,2.065584897994995,0.1461201310157776,-0.14861349761486053,2.0982606410980225,1.4720886945724487,-0.07132145762443542,-0.14011423289775848,0.38712719082832336,0.14389877021312714,0.26780155301094055,1.729042887687683,-0.21270377933979034,2.1798195838928223,-0.19636687636375427,0.3921843469142914,0.6405082941055298,-0.17711982131004333,0.391057550907135,-0.33969101309776306
0.04982337728142738,0.23106110095977783,1.4892032146453857,0.3824518918991089,0.06452247500419617,2.0653579235076904,0.14627397060394287,-0.14866353571414948,2.098623752593994,1.4718809127807617,-0.07125712931156158,-0.14005553722381592,0.3871549665927887,0.14392930269241333,0.2678638696670532,1.7289328575134277,-0.21264226734638214,2.179702043533325,-0.19651269912719727,0.392031192779541,0.6401615142822266,-0.17700611054897308,0.39119967818260193,-0.3397395610809326
0.05036725476384163,0.23085886240005493,1.4908932447433472,0.3824639916419983,0.06434527784585953,2.065695285797119,0.14592182636260986,-0.14865951240062714,2.0979812145233154,1.4722012281417847,-0.07143057137727737,-0.14022196829319,0.38705581426620483,0.14385604858398438,0.26769813895225525,1.729099988937378,-0.21280312538146973,2.180032253265381,-0.19639338552951813,0.3923841416835785,0.6407387256622314,-0.17724686861038208,0.391074001789093,-0.3397723138332367
0.050014011561870575,0.23097093403339386,1.4897286891937256,0.38256821036338806,0.06447545439004898,2.065406560897827,0.14612767100334167,-0.14871779084205627,2.098464250564575,1.4719318151474,-0.07134371995925903,-0.14014221727848053,0.3870914578437805,0.14388509094715118,0.2677815854549408,1.7289632558822632,-0.21272319555282593,2.179868459701538,-0.19657334685325623,0.3921722173690796,0.6403143405914307,-0.17709922790527344,0.3912389576435089,-0.3398256003856659
0.050191354006528854,0.23089353740215302,1.4902421236038208,0.3826074004173279,0.0644247978925705,2.065493106842041,0.14599880576133728,-0.14873969554901123,2.0982825756073,1.4720122814178467,-0.07141437381505966,-0.1402115523815155,0.38704243302345276,0.14384353160858154,0.2677137553691864,1.7290112972259521,-0.2127910852432251,2.1800007820129395,-0.1965765804052353,0.3922938108444214,0.6405065059661865,-0.17718704044818878,0.39122363924980164,-0.33986735343933105
0.050414904952049255,0.23079757392406464,1.4909064769744873,0.3826339840888977,0.06435836106538773,2.0656161308288574,0.14583851397037506,-0.1487581580877304,2.098041296005249,1.472124695777893,-0.07150048762559891,-0.14029549062252045,0.3869835436344147,0.14379118382930756,0.2676307260990143,1.7290781736373901,-0.21287448704242706,2.180161237716675,-0.19656306505203247,0.3924437165260315,0.6407672762870789,-0.17729860544204712,0.3911873400211334,-0.3399074971675873
0.05007515847682953,0.23089930415153503,1.4897925853729248,0.3827159106731415,0.06448499858379364,2.065347194671631,0.14603036642074585,-0.14881418645381927,2.0985045433044434,1.471867322921753,-0.0714222714304924,-0.1402239203453064,0.3870098888874054,0.1438034325838089,0.26770469546318054,1.7289546728134155,-0.21280594170093536,2.1800105571746826,-0.19673468172550201,0.3922382593154907,0.6404014229774475,-0.17716605961322784,0.3913326859474182,-0.3399582505226135
0.05046181380748749,0.23074406385421753,1.4909534454345703,0.38271376490592957,0.06436340510845184,2.0655903816223145,0.14576880633831024,-0.14881868660449982,2.0980570316314697,1.4720896482467651,-0.07155665755271912,-0.14035354554653168,0.38692402839660645,0.1437244564294815,0.2675744295120239,1.729082703590393,-0.2129358947277069,2.1802618503570557,-0.19666172564029694,0.3924907445907593,0.6408625245094299,-0.17735210061073303,0.391236275434494,-0.33999088406562805
0.05033557489514351,0.23076984286308289,1.4905064105987549,0.38276439905166626,0.06441733241081238,2.0654757022857666,0.1458301842212677,-0.14885662496089935,2.0982494354248047,1.4719750881195068,-0.07154002785682678,-0.140340194106102,0.38691744208335876,0.1437074840068817,0.26758837699890137,1.7290358543395996,-0.21292562782764435,2.1802284717559814,-0.19675597548484802,0.3924197256565094,0.6407473683357239,-0.17731422185897827,0.3913078308105469,-0.34003204107284546
0.05024835839867592,0.2307816445827484,1.4901870489120483,0.3828086256980896,0.06445709615945816,2.0653908252716064,0.14586898684501648,-0.1488901972770691,2.098388671875,1.4718877077102661,-0.07153398543596268,-0.14033672213554382,0.38690561056137085,0.14368696510791779,0.26759177446365356,1.7290027141571045,-0.21292516589164734,2.1802165508270264,-0.19683344662189484,0.3923734128475189,0.6406785845756531,-0.17729347944259644,0.39136603474617004,-0.3400697112083435
0.05055902525782585,0.2306532859802246,1.491114616394043,0.3828088939189911,0.06435967981815338,2.065587043762207,0.14566141366958618,-0.1488945633172989,2.098025321960449,1.4720641374588013,-0.07164308428764343,-0.14044208824634552,0.38683420419692993,0.14362040162086487,0.2674844563007355,1.7291059494018555,-0.21303151547908783,2.1804239749908447,-0.19677455723285675,0.39257869124412537,0.6410576105117798,-0.17744587361812592,0.3912939131259918,-0.3400959372520447
0.05028022825717926,0.23073486983776093,1.4902009963989258,0.38287508487701416,0.06446386873722076,2.065369129180908,0.14582736790180206,-0.14893697202205658,2.0983974933624268,1.4718525409698486,-0.07157678157091141,-0.1403813362121582,0.38685646653175354,0.143629789352417,0.2675449252128601,1.7290053367614746,-0.21297410130500793,2.180302143096924,-0.19690781831741333,0.3924129009246826,0.6407637596130371,-0.17733798921108246,0.39141905307769775,-0.3401317596435547
0.050447288900613785,0.23065997660160065,1.4906806945800781,0.3828938603401184,0.06441401690244675,2.065465211868286,0.14571711421012878,-0.14894676208496094,2.0982069969177246,1.471936583518982,-0.07163915038108826,-0.14044219255447388,0.3868127763271332,0.14358915388584137,0.2674819231033325,1.729056715965271,-0.21303576231002808,2.1804254055023193,-0.19688864052295685,0.39252975583076477,0.6409684419631958,-0.17742325365543365,0.39139899611473083,-0.34015515446662903
0.05053389444947243,0.23061494529247284,1.4909175634384155,0.3829229772090912,0.06439050287008286,2.065505266189575,0.14566011726856232,-0.14896000921726227,2.0981128215789795,1.4719691276550293,-0.07167574018239975,-0.1404784470796585,0.38678446412086487,0.1435634344816208,0.26744356751441956,1.7290785312652588,-0.21307265758514404,2.180501699447632,-0.19689226150512695,0.3925969898700714,0.6410773396492004,-0.1774711161851883,0.391407310962677,-0.34017765522003174
0.05032575875520706,0.23067604005336761,1.4902422428131104,0.3829858899116516,0.06446713209152222,2.065338134765625,0.145790696144104,-0.148991197347641,2.0983846187591553,1.471808671951294,-0.07162343710660934,-0.14043037593364716,0.38680481910705566,0.14357875287532806,0.2674904763698578,1.728996992111206,-0.21302610635757446,2.1804115772247314,-0.19699013233184814,0.39247947931289673,0.6408476829528809,-0.17738737165927887,0.3915145993232727,-0.3402038812637329
0.05059157311916351,0.2305711954832077,1.4910427331924438,0.38299742341041565,0.06438005715608597,2.065504789352417,0.14562609791755676,-0.1489877998828888,2.09805965423584,1.4719631671905518,-0.07170817255973816,-0.14051182568073273,0.3867551386356354,0.1435401886701584,0.2674062252044678,1.7290773391723633,-0.21310652792453766,2.1805813312530518,-0.1969265639781952,0.39266303181648254,0.6411494612693787,-0.17750892043113708,0.3914656639099121,-0.3402175009250641
0.05047456920146942,0.23060397803783417,1.4906569719314575,0.3830508887767792,0.06442376971244812,2.065402030944824,0.14570331573486328,-0.14900828897953033,2.098212957382202,1.4718667268753052,-0.07167837768793106,-0.14048470556735992,0.38676750659942627,0.1435522437095642,0.26743200421333313,1.7290244102478027,-0.21307989954948425,2.180535078048706,-0.19698695838451385,0.3926061987876892,0.6410155296325684,-0.1774604469537735,0.39154309034347534,-0.34023696184158325
0.05045001581311226,0.2306056171655655,1.4905630350112915,0.3830925524234772,0.06443482637405396,2.0653653144836426,0.14572279155254364,-0.1490204781293869,2.098248243331909,1.4718337059020996,-0.07167432457208633,-0.14048177003860474,0.3867678940296173,0.14355570077896118,0.2674334645271301,1.7290027141571045,-0.21307694911956787,2.180537223815918,-0.19701334834098816,0.3926091194152832,0.6409865617752075,-0.1774509847164154,0.39158788323402405,-0.34025248885154724
0.05064067617058754,0.23053254187107086,1.4911396503448486,0.3831079304218292,0.06437124311923981,2.065481185913086,0.1456068903207779,-0.1490160971879959,2.098012685775757,1.4719454050064087,-0.07173239439725876,-0.14053745567798615,0.3867369294166565,0.14353445172309875,0.2673758268356323,1.7290550470352173,-0.21313174068927765,2.1806559562683105,-0.19696517288684845,0.39274927973747253,0.6412028074264526,-0.17753469944000244,0.3915584087371826,-0.3402616083621979
0.05044907331466675,0.23059669137001038,1.4905297756195068,0.3831622302532196,0.06443885713815689,2.065328359603882,0.14573076367378235,-0.14903585612773895,2.098256826400757,1.4718064069747925,-0.07167693227529526,-0.14048556983470917,0.3867667317390442,0.14356102049350739,0.26742738485336304,1.728975772857666,-0.21308091282844543,2.1805591583251953,-0.19704172015190125,0.3926486670970917,0.6409885883331299,-0.17744959890842438,0.39165231585502625,-0.3402771055698395
0.050581108778715134,0.23054733872413635,1.4909228086471558,0.3831768333911896,0.06439484655857086,2.0654048919677734,0.14565029740333557,-0.14903202652931213,2.098095178604126,1.471883773803711,-0.0717160701751709,-0.14052310585975647,0.3867475390434265,0.14354784786701202,0.2673886716365814,1.7290089130401611,-0.21311832964420319,2.1806395053863525,-0.19700835645198822,0.3927533030509949,0.6411440372467041,-0.17750594019889832,0.3916347622871399,-0.3402842879295349
0.05061015486717224,0.23053549230098724,1.4909977912902832,0.38319846987724304,0.06438601016998291,2.0654101371765137,0.14563316106796265,-0.14903396368026733,2.0980629920959473,1.4718949794769287,-0.07172463834285736,-0.14053161442279816,0.38674482703208923,0.1435469090938568,0.26737964153289795,1.729007601737976,-0.2131275087594986,2.1806604862213135,-0.19700753688812256,0.39279288053512573,0.6411872506141663,-0.17751692235469818,0.39164698123931885,-0.34029245376586914
0.050482284277677536,0.23058009147644043,1.4905868768692017,0.3832332491874695,0.06443104892969131,2.0653059482574463,0.14571329951286316,-0.14904560148715973,2.0982284545898438,1.4718040227890015,-0.07168693840503693,-0.14049625396728516,0.38676658272743225,0.14356449246406555,0.26741528511047363,1.728953242301941,-0.2130938470363617,2.1805927753448486,-0.19705767929553986,0.3927328586578369,0.6410566568374634,-0.17745907604694366,0.3917071521282196,-0.340302973985672
0.050657302141189575,0.23051780462265015,1.4911128282546997,0.38323095440864563,0.06437181681394577,2.0654165744781494,0.14560192823410034,-0.1490360051393509,2.0980145931243896,1.4719147682189941,-0.07173842936754227,-0.14054527878761292,0.38674142956733704,0.14354382455348969,0.2673657238483429,1.7290047407150269,-0.21314343810081482,2.180692195892334,-0.19700609147548676,0.39286378026008606,0.6412712931632996,-0.1775343120098114,0.39166325330734253,-0.3403063416481018
0.05055423825979233,0.23055459558963776,1.4907773733139038,0.3832564055919647,0.06440836191177368,2.0653319358825684,0.1456645131111145,-0.1490449458360672,2.0981504917144775,1.4718422889709473,-0.07170818001031876,-0.14051692187786102,0.3867590129375458,0.14355646073818207,0.26739466190338135,1.72896146774292,-0.21311704814434052,2.180636167526245,-0.1970466673374176,0.39281752705574036,0.6411724090576172,-0.17748768627643585,0.3917089104652405,-0.34031498432159424
0.05055690556764603,0.23055388033390045,1.4907703399658203,0.383267879486084,0.06440844386816025,2.0653228759765625,0.14565984904766083,-0.14904674887657166,2.098153829574585,1.471840262413025,-0.07170939445495605,-0.14051833748817444,0.3867596685886383,0.14355535805225372,0.267393559217453,1.7289557456970215,-0.2131199687719345,2.1806387901306152,-0.19705191254615784,0.3928365707397461,0.6411935687065125,-0.17748789489269257,0.3917173445224762,-0.3403211236000061
0.050663091242313385,0.23051626980304718,1.4910850524902344,0.38326647877693176,0.06437283754348755,2.065387725830078,0.1455896645784378,-0.1490418016910553,2.098027229309082,1.4719070196151733,-0.07174146175384521,-0.1405489444732666,0.3867436647415161,0.14354099333286285,0.26736292243003845,1.7289866209030151,-0.21315151453018188,2.180699348449707,-0.19702287018299103,0.3929192125797272,0.6413307785987854,-0.17753398418426514,0.39169010519981384,-0.34032493829727173
0.050530340522527695,0.23056328296661377,1.4906615018844604,0.3832909166812897,0.06441958993673325,2.065284490585327,0.14566980302333832,-0.14905349910259247,2.098200559616089,1.4718152284622192,-0.07170343399047852,-0.14051324129104614,0.3867640197277069,0.14355573058128357,0.2673994302749634,1.7289355993270874,-0.21311761438846588,2.1806275844573975,-0.1970738023519516,0.392848402261734,0.641194760799408,-0.1774754375219345,0.3917418420314789,-0.3403337299823761
0.05063444748520851,0.23052583634853363,1.4909716844558716,0.3832891583442688,0.06438479572534561,2.0653491020202637,0.1456012725830078,-0.14904968440532684,2.098076343536377,1.4718798398971558,-0.07173547893762589,-0.1405438780784607,0.3867470324039459,0.14354118704795837,0.26736873388290405,1.7289670705795288,-0.21314869821071625,2.1806881427764893,-0.19704635441303253,0.3929252028465271,0.6413231492042542,-0.1775212436914444,0.39171501994132996,-0.3403375744819641
0.050627902150154114,0.23052720725536346,1.4909420013427734,0.38329994678497314,0.06438812613487244,2.065336227416992,0.1456027328968048,-0.14905400574207306,2.098090648651123,1.4718706607818604,-0.07173525542020798,-0.14054401218891144,0.38674652576446533,0.14354030787944794,0.2673688530921936,1.7289607524871826,-0.21314942836761475,2.1806881427764893,-0.19705629348754883,0.39292946457862854,0.6413223147392273,-0.1775187999010086,0.3917253911495209,-0.3403438329696655
0.0505620613694191,0.23054912686347961,1.4907312393188477,0.3833177089691162,0.06441190838813782,2.0652823448181152,0.1456420123577118,-0.14906294643878937,2.0981786251068115,1.471821665763855,-0.07171785831451416,-0.1405279040336609,0.38675457239151,0.14354680478572845,0.2673853039741516,1.7289342880249023,-0.21313384175300598,2.1806559562683105,-0.19708645343780518,0.3928937017917633,0.6412502527236938,-0.17749065160751343,0.3917560279369354,-0.3403514325618744
0.05067966505885124,0.23050543665885925,1.4910888671875,0.3833155930042267,0.06437255442142487,2.0653586387634277,0.14556652307510376,-0.1490599364042282,2.0980358123779297,1.4718937873840332,-0.07175473123788834,-0.14056318998336792,0.38673365116119385,0.1435307264328003,0.26734963059425354,1.7289717197418213,-0.21316847205162048,2.1807267665863037,-0.197055846452713,0.3929717540740967,0.6413818001747131,-0.17754337191581726,0.39172619581222534,-0.34035518765449524
0.05059688165783882,0.23053252696990967,1.4908279180526733,0.38333576917648315,0.06440237164497375,2.0652942657470703,0.14561773836612701,-0.14907081425189972,2.098144054412842,1.4718327522277832,-0.07173270732164383,-0.14054274559020996,0.38674336671829224,0.14353926479816437,0.2673703134059906,1.7289403676986694,-0.21314801275730133,2.1806864738464355,-0.19709216058254242,0.39292073249816895,0.641282856464386,-0.17750827968120575,0.39176326990127563,-0.3403630554676056
0.05062832310795784,0.23051868379116058,1.4909207820892334,0.383342981338501,0.06439289450645447,2.0653114318847656,0.14559754729270935,-0.14907410740852356,2.0981085300445557,1.4718472957611084,-0.07174449414014816,-0.1405543088912964,0.3867350220680237,0.14353354275226593,0.2673585116863251,1.7289490699768066,-0.21315883100032806,2.1807103157043457,-0.19709038734436035,0.39294010400772095,0.6413106918334961,-0.1775236576795578,0.3917621970176697,-0.3403683602809906
0.050681132823228836,0.23049698770046234,1.4910802841186523,0.3833470344543457,0.06437612324953079,2.0653445720672607,0.14556419849395752,-0.14907591044902802,2.098045587539673,1.4718761444091797,-0.07176268845796585,-0.14057192206382751,0.3867230713367462,0.1435248702764511,0.2673405408859253,1.7289657592773438,-0.21317549049854279,2.180746078491211,-0.19708125293254852,0.39297133684158325,0.6413611769676208,-0.17754869163036346,0.3917533755302429,-0.3403729200363159
0.0506000816822052,0.2305227369070053,1.4908256530761719,0.3833647072315216,0.06440559029579163,2.065284252166748,0.14561530947685242,-0.14908653497695923,2.0981507301330566,1.4718165397644043,-0.07174143940210342,-0.14055219292640686,0.38673174381256104,0.14353229105472565,0.2673603594303131,1.7289369106292725,-0.21315538883209229,2.1807072162628174,-0.19711625576019287,0.3929164707660675,0.6412593722343445,-0.17751507461071014,0.3917880654335022,-0.34037986397743225
0.050685979425907135,0.23048920929431915,1.4910858869552612,0.383362352848053,0.06437758356332779,2.065342664718628,0.14556145668029785,-0.14908543229103088,2.098046064376831,1.4718680381774902,-0.0717693343758583,-0.140578955411911,0.38671454787254333,0.14351865649223328,0.26733312010765076,1.7289667129516602,-0.21318106353282928,2.1807608604431152,-0.19709502160549164,0.3929664194583893,0.6413465738296509,-0.1775549352169037,0.39176589250564575,-0.34038278460502625
0.05065646395087242,0.2304968386888504,1.4909886121749878,0.383370965719223,0.06438940763473511,2.0653202533721924,0.1455802023410797,-0.14909158647060394,2.098086357116699,1.4718437194824219,-0.07176309078931808,-0.14057336747646332,0.3867153227329254,0.1435188502073288,0.2673386335372925,1.7289572954177856,-0.21317501366138458,2.1807496547698975,-0.19711147248744965,0.3929426670074463,0.6413038372993469,-0.17754410207271576,0.3917805254459381,-0.3403875529766083
0.05063653364777565,0.23050130903720856,1.490920066833496,0.3833766281604767,0.064397893846035,2.065305471420288,0.14559276401996613,-0.14909647405147552,2.0981147289276123,1.4718265533447266,-0.07175949960947037,-0.1405702531337738,0.3867148458957672,0.14351755380630493,0.2673417031764984,1.7289519309997559,-0.21317152678966522,2.1807429790496826,-0.19712388515472412,0.3929246962070465,0.6412732601165771,-0.1775374412536621,0.3917902708053589,-0.34039148688316345
0.050705019384622574,0.23047472536563873,1.4911237955093384,0.3833707571029663,0.06437583267688751,2.0653536319732666,0.14554952085018158,-0.14909470081329346,2.098031997680664,1.4718687534332275,-0.07178172469139099,-0.14059153199195862,0.38670098781585693,0.14350521564483643,0.2673201262950897,1.7289776802062988,-0.2131921797990799,2.1807847023010254,-0.19710597395896912,0.3929627537727356,0.6413441300392151,-0.1775694638490677,0.3917689919471741,-0.34039294719696045
0.050637830048799515,0.2304968386888504,1.4909073114395142,0.38337844610214233,0.06440045684576035,2.0653061866760254,0.14559157192707062,-0.1491014063358307,2.0981197357177734,1.4718217849731445,-0.07176361978054047,-0.1405746042728424,0.38670864701271057,0.14350970089435577,0.2673373222351074,1.7289568185806274,-0.21317535638809204,2.1807498931884766,-0.19713237881660461,0.39291515946388245,0.6412625908851624,-0.17754153907299042,0.3917914927005768,-0.34039661288261414
0.05068141222000122,0.2304801046848297,1.4910324811935425,0.3833727240562439,0.06438672542572021,2.0653371810913086,0.14556381106376648,-0.14909997582435608,2.0980684757232666,1.471848964691162,-0.07177779823541641,-0.14058817923069,0.3866996765136719,0.14350083470344543,0.26732370257377625,1.728974461555481,-0.21318864822387695,2.1807756423950195,-0.1971210539340973,0.3929382264614105,0.6413074731826782,-0.1775619238615036,0.39177605509757996,-0.3403973877429962
0.0506889745593071,0.23047670722007751,1.49104642868042,0.3833702504634857,0.06438521295785904,2.065342664718628,0.1455586701631546,-0.1491004079580307,2.09806227684021,1.4718528985977173,-0.0717809647321701,-0.14059129357337952,0.38669687509536743,0.14349699020385742,0.26732075214385986,1.7289795875549316,-0.2131916880607605,2.1807806491851807,-0.19712096452713013,0.39293912053108215,0.641312301158905,-0.1775660216808319,0.3917718827724457,-0.3403984010219574
0.050646983087062836,0.23049145936965942,1.4909077882766724,0.3833729922771454,0.0644005611538887,2.0653128623962402,0.14558474719524384,-0.14910371601581573,2.0981180667877197,1.4718245267868042,-0.0717691034078598,-0.14058014750480652,0.38670238852500916,0.14350003004074097,0.2673323154449463,1.728967308998108,-0.21318070590496063,2.1807570457458496,-0.19713671505451202,0.39290934801101685,0.6412612795829773,-0.17754782736301422,0.39178386330604553,-0.34039998054504395
0.05070781707763672,0.2304701954126358,1.4910874366760254,0.3833644986152649,0.0643802210688591,2.0653555393218994,0.14554621279239655,-0.1490996778011322,2.0980443954467773,1.4718647003173828,-0.07178714126348495,-0.14059726893901825,0.386692613363266,0.14349126815795898,0.2673152983188629,1.7289901971817017,-0.2131974995136261,2.1807901859283447,-0.1971176415681839,0.39294546842575073,0.6413264870643616,-0.1775742918252945,0.3917616605758667,-0.3403990566730499
0.0506664402782917,0.2304857224225998,1.4909523725509644,0.3833678066730499,0.06439491361379623,2.0653257369995117,0.14557220041751862,-0.14910225570201874,2.0980989933013916,1.4718374013900757,-0.07177464663982391,-0.14058546721935272,0.38669928908348083,0.1434960812330246,0.26732760667800903,1.7289772033691406,-0.21318577229976654,2.1807656288146973,-0.1971321552991867,0.39291760325431824,0.6412755250930786,-0.17755530774593353,0.3917738199234009,-0.34039998054504395
0.050678905099630356,0.23048250377178192,1.4909849166870117,0.38336583971977234,0.06439082324504852,2.065333604812622,0.1455644816160202,-0.14910100400447845,2.098085403442383,1.4718459844589233,-0.07177769392728806,-0.14058834314346313,0.3866981565952301,0.14349518716335297,0.2673250734806061,1.7289820909500122,-0.21318840980529785,2.1807706356048584,-0.19712835550308228,0.39292454719543457,0.6412849426269531,-0.17755953967571259,0.39176857471466064,-0.3403995931148529
0.050706613808870316,0.23047415912151337,1.4910659790039062,0.3833629786968231,0.06438130140304565,2.065351963043213,0.14554734528064728,-0.14909861981868744,2.0980522632598877,1.4718647003173828,-0.07178496569395065,-0.1405951976776123,0.38669511675834656,0.14349326491355896,0.2673185169696808,1.7289916276931763,-0.2131948620080948,2.180783748626709,-0.19711917638778687,0.39294177293777466,0.64131098985672,-0.17757010459899902,0.39175888895988464,-0.34039872884750366
0.050663962960243225,0.2304910272359848,1.4909309148788452,0.38336870074272156,0.06439591944217682,2.0653202533721924,0.14557470381259918,-0.14910092949867249,2.09810733795166,1.471836805343628,-0.0717712789773941,-0.14058220386505127,0.3867033123970032,0.1435007005929947,0.2673320472240448,1.7289762496948242,-0.21318170428276062,2.180757522583008,-0.19713319838047028,0.39291495084762573,0.6412567496299744,-0.17754946649074554,0.3917732834815979,-0.34039923548698425
0.0507090799510479,0.23047681152820587,1.4910680055618286,0.38336536288261414,0.06438018381595612,2.0653505325317383,0.14554698765277863,-0.1490972936153412,2.0980517864227295,1.4718670845031738,-0.07178334146738052,-0.14059357345104218,0.3866981267929077,0.1434977501630783,0.2673208713531494,1.7289907932281494,-0.21319246292114258,2.1807801723480225,-0.19711782038211823,0.3929441273212433,0.6413014531135559,-0.177567258477211,0.3917590379714966,-0.34039783477783203
0.050690606236457825,0.2304852157831192,1.4910094738006592,0.3833695352077484,0.06438633799552917,2.065335750579834,0.1455594152212143,-0.1490979641675949,2.0980758666992188,1.4718551635742188,-0.07177659869194031,-0.14058715105056763,0.38670289516448975,0.143502876162529,0.2673276960849762,1.728982925415039,-0.21318568289279938,2.180767297744751,-0.19712351262569427,0.39293327927589417,0.641274094581604,-0.1775570511817932,0.39176642894744873,-0.3403977155685425
0.05068451166152954,0.23048913478851318,1.4909898042678833,0.38337257504463196,0.0643882229924202,2.0653297901153564,0.14556410908699036,-0.14909784495830536,2.0980842113494873,1.4718513488769531,-0.07177353650331497,-0.14058421552181244,0.3867057263851166,0.1435064673423767,0.26733094453811646,1.728979229927063,-0.21318233013153076,2.1807615756988525,-0.19712500274181366,0.39293044805526733,0.6412609815597534,-0.17755238711833954,0.3917699456214905,-0.34039732813835144
0.05071701109409332,0.2304791808128357,1.4910895824432373,0.38337135314941406,0.0643768236041069,2.0653512477874756,0.14554449915885925,-0.14909517765045166,2.098043918609619,1.4718730449676514,-0.0717819482088089,-0.14059214293956757,0.38670241832733154,0.14350508153438568,0.2673231363296509,1.7289888858795166,-0.21318970620632172,2.1807775497436523,-0.19711361825466156,0.3929521143436432,0.6412920951843262,-0.17756487429141998,0.3917607367038727,-0.3403961658477783
0.05068112164735794,0.23049333691596985,1.4909781217575073,0.3833774924278259,0.06438907235860825,2.065324544906616,0.1455679088830948,-0.14909718930721283,2.0980894565582275,1.4718493223190308,-0.0717703327536583,-0.1405811309814453,0.3867094814777374,0.14351174235343933,0.2673344612121582,1.7289749383926392,-0.21317851543426514,2.180755615234375,-0.19712503254413605,0.39293041825294495,0.6412465572357178,-0.17754754424095154,0.3917742371559143,-0.3403964340686798
0.05070900917053223,0.23048456013202667,1.4910633563995361,0.38337621092796326,0.06437940150499344,2.0653433799743652,0.14555108547210693,-0.14909495413303375,2.098054885864258,1.4718679189682007,-0.07177770882844925,-0.14058810472488403,0.3867063522338867,0.14351001381874084,0.26732751727104187,1.7289834022521973,-0.21318510174751282,2.180769681930542,-0.19711525738239288,0.39294901490211487,0.6412741541862488,-0.17755857110023499,0.3917663097381592,-0.34039542078971863
0.05070418119430542,0.23048712313175201,1.4910471439361572,0.3833780884742737,0.06438108533620834,2.0653393268585205,0.14555473625659943,-0.14909501373767853,2.0980613231658936,1.4718647003173828,-0.0717756450176239,-0.14058615267276764,0.38670796155929565,0.14351174235343933,0.26732954382896423,1.7289807796478271,-0.21318300068378448,2.1807658672332764,-0.19711647927761078,0.392946720123291,0.6412658095359802,-0.17755556106567383,0.39176902174949646,-0.34039515256881714
0.05068856477737427,0.2304932326078415,1.490997314453125,0.383380651473999,0.06438656151294708,2.0653276443481445,0.14556504786014557,-0.14909587800502777,2.098081350326538,1.471854329109192,-0.07177062332630157,-0.140581414103508,0.38671088218688965,0.1435142159461975,0.26733437180519104,1.7289748191833496,-0.21317824721336365,2.1807563304901123,-0.19712142646312714,0.39293739199638367,0.6412463188171387,-0.17754815518856049,0.3917750120162964,-0.3403951823711395
0.050717324018478394,0.2304832637310028,1.491084098815918,0.38337787985801697,0.06437679380178452,2.065347671508789,0.1455472707748413,-0.1490938514471054,2.098045587539673,1.4718732833862305,-0.07177890837192535,-0.14058928191661835,0.3867065906524658,0.14351066946983337,0.26732638478279114,1.7289845943450928,-0.21318598091602325,2.180772066116333,-0.19711175560951233,0.3929559886455536,0.641278088092804,-0.17756058275699615,0.3917659819126129,-0.34039440751075745
0.050689708441495895,0.23049306869506836,1.4909964799880981,0.3833810091018677,0.0643865242600441,2.0653278827667236,0.14556486904621124,-0.14909574389457703,2.098080635070801,1.4718546867370605,-0.07177077233791351,-0.14058160781860352,0.3867107331752777,0.14351363480091095,0.26733410358428955,1.7289751768112183,-0.21317850053310394,2.1807568073272705,-0.1971210539340973,0.39293867349624634,0.6412468552589417,-0.17754851281642914,0.391775518655777,-0.3403949439525604
0.0507047213613987,0.23048745095729828,1.4910404682159424,0.3833792209625244,0.06438158452510834,2.065338373184204,0.1455554962158203,-0.14909487962722778,2.09806227684021,1.4718643426895142,-0.0717753916978836,-0.1405860185623169,0.38670799136161804,0.14351096749305725,0.26732954382896423,1.7289806604385376,-0.2131829708814621,2.1807656288146973,-0.19711637496948242,0.3929482102394104,0.6412645578384399,-0.17755542695522308,0.39177072048187256,-0.3403947651386261
0.050707295536994934,0.23048603534698486,1.4910461902618408,0.3833787441253662,0.0643809512257576,2.065340042114258,0.145553857088089,-0.14909499883651733,2.0980594158172607,1.4718656539916992,-0.07177650183439255,-0.14058712124824524,0.38670697808265686,0.14350959658622742,0.26732832193374634,1.7289819717407227,-0.2131842076778412,2.180767774581909,-0.19711606204509735,0.3929497301578522,0.6412686705589294,-0.1775570660829544,0.39177003502845764,-0.3403950333595276
0.05068978667259216,0.23049157857894897,1.490990161895752,0.38338056206703186,0.064387246966362,2.0653276443481445,0.14556476473808289,-0.14909660816192627,2.0980818271636963,1.471853494644165,-0.07177182286977768,-0.14058274030685425,0.38670891523361206,0.1435105800628662,0.26733264327049255,1.7289764881134033,-0.2131800651550293,2.1807589530944824,-0.19712264835834503,0.3929384648799896,0.6412503719329834,-0.17755001783370972,0.39177608489990234,-0.34039589762687683
0.05071349814534187,0.2304823249578476,1.4910619258880615,0.3833779990673065,0.06437931209802628,2.0653443336486816,0.14554964005947113,-0.1490955501794815,2.0980522632598877,1.4718685150146484,-0.07177940011024475,-0.14058996737003326,0.38670435547828674,0.14350645244121552,0.267325222492218,1.7289851903915405,-0.2131873220205307,2.1807734966278076,-0.1971157044172287,0.3929532766342163,0.6412788033485413,-0.1775611788034439,0.39176851511001587,-0.34039607644081116
0.050694238394498825,0.23048827052116394,1.4910014867782593,0.3833804428577423,0.06438618153333664,2.0653305053710938,0.14556150138378143,-0.1490975171327591,2.098076820373535,1.4718550443649292,-0.07177436351776123,-0.140585258603096,0.3867064118385315,0.1435076743364334,0.2673299014568329,1.7289788722991943,-0.21318282186985016,2.1807641983032227,-0.19712324440479279,0.392940878868103,0.6412585973739624,-0.1775534749031067,0.3917754292488098,-0.34039732813835144
0.05070227012038231,0.23048445582389832,1.4910258054733276,0.38338014483451843,0.0643836110830307,2.065335988998413,0.14555613696575165,-0.1490977257490158,2.098067045211792,1.4718595743179321,-0.07177741825580597,-0.1405881941318512,0.3867042362689972,0.14350563287734985,0.26732683181762695,1.728981852531433,-0.21318583190441132,2.1807701587677,-0.19712181389331818,0.3929458260536194,0.6412692070007324,-0.1775577813386917,0.39177343249320984,-0.3403981328010559
0.050708599388599396,0.23048125207424164,1.4910454750061035,0.38338032364845276,0.06438159942626953,2.065340042114258,0.14555178582668304,-0.14909811317920685,2.0980591773986816,1.4718629121780396,-0.07177998125553131,-0.14059066772460938,0.38670235872268677,0.14350393414497375,0.2673242390155792,1.7289841175079346,-0.21318835020065308,2.1807751655578613,-0.1971210390329361,0.39294978976249695,0.6412778496742249,-0.17756131291389465,0.39177215099334717,-0.3403990864753723
0.050693102180957794,0.23048582673072815,1.4909982681274414,0.3833831548690796,0.06438708305358887,2.065328598022461,0.14556114375591278,-0.14910000562667847,2.098078727722168,1.4718518257141113,-0.07177609205245972,-0.14058703184127808,0.3867039382457733,0.14350508153438568,0.26732784509658813,1.7289786338806152,-0.21318483352661133,2.1807680130004883,-0.197127565741539,0.39294004440307617,0.6412616968154907,-0.17755520343780518,0.39177826046943665,-0.3404005467891693
0.050712116062641144,0.2304781973361969,1.4910578727722168,0.38338229060173035,0.06438063830137253,2.0653417110443115,0.1455487459897995,-0.14909955859184265,2.098054885864258,1.4718636274337769,-0.07178235054016113,-0.14059299230575562,0.38670024275779724,0.1435021013021469,0.26732176542282104,1.7289849519729614,-0.21319074928760529,2.1807801723480225,-0.19712257385253906,0.3929522931575775,0.6412845849990845,-0.17756420373916626,0.39177295565605164,-0.340401291847229
0.05069888010621071,0.23048213124275208,1.4910181760787964,0.3833850622177124,0.0643852949142456,2.0653319358825684,0.14555661380290985,-0.14910125732421875,2.098071575164795,1.4718540906906128,-0.0717790499329567,-0.1405899077653885,0.38670164346694946,0.14350320398807526,0.267324835062027,1.7289800643920898,-0.21318776905536652,2.180774211883545,-0.19712825119495392,0.39294424653053284,0.6412709951400757,-0.17755897343158722,0.3917783796787262,-0.3404026925563812
0.050703056156635284,0.23047997057437897,1.4910322427749634,0.38338586688041687,0.06438393145799637,2.0653343200683594,0.14555349946022034,-0.14910171926021576,2.0980663299560547,1.4718561172485352,-0.07178082317113876,-0.14059162139892578,0.38670042157173157,0.14350223541259766,0.2673230767250061,1.7289811372756958,-0.2131895124912262,2.1807777881622314,-0.19712801277637482,0.39294737577438354,0.6412771344184875,-0.17756132781505585,0.39177796244621277,-0.34040364623069763
0.05070975795388222,0.23047703504562378,1.4910540580749512,0.3833862841129303,0.0643816813826561,2.065338611602783,0.14554879069328308,-0.14910191297531128,2.098057985305786,1.4718599319458008,-0.07178327441215515,-0.1405939757823944,0.3866989016532898,0.14350101351737976,0.2673206627368927,1.7289830446243286,-0.2131918966770172,2.1807825565338135,-0.19712677597999573,0.39295223355293274,0.6412862539291382,-0.17756472527980804,0.3917766213417053,-0.3404044210910797
0.05069655552506447,0.23048129677772522,1.4910143613815308,0.3833887577056885,0.064386285841465,2.06532883644104,0.14555662870407104,-0.1491033434867859,2.0980746746063232,1.4718507528305054,-0.0717797800898552,-0.14059069752693176,0.3867005705833435,0.14350229501724243,0.26732397079467773,1.7289780378341675,-0.2131887525320053,2.1807761192321777,-0.19713199138641357,0.3929446041584015,0.6412729024887085,-0.17755930125713348,0.3917817771434784,-0.3404054641723633
0.050710927695035934,0.23047587275505066,1.4910595417022705,0.3833879828453064,0.06438136845827103,2.065338611602783,0.14554713666439056,-0.14910279214382172,2.0980567932128906,1.4718599319458008,-0.07178433984518051,-0.14059503376483917,0.38669803738594055,0.1435002088546753,0.26731956005096436,1.7289825677871704,-0.2131931036710739,2.1807847023010254,-0.1971278339624405,0.3929545283317566,0.6412908434867859,-0.17756593227386475,0.3917776048183441,-0.34040579199790955
0.050700850784778595,0.23047925531864166,1.491028904914856,0.3833897113800049,0.06438487768173218,2.065331220626831,0.1455530971288681,-0.14910376071929932,2.098069667816162,1.4718530178070068,-0.07178159803152084,-0.14059245586395264,0.3866994082927704,0.1435011923313141,0.2673221528530121,1.7289786338806152,-0.21319067478179932,2.180779457092285,-0.19713161885738373,0.39294901490211487,0.6412811279296875,-0.17756174504756927,0.39178144931793213,-0.3404064476490021
0.05070287734270096,0.230478435754776,1.4910353422164917,0.3833899199962616,0.06438419222831726,2.0653324127197266,0.14555151760578156,-0.1491038054227829,2.098067283630371,1.4718542098999023,-0.07178234308958054,-0.14059317111968994,0.38669896125793457,0.14350073039531708,0.2673214077949524,1.7289789915084839,-0.21319149434566498,2.1807808876037598,-0.1971312016248703,0.39295119047164917,0.6412850618362427,-0.17756280303001404,0.39178118109703064,-0.3404066860675812
0.05070820450782776,0.2304765284061432,1.4910517930984497,0.3833896517753601,0.06438235193490982,2.065335750579834,0.14554794132709503,-0.1491035372018814,2.0980606079101562,1.4718576669692993,-0.07178398221731186,-0.1405947357416153,0.3866980969905853,0.1434999406337738,0.26731979846954346,1.728980541229248,-0.2131931334733963,2.180783987045288,-0.19712954759597778,0.3929554522037506,0.6412925720214844,-0.17756523191928864,0.39177975058555603,-0.34040671586990356
0.05069742351770401,0.23048041760921478,1.491018295288086,0.3833910822868347,0.06438605487346649,2.0653278827667236,0.14555460214614868,-0.1491042673587799,2.098074197769165,1.4718505144119263,-0.07178079336881638,-0.14059172570705414,0.3866997957229614,0.14350122213363647,0.2673228085041046,1.7289764881134033,-0.21319027245044708,2.1807780265808105,-0.1971331238746643,0.39294949173927307,0.6412816047668457,-0.17756050825119019,0.3917836546897888,-0.34040698409080505
0.050708405673503876,0.23047663271427155,1.4910519123077393,0.38339003920555115,0.06438223272562027,2.065335273742676,0.14554765820503235,-0.14910346269607544,2.098060369491577,1.4718577861785889,-0.07178395986557007,-0.1405947208404541,0.3866981863975525,0.14349991083145142,0.2673197388648987,1.7289800643920898,-0.21319331228733063,2.180783987045288,-0.19712935388088226,0.39295724034309387,0.6412950158119202,-0.17756527662277222,0.391780287027359,-0.3404066860675812
0.050700463354587555,0.23047959804534912,1.4910269975662231,0.3833911120891571,0.06438492983579636,2.0653293132781982,0.14555273950099945,-0.14910389482975006,2.0980703830718994,1.4718525409698486,-0.07178149372339249,-0.14059238135814667,0.3866995573043823,0.14350102841854095,0.2673220634460449,1.728977084159851,-0.21319107711315155,2.180779457092285,-0.19713181257247925,0.39295291900634766,0.6412866711616516,-0.1775616705417633,0.3917832374572754,-0.34040671586990356
0.05070223659276962,0.2304791361093521,1.4910321235656738,0.3833911120891571,0.06438426673412323,2.0653302669525146,0.14555178582668304,-0.14910364151000977,2.0980679988861084,1.4718537330627441,-0.07178185135126114,-0.14059272408485413,0.38669946789741516,0.14350102841854095,0.2673216760158539,1.7289774417877197,-0.2131914496421814,2.1807801723480225,-0.1971309781074524,0.39295464754104614,0.6412889957427979,-0.17756229639053345,0.3917829692363739,-0.34040650725364685
0.050706248730421066,0.23047786951065063,1.4910441637039185,0.3833909034729004,0.06438282877206802,2.0653328895568848,0.1455494910478592,-0.14910320937633514,2.098062753677368,1.4718564748764038,-0.07178284227848053,-0.14059366285800934,0.3866990804672241,0.14350083470344543,0.2673206925392151,1.7289786338806152,-0.21319237351417542,2.1807823181152344,-0.19712938368320465,0.3929576873779297,0.6412935256958008,-0.17756387591362,0.3917819857597351,-0.34040623903274536
0.050698213279247284,0.2304808795452118,1.4910191297531128,0.3833920657634735,0.0643855482339859,2.0653271675109863,0.1455548256635666,-0.149103581905365,2.0980727672576904,1.4718512296676636,-0.07178027182817459,-0.14059121906757355,0.3867005705833435,0.14350217580795288,0.2673231363296509,1.7289756536483765,-0.213189959526062,2.1807775497436523,-0.19713179767131805,0.39295297861099243,0.641284167766571,-0.17756013572216034,0.39178502559661865,-0.340406209230423
0.05070709437131882,0.23047785460948944,1.49104642868042,0.3833913803100586,0.06438244134187698,2.065333366394043,0.14554953575134277,-0.1491028219461441,2.0980613231658936,1.4718571901321411,-0.071782685816288,-0.1405934989452362,0.38669946789741516,0.14350144565105438,0.26732081174850464,1.7289785146713257,-0.2131921648979187,2.1807823181152344,-0.19712857902050018,0.3929588794708252,0.6412937641143799,-0.1775638312101364,0.39178240299224854,-0.3404058516025543
0.05070067569613457,0.23048025369644165,1.491026520729065,0.3833923935890198,0.06438461691141129,2.06532883644104,0.14555387198925018,-0.1491031050682068,2.098069190979004,1.4718530178070068,-0.07178060710430145,-0.14059151709079742,0.38670071959495544,0.1435025930404663,0.2673228085041046,1.7289761304855347,-0.21319016814231873,2.1807785034179688,-0.197130486369133,0.3929549753665924,0.6412858963012695,-0.17756080627441406,0.3917848467826843,-0.34040582180023193
0.0507030189037323,0.23047950863838196,1.491033673286438,0.3833923935890198,0.06438378244638443,2.0653305053710938,0.14555266499519348,-0.1491028219461441,2.0980660915374756,1.471854567527771,-0.07178113609552383,-0.14059200882911682,0.3867005705833435,0.1435026228427887,0.267322301864624,1.728976845741272,-0.21319060027599335,2.1807796955108643,-0.1971295177936554,0.39295652508735657,0.6412879228591919,-0.1775616556406021,0.39178431034088135,-0.3404056429862976
0.05070555582642555,0.2304786741733551,1.4910414218902588,0.3833923041820526,0.0643828883767128,2.0653324127197266,0.14555129408836365,-0.14910253882408142,2.098062753677368,1.4718562364578247,-0.07178174704313278,-0.1405925750732422,0.3867003619670868,0.14350256323814392,0.26732170581817627,1.7289776802062988,-0.21319112181663513,2.1807808876037598,-0.1971285194158554,0.3929581046104431,0.6412901878356934,-0.17756260931491852,0.39178362488746643,-0.34040549397468567
0.05069993436336517,0.23048071563243866,1.4910238981246948,0.3833930194377899,0.0643848180770874,2.065328359603882,0.14555500447750092,-0.1491028219461441,2.098069667816162,1.4718525409698486,-0.0717799961566925,-0.14059090614318848,0.386701375246048,0.14350344240665436,0.26732340455055237,1.728975772857666,-0.21318943798542023,2.1807775497436523,-0.19713029265403748,0.39295443892478943,0.6412832736968994,-0.1775600165128708,0.39178553223609924,-0.34040555357933044
0.050706975162029266,0.2304782271385193,1.4910454750061035,0.38339221477508545,0.0643823966383934,2.065333366394043,0.1455506682395935,-0.14910228550434113,2.0980608463287354,1.4718573093414307,-0.07178201526403427,-0.1405928134918213,0.3867003619670868,0.14350266754627228,0.26732149720191956,1.7289782762527466,-0.21319128572940826,2.180781364440918,-0.19712789356708527,0.39295873045921326,0.6412908434867859,-0.17756304144859314,0.39178311824798584,-0.3404053747653961
0.050701409578323364,0.23048020899295807,1.491028070449829,0.38339272141456604,0.0643843337893486,2.0653295516967773,0.14555421471595764,-0.1491026133298874,2.0980677604675293,1.4718536138534546,-0.07178035378456116,-0.14059123396873474,0.3867012560367584,0.1435033679008484,0.2673231065273285,1.7289764881134033,-0.2131897211074829,2.1807782649993896,-0.1971297413110733,0.3929550051689148,0.6412842273712158,-0.17756055295467377,0.39178481698036194,-0.34040549397468567
0.05070425197482109,0.2304791957139969,1.4910365343093872,0.38339221477508545,0.0643833801150322,2.0653316974639893,0.145552396774292,-0.14910240471363068,2.0980641841888428,1.4718555212020874,-0.0717812031507492,-0.1405920386314392,0.3867008090019226,0.14350293576717377,0.267322301864624,1.7289776802062988,-0.21319051086902618,2.1807796955108643,-0.19712881743907928,0.39295655488967896,0.6412872672080994,-0.17756180465221405,0.39178362488746643,-0.3404054343700409
0.050705112516880035,0.23047888278961182,1.4910389184951782,0.3833918869495392,0.0643831193447113,2.0653324127197266,0.14555178582668304,-0.1491023600101471,2.0980632305145264,1.4718561172485352,-0.07178150117397308,-0.1405923217535019,0.3867006003856659,0.14350269734859467,0.26732203364372253,1.728978157043457,-0.21319079399108887,2.1807801723480225,-0.19712859392166138,0.39295682311058044,0.6412881016731262,-0.17756222188472748,0.39178305864334106,-0.3404054343700409
0.05070145055651665,0.2304801642894745,1.4910273551940918,0.38339200615882874,0.06438442319631577,2.0653297901153564,0.14555397629737854,-0.14910264313220978,2.0980679988861084,1.4718537330627441,-0.0717804878950119,-0.14059136807918549,0.3867010772228241,0.14350296556949615,0.26732301712036133,1.728977084159851,-0.21318985521793365,2.1807780265808105,-0.19712992012500763,0.3929542303085327,0.6412838697433472,-0.17756067216396332,0.3917839825153351,-0.34040555357933044
0.05070672556757927,0.23047827184200287,1.4910433292388916,0.3833911418914795,0.0643826425075531,2.065333604812622,0.14555051922798157,-0.1491023451089859,2.0980615615844727,1.4718571901321411,-0.07178212702274323,-0.14059291779994965,0.3867001235485077,0.1435021162033081,0.26732146739959717,1.7289791107177734,-0.21319139003753662,2.1807808876037598,-0.1971282958984375,0.39295729994773865,0.6412897706031799,-0.17756307125091553,0.39178192615509033,-0.34040549397468567
0.050701845437288284,0.23047998547554016,1.4910279512405396,0.383391410112381,0.06438437104225159,2.0653302669525146,0.14555343985557556,-0.14910274744033813,2.0980679988861084,1.4718539714813232,-0.07178077846765518,-0.14059165120124817,0.38670074939727783,0.14350250363349915,0.2673227787017822,1.7289775609970093,-0.21319015324115753,2.1807782649993896,-0.19713008403778076,0.39295393228530884,0.641284167766571,-0.17756099998950958,0.3917832672595978,-0.34040567278862
0.05070509761571884,0.23047880828380585,1.4910377264022827,0.3833908140659332,0.06438329070806503,2.0653326511383057,0.14555124938488007,-0.1491026133298874,2.0980641841888428,1.4718561172485352,-0.07178182899951935,-0.14059264957904816,0.3867000937461853,0.1435019075870514,0.26732179522514343,1.7289788722991943,-0.21319113671779633,2.1807801723480225,-0.19712916016578674,0.3929557204246521,0.6412877440452576,-0.17756250500679016,0.3917819559574127,-0.34040567278862
0.05070454627275467,0.23047898709774017,1.49103581905365,0.38339072465896606,0.06438352167606354,2.0653321743011475,0.14555147290229797,-0.14910274744033813,2.098065137863159,1.4718557596206665,-0.07178175449371338,-0.14059258997440338,0.3867000341415405,0.14350180327892303,0.2673218846321106,1.7289788722991943,-0.21319106221199036,2.1807799339294434,-0.1971295177936554,0.39295509457588196,0.6412869095802307,-0.17756232619285583,0.3917819857597351,-0.34040576219558716
0.0507027767598629,0.23047959804534912,1.491030216217041,0.3833908438682556,0.06438416242599487,2.065330982208252,0.14555250108242035,-0.14910297095775604,2.09806752204895,1.471854567527771,-0.07178130745887756,-0.14059217274188995,0.38670018315315247,0.1435019075870514,0.2673223316669464,1.7289783954620361,-0.21319063007831573,2.180778980255127,-0.1971302628517151,0.3929537236690521,0.6412846446037292,-0.17756159603595734,0.3917824923992157,-0.3404058516025543
0.05070643126964569,0.23047830164432526,1.4910415410995483,0.3833904266357422,0.06438292562961578,2.065333604812622,0.14555014669895172,-0.1491028219461441,2.0980629920959473,1.471856951713562,-0.0717824399471283,-0.1405932605266571,0.38669952750205994,0.1435013860464096,0.26732125878334045,1.7289797067642212,-0.2131916731595993,2.180781126022339,-0.19712918996810913,0.39295580983161926,0.6412883996963501,-0.17756323516368866,0.3917812407016754,-0.34040582180023193
0.05070248618721962,0.23047970235347748,1.4910293817520142,0.3833909332752228,0.06438431143760681,2.065330743789673,0.1455526053905487,-0.14910317957401276,2.0980679988861084,1.4718542098999023,-0.07178131490945816,-0.14059220254421234,0.3867000639438629,0.14350184798240662,0.2673223316669464,1.7289783954620361,-0.21319060027599335,2.180778980255127,-0.19713062047958374,0.392953097820282,0.6412834525108337,-0.17756152153015137,0.39178258180618286,-0.3404059410095215
0.050705909729003906,0.23047849535942078,1.4910401105880737,0.3833906650543213,0.06438314914703369,2.065333127975464,0.1455504596233368,-0.14910303056240082,2.0980637073516846,1.4718564748764038,-0.07178235054016113,-0.14059318602085114,0.38669949769973755,0.14350144565105438,0.2673213481903076,1.7289795875549316,-0.21319152414798737,2.1807808876037598,-0.19712956249713898,0.39295506477355957,0.6412868499755859,-0.17756302654743195,0.3917815089225769,-0.3404059112071991
0.05070427805185318,0.23047909140586853,1.4910352230072021,0.38339096307754517,0.06438372284173965,2.0653319358825684,0.14555151760578156,-0.14910319447517395,2.0980658531188965,1.4718552827835083,-0.07178187370300293,-0.14059273898601532,0.38669973611831665,0.14350169897079468,0.26732179522514343,1.7289789915084839,-0.21319104731082916,2.1807799339294434,-0.19713015854358673,0.39295387268066406,0.6412844657897949,-0.17756229639053345,0.39178213477134705,-0.34040597081184387
0.05070416256785393,0.2304791510105133,1.491034984588623,0.3833910822868347,0.06438376754522324,2.0653319358825684,0.1455516368150711,-0.14910323917865753,2.0980660915374756,1.4718551635742188,-0.07178182899951935,-0.14059269428253174,0.38669976592063904,0.14350177347660065,0.2673218548297882,1.7289788722991943,-0.2131909728050232,2.1807799339294434,-0.1971302181482315,0.39295366406440735,0.6412838697433472,-0.17756222188472748,0.3917822539806366,-0.34040597081184387
0.05070611089468002,0.23047849535942078,1.4910410642623901,0.3833909332752228,0.06438309699296951,2.065333366394043,0.14555047452449799,-0.14910311996936798,2.0980637073516846,1.4718564748764038,-0.07178238034248352,-0.14059321582317352,0.38669949769973755,0.14350160956382751,0.26732131838798523,1.728979468345642,-0.2131914496421814,2.1807808876037598,-0.19712956249713898,0.3929547965526581,0.6412856578826904,-0.17756304144859314,0.39178165793418884,-0.3404059112071991
0.050703275948762894,0.23047953844070435,1.4910322427749634,0.38339126110076904,0.06438407301902771,2.06533145904541,0.14555232226848602,-0.1491032838821411,2.098067283630371,1.471854567527771,-0.07178150862455368,-0.14059238135814667,0.38669997453689575,0.14350202679634094,0.2673221528530121,1.7289785146713257,-0.21319061517715454,2.180779218673706,-0.1971304714679718,0.39295291900634766,0.6412821412086487,-0.17756174504756927,0.39178261160850525,-0.3404059112071991
0.05070631206035614,0.23047851026058197,1.4910415410995483,0.3833909034729004,0.06438302248716354,2.065333604812622,0.14555047452449799,-0.14910303056240082,2.0980634689331055,1.4718565940856934,-0.07178235799074173,-0.14059318602085114,0.3866995573043823,0.14350171387195587,0.2673213481903076,1.7289795875549316,-0.21319139003753662,2.1807808876037598,-0.19712938368320465,0.3929547965526581,0.6412853598594666,-0.17756302654743195,0.39178159832954407,-0.34040579199790955
0.05070401355624199,0.2304793745279312,1.4910342693328857,0.3833910822868347,0.06438381224870682,2.0653319358825684,0.14555199444293976,-0.14910311996936798,2.0980663299560547,1.4718551635742188,-0.07178162783384323,-0.14059248566627502,0.38669997453689575,0.14350204169750214,0.2673220634460449,1.7289788722991943,-0.2131907045841217,2.180779457092285,-0.19713005423545837,0.3929533064365387,0.6412826180458069,-0.177561953663826,0.39178231358528137,-0.34040576219558716
0.05070507526397705,0.23047904670238495,1.4910372495651245,0.3833908438682556,0.06438343971967697,2.0653326511383057,0.1455513834953308,-0.14910295605659485,2.09806489944458,1.471855878829956,-0.07178188115358353,-0.14059272408485413,0.3866998851299286,0.14350195229053497,0.2673218250274658,1.7289793491363525,-0.2131909430027008,2.1807799339294434,-0.19712959229946136,0.3929539620876312,0.6412837505340576,-0.17756237089633942,0.39178186655044556,-0.3404056429862976
0.05070538818836212,0.23047898709774017,1.4910379648208618,0.3833906650543213,0.06438332051038742,2.0653328895568848,0.14555123448371887,-0.1491028368473053,2.098064422607422,1.4718561172485352,-0.07178191840648651,-0.1405927538871765,0.386699914932251,0.14350195229053497,0.26732179522514343,1.728979468345642,-0.2131909728050232,2.1807799339294434,-0.19712936878204346,0.39295417070388794,0.6412841081619263,-0.17756246030330658,0.39178165793418884,-0.34040555357933044
0.05070384964346886,0.23047958314418793,1.4910329580307007,0.3833906948566437,0.0643838420510292,2.0653319358825684,0.14555224776268005,-0.1491028368473053,2.0980663299560547,1.4718551635742188,-0.07178141176700592,-0.14059226214885712,0.38670021295547485,0.14350217580795288,0.267322301864624,1.7289789915084839,-0.21319051086902618,2.180778980255127,-0.1971297711133957,0.39295321702957153,0.6412824392318726,-0.17756173014640808,0.3917820453643799,-0.34040549397468567
0.05070599913597107,0.23047885298728943,1.4910393953323364,0.383390337228775,0.06438308954238892,2.065333366394043,0.145550936460495,-0.1491025984287262,2.0980637073516846,1.471856713294983,-0.07178199291229248,-0.1405928134918213,0.38669994473457336,0.14350193738937378,0.26732176542282104,1.7289798259735107,-0.21319106221199036,2.1807801723480225,-0.19712893664836884,0.39295461773872375,0.6412850022315979,-0.1775626242160797,0.3917812407016754,-0.3404053747653961
0.05070371925830841,0.23047970235347748,1.4910322427749634,0.38339048624038696,0.06438387185335159,2.0653316974639893,0.145552396774292,-0.14910267293453217,2.098066568374634,1.4718552827835083,-0.07178127765655518,-0.14059212803840637,0.3867003619670868,0.14350225031375885,0.26732245087623596,1.7289791107177734,-0.21319040656089783,2.180778741836548,-0.19712959229946136,0.3929532468318939,0.6412825584411621,-0.17756158113479614,0.39178192615509033,-0.3404053747653961
0.050705429166555405,0.23047912120819092,1.4910374879837036,0.38339024782180786,0.06438327580690384,2.0653328895568848,0.14555133879184723,-0.14910249412059784,2.098064422607422,1.4718564748764038,-0.07178174704313278,-0.140592560172081,0.3867001533508301,0.14350207149982452,0.26732200384140015,1.7289797067642212,-0.21319085359573364,2.1807796955108643,-0.19712893664836884,0.39295440912246704,0.6412845849990845,-0.17756229639053345,0.3917813003063202,-0.34040528535842896
0.05070454254746437,0.23047944903373718,1.491034746170044,0.383390337228775,0.06438357383012772,2.0653321743011475,0.1455519050359726,-0.14910250902175903,2.0980656147003174,1.471855878829956,-0.0717814564704895,-0.1405922770500183,0.3867003321647644,0.14350222051143646,0.26732227206230164,1.7289793491363525,-0.21319058537483215,2.180779218673706,-0.19712917506694794,0.39295393228530884,0.6412836909294128,-0.17756187915802002,0.39178159832954407,-0.34040528535842896
0.05070437490940094,0.23047952353954315,1.4910342693328857,0.3833903968334198,0.0643836259841919,2.0653319358825684,0.14555202424526215,-0.14910249412059784,2.0980658531188965,1.4718557596206665,-0.07178138941526413,-0.14059220254421234,0.3867003917694092,0.14350228011608124,0.2673223316669464,1.728979229927063,-0.21319052577018738,2.180778980255127,-0.19712918996810913,0.39295390248298645,0.6412835717201233,-0.17756178975105286,0.39178168773651123,-0.34040528535842896
0.05070538818836212,0.2304791659116745,1.4910374879837036,0.3833903670310974,0.06438326835632324,2.0653326511383057,0.1455513834953308,-0.14910241961479187,2.098064661026001,1.4718564748764038,-0.07178167998790741,-0.14059247076511383,0.38670027256011963,0.14350219070911407,0.2673220634460449,1.728979468345642,-0.21319079399108887,2.180779457092285,-0.19712883234024048,0.39295461773872375,0.6412847638130188,-0.17756222188472748,0.39178141951560974,-0.34040528535842896
0.050703804939985275,0.23047973215579987,1.4910327196121216,0.3833906650543213,0.06438381224870682,2.06533145904541,0.1455523818731308,-0.14910253882408142,2.098066568374634,1.4718554019927979,-0.0717812106013298,-0.14059202373027802,0.3867005407810211,0.14350242912769318,0.26732251048088074,1.7289788722991943,-0.21319034695625305,2.1807785034179688,-0.19712936878204346,0.39295369386672974,0.6412829756736755,-0.17756152153015137,0.3917820453643799,-0.34040534496307373
0.05070554465055466,0.23047910630702972,1.491038203239441,0.3833906054496765,0.06438320130109787,2.0653326511383057,0.14555127918720245,-0.14910244941711426,2.098064422607422,1.4718564748764038,-0.07178172469139099,-0.1405925154685974,0.38670027256011963,0.14350225031375885,0.26732200384140015,1.7289793491363525,-0.21319082379341125,2.180779457092285,-0.19712881743907928,0.39295488595962524,0.6412849426269531,-0.17756228148937225,0.3917815685272217,-0.34040534496307373
0.050704099237918854,0.23047961294651031,1.4910337924957275,0.383390873670578,0.06438369303941727,2.06533145904541,0.14555218815803528,-0.149102583527565,2.0980663299560547,1.4718555212020874,-0.07178130745887756,-0.14059212803840637,0.38670048117637634,0.14350245893001556,0.2673223912715912,1.7289787530899048,-0.21319043636322021,2.180778741836548,-0.19712933897972107,0.3929540514945984,0.6412833333015442,-0.1775616556406021,0.39178216457366943,-0.3404054045677185
0.05070503056049347,0.23047925531864166,1.4910367727279663,0.383390873670578,0.064383365213871,2.0653321743011475,0.14555159211158752,-0.1491025686264038,2.098065137863159,1.4718561172485352,-0.07178159803152084,-0.14059241116046906,0.386700302362442,0.1435023546218872,0.2673220932483673,1.7289789915084839,-0.2131907045841217,2.180779218673706,-0.19712908565998077,0.3929547071456909,0.6412844061851501,-0.17756207287311554,0.3917819559574127,-0.3404054343700409
0.05070485174655914,0.23047928512096405,1.491036295890808,0.38339099287986755,0.06438342481851578,2.0653319358825684,0.14555169641971588,-0.14910262823104858,2.0980653762817383,1.4718559980392456,-0.07178156822919846,-0.14059238135814667,0.386700302362442,0.1435023695230484,0.2673221230506897,1.7289788722991943,-0.2131906896829605,2.180779218673706,-0.19712921977043152,0.39295464754104614,0.6412842273712158,-0.17756201326847076,0.39178210496902466,-0.34040549397468567
0.050704386085271835,0.2304794192314148,1.4910348653793335,0.3833911120891571,0.06438358128070831,2.06533145904541,0.14555196464061737,-0.14910271763801575,2.0980658531188965,1.471855640411377,-0.0717814639210701,-0.1405922770500183,0.3867003321647644,0.14350241422653198,0.26732221245765686,1.7289786338806152,-0.21319060027599335,2.180778980255127,-0.19712944328784943,0.39295437932014465,0.6412837505340576,-0.17756183445453644,0.39178234338760376,-0.34040555357933044
0.05070539563894272,0.23047901690006256,1.4910379648208618,0.38339105248451233,0.06438323110342026,2.0653321743011475,0.14555130898952484,-0.14910270273685455,2.098064661026001,1.4718562364578247,-0.07178179919719696,-0.14059258997440338,0.3867001235485077,0.14350225031375885,0.2673218846321106,1.7289789915084839,-0.2131909281015396,2.1807796955108643,-0.19712917506694794,0.3929550349712372,0.6412850022315979,-0.17756231129169464,0.39178207516670227,-0.34040558338165283
0.050704147666692734,0.2304794192314148,1.4910341501235962,0.38339120149612427,0.06438366323709488,2.065331220626831,0.14555206894874573,-0.1491028368473053,2.0980663299560547,1.4718554019927979,-0.0717814639210701,-0.1405922770500183,0.38670027256011963,0.1435023546218872,0.2673221826553345,1.7289785146713257,-0.21319063007831573,2.180778980255127,-0.19712966680526733,0.3929542601108551,0.6412836909294128,-0.17756180465221405,0.3917825222015381,-0.3404056429862976
0.05070536583662033,0.2304789423942566,1.4910378456115723,0.38339105248451233,0.06438324600458145,2.0653321743011475,0.14555127918720245,-0.14910279214382172,2.09806489944458,1.4718561172485352,-0.07178185880184174,-0.14059264957904816,0.3867000341415405,0.1435021460056305,0.26732179522514343,1.7289789915084839,-0.21319101750850677,2.1807796955108643,-0.19712932407855988,0.3929550349712372,0.6412851810455322,-0.1775623857975006,0.39178213477134705,-0.3404056429862976
0.05070441961288452,0.23047924041748047,1.4910348653793335,0.3833911418914795,0.06438357383012772,2.06533145904541,0.14555184543132782,-0.14910288155078888,2.0980660915374756,1.4718554019927979,-0.07178161293268204,-0.14059242606163025,0.3867001235485077,0.14350220561027527,0.26732203364372253,1.7289787530899048,-0.21319080889225006,2.180779218673706,-0.19712969660758972,0.39295443892478943,0.6412842869758606,-0.17756201326847076,0.3917824625968933,-0.3404057025909424
0.05070491507649422,0.23047901690006256,1.491036295890808,0.38339105248451233,0.06438340991735458,2.0653316974639893,0.14555150270462036,-0.14910288155078888,2.0980653762817383,1.4718557596206665,-0.07178179174661636,-0.14059260487556458,0.38670000433921814,0.14350207149982452,0.2673218548297882,1.7289789915084839,-0.2131909877061844,2.180779457092285,-0.19712957739830017,0.3929547369480133,0.6412850022315979,-0.17756228148937225,0.391782283782959,-0.34040573239326477
0.05070488527417183,0.23047898709774017,1.4910361766815186,0.38339102268218994,0.06438342481851578,2.0653316974639893,0.14555150270462036,-0.14910291135311127,2.0980653762817383,1.4718557596206665,-0.07178181409835815,-0.14059263467788696,0.38669997453689575,0.14350201189517975,0.2673218250274658,1.7289789915084839,-0.21319101750850677,2.180779457092285,-0.19712962210178375,0.3929547071456909,0.6412851214408875,-0.17756231129169464,0.391782283782959,-0.34040576219558716
0.05070443078875542,0.23047910630702972,1.491034746170044,0.3833910822868347,0.0643835961818695,2.06533145904541,0.14555177092552185,-0.14910297095775604,2.0980658531188965,1.4718554019927979,-0.0717817097902298,-0.1405925452709198,0.38670000433921814,0.14350201189517975,0.267321914434433,1.7289788722991943,-0.2131909281015396,2.180779218673706,-0.19712981581687927,0.39295440912246704,0.641284704208374,-0.1775621473789215,0.3917824327945709,-0.34040582180023193
0.05070516839623451,0.23047880828380585,1.491037130355835,0.38339102268218994,0.06438335031270981,2.0653319358825684,0.14555129408836365,-0.14910294115543365,2.09806489944458,1.471855878829956,-0.0717819556593895,-0.1405927836894989,0.3866998553276062,0.143501877784729,0.2673216760158539,1.7289791107177734,-0.2131911665201187,2.1807796955108643,-0.19712959229946136,0.39295485615730286,0.6412855982780457,-0.17756250500679016,0.3917821943759918,-0.3404058516025543
0.05070424824953079,0.23047910630702972,1.4910343885421753,0.3833911418914795,0.06438367813825607,2.065331220626831,0.145551860332489,-0.14910301566123962,2.0980660915374756,1.4718552827835083,-0.0717817023396492,-0.1405925452709198,0.38669997453689575,0.14350195229053497,0.267321914434433,1.7289787530899048,-0.2131909430027008,2.180779218673706,-0.19712992012500763,0.3929542601108551,0.6412845849990845,-0.17756213247776031,0.3917825222015381,-0.3404059112071991
0.050705116242170334,0.23047877848148346,1.491037130355835,0.3833910822868347,0.06438338756561279,2.0653319358825684,0.14555129408836365,-0.14910297095775604,2.09806489944458,1.471855878829956,-0.07178197801113129,-0.1405927985906601,0.3866998255252838,0.14350181818008423,0.2673216462135315,1.7289789915084839,-0.2131911963224411,2.1807796955108643,-0.19712965190410614,0.3929547965526581,0.6412855982780457,-0.17756253480911255,0.3917822539806366,-0.3404059112071991
0.05070442706346512,0.23047900199890137,1.4910351037979126,0.38339120149612427,0.06438363343477249,2.06533145904541,0.14555171132087708,-0.14910303056240082,2.0980658531188965,1.4718554019927979,-0.07178178429603577,-0.14059261977672577,0.38669994473457336,0.1435018926858902,0.2673218250274658,1.7289787530899048,-0.21319101750850677,2.180779218673706,-0.19712989032268524,0.39295434951782227,0.6412848234176636,-0.17756223678588867,0.3917824923992157,-0.3404059410095215
0.05070483312010765,0.23047885298728943,1.4910364151000977,0.38339120149612427,0.06438349932432175,2.0653316974639893,0.14555144309997559,-0.14910301566123962,2.0980653762817383,1.471855640411377,-0.07178191095590591,-0.14059273898601532,0.3866998851299286,0.14350184798240662,0.26732170581817627,1.7289788722991943,-0.21319112181663513,2.180779457092285,-0.1971297562122345,0.39295461773872375,0.6412853002548218,-0.177562415599823,0.39178237318992615,-0.3404059410095215
0.05070476979017258,0.23047888278961182,1.491036295890808,0.38339123129844666,0.06438352167606354,2.0653316974639893,0.14555147290229797,-0.14910303056240082,2.0980653762817383,1.471855640411377,-0.07178188860416412,-0.14059272408485413,0.386699914932251,0.143501877784729,0.26732173562049866,1.7289788722991943,-0.21319109201431274,2.180779457092285,-0.19712978601455688,0.39295458793640137,0.6412851810455322,-0.1775623857975006,0.39178240299224854,-0.3404059410095215
0.050704553723335266,0.23047897219657898,1.4910356998443604,0.38339129090309143,0.0643835961818695,2.06533145904541,0.14555160701274872,-0.149103045463562,2.0980656147003174,1.4718555212020874,-0.07178182154893875,-0.14059266448020935,0.38669997453689575,0.14350192248821259,0.26732179522514343,1.7289787530899048,-0.21319101750850677,2.180779218673706,-0.19712986052036285,0.3929544687271118,0.6412848830223083,-0.17756228148937225,0.3917824923992157,-0.3404059410095215
0.05070503428578377,0.23047880828380585,1.4910372495651245,0.38339126110076904,0.06438342481851578,2.0653316974639893,0.14555130898952484,-0.14910301566123962,2.09806489944458,1.471855878829956,-0.0717819556593895,-0.1405927836894989,0.386699914932251,0.1435018926858902,0.2673216760158539,1.7289788722991943,-0.21319113671779633,2.180779457092285,-0.19712969660758972,0.3929547965526581,0.6412854194641113,-0.17756247520446777,0.39178234338760376,-0.3404059410095215
0.050704438239336014,0.23047903180122375,1.4910354614257812,0.3833913207054138,0.0643836259841919,2.065331220626831,0.1455516815185547,-0.149103045463562,2.0980656147003174,1.4718555212020874,-0.07178176939487457,-0.14059260487556458,0.3867000341415405,0.14350199699401855,0.2673218548297882,1.7289786338806152,-0.213190957903862,2.180779218673706,-0.19712989032268524,0.39295443892478943,0.641284704208374,-0.1775621920824051,0.3917825520038605,-0.3404059410095215
0.05070508271455765,0.23047882318496704,1.491037368774414,0.38339123129844666,0.06438339501619339,2.0653316974639893,0.14555127918720245,-0.14910298585891724,2.09806489944458,1.4718559980392456,-0.0717819407582283,-0.1405927687883377,0.38669994473457336,0.14350193738937378,0.2673216760158539,1.7289788722991943,-0.21319112181663513,2.180779457092285,-0.19712965190410614,0.39295485615730286,0.6412854194641113,-0.17756246030330658,0.39178231358528137,-0.3404059112071991
0.050704535096883774,0.23047903180122375,1.4910355806350708,0.38339126110076904,0.06438357383012772,2.065331220626831,0.1455516219139099,-0.14910300076007843,2.0980656147003174,1.471855640411377,-0.07178176194429398,-0.14059260487556458,0.3867000341415405,0.14350202679634094,0.2673218548297882,1.7289786338806152,-0.213190957903862,2.180779218673706,-0.19712981581687927,0.3929545283317566,0.6412848234176636,-0.1775621920824051,0.3917824625968933,-0.3404059112071991
0.05070493370294571,0.2304789125919342,1.4910367727279663,0.3833911716938019,0.06438343226909637,2.06533145904541,0.14555136859416962,-0.14910295605659485,2.098065137863159,1.471855878829956,-0.07178186625242233,-0.14059269428253174,0.38670000433921814,0.14350199699401855,0.26732176542282104,1.7289787530899048,-0.21319106221199036,2.180779457092285,-0.19712966680526733,0.3929547965526581,0.6412853002548218,-0.17756235599517822,0.391782283782959,-0.3404058814048767
0.05070473626255989,0.23047900199890137,1.4910361766815186,0.3833911716938019,0.06438349932432175,2.065331220626831,0.14555148780345917,-0.14910295605659485,2.0980653762817383,1.4718557596206665,-0.07178179919719696,-0.14059261977672577,0.3867000639438629,0.14350202679634094,0.2673218250274658,1.7289786338806152,-0.21319100260734558,2.180779218673706,-0.19712971150875092,0.39295467734336853,0.6412850618362427,-0.17756225168704987,0.39178231358528137,-0.3404058516025543
0.05070468783378601,0.23047903180122375,1.4910359382629395,0.3833911418914795,0.06438352167606354,2.065331220626831,0.14555151760578156,-0.14910294115543365,2.0980653762817383,1.4718557596206665,-0.07178177684545517,-0.14059258997440338,0.3867000937461853,0.14350202679634094,0.2673218548297882,1.7289786338806152,-0.2131909877061844,2.180779218673706,-0.19712969660758972,0.39295464754104614,0.6412850022315979,-0.17756222188472748,0.391782283782959,-0.34040582180023193
0.05070488899946213,0.23047897219657898,1.4910365343093872,0.3833910822868347,0.06438345462083817,2.06533145904541,0.145551398396492,-0.14910291135311127,2.098065137863159,1.471855878829956,-0.07178182899951935,-0.14059263467788696,0.3867000639438629,0.14350199699401855,0.26732179522514343,1.7289787530899048,-0.21319103240966797,2.180779218673706,-0.19712960720062256,0.3929547667503357,0.641285240650177,-0.17756231129169464,0.3917821943759918,-0.34040579199790955
0.050704505294561386,0.23047912120819092,1.4910353422164917,0.3833910822868347,0.06438358873128891,2.065331220626831,0.1455516517162323,-0.14910292625427246,2.0980656147003174,1.471855640411377,-0.0717817097902298,-0.1405925154685974,0.3867001235485077,0.14350204169750214,0.267321914434433,1.7289786338806152,-0.21319091320037842,2.180778980255127,-0.19712971150875092,0.3929544985294342,0.6412847638130188,-0.17756213247776031,0.39178231358528137,-0.34040576219558716
0.050704944878816605,0.23047897219657898,1.4910366535186768,0.38339099287986755,0.06438343971967697,2.06533145904541,0.145551398396492,-0.14910288155078888,2.098065137863159,1.4718559980392456,-0.07178182899951935,-0.14059263467788696,0.3867000639438629,0.14350198209285736,0.26732179522514343,1.7289787530899048,-0.21319103240966797,2.180779218673706,-0.19712954759597778,0.3929547667503357,0.641285240650177,-0.17756232619285583,0.39178213477134705,-0.34040573239326477
0.050704475492239,0.2304791510105133,1.4910351037979126,0.38339102268218994,0.0643836036324501,2.065331220626831,0.14555171132087708,-0.14910289645195007,2.0980656147003174,1.471855640411377,-0.07178167998790741,-0.14059250056743622,0.3867001235485077,0.14350204169750214,0.26732194423675537,1.7289786338806152,-0.21319089829921722,2.180778980255127,-0.19712968170642853,0.39295443892478943,0.6412846446037292,-0.17756211757659912,0.391782283782959,-0.34040573239326477
0.050704892724752426,0.23047900199890137,1.491036295890808,0.38339096307754517,0.06438346207141876,2.06533145904541,0.14555147290229797,-0.14910286664962769,2.098065137863159,1.471855878829956,-0.07178179174661636,-0.14059260487556458,0.3867000639438629,0.14350199699401855,0.2673218250274658,1.7289787530899048,-0.21319100260734558,2.180779218673706,-0.1971295177936554,0.39295467734336853,0.6412850618362427,-0.17756229639053345,0.39178213477134705,-0.3404057025909424
0.05070456489920616,0.23047912120819092,1.4910352230072021,0.38339099287986755,0.06438357383012772,2.065331220626831,0.14555171132087708,-0.14910288155078888,2.0980656147003174,1.471855640411377,-0.071781687438488,-0.14059250056743622,0.3867001235485077,0.14350204169750214,0.267321914434433,1.7289786338806152,-0.21319089829921722,2.180778980255127,-0.19712960720062256,0.39295443892478943,0.6412846446037292,-0.1775621473789215,0.3917822539806366,-0.34040567278862
0.05070478096604347,0.23047904670238495,1.49103581905365,0.38339096307754517,0.06438349932432175,2.06533145904541,0.14555160701274872,-0.1491028517484665,2.0980653762817383,1.4718557596206665,-0.07178173959255219,-0.1405925452709198,0.3867000937461853,0.14350202679634094,0.2673218548297882,1.7289787530899048,-0.2131909430027008,2.180778980255127,-0.1971295177936554,0.392954558134079,0.6412848234176636,-0.17756223678588867,0.3917821943759918,-0.3404056429862976
0.05070473998785019,0.23047906160354614,1.4910356998443604,0.38339096307754517,0.06438350677490234,2.06533145904541,0.1455516517162323,-0.1491028517484665,2.0980653762817383,1.4718557596206665,-0.0717817172408104,-0.1405925303697586,0.3867000937461853,0.14350205659866333,0.2673218846321106,1.7289787530899048,-0.21319091320037842,2.180778980255127,-0.1971295177936554,0.3929544985294342,0.641284704208374,-0.17756220698356628,0.3917822241783142,-0.3404056131839752
0.05070469155907631,0.23047909140586853,1.4910354614257812,0.38339096307754517,0.06438351422548294,2.06533145904541,0.14555171132087708,-0.1491028517484665,2.0980653762817383,1.4718557596206665,-0.0717816948890686,-0.14059250056743622,0.3867000937461853,0.14350208640098572,0.267321914434433,1.7289787530899048,-0.21319088339805603,2.180778980255127,-0.1971295326948166,0.39295443892478943,0.6412845849990845,-0.1775621771812439,0.3917822539806366,-0.3404056131839752
0.050704922527074814,0.23047901690006256,1.4910361766815186,0.3833909332752228,0.06438342481851578,2.0653316974639893,0.14555157721042633,-0.1491028368473053,2.098065137863159,1.471855878829956,-0.07178175449371338,-0.140592560172081,0.3867000639438629,0.14350208640098572,0.2673218548297882,1.7289788722991943,-0.2131909430027008,2.180779218673706,-0.19712945818901062,0.392954558134079,0.6412847638130188,-0.17756226658821106,0.3917821943759918,-0.3404056131839752
0.05070466548204422,0.23047912120819092,1.4910353422164917,0.38339099287986755,0.06438350677490234,2.06533145904541,0.14555174112319946,-0.14910286664962769,2.0980653762817383,1.471855640411377,-0.07178167253732681,-0.14059248566627502,0.3867000937461853,0.1435021460056305,0.26732194423675537,1.7289787530899048,-0.21319086849689484,2.180778980255127,-0.19712956249713898,0.39295437932014465,0.6412844061851501,-0.1775621473789215,0.39178231358528137,-0.3404056131839752
0.050705015659332275,0.23047900199890137,1.4910364151000977,0.38339096307754517,0.0643833801150322,2.0653316974639893,0.14555151760578156,-0.1491028517484665,2.09806489944458,1.471855878829956,-0.07178177684545517,-0.14059258997440338,0.3867000341415405,0.1435021162033081,0.2673218548297882,1.7289788722991943,-0.213190957903862,2.180779218673706,-0.19712945818901062,0.39295461773872375,0.6412847638130188,-0.17756229639053345,0.3917821943759918,-0.3404056131839752
0.050704680383205414,0.23047912120819092,1.4910354614257812,0.38339102268218994,0.06438349187374115,2.06533145904541,0.14555171132087708,-0.14910288155078888,2.0980653762817383,1.471855640411377,-0.07178167998790741,-0.14059250056743622,0.3867000937461853,0.1435021609067917,0.26732194423675537,1.7289787530899048,-0.21319086849689484,2.180778980255127,-0.19712957739830017,0.39295440912246704,0.6412844061851501,-0.1775621473789215,0.39178231358528137,-0.3404056429862976
0.05070499703288078,0.23047901690006256,1.4910365343093872,0.38339099287986755,0.0643833801150322,2.0653316974639893,0.14555148780345917,-0.14910286664962769,2.09806489944458,1.471855878829956,-0.07178177684545517,-0.14059258997440338,0.3867000341415405,0.1435021162033081,0.2673218548297882,1.7289788722991943,-0.213190957903862,2.180779218673706,-0.19712947309017181,0.39295461773872375,0.6412847638130188,-0.17756228148937225,0.3917821943759918,-0.3404056429862976
0.0507047176361084,0.23047912120819092,1.4910356998443604,0.38339102268218994,0.06438348442316055,2.06533145904541,0.1455516368150711,-0.14910289645195007,2.0980653762817383,1.4718557596206665,-0.0717817023396492,-0.1405925154685974,0.3867000937461853,0.1435021311044693,0.26732194423675537,1.7289787530899048,-0.21319088339805603,2.180778980255127,-0.19712957739830017,0.39295443892478943,0.6412844657897949,-0.1775621622800827,0.3917822539806366,-0.34040567278862
0.05070490390062332,0.23047906160354614,1.491036295890808,0.38339099287986755,0.06438342481851578,2.0653316974639893,0.14555148780345917,-0.14910288155078888,2.098065137863159,1.471855878829956,-0.07178176194429398,-0.1405925750732422,0.3867000639438629,0.14350208640098572,0.2673218846321106,1.7289787530899048,-0.2131909430027008,2.180778980255127,-0.1971295177936554,0.392954558134079,0.641284704208374,-0.17756225168704987,0.39178216457366943,-0.34040567278862
0.05070475488901138,0.23047912120819092,1.49103581905365,0.38339102268218994,0.06438348442316055,2.0653316974639893,0.14555156230926514,-0.14910289645195007,2.0980653762817383,1.4718557596206665,-0.07178172469139099,-0.1405925452709198,0.3867000937461853,0.14350208640098572,0.267321914434433,1.7289786338806152,-0.21319091320037842,2.180778980255127,-0.19712956249713898,0.3929544687271118,0.6412845849990845,-0.1775621920824051,0.3917821943759918,-0.34040567278862
0.05070479214191437,0.23047910630702972,1.4910359382629395,0.38339099287986755,0.06438346952199936,2.0653316974639893,0.14555153250694275,-0.14910289645195007,2.0980653762817383,1.4718557596206665,-0.07178173959255219,-0.140592560172081,0.3867000937461853,0.14350207149982452,0.267321914434433,1.7289786338806152,-0.2131909281015396,2.180778980255127,-0.19712954759597778,0.3929544985294342,0.6412846446037292,-0.17756220698356628,0.39178216457366943,-0.34040567278862
0.050704825669527054,0.23047910630702972,1.491036057472229,0.38339099287986755,0.06438346207141876,2.0653316974639893,0.14555150270462036,-0.14910289645195007,2.0980653762817383,1.4718557596206665,-0.07178174704313278,-0.1405925750732422,0.3867000937461853,0.14350207149982452,0.267321914434433,1.7289786338806152,-0.2131909430027008,2.180778980255127,-0.1971295326948166,0.3929545283317566,0.641284704208374,-0.17756222188472748,0.39178213477134705,-0.34040567278862
0.0507047101855278,0.2304791510105133,1.4910356998443604,0.38339099287986755,0.06438349932432175,2.0653316974639893,0.14555157721042633,-0.14910289645195007,2.0980656147003174,1.471855640411377,-0.0717817097902298,-0.1405925452709198,0.3867001235485077,0.14350208640098572,0.26732194423675537,1.7289786338806152,-0.21319091320037842,2.180778980255127,-0.19712956249713898,0.3929544687271118,0.6412845849990845,-0.1775621622800827,0.39178216457366943,-0.34040567278862
0.05070490762591362,0.23047907650470734,1.491036295890808,0.38339096307754517,0.06438342481851578,2.0653319358825684,0.14555145800113678,-0.14910288155078888,2.0980653762817383,1.4718557596206665,-0.07178176194429398,-0.14059258997440338,0.3867000937461853,0.14350207149982452,0.2673218846321106,1.7289787530899048,-0.213190957903862,2.180778980255127,-0.1971295028924942,0.39295458793640137,0.6412848234176636,-0.17756223678588867,0.39178210496902466,-0.34040567278862
0.05070469155907631,0.2304791510105133,1.4910355806350708,0.38339099287986755,0.06438349187374115,2.0653316974639893,0.14555160701274872,-0.14910289645195007,2.0980656147003174,1.471855640411377,-0.0717816948890686,-0.1405925303697586,0.3867001235485077,0.1435021162033081,0.26732194423675537,1.7289786338806152,-0.21319089829921722,2.180778980255127,-0.19712957739830017,0.39295443892478943,0.6412845253944397,-0.17756213247776031,0.3917821943759918,-0.34040567278862
0.05070497840642929,0.23047904670238495,1.4910364151000977,0.38339096307754517,0.06438338756561279,2.0653319358825684,0.14555144309997559,-0.14910288155078888,2.098065137863159,1.471855878829956,-0.07178176939487457,-0.14059260487556458,0.3867000937461853,0.1435021013021469,0.2673218548297882,1.7289787530899048,-0.2131909728050232,2.180779218673706,-0.197129487991333,0.39295461773872375,0.6412848234176636,-0.17756225168704987,0.39178210496902466,-0.34040567278862
0.0507047139108181,0.2304791361093521,1.4910355806350708,0.38339099287986755,0.06438347697257996,2.0653316974639893,0.1455516219139099,-0.14910289645195007,2.0980653762817383,1.471855640411377,-0.071781687438488,-0.1405925303697586,0.3867001235485077,0.1435021460056305,0.26732194423675537,1.7289786338806152,-0.21319089829921722,2.180778980255127,-0.19712957739830017,0.39295443892478943,0.6412844657897949,-0.17756213247776031,0.3917821943759918,-0.34040567278862
0.050704993307590485,0.23047903180122375,1.4910364151000977,0.38339096307754517,0.0643833801150322,2.0653319358825684,0.14555145800113678,-0.14910288155078888,2.09806489944458,1.471855878829956,-0.07178176939487457,-0.14059260487556458,0.3867000937461853,0.1435021162033081,0.2673218548297882,1.7289787530899048,-0.2131909728050232,2.180779218673706,-0.197129487991333,0.39295461773872375,0.6412847638130188,-0.17756225168704987,0.39178210496902466,-0.34040567278862
0.05070473626255989,0.23047912120819092,1.4910355806350708,0.38339099287986755,0.06438346952199936,2.0653316974639893,0.1455516368150711,-0.14910289645195007,2.098065137863159,1.4718557596206665,-0.071781687438488,-0.1405925303697586,0.3867001235485077,0.1435021460056305,0.267321914434433,1.7289786338806152,-0.21319089829921722,2.180778980255127,-0.19712956249713898,0.39295443892478943,0.6412844657897949,-0.17756213247776031,0.3917821943759918,-0.34040567278862
0.050704944878816605,0.23047904670238495,1.4910361766815186,0.38339096307754517,0.06438340246677399,2.0653319358825684,0.14555150270462036,-0.14910288155078888,2.09806489944458,1.471855878829956,-0.07178175449371338,-0.14059258997440338,0.3867000937461853,0.1435021013021469,0.2673218548297882,1.7289787530899048,-0.213190957903862,2.180778980255127,-0.197129487991333,0.392954558134079,0.641284704208374,-0.17756223678588867,0.39178213477134705,-0.34040567278862
0.05070473253726959,0.23047912120819092,1.4910355806350708,0.38339099287986755,0.06438348442316055,2.0653316974639893,0.1455516368150711,-0.14910289645195007,2.098065137863159,1.4718557596206665,-0.0717816948890686,-0.1405925303697586,0.3867001235485077,0.1435021162033081,0.267321914434433,1.7289786338806152,-0.21319089829921722,2.180778741836548,-0.19712954759597778,0.39295440912246704,0.6412844657897949,-0.1775621473789215,0.3917821943759918,-0.34040567278862
0.05070485547184944,0.23047907650470734,1.4910359382629395,0.38339099287986755,0.06438344717025757,2.0653316974639893,0.14555156230926514,-0.14910288155078888,2.09806489944458,1.471855878829956,-0.07178173214197159,-0.1405925750732422,0.3867000937461853,0.14350208640098572,0.2673218846321106,1.7289786338806152,-0.2131909430027008,2.180778741836548,-0.1971295028924942,0.3929544985294342,0.6412846446037292,-0.17756220698356628,0.39178216457366943,-0.34040567278862
0.05070473998785019,0.23047912120819092,1.4910355806350708,0.38339102268218994,0.06438349187374115,2.0653316974639893,0.1455516368150711,-0.14910289645195007,2.098065137863159,1.4718557596206665,-0.0717817023396492,-0.1405925452709198,0.3867001235485077,0.14350208640098572,0.267321914434433,1.7289786338806152,-0.21319091320037842,2.180778741836548,-0.1971295326948166,0.39295443892478943,0.6412845253944397,-0.1775621622800827,0.3917821943759918,-0.34040567278862
0.05070475861430168,0.23047910630702972,1.4910356998443604,0.38339102268218994,0.06438349187374115,2.0653316974639893,0.1455516219139099,-0.14910289645195007,2.098065137863159,1.4718557596206665,-0.0717817097902298,-0.140592560172081,0.3867001235485077,0.14350207149982452,0.267321914434433,1.7289786338806152,-0.21319091320037842,2.180778741836548,-0.1971295177936554,0.39295443892478943,0.6412845253944397,-0.1775621771812439,0.3917821943759918,-0.34040567278862
0.05070476233959198,0.23047910630702972,1.4910356998443604,0.38339105248451233,0.06438349187374115,2.0653316974639893,0.1455516219139099,-0.14910289645195007,2.098065137863159,1.4718557596206665,-0.0717817097902298,-0.140592560172081,0.3867001235485077,0.14350207149982452,0.267321914434433,1.7289786338806152,-0.21319091320037842,2.180778741836548,-0.1971295177936554,0.39295443892478943,0.6412845253944397,-0.1775621771812439,0.3917821943759918,-0.34040567278862
0.050704699009656906,0.2304791361093521,1.4910355806350708,0.3833910822868347,0.06438351422548294,2.0653316974639893,0.1455516666173935,-0.14910291135311127,2.098065137863159,1.4718557596206665,-0.071781687438488,-0.1405925452709198,0.3867001235485077,0.14350208640098572,0.26732194423675537,1.7289786338806152,-0.21319089829921722,2.180778741836548,-0.1971295326948166,0.39295440912246704,0.6412844061851501,-0.1775621473789215,0.3917822241783142,-0.34040567278862
0.05070478841662407,0.23047910630702972,1.49103581905365,0.3833910822868347,0.06438348442316055,2.0653316974639893,0.1455516219139099,-0.14910291135311127,2.098065137863159,1.4718557596206665,-0.0717817097902298,-0.1405925750732422,0.3867001235485077,0.14350208640098572,0.267321914434433,1.7289786338806152,-0.2131909281015396,2.180778741836548,-0.1971295028924942,0.3929544687271118,0.6412844657897949,-0.1775621920824051,0.3917822241783142,-0.34040567278862
0.050704676657915115,0.2304791510105133,1.4910354614257812,0.3833911120891571,0.06438352167606354,2.0653316974639893,0.14555169641971588,-0.14910292625427246,2.0980653762817383,1.471855640411377,-0.07178167253732681,-0.1405925452709198,0.3867001533508301,0.1435021162033081,0.26732194423675537,1.7289786338806152,-0.21319089829921722,2.180778741836548,-0.19712954759597778,0.39295440912246704,0.6412842869758606,-0.17756213247776031,0.391782283782959,-0.34040567278862
0.050704848021268845,0.23047909140586853,1.4910359382629395,0.3833911120891571,0.06438345462083817,2.0653316974639893,0.14555159211158752,-0.14910291135311127,2.098065137863159,1.4718557596206665,-0.0717817172408104,-0.14059258997440338,0.3867001235485077,0.1435021162033081,0.2673218846321106,1.7289787530899048,-0.2131909430027008,2.180778741836548,-0.1971295028924942,0.3929545283317566,0.6412844657897949,-0.17756220698356628,0.3917822539806366,-0.34040567278862
0.050704699009656906,0.2304791510105133,1.4910354614257812,0.3833911418914795,0.06438349932432175,2.06533145904541,0.1455516815185547,-0.14910292625427246,2.0980653762817383,1.471855640411377,-0.07178167253732681,-0.1405925452709198,0.3867001533508301,0.1435021460056305,0.26732194423675537,1.7289787530899048,-0.21319089829921722,2.180778741836548,-0.19712956249713898,0.39295443892478943,0.6412842869758606,-0.17756213247776031,0.39178231358528137,-0.34040567278862
0.05070490390062332,0.23047907650470734,1.491036057472229,0.3833911120891571,0.06438342481851578,2.0653316974639893,0.14555154740810394,-0.14910291135311127,2.098065137863159,1.4718557596206665,-0.07178173214197159,-0.14059260487556458,0.3867001235485077,0.1435021311044693,0.2673218846321106,1.7289788722991943,-0.213190957903862,2.180778741836548,-0.1971295028924942,0.392954558134079,0.6412845253944397,-0.17756222188472748,0.3917822539806366,-0.34040567278862
0.050704728811979294,0.2304791361093521,1.4910355806350708,0.3833911418914795,0.06438348442316055,2.06533145904541,0.1455516517162323,-0.14910292625427246,2.0980653762817383,1.471855640411377,-0.07178167998790741,-0.140592560172081,0.3867001533508301,0.1435021609067917,0.26732194423675537,1.7289788722991943,-0.21319091320037842,2.180778741836548,-0.19712956249713898,0.39295443892478943,0.6412843465805054,-0.17756213247776031,0.39178231358528137,-0.34040567278862
0.05070493742823601,0.23047906160354614,1.491036295890808,0.3833911120891571,0.06438340991735458,2.0653316974639893,0.14555151760578156,-0.14910291135311127,2.098065137863159,1.4718557596206665,-0.07178173959255219,-0.14059261977672577,0.3867001235485077,0.1435021460056305,0.2673218846321106,1.7289789915084839,-0.2131909728050232,2.180778741836548,-0.1971295028924942,0.392954558134079,0.6412845849990845,-0.17756222188472748,0.3917822241783142,-0.34040567278862
0.050704751163721085,0.23047912120819092,1.4910356998443604,0.3833911418914795,0.06438347697257996,2.06533145904541,0.1455516219139099,-0.14910292625427246,2.0980653762817383,1.471855640411377,-0.071781687438488,-0.1405925750732422,0.3867001533508301,0.14350217580795288,0.26732194423675537,1.7289788722991943,-0.2131909281015396,2.180778741836548,-0.19712957739830017,0.39295443892478943,0.6412844061851501,-0.17756213247776031,0.391782283782959,-0.3404057025909424
0.05070493742823601,0.23047904670238495,1.491036295890808,0.3833911120891571,0.06438341736793518,2.0653316974639893,0.14555148780345917,-0.14910291135311127,2.098065137863159,1.4718557596206665,-0.07178174704313278,-0.14059263467788696,0.3867001235485077,0.1435021460056305,0.2673218846321106,1.7289789915084839,-0.2131909877061844,2.180778741836548,-0.1971295177936554,0.392954558134079,0.6412846446037292,-0.17756222188472748,0.3917821943759918,-0.3404057025909424
0.05070475861430168,0.23047910630702972,1.49103581905365,0.3833911418914795,0.06438347697257996,2.06533145904541,0.14555159211158752,-0.14910292625427246,2.0980653762817383,1.471855640411377,-0.0717816948890686,-0.14059258997440338,0.3867001533508301,0.1435021609067917,0.26732194423675537,1.7289788722991943,-0.2131909430027008,2.180778741836548,-0.19712957739830017,0.39295443892478943,0.6412844657897949,-0.1775621473789215,0.3917822539806366,-0.3404057025909424
0.050704922527074814,0.23047904670238495,1.491036295890808,0.3833911120891571,0.06438341736793518,2.06533145904541,0.14555148780345917,-0.14910291135311127,2.098065137863159,1.4718557596206665,-0.07178173959255219,-0.14059263467788696,0.3867001235485077,0.1435021311044693,0.267321914434433,1.7289789915084839,-0.2131909877061844,2.180778741836548,-0.1971295177936554,0.392954558134079,0.641284704208374,-0.17756222188472748,0.39178216457366943,-0.3404057025909424
0.050704773515462875,0.23047910630702972,1.49103581905365,0.3833911120891571,0.06438346952199936,2.06533145904541,0.14555157721042633,-0.14910291135311127,2.0980653762817383,1.471855640411377,-0.0717816948890686,-0.14059258997440338,0.3867001533508301,0.1435021460056305,0.26732194423675537,1.7289789915084839,-0.2131909430027008,2.180778741836548,-0.19712956249713898,0.3929544687271118,0.6412845849990845,-0.1775621622800827,0.3917821943759918,-0.3404057025909424
0.05070490390062332,0.23047906160354614,1.4910361766815186,0.3833910822868347,0.06438342481851578,2.06533145904541,0.14555148780345917,-0.14910289645195007,2.098065137863159,1.4718557596206665,-0.07178173214197159,-0.14059263467788696,0.3867001235485077,0.1435021162033081,0.267321914434433,1.7289789915084839,-0.2131909877061844,2.180778741836548,-0.1971295177936554,0.392954558134079,0.6412847638130188,-0.17756222188472748,0.39178213477134705,-0.3404057025909424
0.05070476979017258,0.23047910630702972,1.49103581905365,0.3833910822868347,0.06438346952199936,2.06533145904541,0.14555156230926514,-0.14910291135311127,2.0980653762817383,1.471855640411377,-0.0717816948890686,-0.14059260487556458,0.3867001533508301,0.1435021311044693,0.26732194423675537,1.7289789915084839,-0.213190957903862,2.180778741836548,-0.19712956249713898,0.3929544687271118,0.6412846446037292,-0.1775621622800827,0.39178216457366943,-0.3404057025909424
0.05070488899946213,0.23047906160354614,1.4910361766815186,0.3833910822868347,0.06438343226909637,2.06533145904541,0.14555147290229797,-0.14910291135311127,2.098065137863159,1.4718557596206665,-0.07178173214197159,-0.14059263467788696,0.3867001235485077,0.1435021162033081,0.267321914434433,1.7289789915084839,-0.21319100260734558,2.180778741836548,-0.1971295326948166,0.392954558134079,0.6412848234176636,-0.17756222188472748,0.39178213477134705,-0.3404057025909424
0.05070475861430168,0.23047910630702972,1.49103581905365,0.3833911120891571,0.06438347697257996,2.06533145904541,0.14555154740810394,-0.14910292625427246,2.0980653762817383,1.471855640411377,-0.0717816948890686,-0.14059260487556458,0.3867001533508301,0.1435021311044693,0.26732194423675537,1.7289789915084839,-0.2131909728050232,2.180778741836548,-0.19712957739830017,0.3929544687271118,0.641284704208374,-0.1775621622800827,0.3917821943759918,-0.3404057025909424
0.050704892724752426,0.23047906160354614,1.491036295890808,0.3833911120891571,0.06438343226909637,2.06533145904541,0.14555145800113678,-0.14910292625427246,2.098065137863159,1.4718557596206665,-0.07178173959255219,-0.14059264957904816,0.3867001235485077,0.1435021162033081,0.267321914434433,1.7289789915084839,-0.21319101750850677,2.180778741836548,-0.19712954759597778,0.392954558134079,0.6412848234176636,-0.17756222188472748,0.39178216457366943,-0.3404057025909424
0.05070475861430168,0.23047910630702972,1.4910359382629395,0.3833911418914795,0.06438347697257996,2.06533145904541,0.14555154740810394,-0.14910294115543365,2.0980653762817383,1.471855640411377,-0.0717817023396492,-0.14059261977672577,0.3867001235485077,0.1435021311044693,0.26732194423675537,1.7289789915084839,-0.2131909877061844,2.180778741836548,-0.19712960720062256,0.3929544687271118,0.6412846446037292,-0.1775621622800827,0.3917822241783142,-0.3404057025909424
0.05070490762591362,0.23047904670238495,1.4910364151000977,0.3833911418914795,0.06438342481851578,2.06533145904541,0.14555145800113678,-0.14910294115543365,2.098065137863159,1.4718557596206665,-0.07178174704313278,-0.14059266448020935,0.3867000937461853,0.1435021162033081,0.2673218846321106,1.7289789915084839,-0.21319103240966797,2.180778741836548,-0.19712956249713898,0.392954558134079,0.6412848234176636,-0.17756223678588867,0.3917821943759918,-0.3404057025909424
0.050704747438430786,0.23047910630702972,1.4910359382629395,0.3833911716938019,0.06438347697257996,2.065331220626831,0.14555156230926514,-0.14910295605659485,2.0980653762817383,1.471855640411377,-0.0717817023396492,-0.14059261977672577,0.3867001235485077,0.1435021311044693,0.267321914434433,1.7289789915084839,-0.2131909877061844,2.180778741836548,-0.19712962210178375,0.3929544687271118,0.6412846446037292,-0.1775621622800827,0.3917822539806366,-0.3404057025909424
0.05070493742823601,0.23047904670238495,1.4910365343093872,0.3833911716938019,0.06438340991735458,2.06533145904541,0.14555144309997559,-0.14910295605659485,2.098065137863159,1.4718557596206665,-0.07178176194429398,-0.14059267938137054,0.3867000937461853,0.1435021162033081,0.2673218548297882,1.7289791107177734,-0.21319104731082916,2.180778741836548,-0.19712956249713898,0.39295458793640137,0.6412848830223083,-0.17756225168704987,0.3917821943759918,-0.3404057025909424
0.0507047213613987,0.23047912120819092,1.49103581905365,0.38339120149612427,0.06438348442316055,2.065331220626831,0.14555157721042633,-0.14910297095775604,2.0980653762817383,1.471855640411377,-0.0717817023396492,-0.14059261977672577,0.3867001235485077,0.1435021460056305,0.267321914434433,1.7289789915084839,-0.2131909877061844,2.180778741836548,-0.19712963700294495,0.3929544687271118,0.6412846446037292,-0.1775621622800827,0.391782283782959,-0.3404057025909424
0.05070498585700989,0.23047903180122375,1.4910366535186768,0.3833911716938019,0.06438339501619339,2.06533145904541,0.1455514132976532,-0.14910295605659485,2.098065137863159,1.4718557596206665,-0.07178178429603577,-0.14059269428253174,0.3867000937461853,0.1435021162033081,0.2673218250274658,1.7289791107177734,-0.21319106221199036,2.180778980255127,-0.19712954759597778,0.39295464754104614,0.6412849426269531,-0.17756228148937225,0.3917821943759918,-0.3404057025909424
0.050704650580883026,0.2304791510105133,1.4910356998443604,0.38339123129844666,0.06438351422548294,2.065331220626831,0.1455516219139099,-0.14910298585891724,2.0980656147003174,1.4718555212020874,-0.071781687438488,-0.14059260487556458,0.3867001533508301,0.1435021609067917,0.267321914434433,1.7289789915084839,-0.2131909728050232,2.180778741836548,-0.19712965190410614,0.39295443892478943,0.6412845253944397,-0.17756213247776031,0.39178231358528137,-0.3404057025909424
0.050705038011074066,0.23047901690006256,1.4910368919372559,0.38339120149612427,0.06438338756561279,2.06533145904541,0.14555136859416962,-0.14910297095775604,2.098065137863159,1.4718557596206665,-0.07178180664777756,-0.14059270918369293,0.3867000937461853,0.1435021162033081,0.26732179522514343,1.7289791107177734,-0.21319107711315155,2.180778980255127,-0.1971295177936554,0.39295467734336853,0.6412849426269531,-0.17756231129169464,0.3917821943759918,-0.3404057025909424
0.050704553723335266,0.2304791957139969,1.4910354614257812,0.38339129090309143,0.06438355892896652,2.065331220626831,0.1455516666173935,-0.14910300076007843,2.0980658531188965,1.4718554019927979,-0.07178166508674622,-0.1405925750732422,0.38670018315315247,0.14350217580795288,0.26732194423675537,1.7289788722991943,-0.2131909430027008,2.180778741836548,-0.19712968170642853,0.39295437932014465,0.6412844061851501,-0.17756210267543793,0.39178237318992615,-0.34040573239326477
0.050705134868621826,0.23047898709774017,1.4910372495651245,0.38339123129844666,0.0643833577632904,2.0653316974639893,0.14555129408836365,-0.14910295605659485,2.098065137863159,1.4718557596206665,-0.07178183645009995,-0.14059273898601532,0.3867000937461853,0.1435021013021469,0.26732179522514343,1.7289791107177734,-0.21319110691547394,2.180778980255127,-0.197129487991333,0.3929547369480133,0.6412850618362427,-0.17756235599517822,0.39178216457366943,-0.34040573239326477
0.050704408437013626,0.23047924041748047,1.491034984588623,0.3833913207054138,0.0643836110830307,2.065331220626831,0.14555174112319946,-0.14910300076007843,2.0980660915374756,1.4718552827835083,-0.07178162038326263,-0.1405925303697586,0.38670021295547485,0.14350219070911407,0.26732200384140015,1.7289788722991943,-0.21319091320037842,2.1807785034179688,-0.1971297264099121,0.3929542601108551,0.6412842273712158,-0.17756204307079315,0.39178240299224854,-0.34040576219558716
0.05070531740784645,0.2304789125919342,1.4910377264022827,0.38339120149612427,0.06438329815864563,2.0653319358825684,0.1455511599779129,-0.14910294115543365,2.09806489944458,1.471855878829956,-0.07178188860416412,-0.1405927836894989,0.3867000639438629,0.14350207149982452,0.26732173562049866,1.728979229927063,-0.2131911665201187,2.180778980255127,-0.19712942838668823,0.39295482635498047,0.6412853002548218,-0.17756244540214539,0.39178207516670227,-0.34040576219558716
0.05070419982075691,0.23047930002212524,1.4910342693328857,0.3833913207054138,0.06438367813825607,2.065331220626831,0.145551860332489,-0.14910301566123962,2.0980663299560547,1.4718551635742188,-0.07178156077861786,-0.14059247076511383,0.38670024275779724,0.14350220561027527,0.2673220634460449,1.7289788722991943,-0.21319086849689484,2.1807782649993896,-0.19712980091571808,0.39295411109924316,0.6412840485572815,-0.177561953663826,0.3917824327945709,-0.34040579199790955
0.05070564150810242,0.23047877848148346,1.4910386800765991,0.3833911418914795,0.06438317894935608,2.0653321743011475,0.1455509513616562,-0.14910291135311127,2.098064422607422,1.4718561172485352,-0.07178198546171188,-0.14059287309646606,0.38670000433921814,0.14350202679634094,0.2673216462135315,1.7289793491363525,-0.21319127082824707,2.180778980255127,-0.19712932407855988,0.3929550051689148,0.6412857174873352,-0.17756257951259613,0.39178192615509033,-0.34040576219558716
0.05070386826992035,0.2304794043302536,1.4910331964492798,0.3833913505077362,0.06438378989696503,2.065330982208252,0.14555205404758453,-0.14910303056240082,2.098066568374634,1.4718549251556396,-0.0717814639210701,-0.14059238135814667,0.38670027256011963,0.14350225031375885,0.2673221528530121,1.7289787530899048,-0.21319077908992767,2.1807780265808105,-0.19712993502616882,0.39295387268066406,0.6412836909294128,-0.17756180465221405,0.3917825222015381,-0.34040582180023193
0.05070619285106659,0.23047856986522675,1.4910403490066528,0.3833910822868347,0.06438298523426056,2.0653326511383057,0.14555057883262634,-0.14910288155078888,2.0980637073516846,1.4718564748764038,-0.07178215682506561,-0.1405930370092392,0.386699914932251,0.14350196719169617,0.26732149720191956,1.7289795875549316,-0.213191419839859,2.180779457092285,-0.19712918996810913,0.39295533299446106,0.641286313533783,-0.17756283283233643,0.391781747341156,-0.34040579199790955
0.050703275948762894,0.23047959804534912,1.491031289100647,0.3833913803100586,0.06438398361206055,2.0653305053710938,0.145552396774292,-0.1491030901670456,2.098067283630371,1.471854567527771,-0.07178130000829697,-0.14059223234653473,0.3867003619670868,0.14350232481956482,0.2673223316669464,1.7289786338806152,-0.21319063007831573,2.1807777881622314,-0.19713018834590912,0.392953485250473,0.6412830352783203,-0.17756155133247375,0.3917827010154724,-0.3404058516025543
0.05070707947015762,0.23047824203968048,1.4910430908203125,0.38339096307754517,0.06438267230987549,2.065333127975464,0.14554999768733978,-0.1491028517484665,2.098062515258789,1.4718570709228516,-0.0717824324965477,-0.14059330523014069,0.38669976592063904,0.14350184798240662,0.26732125878334045,1.7289799451828003,-0.2131916880607605,2.1807799339294434,-0.19712895154953003,0.3929558992385864,0.6412873268127441,-0.17756323516368866,0.39178144931793213,-0.34040579199790955
0.05070216581225395,0.23047998547554016,1.4910279512405396,0.38339149951934814,0.06438437104225159,2.0653295516967773,0.1455530822277069,-0.14910319447517395,2.0980687141418457,1.4718538522720337,-0.07178099453449249,-0.14059194922447205,0.38670051097869873,0.14350244402885437,0.2673226296901703,1.7289782762527466,-0.21319034695625305,2.1807773113250732,-0.19713060557842255,0.3929527997970581,0.64128178358078,-0.17756107449531555,0.39178308844566345,-0.3404059112071991
0.0507085807621479,0.2304777055978775,1.491047739982605,0.38339078426361084,0.0643821582198143,2.0653340816497803,0.14554902911186218,-0.14910277724266052,2.0980606079101562,1.4718581438064575,-0.07178289443254471,-0.1405937522649765,0.38669949769973755,0.1435016393661499,0.26732081174850464,1.728980541229248,-0.21319212019443512,2.1807808876037598,-0.19712847471237183,0.39295685291290283,0.6412890553474426,-0.17756390571594238,0.3917809724807739,-0.34040579199790955
0.050700124353170395,0.23048070073127747,1.4910216331481934,0.38339173793792725,0.06438508629798889,2.0653281211853027,0.1455543488264084,-0.14910335838794708,2.098071336746216,1.4718525409698486,-0.07178040593862534,-0.14059139788150787,0.3867008090019226,0.14350266754627228,0.26732319593429565,1.7289775609970093,-0.21318981051445007,2.1807761192321777,-0.19713129103183746,0.39295148849487305,0.6412795186042786,-0.17756019532680511,0.39178380370140076,-0.34040597081184387
0.05071123689413071,0.2304767370223999,1.491055965423584,0.38339051604270935,0.06438126415014267,2.065335988998413,0.14554734528064728,-0.1491026133298874,2.098057270050049,1.4718599319458008,-0.07178369164466858,-0.1405945122241974,0.3866990804672241,0.14350126683712006,0.26732003688812256,1.728981375694275,-0.213192880153656,2.1807823181152344,-0.1971275955438614,0.39295852184295654,0.6412920951843262,-0.1775650978088379,0.3917801082134247,-0.34040573239326477
0.05069641023874283,0.23048199713230133,1.4910101890563965,0.38339218497276306,0.06438639014959335,2.0653254985809326,0.14555668830871582,-0.14910362660884857,2.0980758666992188,1.471850037574768,-0.07177932560443878,-0.1405903846025467,0.386701375246048,0.1435030698776245,0.26732420921325684,1.7289762496948242,-0.21318881213665009,2.180773973464966,-0.19713252782821655,0.3929491341114044,0.6412752866744995,-0.17755858600139618,0.39178505539894104,-0.34040603041648865
0.05071613937616348,0.23047497868537903,1.491071105003357,0.38339000940322876,0.06437959522008896,2.0653395652770996,0.14554427564144135,-0.14910230040550232,2.098051071166992,1.4718631505966187,-0.07178514450788498,-0.14059589803218842,0.38669830560684204,0.14350061118602753,0.26731863617897034,1.7289830446243286,-0.21319423615932465,2.1807849407196045,-0.19712594151496887,0.39296162128448486,0.6412976384162903,-0.1775672733783722,0.39177849888801575,-0.3404056131839752
0.050689611583948135,0.23048441112041473,1.4909892082214355,0.38339295983314514,0.06438875943422318,2.0653207302093506,0.14556099474430084,-0.14910408854484558,2.0980844497680664,1.4718455076217651,-0.07177732139825821,-0.14058849215507507,0.38670241832733154,0.14350387454032898,0.26732614636421204,1.7289738655090332,-0.21318694949150085,2.1807701587677,-0.19713476300239563,0.3929448127746582,0.6412675976753235,-0.1775556057691574,0.3917873501777649,-0.3404061496257782
0.05072537809610367,0.23047170042991638,1.49109947681427,0.38338902592658997,0.06437643617391586,2.0653460025787354,0.14553849399089813,-0.14910165965557098,2.0980396270751953,1.4718692302703857,-0.07178786396980286,-0.14059846103191376,0.38669687509536743,0.1434994488954544,0.2673160433769226,1.7289862632751465,-0.2131967693567276,2.1807899475097656,-0.19712284207344055,0.39296749234199524,0.6413080096244812,-0.17757132649421692,0.3917754590511322,-0.3404054045677185
0.05067693814635277,0.23048894107341766,1.4909496307373047,0.38339442014694214,0.06439316272735596,2.0653116703033447,0.14556904137134552,-0.14910492300987244,2.098100423812866,1.471837043762207,-0.07177355885505676,-0.14058491587638855,0.3867044150829315,0.14350543916225433,0.26732975244522095,1.7289694547653198,-0.2131834477186203,2.180763006210327,-0.1971389800310135,0.3929368257522583,0.6412530541419983,-0.17755000293254852,0.3917916417121887,-0.3404063880443573
0.05074310675263405,0.23046545684337616,1.4911534786224365,0.38338714838027954,0.06437035650014877,2.0653584003448486,0.1455274522304535,-0.1491004377603531,2.098017454147339,1.4718809127807617,-0.07179303467273712,-0.14060334861278534,0.38669419288635254,0.1434972882270813,0.26731109619140625,1.7289923429489136,-0.2132015824317932,2.180799722671509,-0.19711695611476898,0.3929787576198578,0.6413277387619019,-0.17757904529571533,0.3917697072029114,-0.3404049873352051
0.050652876496315,0.2304975986480713,1.490874171257019,0.38339728116989136,0.0644015297293663,2.0652945041656494,0.14558438956737518,-0.14910651743412018,2.098130941390991,1.4718209505081177,-0.07176636159420013,-0.14057810604572296,0.38670822978019714,0.14350846409797668,0.2673366665840149,1.7289611101150513,-0.21317674219608307,2.1807494163513184,-0.19714705646038055,0.3929216265678406,0.6412252187728882,-0.17753927409648895,0.3917998969554901,-0.3404068350791931
0.05077753961086273,0.23045338690280914,1.4912573099136353,0.3833836615085602,0.06435860693454742,2.065382480621338,0.1455060988664627,-0.14909806847572327,2.0979747772216797,1.4719035625457764,-0.0718030259013176,-0.14061281085014343,0.3866889774799347,0.14349310100078583,0.2673015296459198,1.7290042638778687,-0.21321088075637817,2.180818557739258,-0.19710560142993927,0.39300069212913513,0.641365647315979,-0.17759393155574799,0.39175865054130554,-0.340404212474823
0.05060670152306557,0.23051433265209198,1.4907277822494507,0.3834030330181122,0.06441772729158401,2.065261125564575,0.14561404287815094,-0.14910955727100372,2.0981898307800293,1.471790075302124,-0.07175244390964508,-0.14056496322155,0.3867156505584717,0.1435142308473587,0.2673499882221222,1.7289451360702515,-0.21316377818584442,2.180723190307617,-0.1971626579761505,0.3928925693035126,0.6411710381507874,-0.17751851677894592,0.39181599020957947,-0.34040775895118713
0.05084497109055519,0.2304299771785736,1.4914566278457642,0.38337740302085876,0.06433583796024323,2.0654287338256836,0.14546465873718262,-0.149093359708786,2.0978915691375732,1.4719476699829102,-0.0718224048614502,-0.14063121378421783,0.3866789937019348,0.14348481595516205,0.2672829329967499,1.7290276288986206,-0.21322892606258392,2.1808552742004395,-0.19708353281021118,0.39304378628730774,0.6414384245872498,-0.17762281000614166,0.39173752069473267,-0.3404027819633484
0.05051941052079201,0.2305465042591095,1.4904464483261108,0.3834150731563568,0.06444889307022095,2.0651967525482178,0.14567099511623383,-0.1491152048110962,2.0983026027679443,1.4717309474945068,-0.07172569632530212,-0.1405397653579712,0.3867301046848297,0.14352503418922424,0.26737555861473083,1.728914737701416,-0.2131388783454895,2.1806728839874268,-0.19719251990318298,0.39283788204193115,0.6410654783248901,-0.17747865617275238,0.3918476402759552,-0.340409517288208
0.05097465217113495,0.23038585484027863,1.4918220043182373,0.3833674490451813,0.06429294496774673,2.0655159950256348,0.14538656175136566,-0.14908409118652344,2.0977349281311035,1.472031593322754,-0.07185889780521393,-0.1406659632921219,0.38666051626205444,0.14346875250339508,0.26724785566329956,1.7290724515914917,-0.2132629156112671,2.180924415588379,-0.19704166054725647,0.39312732219696045,0.6415722966194153,-0.1776771992444992,0.39169901609420776,-0.34040001034736633
0.05036970227956772,0.2306038737297058,1.4899507761001587,0.3834403157234192,0.06450451165437698,2.065081834793091,0.14577247202396393,-0.14912444353103638,2.098501682281494,1.471627116203308,-0.07167790085077286,-0.1404949426651001,0.38675656914711,0.14354346692562103,0.267421156167984,1.7288621664047241,-0.21309435367584229,2.1805830001831055,-0.19724524021148682,0.3927450478076935,0.6408720016479492,-0.17740744352340698,0.39190673828125,-0.3404124975204468
0.05119325593113899,0.23031477630138397,1.4923592805862427,0.38335859775543213,0.0642237439751625,2.065654993057251,0.1452609747648239,-0.1490674912929535,2.097482919692993,1.4721695184707642,-0.07191748917102814,-0.14072217047214508,0.38663214445114136,0.14344143867492676,0.2671913802623749,1.7291481494903564,-0.21331746876239777,2.1810355186462402,-0.19697333872318268,0.3932708203792572,0.641774594783783,-0.1777644008398056,0.3916422128677368,-0.3403952419757843
0.05020902678370476,0.23067481815814972,1.4893667697906494,0.3834872841835022,0.06457328796386719,2.0649378299713135,0.14589755237102509,-0.14913278818130493,2.0987393856048584,1.4715049266815186,-0.07161845266819,-0.14044003188610077,0.3867921829223633,0.1435634344816208,0.26747748255729675,1.7288035154342651,-0.21303890645503998,2.1804723739624023,-0.19730886816978455,0.392649382352829,0.6406115889549255,-0.17731884121894836,0.3919914662837982,-0.34041574597358704
0.05138522386550903,0.23026515543460846,1.4925742149353027,0.38338443636894226,0.06417512148618698,2.065744638442993,0.14517426490783691,-0.14905039966106415,2.097306489944458,1.4722754955291748,-0.07195763289928436,-0.14076237380504608,0.38661810755729675,0.14341789484024048,0.26715201139450073,1.729213833808899,-0.21335461735725403,2.1811134815216064,-0.19692428410053253,0.3934068977832794,0.6418600082397461,-0.17782309651374817,0.39162635803222656,-0.34039217233657837
0.05037743225693703,0.2306443452835083,1.489571213722229,0.3835447132587433,0.0645441934466362,2.064983367919922,0.14584389328956604,-0.14911872148513794,2.0986149311065674,1.4715787172317505,-0.07164260745048523,-0.1404661387205124,0.3867894411087036,0.1435454934835434,0.26745304465293884,1.728853702545166,-0.21306048333644867,2.180523157119751,-0.19728097319602966,0.392772376537323,0.6406126618385315,-0.17735250294208527,0.3920128643512726,-0.34041672945022583
0.05117064341902733,0.23037400841712952,1.4915385246276855,0.3835137188434601,0.0642826035618782,2.0654983520507812,0.14536906778812408,-0.149067685008049,2.097681999206543,1.472083330154419,-0.07186644524335861,-0.14068014919757843,0.386677622795105,0.14345164597034454,0.26723822951316833,1.7291260957717896,-0.21326754987239838,2.1809499263763428,-0.19703929126262665,0.3932921588420868,0.6413796544075012,-0.17768071591854095,0.39180028438568115,-0.3404100239276886
0.05106789246201515,0.23042330145835876,1.4910845756530762,0.3835984170436859,0.0643339678645134,2.065368175506592,0.14545920491218567,-0.14908550679683685,2.0978641510009766,1.4719815254211426,-0.07182600349187851,-0.1406441181898117,0.3867035210132599,0.14347350597381592,0.26727697253227234,1.72907555103302,-0.21322722733020782,2.1808812618255615,-0.19711071252822876,0.3932379484176636,0.641136884689331,-0.17761196196079254,0.3918999135494232,-0.3404310941696167
0.05077787861227989,0.23053471744060516,1.4901611804962158,0.3837158977985382,0.06444854289293289,2.065101146697998,0.14566047489643097,-0.14912451803684235,2.098275661468506,1.4717496633529663,-0.07173503935337067,-0.1405602991580963,0.38675400614738464,0.1435215324163437,0.26736465096473694,1.7289533615112305,-0.2131388634443283,2.1807193756103516,-0.19725669920444489,0.3930635154247284,0.6406905651092529,-0.17746372520923615,0.39206886291503906,-0.3404664099216461
0.05160284414887428,0.2302381992340088,1.4922876358032227,0.38371536135673523,0.06416947394609451,2.065629482269287,0.14514417946338654,-0.1490943729877472,2.097296714782715,1.4722633361816406,-0.07198338210582733,-0.14079777896404266,0.38662412762641907,0.14342960715293884,0.26712775230407715,1.7292238473892212,-0.21336637437343597,2.181196689605713,-0.19703681766986847,0.39360544085502625,0.641503632068634,-0.17781615257263184,0.3918636739253998,-0.3404882252216339
0.05089542269706726,0.2304951250553131,1.490272879600525,0.3839007019996643,0.06443306058645248,2.0650508403778076,0.14560377597808838,-0.14917416870594025,2.098236083984375,1.4717389345169067,-0.07177393138408661,-0.14060236513614655,0.38673335313796997,0.14352720975875854,0.2673294246196747,1.7289470434188843,-0.21316750347614288,2.1808125972747803,-0.19734521210193634,0.3931634724140167,0.6405906081199646,-0.17748525738716125,0.39218783378601074,-0.34054866433143616
0.05152194947004318,0.2302633374929428,1.4918304681777954,0.38393405079841614,0.06422526389360428,2.065430164337158,0.14520390331745148,-0.14916785061359406,2.0975146293640137,1.4721115827560425,-0.0719708502292633,-0.14079177379608154,0.38662615418434143,0.1434512585401535,0.26714199781417847,1.7291464805603027,-0.21334829926490784,2.1811914443969727,-0.19721008837223053,0.3935803174972534,0.6411899924278259,-0.17775572836399078,0.3920557200908661,-0.3405889570713043
0.05155510827898979,0.23024187982082367,1.4918285608291626,0.38403382897377014,0.064227394759655,2.065384864807129,0.1451754868030548,-0.14920683205127716,2.097532272338867,1.4720821380615234,-0.07199469208717346,-0.14081749320030212,0.3866066038608551,0.14344313740730286,0.2671203315258026,1.7291346788406372,-0.21336889266967773,2.1812429428100586,-0.19728220999240875,0.39361435174942017,0.6411452889442444,-0.1777670532464981,0.3921227753162384,-0.34064731001853943
0.05124284327030182,0.23034082353115082,1.490925908088684,0.38416770100593567,0.06435191631317139,2.0650949478149414,0.14536038041114807,-0.14927291870117188,2.0979795455932617,1.4718190431594849,-0.07191986590623856,-0.14074990153312683,0.3866353929042816,0.1434701532125473,0.2671929895877838,1.7290014028549194,-0.21329902112483978,2.1811063289642334,-0.1974753737449646,0.393424928188324,0.6407385468482971,-0.17763064801692963,0.3923017680644989,-0.3407169580459595
0.051945894956588745,0.2300659418106079,1.49271559715271,0.3841756582260132,0.064116932451725,2.065542221069336,0.14488905668258667,-0.14927160739898682,2.097160816192627,1.4722431898117065,-0.07215570658445358,-0.14097650349140167,0.38649752736091614,0.14335878193378448,0.26696765422821045,1.7292355298995972,-0.21352072060108185,2.181550979614258,-0.1973261684179306,0.39388999342918396,0.6414947509765625,-0.17795567214488983,0.3921254277229309,-0.34076833724975586
0.05146822705864906,0.2302199751138687,1.4913748502731323,0.38431447744369507,0.06430400907993317,2.065138816833496,0.14517435431480408,-0.1493501216173172,2.097818613052368,1.471867561340332,-0.07203631848096848,-0.14086709916591644,0.3865443766117096,0.14338824152946472,0.2670818567276001,1.7290500402450562,-0.21341295540332794,2.181325912475586,-0.19757698476314545,0.39359280467033386,0.640938401222229,-0.17775402963161469,0.392350971698761,-0.340842604637146
0.0517423041164875,0.23009632527828217,1.4920148849487305,0.3843560218811035,0.06422365456819534,2.0652852058410645,0.14497390389442444,-0.14937742054462433,2.0975358486175537,1.4720032215118408,-0.07214706391096115,-0.14097553491592407,0.3864675760269165,0.14331457018852234,0.26697492599487305,1.7291382551193237,-0.21352140605449677,2.1815316677093506,-0.19757071137428284,0.3937806785106659,0.6412469148635864,-0.17789532244205475,0.39231082797050476,-0.34090104699134827
0.051985714584589005,0.2299811840057373,1.4925832748413086,0.3843929171562195,0.06415379047393799,2.065415620803833,0.1447916179895401,-0.14940598607063293,2.0972867012023926,1.4721201658248901,-0.07225026190280914,-0.14107675850391388,0.3863929212093353,0.1432398408651352,0.26687443256378174,1.7292182445526123,-0.21362392604351044,2.18172287940979,-0.1975712925195694,0.39394819736480713,0.6415384411811829,-0.17802694439888,0.3922758400440216,-0.34095799922943115
0.05156636983156204,0.23010772466659546,1.4914112091064453,0.38450250029563904,0.06432041525840759,2.0650694370269775,0.1450377255678177,-0.14947721362113953,2.0978617668151855,1.4717886447906494,-0.07215212285518646,-0.14098738133907318,0.38642367720603943,0.1432473510503769,0.26696592569351196,1.729061484336853,-0.21353930234909058,2.1815366744995117,-0.19779205322265625,0.39368733763694763,0.6410924196243286,-0.17786166071891785,0.3924679458141327,-0.3410242795944214
0.05208558589220047,0.22989091277122498,1.4926925897598267,0.384498655796051,0.06415174156427383,2.0654067993164062,0.14468351006507874,-0.14948250353336334,2.0972611904144287,1.4720960855484009,-0.07233718037605286,-0.14116598665714264,0.38630542159080505,0.14313502609729767,0.26678529381752014,1.7292439937591553,-0.21371914446353912,2.1818838119506836,-0.1976889669895172,0.39403435587882996,0.64170241355896,-0.1781190186738968,0.3923358619213104,-0.3410681188106537
0.051871202886104584,0.22994399070739746,1.4920570850372314,0.3845807611942291,0.06424462050199509,2.065213203430176,0.1448068916797638,-0.14953415095806122,2.0975723266601562,1.4719061851501465,-0.0722968727350235,-0.14113116264343262,0.3863070607185364,0.14311973750591278,0.2668198049068451,1.7291615009307861,-0.2136884182691574,2.1818106174468994,-0.19782893359661102,0.3939076066017151,0.641484260559082,-0.17804405093193054,0.39246004819869995,-0.3411214053630829
0.05182059109210968,0.2299378365278244,1.4918586015701294,0.3846436142921448,0.0642770379781723,2.065140724182129,0.14482873678207397,-0.14957208931446075,2.0976715087890625,1.4718297719955444,-0.07230392843484879,-0.1411409229040146,0.3862852454185486,0.1430889070034027,0.266808420419693,1.72913658618927,-0.21370117366313934,2.1818294525146484,-0.19790716469287872,0.3938881754875183,0.6414478421211243,-0.17804130911827087,0.39252951741218567,-0.34116724133491516
0.05219312012195587,0.22977817058563232,1.4927711486816406,0.38465777039527893,0.06415612995624542,2.0653772354125977,0.14458230137825012,-0.14957855641841888,2.0972352027893066,1.472043514251709,-0.07243651896715164,-0.1412692368030548,0.3861994445323944,0.14301061630249023,0.26667648553848267,1.7292624711990356,-0.2138301432132721,2.1820871829986572,-0.19783560931682587,0.3941446542739868,0.64188152551651,-0.17822670936584473,0.3924550712108612,-0.3412006199359894
0.05182473734021187,0.22989358007907867,1.491753101348877,0.384762167930603,0.06429935246706009,2.0650737285614014,0.14481964707374573,-0.14963090419769287,2.0977208614349365,1.471754550933838,-0.07233951985836029,-0.14117999374866486,0.3862376809120178,0.14303500950336456,0.2667643129825592,1.7291181087493896,-0.21374385058879852,2.1819169521331787,-0.1980094164609909,0.39392349123954773,0.6414716243743896,-0.17807316780090332,0.39264151453971863,-0.34124332666397095
0.05209951102733612,0.22977560758590698,1.4924122095108032,0.3847915530204773,0.06421032547950745,2.0652384757995605,0.14464575052261353,-0.14963670074939728,2.097397804260254,1.4719064235687256,-0.07243471592664719,-0.1412723809480667,0.3861774802207947,0.14298412203788757,0.2666682004928589,1.7292041778564453,-0.21383598446846008,2.1821095943450928,-0.19795900583267212,0.3941218852996826,0.6417785286903381,-0.17820630967617035,0.3926062285900116,-0.3412697911262512
0.052152764052152634,0.22974172234535217,1.4925036430358887,0.3848469853401184,0.0641988143324852,2.0652425289154053,0.1446172147989273,-0.14965394139289856,2.0973470211029053,1.4719105958938599,-0.07245936989784241,-0.14129766821861267,0.38615739345550537,0.1429685801267624,0.2666400074958801,1.7292078733444214,-0.21386145055294037,2.18217134475708,-0.1979781538248062,0.39417922496795654,0.6418333053588867,-0.1782359778881073,0.39264756441116333,-0.3412967622280121
0.051928408443927765,0.22981271147727966,1.4918797016143799,0.3849336802959442,0.0642852857708931,2.065045118331909,0.14476929605007172,-0.1496863216161728,2.097640037536621,1.471729040145874,-0.0723966732621193,-0.1412399560213089,0.3861861526966095,0.14299438893795013,0.266696035861969,1.729109525680542,-0.21380478143692017,2.1820695400238037,-0.19808629155158997,0.39405903220176697,0.6415749192237854,-0.17813704907894135,0.39278334379196167,-0.3413256108760834
0.05228237807750702,0.22967395186424255,1.492759346961975,0.3849484324455261,0.06416305899620056,2.065270185470581,0.14454804360866547,-0.14967676997184753,2.097208261489868,1.4719456434249878,-0.0725078135728836,-0.1413464993238449,0.38612571358680725,0.14294958114624023,0.2665862441062927,1.7292200326919556,-0.21391010284423828,2.182293176651001,-0.19799330830574036,0.39431658387184143,0.6419680714607239,-0.17829692363739014,0.39271411299705505,-0.3413406014442444
0.05208536982536316,0.22974073886871338,1.4922096729278564,0.3850242495536804,0.06423798948526382,2.065094232559204,0.1446826308965683,-0.14970070123672485,2.0974655151367188,1.4717899560928345,-0.07244890928268433,-0.14129185676574707,0.38615715503692627,0.1429782211780548,0.2666400671005249,1.729130744934082,-0.21385665237903595,2.1821961402893066,-0.19808313250541687,0.3942185044288635,0.6417438983917236,-0.17820525169372559,0.3928317427635193,-0.3413630723953247
0.052119020372629166,0.22972461581230164,1.4922622442245483,0.3850664496421814,0.06422916054725647,2.0650887489318848,0.14466597139835358,-0.14970673620700836,2.097433567047119,1.4717955589294434,-0.0724593847990036,-0.14130264520645142,0.3861534893512726,0.14297811686992645,0.266628235578537,1.7291258573532104,-0.2138681262731552,2.1822268962860107,-0.19809100031852722,0.39427152276039124,0.6417859792709351,-0.17821699380874634,0.39286211133003235,-0.34137916564941406
0.052323874086141586,0.22964705526828766,1.4927619695663452,0.38508158922195435,0.06415816396474838,2.0652108192443848,0.14453603327274323,-0.14969928562641144,2.0971872806549072,1.471921682357788,-0.0725216194987297,-0.14136222004890442,0.3861234784126282,0.14295576512813568,0.26656755805015564,1.7291842699050903,-0.2139281928539276,2.182352304458618,-0.198037788271904,0.3944363296031952,0.6420279741287231,-0.17830583453178406,0.39282551407814026,-0.34139037132263184
0.05207619071006775,0.22973768413066864,1.4920881986618042,0.38514444231987,0.06424976140260696,2.0650041103363037,0.1446969211101532,-0.14972011744976044,2.097508668899536,1.4717415571212769,-0.0724453255534172,-0.1412905603647232,0.3861672282218933,0.142990842461586,0.26664018630981445,1.7290799617767334,-0.21385927498340607,2.1822149753570557,-0.19813598692417145,0.394307017326355,0.6417657732963562,-0.1781894564628601,0.3929402232170105,-0.341408371925354
0.05228935927152634,0.2296595275402069,1.4926081895828247,0.3851465880870819,0.0641755685210228,2.065136194229126,0.14455746114253998,-0.14970925450325012,2.0972542762756348,1.4718785285949707,-0.07250981032848358,-0.1413520723581314,0.3861367702484131,0.1429649293422699,0.26657846570014954,1.7291446924209595,-0.21392208337783813,2.1823394298553467,-0.19807615876197815,0.3944762349128723,0.6420266032218933,-0.17828203737735748,0.39288821816444397,-0.34141674637794495
0.05226943641901016,0.22966763377189636,1.4925267696380615,0.3851717412471771,0.06418511271476746,2.0650999546051025,0.14456704258918762,-0.1497134119272232,2.097292184829712,1.4718577861785889,-0.07250355184078217,-0.14134655892848969,0.38614335656166077,0.14296767115592957,0.2665848433971405,1.7291263341903687,-0.21391898393630981,2.1823294162750244,-0.19809463620185852,0.3944920599460602,0.6420280337333679,-0.1782696694135666,0.39291271567344666,-0.3414286673069
0.05214868113398552,0.2297128289937973,1.492187261581421,0.3852054178714752,0.06423083692789078,2.0649921894073486,0.14464053511619568,-0.14972439408302307,2.097456455230713,1.4717689752578735,-0.0724671259522438,-0.14131247997283936,0.38616523146629333,0.14298216998577118,0.2666202783584595,1.7290728092193604,-0.21388772130012512,2.1822614669799805,-0.19814710319042206,0.394439697265625,0.6419166922569275,-0.1782124638557434,0.3929689824581146,-0.3414419889450073
0.05237257480621338,0.2296307235956192,1.492741584777832,0.38519591093063354,0.06415259838104248,2.065138101577759,0.14449037611484528,-0.14971305429935455,2.09718918800354,1.4719158411026,-0.07253658771514893,-0.14137865602970123,0.3861303925514221,0.142951101064682,0.2665542960166931,1.729145884513855,-0.21395514905452728,2.18239164352417,-0.19808273017406464,0.39460816979408264,0.6421909332275391,-0.17831219732761383,0.3929031491279602,-0.34144869446754456
0.052209753543138504,0.2296907752752304,1.4922963380813599,0.3852319121360779,0.06421372294425964,2.065002202987671,0.1445910483598709,-0.14972811937332153,2.0974061489105225,1.4717977046966553,-0.07248836755752563,-0.14133349061012268,0.3861567974090576,0.14296938478946686,0.26660090684890747,1.7290794849395752,-0.21391236782073975,2.1823008060455322,-0.19815024733543396,0.39452141523361206,0.642024576663971,-0.17823727428913116,0.3929721713066101,-0.34146225452423096
0.05226944014430046,0.22966796159744263,1.4924298524856567,0.38524138927459717,0.06419473886489868,2.065030574798584,0.14454811811447144,-0.14972954988479614,2.0973434448242188,1.47183096408844,-0.0725087970495224,-0.14135335385799408,0.3861459195613861,0.14295858144760132,0.26658153533935547,1.7290948629379272,-0.21393322944641113,2.1823391914367676,-0.1981429010629654,0.3945752680301666,0.6421028971672058,-0.17826402187347412,0.3929639458656311,-0.34147170186042786
0.052370816469192505,0.22962883114814758,1.4926748275756836,0.3852464258670807,0.06416071206331253,2.0650908946990967,0.14447902143001556,-0.14972937107086182,2.0972273349761963,1.4718918800354004,-0.07254259288311005,-0.14138592779636383,0.38612696528434753,0.14294230937957764,0.26654908061027527,1.7291260957717896,-0.21396604180335999,2.182403326034546,-0.19812212884426117,0.39465197920799255,0.6422216296195984,-0.17831048369407654,0.3929421603679657,-0.3414803743362427
0.052214477211236954,0.22968393564224243,1.4922553300857544,0.3852830231189728,0.06421960145235062,2.0649638175964355,0.14457817375659943,-0.14974720776081085,2.097433090209961,1.4717754125595093,-0.07249800860881805,-0.1413443684577942,0.38614848256111145,0.1429593712091446,0.2665913999080658,1.7290643453598022,-0.21392513811588287,2.182321310043335,-0.19818949699401855,0.39455685019493103,0.642042875289917,-0.17824067175388336,0.39301177859306335,-0.3414936065673828
0.0523785762488842,0.2296200841665268,1.4926657676696777,0.3852818012237549,0.0641632154583931,2.065072774887085,0.1444709450006485,-0.14974460005760193,2.097236394882202,1.4718773365020752,-0.07255171984434128,-0.14139589667320251,0.3861173093318939,0.14293484389781952,0.2665392756462097,1.7291200160980225,-0.21397556364536285,2.182424306869507,-0.19814838469028473,0.3946663737297058,0.642218291759491,-0.17831669747829437,0.39297038316726685,-0.34150072932243347
0.05233155936002731,0.22963346540927887,1.4925317764282227,0.38530564308166504,0.06418298929929733,2.065028429031372,0.14450159668922424,-0.14975640177726746,2.0973031520843506,1.4718343019485474,-0.07254114001989365,-0.14138659834861755,0.38611939549446106,0.14293742179870605,0.2665485143661499,1.7290997505187988,-0.21396556496620178,2.1824071407318115,-0.19817900657653809,0.39463502168655396,0.6421508193016052,-0.1782974898815155,0.3930031359195709,-0.3415113091468811
0.0522882305085659,0.22964492440223694,1.4924086332321167,0.3853280246257782,0.0642014816403389,2.064988613128662,0.1445305198431015,-0.14976809918880463,2.0973644256591797,1.4717937707901,-0.07253191620111465,-0.14137858152389526,0.3861202597618103,0.14293910562992096,0.2665562927722931,1.7290818691253662,-0.2139565795660019,2.1823925971984863,-0.1982080191373825,0.39460310339927673,0.6420843601226807,-0.17828047275543213,0.3930340111255646,-0.341521292924881
0.052428629249334335,0.2295883148908615,1.4927606582641602,0.385326623916626,0.06415385752916336,2.065084934234619,0.14444077014923096,-0.14976739883422852,2.0971949100494385,1.4718793630599976,-0.07257896661758423,-0.1414238065481186,0.38609111309051514,0.14291639626026154,0.26651012897491455,1.729132056236267,-0.21400003135204315,2.182483434677124,-0.19817392528057098,0.3946884572505951,0.6422231793403625,-0.1783471703529358,0.39299923181533813,-0.3415272533893585
0.05230746790766716,0.2296282947063446,1.4924355745315552,0.3853541910648346,0.06420063227415085,2.064990997314453,0.1445208489894867,-0.14978329837322235,2.097352981567383,1.4717867374420166,-0.07254587858915329,-0.14139315485954285,0.38610419631004333,0.1429269164800644,0.2665407359600067,1.7290881872177124,-0.2139686495065689,2.1824235916137695,-0.1982276439666748,0.3946019411087036,0.642067015171051,-0.1782953441143036,0.39305397868156433,-0.34153708815574646
0.05238233506679535,0.22959615290164948,1.4926164150238037,0.3853553533554077,0.0641767606139183,2.06504225730896,0.14447368681430817,-0.1497853845357895,2.0972652435302734,1.4718294143676758,-0.07257258892059326,-0.14141905307769775,0.3860858082771301,0.1429114043712616,0.2665141820907593,1.7291169166564941,-0.21399319171905518,2.1824750900268555,-0.19821350276470184,0.39464205503463745,0.6421328783035278,-0.17833253741264343,0.39303746819496155,-0.34154242277145386
0.05241578444838524,0.22957971692085266,1.4926897287368774,0.38535839319229126,0.06416773051023483,2.0650644302368164,0.1444530040025711,-0.14978915452957153,2.097229242324829,1.471845030784607,-0.07258635014295578,-0.14143261313438416,0.3860745429992676,0.14290083944797516,0.26650023460388184,1.7291314601898193,-0.21400578320026398,2.1825015544891357,-0.19821198284626007,0.39465487003326416,0.6421544551849365,-0.17835085093975067,0.3930325210094452,-0.34154754877090454
0.05232647433876991,0.22960926592350006,1.4924451112747192,0.38537323474884033,0.06420281529426575,2.064997673034668,0.14451150596141815,-0.14979983866214752,2.0973470211029053,1.4717780351638794,-0.07256212085485458,-0.14141014218330383,0.38608381152153015,0.1429060846567154,0.2665228843688965,1.7291021347045898,-0.21398304402828217,2.1824560165405273,-0.1982506513595581,0.39458799362182617,0.6420403718948364,-0.17831315100193024,0.39306771755218506,-0.3415538966655731
0.052443064749240875,0.2295636385679245,1.4927319288253784,0.3853609263896942,0.0641634538769722,2.065082311630249,0.1444360762834549,-0.1497957408428192,2.0972068309783936,1.471853494644165,-0.0726003497838974,-0.14144669473171234,0.3860606849193573,0.14288486540317535,0.2664859890937805,1.729148268699646,-0.21401876211166382,2.1825268268585205,-0.19821786880493164,0.39465588331222534,0.6421606540679932,-0.17836834490299225,0.3930283486843109,-0.34155553579330444
0.052378639578819275,0.22958578169345856,1.4925506114959717,0.3853684663772583,0.06418908387422562,2.0650343894958496,0.1444777548313141,-0.14980243146419525,2.0972936153411865,1.471806287765503,-0.07258252054452896,-0.1414301097393036,0.38606786727905273,0.14288780093193054,0.2665030360221863,1.7291285991668701,-0.21400220692157745,2.1824920177459717,-0.19824513792991638,0.39460697770118713,0.6420791149139404,-0.17834065854549408,0.3930504322052002,-0.3415595293045044
0.05238090828061104,0.2295842319726944,1.4925423860549927,0.38536685705184937,0.06419026851654053,2.065035343170166,0.14447592198848724,-0.1498037427663803,2.0972964763641357,1.4718059301376343,-0.07258443534374237,-0.14143212139606476,0.38606539368629456,0.14288318157196045,0.26650139689445496,1.7291330099105835,-0.21400409936904907,2.1824939250946045,-0.1982484608888626,0.39460277557373047,0.6420742869377136,-0.17834244668483734,0.39304783940315247,-0.34156155586242676
0.052451241761446,0.22955846786499023,1.4927111864089966,0.38535669445991516,0.06416647881269455,2.0650858879089355,0.14442986249923706,-0.14979974925518036,2.0972137451171875,1.4718531370162964,-0.07260648906230927,-0.1414531171321869,0.38605305552482605,0.14287115633487701,0.2664806842803955,1.7291616201400757,-0.21402473747730255,2.1825335025787354,-0.19822755455970764,0.39464429020881653,0.64214688539505,-0.17837423086166382,0.39302077889442444,-0.3415617048740387
0.05236484110355377,0.2295914739370346,1.4924761056900024,0.38536569476127625,0.0641988143324852,2.06502103805542,0.14448565244674683,-0.14980541169643402,2.0973269939422607,1.4717936515808105,-0.07257984578609467,-0.14142796397209167,0.3860672116279602,0.14288108050823212,0.26650679111480713,1.7291321754455566,-0.21399977803230286,2.1824817657470703,-0.19825893640518188,0.39458519220352173,0.6420429348945618,-0.17833392322063446,0.3930487334728241,-0.3415640890598297
0.05243869125843048,0.2295660376548767,1.4926565885543823,0.3853563368320465,0.06417295336723328,2.065073013305664,0.1444377452135086,-0.14980006217956543,2.097238779067993,1.4718443155288696,-0.07260160893201828,-0.14144857227802277,0.38605645298957825,0.14287187159061432,0.26648664474487305,1.729160189628601,-0.21401987969875336,2.182521104812622,-0.1982351392507553,0.3946317732334137,0.6421188116073608,-0.17836549878120422,0.39302119612693787,-0.3415631353855133
0.05242754891514778,0.2295725792646408,1.4926191568374634,0.3853582739830017,0.06417738646268845,2.0650622844696045,0.14444531500339508,-0.14980001747608185,2.097256660461426,1.4718369245529175,-0.07259681075811386,-0.14144401252269745,0.38606029748916626,0.14287525415420532,0.26649197936058044,1.7291561365127563,-0.21401500701904297,2.1825110912323,-0.19823962450027466,0.3946242034435272,0.6420981884002686,-0.17835776507854462,0.39302435517311096,-0.3415633738040924
0.05239276587963104,0.22958824038505554,1.4925225973129272,0.38536426424980164,0.06419004499912262,2.0650336742401123,0.14446857571601868,-0.1498013734817505,2.0973033905029297,1.471813440322876,-0.0725843757390976,-0.14143219590187073,0.38606858253479004,0.14288300275802612,0.2665046155452728,1.7291425466537476,-0.2140028476715088,2.1824870109558105,-0.19825169444084167,0.3946022093296051,0.6420501470565796,-0.17833878099918365,0.3930368721485138,-0.34156379103660583
0.052468374371528625,0.22956334054470062,1.4927126169204712,0.3853580951690674,0.06416267901659012,2.0650856494903564,0.1444205641746521,-0.14979542791843414,2.0972111225128174,1.4718655347824097,-0.07260546833276749,-0.1414521038532257,0.38605940341949463,0.14287734031677246,0.2664850950241089,1.72916841506958,-0.21402189135551453,2.1825263500213623,-0.1982259452342987,0.3946528136730194,0.6421257853507996,-0.17836959660053253,0.39301180839538574,-0.34156203269958496
0.052407920360565186,0.22958874702453613,1.4925521612167358,0.38536909222602844,0.06418430060148239,2.065037727355957,0.14446114003658295,-0.1497984677553177,2.0972888469696045,1.471824288368225,-0.07258477807044983,-0.14143246412277222,0.3860723674297333,0.1428898125886917,0.26650550961494446,1.7291440963745117,-0.21400186419487,2.182487726211548,-0.19824621081352234,0.3946153223514557,0.6420478820800781,-0.17833855748176575,0.39303529262542725,-0.3415625989437103
0.05244109407067299,0.2295794039964676,1.4926344156265259,0.38536927103996277,0.06417211145162582,2.065058708190918,0.1444411277770996,-0.14979542791843414,2.0972487926483154,1.4718470573425293,-0.07259280234575272,-0.1414400190114975,0.3860701024532318,0.14289012551307678,0.266498327255249,1.7291536331176758,-0.2140086591243744,2.1825029850006104,-0.19823454320430756,0.3946390450000763,0.6420757174491882,-0.17835018038749695,0.39302656054496765,-0.3415614366531372
0.05246184393763542,0.2295743227005005,1.492685079574585,0.3853709399700165,0.06416444480419159,2.065070867538452,0.14442920684814453,-0.149793341755867,2.097223997116089,1.4718611240386963,-0.0725972130894661,-0.1414441615343094,0.38606950640678406,0.14289163053035736,0.266494482755661,1.729158639907837,-0.21401214599609375,2.182511568069458,-0.19822704792022705,0.3946547210216522,0.6420904994010925,-0.17835654318332672,0.39302241802215576,-0.3415604829788208
0.05241391435265541,0.2295941859483719,1.4925583600997925,0.38538050651550293,0.06418165564537048,2.065032958984375,0.14446178078651428,-0.14979591965675354,2.097285032272339,1.4718281030654907,-0.07258088141679764,-0.14142869412899017,0.3860795497894287,0.14290130138397217,0.26651036739349365,1.729138970375061,-0.21399639546871185,2.182481288909912,-0.1982429176568985,0.39462554454803467,0.6420292258262634,-0.17833225429058075,0.39304226636886597,-0.3415607810020447
0.05247337371110916,0.22957387566566467,1.4927089214324951,0.38537657260894775,0.06416026502847672,2.0650744438171387,0.14442452788352966,-0.14979159832000732,2.0972113609313965,1.4718685150146484,-0.07259780168533325,-0.14144472777843475,0.38607165217399597,0.14289602637290955,0.2664942741394043,1.729158878326416,-0.21401186287403107,2.182513475418091,-0.19822241365909576,0.39466601610183716,0.6420904994010925,-0.1783573478460312,0.393024206161499,-0.3415592610836029
0.052438173443078995,0.22958798706531525,1.492614507675171,0.3853832483291626,0.06417318433523178,2.065047025680542,0.14444848895072937,-0.14979368448257446,2.0972564220428467,1.471843957901001,-0.07258614897727966,-0.1414337307214737,0.386078417301178,0.1429019570350647,0.2665054202079773,1.729144811630249,-0.21400082111358643,2.1824920177459717,-0.19823423027992249,0.39464452862739563,0.6420469880104065,-0.1783401221036911,0.39303889870643616,-0.3415595591068268
0.052440062165260315,0.22958780825138092,1.492615818977356,0.3853847086429596,0.06417284905910492,2.065047264099121,0.14444808661937714,-0.14979353547096252,2.097254991531372,1.4718446731567383,-0.0725862979888916,-0.1414339244365692,0.38607853651046753,0.14290198683738708,0.2665051817893982,1.729144811630249,-0.21400098502635956,2.18249249458313,-0.1982337087392807,0.3946468234062195,0.642047107219696,-0.17834042012691498,0.39304009079933167,-0.34155941009521484
0.05247192084789276,0.2295759916305542,1.4926944971084595,0.38538193702697754,0.06416181474924088,2.0650699138641357,0.14442794024944305,-0.1497916430234909,2.0972158908843994,1.4718657732009888,-0.07259605079889297,-0.14144322276115417,0.38607320189476013,0.14289717376232147,0.26649564504623413,1.729156255722046,-0.21401026844978333,2.1825108528137207,-0.1982233226299286,0.39466825127601624,0.6420826315879822,-0.17835493385791779,0.3930303156375885,-0.3415589928627014
0.052425529807806015,0.22959259152412415,1.4925709962844849,0.3853881061077118,0.06417909264564514,2.065035343170166,0.14445830881595612,-0.14979512989521027,2.0972750186920166,1.4718331098556519,-0.07258221507072449,-0.14143021404743195,0.3860799968242645,0.14290174841880798,0.26650863885879517,1.7291395664215088,-0.21399763226509094,2.1824851036071777,-0.19823987782001495,0.39463838934898376,0.6420313119888306,-0.17833442986011505,0.39304766058921814,-0.3415602743625641
0.05246445909142494,0.22957724332809448,1.4926680326461792,0.38538381457328796,0.0641656219959259,2.0650634765625,0.14443306624889374,-0.14979323744773865,2.097227096557617,1.4718587398529053,-0.07259482890367508,-0.14144225418567657,0.3860725462436676,0.1428947150707245,0.2664962708950043,1.729154348373413,-0.21400977671146393,2.182508945465088,-0.19822783768177032,0.39466384053230286,0.6420770883560181,-0.17835307121276855,0.3930349051952362,-0.34156036376953125
0.05244993045926094,0.2295812964439392,1.492627501487732,0.38538599014282227,0.0641714334487915,2.0650525093078613,0.14444230496883392,-0.14979511499404907,2.0972461700439453,1.4718475341796875,-0.07259131968021393,-0.1414390355348587,0.38607344031333923,0.14289434254169464,0.2664993107318878,1.7291496992111206,-0.21400690078735352,2.1825027465820312,-0.19823434948921204,0.3946543037891388,0.6420632600784302,-0.17834770679473877,0.39304089546203613,-0.34156176447868347
0.052436210215091705,0.22958479821681976,1.4925897121429443,0.3853882849216461,0.06417691707611084,2.065042018890381,0.144450843334198,-0.14979715645313263,2.097264051437378,1.471836805343628,-0.072588250041008,-0.14143623411655426,0.3860740065574646,0.14289379119873047,0.26650193333625793,1.7291454076766968,-0.21400442719459534,2.182497262954712,-0.19824093580245972,0.39464521408081055,0.6420506834983826,-0.17834287881851196,0.39304670691490173,-0.34156346321105957
0.05247000604867935,0.22957058250904083,1.4926754236221313,0.3853852450847626,0.06416518986225128,2.065066337585449,0.14442840218544006,-0.149796262383461,2.097222328186035,1.4718585014343262,-0.07259984314441681,-0.14144732058048248,0.38606682419776917,0.1428871899843216,0.26649051904678345,1.7291582822799683,-0.21401561796665192,2.1825194358825684,-0.19823169708251953,0.3946670889854431,0.6420916318893433,-0.17835968732833862,0.3930360972881317,-0.3415645956993103
0.05243445932865143,0.22958193719387054,1.4925827980041504,0.3853909969329834,0.06417841464281082,2.06503963470459,0.14445087313652039,-0.14980007708072662,2.0972673892974854,1.471832513809204,-0.07259024679660797,-0.1414383351802826,0.3860708773136139,0.1428898274898529,0.26649942994117737,1.7291456460952759,-0.21400697529315948,2.182502031326294,-0.19824624061584473,0.3946439027786255,0.6420543789863586,-0.1783449798822403,0.39305004477500916,-0.3415672183036804
0.05245806649327278,0.22957144677639008,1.4926437139511108,0.3853900730609894,0.0641702264547348,2.065056085586548,0.144434854388237,-0.14980009198188782,2.097238302230835,1.4718470573425293,-0.07259877026081085,-0.14144650101661682,0.38606545329093933,0.14288507401943207,0.26649102568626404,1.729154348373413,-0.2140151858329773,2.182518482208252,-0.19824081659317017,0.3946593999862671,0.6420835852622986,-0.1783570647239685,0.39304348826408386,-0.3415689170360565
0.052458230406045914,0.2295697182416916,1.4926447868347168,0.38539230823516846,0.06417042762041092,2.0650551319122314,0.14443397521972656,-0.14980167150497437,2.097238540649414,1.4718455076217651,-0.07260006666183472,-0.14144781231880188,0.38606393337249756,0.14288367331027985,0.26648959517478943,1.7291542291641235,-0.2140166014432907,2.1825215816497803,-0.1982433795928955,0.3946598768234253,0.6420862078666687,-0.17835837602615356,0.3930453360080719,-0.3415711224079132
0.05243971198797226,0.229575052857399,1.492598056793213,0.3853969871997833,0.06417730450630188,2.0650405883789062,0.14444516599178314,-0.14980444312095642,2.097262144088745,1.4718313217163086,-0.07259555160999298,-0.1414436250925064,0.38606563210487366,0.1428849846124649,0.2664937674999237,1.729146957397461,-0.21401256322860718,2.18251371383667,-0.19825218617916107,0.3946484327316284,0.6420677304267883,-0.17835107445716858,0.39305379986763,-0.3415736258029938
0.052469827234745026,0.22956262528896332,1.4926772117614746,0.3853958547115326,0.0641665831208229,2.065061569213867,0.14442476630210876,-0.14980390667915344,2.097224712371826,1.4718506336212158,-0.07260581851005554,-0.14145341515541077,0.38605964183807373,0.14288020133972168,0.2664838135242462,1.7291573286056519,-0.21402232348918915,2.1825335025787354,-0.19824428856372833,0.39466890692710876,0.6421040296554565,-0.17836570739746094,0.39304518699645996,-0.34157511591911316
0.0524449422955513,0.22957074642181396,1.4926143884658813,0.38540118932724,0.06417568027973175,2.06504225730896,0.14444005489349365,-0.14980682730674744,2.0972561836242676,1.4718323945999146,-0.07259910553693771,-0.14144712686538696,0.38606274127960205,0.14288273453712463,0.2664901614189148,1.7291474342346191,-0.21401621401309967,2.182521343231201,-0.19825479388237,0.3946537971496582,0.6420784592628479,-0.17835521697998047,0.3930557072162628,-0.341577410697937
0.0524568036198616,0.22956553101539612,1.492646336555481,0.3854018449783325,0.06417149305343628,2.065049886703491,0.14443150162696838,-0.1498071253299713,2.0972416400909424,1.4718395471572876,-0.0726034939289093,-0.14145132899284363,0.38606008887290955,0.1428806185722351,0.26648589968681335,1.7291508913040161,-0.2140204906463623,2.182529926300049,-0.19825248420238495,0.3946628272533417,0.6420943737030029,-0.17836126685142517,0.3930531144142151,-0.34157878160476685
0.05246332660317421,0.22956253588199615,1.4926642179489136,0.3854027986526489,0.06416921317577362,2.065053701400757,0.14442646503448486,-0.14980754256248474,2.097233772277832,1.4718432426452637,-0.07260608673095703,-0.1414538323879242,0.386058509349823,0.14287927746772766,0.2664833664894104,1.7291524410247803,-0.21402309834957123,2.18253493309021,-0.1982516199350357,0.3946685492992401,0.6421043872833252,-0.17836475372314453,0.3930521309375763,-0.34157994389533997
0.05244383588433266,0.22956937551498413,1.492614507675171,0.3854065239429474,0.06417630612850189,2.0650384426116943,0.14443841576576233,-0.14980943500995636,2.0972585678100586,1.4718292951583862,-0.07260054349899292,-0.14144863188266754,0.38606131076812744,0.1428813934326172,0.266488641500473,1.72914457321167,-0.21401812136173248,2.1825246810913086,-0.19825920462608337,0.3946574032306671,0.642085075378418,-0.17835628986358643,0.39306002855300903,-0.341581255197525
0.052467040717601776,0.22956064343452454,1.492674708366394,0.3854047656059265,0.06416797637939453,2.0650546550750732,0.14442279934883118,-0.14980828762054443,2.0972297191619873,1.4718447923660278,-0.07260791212320328,-0.14145563542842865,0.38605737686157227,0.14287805557250977,0.26648154854774475,1.7291523218154907,-0.21402521431446075,2.1825385093688965,-0.19825191795825958,0.3946740925312042,0.6421137452125549,-0.17836707830429077,0.39305272698402405,-0.34158146381378174
0.05244967341423035,0.22956706583499908,1.4926297664642334,0.38540756702423096,0.06417427957057953,2.0650413036346436,0.14443367719650269,-0.1498095840215683,2.0972518920898438,1.4718327522277832,-0.07260269671678543,-0.14145071804523468,0.3860601484775543,0.14288009703159332,0.2664864957332611,1.7291454076766968,-0.2140205353498459,2.1825287342071533,-0.19825807213783264,0.39466434717178345,0.6420964598655701,-0.17835929989814758,0.39305946230888367,-0.34158211946487427
0.05245380103588104,0.22956568002700806,1.4926400184631348,0.38540753722190857,0.06417280435562134,2.0650436878204346,0.14443080127239227,-0.14980928599834442,2.0972468852996826,1.4718354940414429,-0.07260391861200333,-0.141451895236969,0.38605958223342896,0.14287948608398438,0.2664852738380432,1.7291463613510132,-0.21402184665203094,2.1825311183929443,-0.19825664162635803,0.39466848969459534,0.6421030163764954,-0.17836114764213562,0.39305853843688965,-0.34158211946487427
0.052462298423051834,0.22956278920173645,1.4926613569259644,0.38540685176849365,0.0641697347164154,2.065049409866333,0.14442528784275055,-0.14980857074260712,2.097236394882202,1.4718413352966309,-0.07260635495185852,-0.14145420491695404,0.3860584497451782,0.1428784728050232,0.2664828896522522,1.7291489839553833,-0.21402426064014435,2.1825356483459473,-0.19825351238250732,0.3946753442287445,0.642113983631134,-0.1783648580312729,0.3930560052394867,-0.3415818512439728
0.05244491621851921,0.22956952452659607,1.4926156997680664,0.3854092061519623,0.06417598575353622,2.0650362968444824,0.144436776638031,-0.14980944991111755,2.0972583293914795,1.4718295335769653,-0.07260075211524963,-0.14144890010356903,0.3860616087913513,0.14288099110126495,0.2664882242679596,1.7291423082351685,-0.21401911973953247,2.182525157928467,-0.19825901091098785,0.3946651518344879,0.6420952081680298,-0.17835670709609985,0.393062561750412,-0.34158188104629517
0.05246260017156601,0.22956334054470062,1.4926605224609375,0.38540735840797424,0.06416956335306168,2.065048933029175,0.14442569017410278,-0.14980794489383698,2.097236156463623,1.4718416929244995,-0.07260580360889435,-0.14145368337631226,0.3860591948032379,0.14287912845611572,0.266483336687088,1.7291483879089355,-0.2140238881111145,2.18253493309021,-0.19825251400470734,0.3946775794029236,0.6421152949333191,-0.17836438119411469,0.39305683970451355,-0.34158119559288025
0.05245142802596092,0.22956781089305878,1.4926307201385498,0.38540899753570557,0.06417353451251984,2.065040349960327,0.14443346858024597,-0.14980831742286682,2.097249984741211,1.4718341827392578,-0.07260196655988693,-0.14145004749298096,0.38606148958206177,0.1428811401128769,0.2664869725704193,1.7291440963745117,-0.21402029693126678,2.182528018951416,-0.1982557773590088,0.3946709930896759,0.6421023607254028,-0.17835888266563416,0.39306125044822693,-0.34158095717430115
0.0524524487555027,0.2295677661895752,1.492632508277893,0.3854092061519623,0.06417309492826462,2.0650408267974854,0.1444334089756012,-0.1498078852891922,2.0972485542297363,1.4718350172042847,-0.07260184735059738,-0.1414499282836914,0.3860618472099304,0.14288166165351868,0.2664870619773865,1.7291442155838013,-0.21402013301849365,2.182528018951416,-0.19825492799282074,0.39467212557792664,0.6421026587486267,-0.17835888266563416,0.39306139945983887,-0.34158051013946533
0.05246157571673393,0.22956468164920807,1.4926553964614868,0.3854084610939026,0.0641697347164154,2.065047264099121,0.1444281041622162,-0.149806946516037,2.0972368717193604,1.4718413352966309,-0.0726042315363884,-0.14145216345787048,0.3860608637332916,0.14288115501403809,0.2664847671985626,1.7291473150253296,-0.21402227878570557,2.182532787322998,-0.1982513666152954,0.3946783244609833,0.6421117782592773,-0.17836256325244904,0.3930586576461792,-0.34157997369766235
0.05244782939553261,0.22957000136375427,1.492619276046753,0.38541045784950256,0.06417464464902878,2.0650370121002197,0.14443759620189667,-0.14980755746364594,2.0972537994384766,1.471832036972046,-0.07259965687990189,-0.14144781231880188,0.3860635459423065,0.14288358390331268,0.2664891481399536,1.729142189025879,-0.21401789784431458,2.1825244426727295,-0.19825565814971924,0.39466941356658936,0.6420949697494507,-0.1783558875322342,0.39306387305259705,-0.3415799140930176
0.052461568266153336,0.2295651137828827,1.4926543235778809,0.38540905714035034,0.06416965276002884,2.065047025680542,0.14442917704582214,-0.149806410074234,2.097236394882202,1.47184157371521,-0.07260356098413467,-0.14145149290561676,0.3860616981983185,0.1428823471069336,0.26648542284965515,1.72914719581604,-0.21402142941951752,2.1825320720672607,-0.19825071096420288,0.3946782350540161,0.6421090364456177,-0.17836175858974457,0.39305931329727173,-0.3415794372558594
0.05245445296168327,0.22956787049770355,1.4926354885101318,0.3854100704193115,0.06417220830917358,2.0650417804718018,0.14443416893482208,-0.1498066931962967,2.097245216369629,1.471836805343628,-0.07260116189718246,-0.1414492130279541,0.3860631287097931,0.14288367331027985,0.2664877474308014,1.72914457321167,-0.21401908993721008,2.182527780532837,-0.19825294613838196,0.39467334747314453,0.6420997381210327,-0.17835824191570282,0.39306190609931946,-0.341579407453537
0.052454158663749695,0.22956806421279907,1.4926342964172363,0.3854101002216339,0.06417232751846313,2.0650415420532227,0.1444345861673355,-0.14980657398700714,2.097245693206787,1.4718366861343384,-0.07260093092918396,-0.1414489895105362,0.3860633671283722,0.14288394153118134,0.2664880156517029,1.72914457321167,-0.2140187919139862,2.1825273036956787,-0.19825296103954315,0.39467278122901917,0.6420983672142029,-0.17835791409015656,0.39306190609931946,-0.3415793478488922
0.05246221274137497,0.22956512868404388,1.4926546812057495,0.3854089379310608,0.06416946649551392,2.0650475025177,0.14442944526672363,-0.1498059630393982,2.097235679626465,1.4718422889709473,-0.07260334491729736,-0.14145126938819885,0.3860621452331543,0.14288292825222015,0.2664857506752014,1.7291476726531982,-0.2140209823846817,2.1825318336486816,-0.19825023412704468,0.3946775496006012,0.6421066522598267,-0.17836147546768188,0.39305880665779114,-0.3415791988372803
0.052451230585575104,0.2295691967010498,1.4926258325576782,0.3854099214076996,0.06417349725961685,2.06503963470459,0.1444365233182907,-0.1498066633939743,2.097249746322632,1.4718347787857056,-0.07260000705718994,-0.14144811034202576,0.38606390357017517,0.14288422465324402,0.2664889991283417,1.7291439771652222,-0.2140178382396698,2.182525396347046,-0.1982540488243103,0.39466986060142517,0.6420937180519104,-0.17835646867752075,0.39306220412254333,-0.3415794372558594
0.05246154963970184,0.22956536710262299,1.4926520586013794,0.3854082226753235,0.06416985392570496,2.065047264099121,0.14442965388298035,-0.14980602264404297,2.0972371101379395,1.4718419313430786,-0.0726032629609108,-0.14145119488239288,0.3860621154308319,0.1428826004266739,0.26648592948913574,1.729148030281067,-0.21402086317539215,2.1825313568115234,-0.19825071096420288,0.39467599987983704,0.642104983329773,-0.1783612221479416,0.39305803179740906,-0.3415793180465698
0.052456315606832504,0.2295672595500946,1.492638111114502,0.38540834188461304,0.06417183578014374,2.0650436878204346,0.14443281292915344,-0.1498064547777176,2.0972440242767334,1.471838355064392,-0.0726018026471138,-0.14144982397556305,0.38606277108192444,0.14288289844989777,0.26648738980293274,1.7291464805603027,-0.2140195071697235,2.182528257369995,-0.19825272262096405,0.3946720063686371,0.6420988440513611,-0.17835897207260132,0.39305928349494934,-0.34157952666282654
0.05245554819703102,0.2295674979686737,1.492635726928711,0.3854079246520996,0.06417220830917358,2.0650432109832764,0.14443302154541016,-0.14980663359165192,2.097245454788208,1.4718378782272339,-0.07260174304246902,-0.14144977927207947,0.3860626518726349,0.1428825706243515,0.2664875090122223,1.7291465997695923,-0.21401946246623993,2.182527780532837,-0.19825327396392822,0.39467093348503113,0.6420977711677551,-0.1783587783575058,0.39305898547172546,-0.3415796756744385
0.0524618960916996,0.2295651137828827,1.4926518201828003,0.3854067623615265,0.06417001783847809,2.0650479793548584,0.14442862570285797,-0.14980639517307281,2.0972378253936768,1.4718421697616577,-0.07260387390851974,-0.14145180583000183,0.38606134057044983,0.1428813338279724,0.2664855122566223,1.7291492223739624,-0.2140214592218399,2.1825315952301025,-0.19825144112110138,0.39467447996139526,0.6421046257019043,-0.17836181819438934,0.39305630326271057,-0.34157970547676086
0.052453283220529556,0.2295682579278946,1.4926292896270752,0.38540753722190857,0.06417321413755417,2.0650417804718018,0.14443397521972656,-0.1498071700334549,2.0972490310668945,1.4718362092971802,-0.07260141521692276,-0.14144949615001678,0.3860624432563782,0.1428820937871933,0.26648789644241333,1.7291463613510132,-0.21401916444301605,2.1825268268585205,-0.19825470447540283,0.394668310880661,0.6420944929122925,-0.1783580631017685,0.39305901527404785,-0.34158000349998474
0.052461303770542145,0.22956526279449463,1.4926499128341675,0.3854064643383026,0.06417039781808853,2.0650477409362793,0.1444285809993744,-0.14980687201023102,2.0972392559051514,1.47184157371521,-0.07260403782129288,-0.14145199954509735,0.386060893535614,0.14288078248500824,0.26648539304733276,1.7291494607925415,-0.21402159333229065,2.1825315952301025,-0.19825230538845062,0.39467301964759827,0.6421029567718506,-0.17836183309555054,0.3930560350418091,-0.34158000349998474
0.05245722457766533,0.22956673800945282,1.4926393032073975,0.3854069709777832,0.0641719400882721,2.06504487991333,0.14443111419677734,-0.14980736374855042,2.0972447395324707,1.4718385934829712,-0.07260292023420334,-0.14145095646381378,0.38606134057044983,0.1428811252117157,0.2664864659309387,1.729148030281067,-0.2140205204486847,2.1825294494628906,-0.19825398921966553,0.39466989040374756,0.6420976519584656,-0.17836007475852966,0.3930574357509613,-0.34158021211624146
0.052456893026828766,0.22956684231758118,1.4926384687423706,0.38540714979171753,0.06417211145162582,2.065044641494751,0.14443127810955048,-0.14980760216712952,2.097245454788208,1.4718382358551025,-0.07260291278362274,-0.14145097136497498,0.3860612213611603,0.14288108050823212,0.2664864659309387,1.7291479110717773,-0.21402046084403992,2.1825294494628906,-0.19825436174869537,0.3946692645549774,0.6420964002609253,-0.1783599853515625,0.393057644367218,-0.341580331325531
0.05246172472834587,0.2295650690793991,1.492651104927063,0.3854067921638489,0.06417040526866913,2.0650482177734375,0.14442816376686096,-0.14980746805667877,2.0972394943237305,1.4718413352966309,-0.07260444760322571,-0.14145243167877197,0.38606032729148865,0.14288045465946198,0.2664850056171417,1.7291496992111206,-0.21402183175086975,2.18253231048584,-0.19825293123722076,0.3946720361709595,0.6421008706092834,-0.1783621907234192,0.39305612444877625,-0.3415803015232086
0.052455171942710876,0.2295675128698349,1.4926342964172363,0.38540783524513245,0.06417279690504074,2.0650434494018555,0.14443250000476837,-0.14980803430080414,2.097247838973999,1.4718366861343384,-0.07260245829820633,-0.14145055413246155,0.38606134057044983,0.142881378531456,0.26648691296577454,1.7291473150253296,-0.21401990950107574,2.182528495788574,-0.1982552856206894,0.39466747641563416,0.6420925259590149,-0.17835919559001923,0.3930586576461792,-0.34158045053482056
0.05246162414550781,0.22956517338752747,1.4926509857177734,0.38540729880332947,0.0641704872250557,2.0650482177734375,0.14442843198776245,-0.14980769157409668,2.0972397327423096,1.4718409776687622,-0.07260441780090332,-0.14145241677761078,0.38606029748916626,0.1428806483745575,0.2664850354194641,1.729149580001831,-0.2140216827392578,2.18253231048584,-0.19825315475463867,0.3946714401245117,0.6420989036560059,-0.17836207151412964,0.39305663108825684,-0.341580331325531
0.0524580180644989,0.2295665591955185,1.4926416873931885,0.3854078948497772,0.06417179852724075,2.0650455951690674,0.14443092048168182,-0.14980794489383698,2.0972442626953125,1.4718384742736816,-0.0726032629609108,-0.14145132899284363,0.3860609233379364,0.14288124442100525,0.26648613810539246,1.729148268699646,-0.21402055025100708,2.182530164718628,-0.19825436174869537,0.39466890692710876,0.642094075679779,-0.17836035788059235,0.39305806159973145,-0.341580331325531
0.0524582639336586,0.2295665293931961,1.4926421642303467,0.3854079246520996,0.06417170912027359,2.0650458335876465,0.14443092048168182,-0.1498078852891922,2.0972440242767334,1.4718385934829712,-0.0726032555103302,-0.14145132899284363,0.3860609531402588,0.1428813487291336,0.26648613810539246,1.7291483879089355,-0.2140205055475235,2.182530164718628,-0.19825419783592224,0.39466893672943115,0.6420937776565552,-0.17836037278175354,0.39305806159973145,-0.34158024191856384
0.052461445331573486,0.22956542670726776,1.4926501512527466,0.3854075074195862,0.06417055428028107,2.0650482177734375,0.14442899823188782,-0.14980757236480713,2.0972399711608887,1.4718408584594727,-0.07260413467884064,-0.1414521485567093,0.38606053590774536,0.14288106560707092,0.2664853036403656,1.729149580001831,-0.21402129530906677,2.1825318336486816,-0.19825299084186554,0.3946709632873535,0.642096996307373,-0.178361713886261,0.3930569589138031,-0.3415800631046295
0.052456434816122055,0.22956736385822296,1.4926369190216064,0.3854080140590668,0.06417234987020493,2.065044641494751,0.14443238079547882,-0.14980776607990265,2.0972461700439453,1.4718375205993652,-0.07260248810052872,-0.14145058393478394,0.38606148958206177,0.1428818255662918,0.26648688316345215,1.7291477918624878,-0.2140197455883026,2.1825287342071533,-0.1982545107603073,0.39466771483421326,0.6420911550521851,-0.17835932970046997,0.3930586576461792,-0.34158000349998474
0.05246149003505707,0.2295655757188797,1.4926496744155884,0.3854072391986847,0.06417050957679749,2.0650484561920166,0.14442922174930573,-0.14980725944042206,2.0972397327423096,1.4718410968780518,-0.07260392606258392,-0.14145193994045258,0.38606080412864685,0.14288125932216644,0.2664855122566223,1.7291496992111206,-0.21402108669281006,2.1825313568115234,-0.1982525885105133,0.39467108249664307,0.6420968770980835,-0.17836152017116547,0.3930567502975464,-0.34157976508140564
0.0524580143392086,0.22956694662570953,1.4926403760910034,0.3854074478149414,0.06417174637317657,2.0650458335876465,0.14443157613277435,-0.14980730414390564,2.0972440242767334,1.4718388319015503,-0.07260274887084961,-0.14145082235336304,0.38606151938438416,0.14288178086280823,0.26648664474487305,1.729148507118225,-0.2140199989080429,2.1825292110443115,-0.1982535570859909,0.39466893672943115,0.6420931220054626,-0.17835983633995056,0.39305782318115234,-0.3415796756744385
0.05245879292488098,0.22956673800945282,1.4926420450210571,0.38540711998939514,0.0641714483499527,2.0650463104248047,0.14443114399909973,-0.14980706572532654,2.097243070602417,1.4718395471572876,-0.07260288298130035,-0.1414509415626526,0.38606154918670654,0.14288173615932465,0.2664865255355835,1.7291488647460938,-0.21402014791965485,2.1825294494628906,-0.1982530802488327,0.3946695923805237,0.6420942544937134,-0.17836008965969086,0.39305737614631653,-0.34157952666282654
0.052460506558418274,0.22956618666648865,1.4926462173461914,0.3854067325592041,0.06417080760002136,2.0650475025177,0.14443007111549377,-0.14980678260326385,2.097240924835205,1.4718408584594727,-0.07260331511497498,-0.14145134389400482,0.3860614001750946,0.1428815722465515,0.26648613810539246,1.729149580001831,-0.21402058005332947,2.182530164718628,-0.19825230538845062,0.39467090368270874,0.6420965194702148,-0.17836079001426697,0.39305663108825684,-0.3415793776512146
0.05245687812566757,0.22956758737564087,1.4926366806030273,0.385407030582428,0.06417209655046463,2.06504487991333,0.1444324553012848,-0.1498068869113922,2.097245454788208,1.4718384742736816,-0.07260212302207947,-0.1414502114057541,0.3860621154308319,0.1428821086883545,0.2664873003959656,1.729148268699646,-0.21401949226856232,2.182528018951416,-0.19825337827205658,0.3946687579154968,0.642092764377594,-0.17835907638072968,0.39305779337882996,-0.3415793478488922
0.05246087908744812,0.22956615686416626,1.4926469326019287,0.3854065239429474,0.06417063623666763,2.0650477409362793,0.14442987740039825,-0.14980652928352356,2.097240447998047,1.4718413352966309,-0.07260328531265259,-0.14145131409168243,0.38606157898902893,0.14288164675235748,0.26648619771003723,1.7291496992111206,-0.21402059495449066,2.182530164718628,-0.1982519030570984,0.39467158913612366,0.6420975923538208,-0.17836083471775055,0.39305636286735535,-0.34157922863960266
0.05245765298604965,0.22956737875938416,1.4926385879516602,0.3854069411754608,0.06417178362607956,2.0650453567504883,0.1444319635629654,-0.1498066782951355,2.0972445011138916,1.471839189529419,-0.07260225713253021,-0.14145034551620483,0.3860621750354767,0.14288212358951569,0.266487181186676,1.7291483879089355,-0.21401965618133545,2.182528257369995,-0.19825293123722076,0.39466971158981323,0.6420942544937134,-0.17835932970046997,0.39305752515792847,-0.34157928824424744
0.05245906487107277,0.22956685721874237,1.4926422834396362,0.38540688157081604,0.06417125463485718,2.0650463104248047,0.14443102478981018,-0.14980657398700714,2.097242593765259,1.4718401432037354,-0.07260267436504364,-0.14145073294639587,0.38606199622154236,0.14288200438022614,0.266486793756485,1.7291487455368042,-0.21402005851268768,2.1825289726257324,-0.19825243949890137,0.39467084407806396,0.6420961022377014,-0.1783599555492401,0.39305710792541504,-0.34157928824424744
0.05245968699455261,0.22956660389900208,1.4926440715789795,0.3854070007801056,0.06417101621627808,2.065046787261963,0.14443059265613556,-0.14980655908584595,2.0972418785095215,1.471840500831604,-0.07260287553071976,-0.1414509266614914,0.3860619068145752,0.14288197457790375,0.26648661494255066,1.7291488647460938,-0.2140202522277832,2.1825294494628906,-0.19825227558612823,0.3946714401245117,0.642096996307373,-0.1783602386713028,0.3930570185184479,-0.3415793478488922
0.052457429468631744,0.22956739366054535,1.4926384687423706,0.3854075074195862,0.06417182087898254,2.065045118331909,0.14443200826644897,-0.14980676770210266,2.0972447395324707,1.4718389511108398,-0.07260221242904663,-0.14145030081272125,0.38606226444244385,0.14288230240345,0.2664872407913208,1.7291479110717773,-0.21401964128017426,2.182528257369995,-0.19825312495231628,0.39467015862464905,0.6420946717262268,-0.1783592402935028,0.3930579721927643,-0.34157949686050415
0.05246051773428917,0.22956620156764984,1.4926466941833496,0.38540738821029663,0.064170703291893,2.065047264099121,0.14442995190620422,-0.1498066633939743,2.097240924835205,1.4718409776687622,-0.07260321080684662,-0.14145125448703766,0.38606172800064087,0.14288190007209778,0.2664862871170044,1.7291488647460938,-0.21402058005332947,2.182530164718628,-0.19825220108032227,0.39467233419418335,0.6420983076095581,-0.1783606857061386,0.39305707812309265,-0.3415795564651489
0.05245766416192055,0.22956718504428864,1.4926395416259766,0.385407954454422,0.06417173147201538,2.065045118331909,0.14443174004554749,-0.14980696141719818,2.0972445011138916,1.4718389511108398,-0.07260239869356155,-0.14145049452781677,0.3860621154308319,0.14288225769996643,0.2664870619773865,1.7291476726531982,-0.21401983499526978,2.1825287342071533,-0.1982533186674118,0.39467060565948486,0.6420952677726746,-0.17835944890975952,0.39305827021598816,-0.34157973527908325
0.05245952308177948,0.22956641018390656,1.4926445484161377,0.385407954454422,0.06417106091976166,2.0650463104248047,0.144430473446846,-0.14980696141719818,2.0972421169281006,1.4718401432037354,-0.07260304689407349,-0.14145112037658691,0.38606172800064087,0.14288197457790375,0.26648643612861633,1.729148268699646,-0.21402044594287872,2.182529926300049,-0.1982528418302536,0.3946719169616699,0.642097532749176,-0.17836037278175354,0.39305782318115234,-0.3415798246860504
0.052459169179201126,0.22956645488739014,1.4926438331604004,0.3854081630706787,0.0641711950302124,2.0650460720062256,0.14443063735961914,-0.14980711042881012,2.097242593765259,1.4718397855758667,-0.0726030245423317,-0.14145110547542572,0.3860616683959961,0.14288194477558136,0.26648643612861633,1.729148030281067,-0.21402044594287872,2.182529926300049,-0.19825312495231628,0.394671767950058,0.6420973539352417,-0.17836029827594757,0.3930581212043762,-0.34157994389533997
0.05245808884501457,0.229566752910614,1.4926410913467407,0.3854084014892578,0.06417158991098404,2.065045118331909,0.14443127810955048,-0.14980730414390564,2.0972440242767334,1.4718389511108398,-0.072602778673172,-0.1414508819580078,0.38606172800064087,0.14288198947906494,0.26648664474487305,1.7291476726531982,-0.214020237326622,2.1825294494628906,-0.19825364649295807,0.39467111229896545,0.6420963406562805,-0.17835989594459534,0.3930586278438568,-0.3415800631046295
0.05246014520525932,0.22956590354442596,1.4926464557647705,0.3854082226753235,0.06417085975408554,2.065046548843384,0.14442987740039825,-0.14980727434158325,2.0972414016723633,1.471840262413025,-0.0726034939289093,-0.14145156741142273,0.38606128096580505,0.1428816020488739,0.26648592948913574,1.7291483879089355,-0.21402093768119812,2.1825308799743652,-0.1982530951499939,0.3946724832057953,0.6420989036560059,-0.1783609241247177,0.39305800199508667,-0.3415801227092743
0.05245775356888771,0.22956669330596924,1.4926402568817139,0.38540855050086975,0.06417173892259598,2.06504487991333,0.14443136751651764,-0.14980752766132355,2.0972445011138916,1.4718385934829712,-0.07260284572839737,-0.14145095646381378,0.38606154918670654,0.14288178086280823,0.2664865255355835,1.7291475534439087,-0.21402035653591156,2.1825296878814697,-0.1982540339231491,0.39467093348503113,0.6420964598655701,-0.17835994064807892,0.3930588960647583,-0.34158027172088623
0.05245966836810112,0.22956590354442596,1.492645263671875,0.38540834188461304,0.06417106837034225,2.0650463104248047,0.14443007111549377,-0.14980748295783997,2.0972421169281006,1.4718397855758667,-0.0726035088300705,-0.14145159721374512,0.3860611319541931,0.1428813934326172,0.26648586988449097,1.729148268699646,-0.2140209972858429,2.1825308799743652,-0.19825349748134613,0.3946721851825714,0.6420988440513611,-0.17836090922355652,0.39305827021598816,-0.3415803015232086
0.052458591759204865,0.22956621646881104,1.4926425218582153,0.3854084610939026,0.06417147815227509,2.0650455951690674,0.1444307267665863,-0.1498076170682907,2.097243547439575,1.4718389511108398,-0.0726032480597496,-0.14145135879516602,0.3860612213611603,0.1428813934326172,0.26648610830307007,1.7291479110717773,-0.214020773768425,2.182530403137207,-0.19825394451618195,0.3946714699268341,0.6420978307723999,-0.17836050689220428,0.3930586576461792,-0.3415803909301758
0.05245846137404442,0.22956620156764984,1.4926421642303467,0.3854084610939026,0.06417154520750046,2.0650455951690674,0.14443077147006989,-0.1498076617717743,2.0972437858581543,1.4718388319015503,-0.0726032629609108,-0.1414513736963272,0.3860611617565155,0.14288128912448883,0.2664860785007477,1.7291479110717773,-0.21402080357074738,2.182530403137207,-0.1982540488243103,0.39467135071754456,0.6420978307723999,-0.17836052179336548,0.3930586874485016,-0.34158045053482056
0.05245950445532799,0.22956576943397522,1.4926447868347168,0.38540831208229065,0.06417118012905121,2.0650463104248047,0.14443007111549377,-0.1498076170682907,2.097242593765259,1.4718395471572876,-0.07260362058877945,-0.14145171642303467,0.3860609531402588,0.14288106560707092,0.26648572087287903,1.7291483879089355,-0.21402114629745483,2.1825311183929443,-0.19825372099876404,0.3946720063686371,0.642099142074585,-0.17836105823516846,0.39305830001831055,-0.34158045053482056
0.05245780572295189,0.22956636548042297,1.4926403760910034,0.385408490896225,0.06417180597782135,2.065045118331909,0.14443115890026093,-0.14980773627758026,2.0972447395324707,1.471838355064392,-0.07260312139987946,-0.14145123958587646,0.3860611915588379,0.14288122951984406,0.26648619771003723,1.7291477918624878,-0.21402068436145782,2.182530164718628,-0.1982543170452118,0.39467087388038635,0.6420972943305969,-0.17836031317710876,0.3930588662624359,-0.34158051013946533
0.05245956405997276,0.22956569492816925,1.4926449060440063,0.38540828227996826,0.06417118012905121,2.065046548843384,0.1444300264120102,-0.1498076170682907,2.097242593765259,1.4718395471572876,-0.07260366529226303,-0.14145174622535706,0.3860609233379364,0.14288099110126495,0.26648569107055664,1.7291483879089355,-0.21402119100093842,2.1825311183929443,-0.19825372099876404,0.3946720063686371,0.6420993208885193,-0.17836111783981323,0.39305824041366577,-0.34158048033714294
0.052458200603723526,0.22956618666648865,1.4926414489746094,0.3854084610939026,0.0641716718673706,2.0650455951690674,0.14443093538284302,-0.14980769157409668,2.0972442626953125,1.4718385934829712,-0.072603240609169,-0.14145134389400482,0.3860611617565155,0.14288118481636047,0.26648610830307007,1.7291479110717773,-0.21402078866958618,2.182530403137207,-0.19825416803359985,0.39467111229896545,0.6420977711677551,-0.1783604919910431,0.393058717250824,-0.34158051013946533
0.05245886743068695,0.22956594824790955,1.492643117904663,0.3854084014892578,0.06417142599821091,2.0650460720062256,0.14443053305149078,-0.1498076170682907,2.097243309020996,1.4718390703201294,-0.07260341942310333,-0.14145150780677795,0.3860611021518707,0.1428811401128769,0.26648592948913574,1.7291481494903564,-0.21402095258235931,2.182530641555786,-0.19825391471385956,0.39467155933380127,0.6420984268188477,-0.17836076021194458,0.3930584788322449,-0.34158048033714294
0.05245908722281456,0.22956588864326477,1.4926437139511108,0.3854084014892578,0.06417133659124374,2.0650463104248047,0.14443041384220123,-0.14980757236480713,2.097243070602417,1.471839189529419,-0.07260345667600632,-0.14145153760910034,0.3860611319541931,0.14288118481636047,0.26648589968681335,1.729148268699646,-0.2140209674835205,2.182530641555786,-0.1982538104057312,0.3946717083454132,0.642098605632782,-0.17836081981658936,0.3930583894252777,-0.34158045053482056
0.052458252757787704,0.22956623136997223,1.492641568183899,0.38540852069854736,0.06417161971330643,2.0650455951690674,0.1444309800863266,-0.14980758726596832,2.0972440242767334,1.4718385934829712,-0.07260315865278244,-0.14145125448703766,0.38606131076812744,0.142881378531456,0.26648619771003723,1.7291479110717773,-0.21402068436145782,2.182530164718628,-0.1982540637254715,0.39467117190361023,0.642097532749176,-0.17836038768291473,0.3930586874485016,-0.34158045053482056
0.05245956778526306,0.2295657992362976,1.4926449060440063,0.3854083716869354,0.06417112797498703,2.065046548843384,0.14443014562129974,-0.14980745315551758,2.0972423553466797,1.4718395471572876,-0.07260351628065109,-0.14145159721374512,0.3860611617565155,0.14288128912448883,0.26648586988449097,1.7291483879089355,-0.2140210121870041,2.1825308799743652,-0.1982535719871521,0.39467206597328186,0.6420989036560059,-0.1783609241247177,0.3930582106113434,-0.3415803909301758
0.05245829373598099,0.2295663207769394,1.492641568183899,0.385408490896225,0.06417156755924225,2.0650455951690674,0.1444309949874878,-0.14980749785900116,2.0972440242767334,1.4718387126922607,-0.07260308414697647,-0.1414511799812317,0.386061429977417,0.14288152754306793,0.2664862871170044,1.7291479110717773,-0.21402059495449066,2.182530164718628,-0.19825395941734314,0.3946712613105774,0.6420974135398865,-0.17836028337478638,0.3930586278438568,-0.3415803611278534
0.05245932191610336,0.22956599295139313,1.492644190788269,0.38540834188461304,0.06417118012905121,2.0650463104248047,0.14443033933639526,-0.1498073935508728,2.097242832183838,1.471839427947998,-0.07260335981845856,-0.14145143330097198,0.38606131076812744,0.14288145303726196,0.2664860486984253,1.729148268699646,-0.21402084827423096,2.182530641555786,-0.1982535570859909,0.3946719467639923,0.6420984864234924,-0.1783607006072998,0.39305824041366577,-0.3415803015232086
0.05245884507894516,0.22956623136997223,1.492642879486084,0.38540834188461304,0.06417133659124374,2.0650458335876465,0.14443066716194153,-0.1498073786497116,2.097243547439575,1.471839189529419,-0.07260317355394363,-0.14145125448703766,0.386061429977417,0.1428815722465515,0.2664862275123596,1.7291481494903564,-0.21402066946029663,2.182530403137207,-0.19825367629528046,0.39467164874076843,0.6420978903770447,-0.17836043238639832,0.3930583596229553,-0.34158027172088623
0.0524587482213974,0.2295663207769394,1.4926425218582153,0.38540831208229065,0.06417136639356613,2.0650458335876465,0.1444307416677475,-0.14980734884738922,2.0972437858581543,1.471839189529419,-0.07260311394929886,-0.14145119488239288,0.38606148958206177,0.1428816169500351,0.2664862871170044,1.7291481494903564,-0.21402060985565186,2.182530164718628,-0.19825366139411926,0.39467158913612366,0.6420977115631104,-0.17836034297943115,0.3930583596229553,-0.34158021211624146
0.05245934799313545,0.22956614196300507,1.4926440715789795,0.3854081928730011,0.06417114287614822,2.0650463104248047,0.14443036913871765,-0.14980727434158325,2.097243070602417,1.4718396663665771,-0.0726032704114914,-0.14145134389400482,0.386061429977417,0.1428815722465515,0.26648613810539246,1.7291483879089355,-0.2140207588672638,2.182530403137207,-0.19825340807437897,0.3946719765663147,0.6420983076095581,-0.17836058139801025,0.3930581212043762,-0.3415801525115967
0.05245843157172203,0.2295665293931961,1.4926416873931885,0.38540828227996826,0.06417147070169449,2.0650455951690674,0.1444309800863266,-0.14980731904506683,2.0972442626953125,1.4718390703201294,-0.07260296493768692,-0.14145106077194214,0.3860616087913513,0.14288172125816345,0.26648643612861633,1.729148030281067,-0.2140204757452011,2.182529926300049,-0.19825367629528046,0.39467138051986694,0.6420971751213074,-0.17836013436317444,0.3930584192276001,-0.3415801227092743
0.05245940759778023,0.22956620156764984,1.492644190788269,0.3854081630706787,0.06417112052440643,2.0650463104248047,0.14443036913871765,-0.14980724453926086,2.097243070602417,1.4718397855758667,-0.0726032480597496,-0.14145132899284363,0.3860614597797394,0.1428816169500351,0.26648616790771484,1.7291483879089355,-0.2140207290649414,2.182530403137207,-0.1982533186674118,0.3946719765663147,0.6420981884002686,-0.17836056649684906,0.39305806159973145,-0.3415800631046295
0.052458591759204865,0.2295665293931961,1.4926420450210571,0.38540828227996826,0.06417141854763031,2.0650458335876465,0.14443092048168182,-0.14980728924274445,2.0972440242767334,1.471839189529419,-0.07260298728942871,-0.14145107567310333,0.3860616087913513,0.14288173615932465,0.26648643612861633,1.729148030281067,-0.2140204757452011,2.182529926300049,-0.1982535719871521,0.39467141032218933,0.6420971155166626,-0.17836017906665802,0.3930583596229553,-0.3415800631046295
0.05245908349752426,0.22956636548042297,1.4926433563232422,0.3854082226753235,0.06417124718427658,2.0650463104248047,0.14443062245845795,-0.14980725944042206,2.097243309020996,1.4718395471572876,-0.07260312885046005,-0.14145120978355408,0.38606154918670654,0.14288169145584106,0.2664862871170044,1.7291481494903564,-0.21402059495449066,2.182530164718628,-0.19825339317321777,0.3946716785430908,0.642097532749176,-0.17836038768291473,0.3930582106113434,-0.34158003330230713
0.05245900899171829,0.22956639528274536,1.492643117904663,0.3854082524776459,0.06417127698659897,2.0650463104248047,0.14443069696426392,-0.14980727434158325,2.097243309020996,1.471839427947998,-0.07260309904813766,-0.1414511799812317,0.38606154918670654,0.14288170635700226,0.2664863169193268,1.7291481494903564,-0.21402056515216827,2.182530164718628,-0.19825340807437897,0.39467158913612366,0.6420972943305969,-0.17836035788059235,0.39305824041366577,-0.34158003330230713
0.052458714693784714,0.22956649959087372,1.4926424026489258,0.38540828227996826,0.06417138874530792,2.0650460720062256,0.14443090558052063,-0.14980730414390564,2.0972437858581543,1.471839189529419,-0.0726030096411705,-0.14145109057426453,0.38606157898902893,0.14288173615932465,0.26648640632629395,1.729148030281067,-0.2140204757452011,2.182529926300049,-0.19825351238250732,0.39467135071754456,0.6420968174934387,-0.1783602237701416,0.3930583596229553,-0.34158003330230713
0.05245930328965187,0.2295662760734558,1.4926438331604004,0.3854081928730011,0.06417118012905121,2.065046548843384,0.14443054795265198,-0.14980727434158325,2.097243070602417,1.4718395471572876,-0.07260319590568542,-0.14145126938819885,0.3860614597797394,0.14288164675235748,0.2664862275123596,1.729148268699646,-0.21402063965797424,2.182530403137207,-0.1982533186674118,0.3946716785430908,0.6420973539352417,-0.1783604919910431,0.3930581510066986,-0.34158000349998474
0.052458617836236954,0.2295665144920349,1.4926420450210571,0.3854082524776459,0.0641714334487915,2.0650460720062256,0.144431009888649,-0.14980731904506683,2.0972440242767334,1.4718390703201294,-0.07260299474000931,-0.14145107567310333,0.38606154918670654,0.14288172125816345,0.26648640632629395,1.729148030281067,-0.21402044594287872,2.182529926300049,-0.1982535570859909,0.39467117190361023,0.6420965194702148,-0.1783601939678192,0.3930583894252777,-0.34158000349998474
0.05245929956436157,0.22956624627113342,1.4926437139511108,0.3854081332683563,0.0641711875796318,2.065046548843384,0.14443057775497437,-0.14980727434158325,2.097243070602417,1.4718395471572876,-0.07260321080684662,-0.14145128428936005,0.386061429977417,0.1428816169500351,0.26648619771003723,1.7291483879089355,-0.21402065455913544,2.182530403137207,-0.1982533484697342,0.39467155933380127,0.6420972347259521,-0.17836050689220428,0.3930581212043762,-0.34158000349998474
0.05245883762836456,0.22956639528274536,1.4926424026489258,0.3854081332683563,0.06417135149240494,2.0650463104248047,0.14443089067935944,-0.14980730414390564,2.097243547439575,1.471839189529419,-0.07260307669639587,-0.1414511650800705,0.38606148958206177,0.14288166165351868,0.2664863169193268,1.729148268699646,-0.2140205353498459,2.182530164718628,-0.19825352728366852,0.3946712017059326,0.6420966982841492,-0.17836031317710876,0.39305827021598816,-0.34158000349998474
0.05245909094810486,0.2295662760734558,1.4926429986953735,0.38540807366371155,0.06417126208543777,2.065046548843384,0.1444307267665863,-0.14980728924274445,2.097243309020996,1.4718393087387085,-0.07260316610336304,-0.14145125448703766,0.386061429977417,0.1428816020488739,0.2664862275123596,1.7291483879089355,-0.21402062475681305,2.182530403137207,-0.19825346767902374,0.39467132091522217,0.642096996307373,-0.17836043238639832,0.3930581510066986,-0.34158000349998474
0.052459150552749634,0.22956623136997223,1.492643117904663,0.3854080140590668,0.06417123973369598,2.065046548843384,0.14443066716194153,-0.14980728924274445,2.097243309020996,1.4718393087387085,-0.07260319590568542,-0.14145128428936005,0.3860614001750946,0.1428815722465515,0.26648619771003723,1.7291483879089355,-0.21402065455913544,2.182530403137207,-0.19825346767902374,0.39467132091522217,0.6420971155166626,-0.1783604770898819,0.39305809140205383,-0.34158000349998474
0.052458878606557846,0.2295663207769394,1.4926424026489258,0.3854080140590668,0.06417133659124374,2.0650463104248047,0.14443081617355347,-0.14980731904506683,2.0972437858581543,1.4718390703201294,-0.07260312885046005,-0.14145122468471527,0.386061429977417,0.1428815871477127,0.266486257314682,1.729148268699646,-0.21402059495449066,2.182530164718628,-0.1982535868883133,0.39467114210128784,0.6420968770980835,-0.17836035788059235,0.3930581510066986,-0.34158003330230713
0.05245933681726456,0.22956614196300507,1.4926435947418213,0.3854079246520996,0.06417116522789001,2.065046548843384,0.1444304883480072,-0.14980730414390564,2.097243309020996,1.471839427947998,-0.07260327786207199,-0.1414513736963272,0.38606134057044983,0.14288151264190674,0.26648610830307007,1.729148507118225,-0.2140207439661026,2.182530403137207,-0.19825345277786255,0.3946714401245117,0.6420974731445312,-0.17836056649684906,0.3930579721927643,-0.34158003330230713
0.052458856254816055,0.2295663207769394,1.4926424026489258,0.385407954454422,0.06417133659124374,2.0650460720062256,0.14443077147006989,-0.14980734884738922,2.0972440242767334,1.4718390703201294,-0.07260313630104065,-0.14145123958587646,0.3860614001750946,0.1428815722465515,0.266486257314682,1.7291483879089355,-0.21402062475681305,2.182530164718628,-0.19825364649295807,0.39467114210128784,0.642096996307373,-0.17836034297943115,0.3930581212043762,-0.3415800631046295
0.05245933681726456,0.22956614196300507,1.4926437139511108,0.3854078948497772,0.06417115777730942,2.0650463104248047,0.14443042874336243,-0.14980731904506683,2.097243547439575,1.471839427947998,-0.07260329276323318,-0.1414513885974884,0.38606131076812744,0.14288151264190674,0.26648610830307007,1.729148507118225,-0.214020773768425,2.182530403137207,-0.19825351238250732,0.3946714699268341,0.6420975923538208,-0.17836056649684906,0.3930579423904419,-0.3415800631046295
0.05245901271700859,0.22956626117229462,1.492642879486084,0.385407954454422,0.06417126953601837,2.0650460720062256,0.14443060755729675,-0.14980734884738922,2.0972440242767334,1.471839189529419,-0.07260320335626602,-0.14145129919052124,0.3860613703727722,0.14288155734539032,0.26648619771003723,1.7291483879089355,-0.21402068436145782,2.182530164718628,-0.19825364649295807,0.3946712911128998,0.6420972943305969,-0.17836041748523712,0.39305806159973145,-0.3415800929069519
